Invoice Date,Invoice Number,Sku,Asin,Item Description,Quantity,Invoice Amount,Transaction Type,Ship To City,transaction_type,revenue_calc,shipping_loss_calc,units_sold_calc,needs_estimation,month_tag
2025-08-03,NAN,PS1,B0BJBL1XBS,nan,1,0.0,Cancel,FARIDABAD,Cancel,0.0,0.0,0,False,
2025-08-03,PNQ2-393,PS1,B0BJBL1XBS,yantralay Polyester Dual Controller Hard Carry Case Compatible With Ps5 Ps4 Xbox Ipega Controllers   3 Layer Protection Travel Carry Case   Grey,1,833.23,Shipment,FARIDABAD,Shipment,833.23,0.0,1,False,
2025-08-02,PNQ2-389,GP1620_TLS,B08S7D4LKH,yantralay Upgraded Helmet Chin Strap Mount for Hero 13 12 11 10 9 8 7 6 5  SJCAM  Insta 360   DJI Osmo Action 3   4   Adjustable   Secure Camera Moun,1,1106.77,Shipment,MOHALI,Shipment,1106.77,0.0,1,False,
2025-08-02,PNQ2-392,PS1,B0BJBL1XBS,yantralay Polyester Dual Controller Hard Carry Case Compatible With Ps5 Ps4 Xbox Ipega Controllers   3 Layer Protection Travel Carry Case   Grey,1,833.23,Shipment,CHANDIGARH,Shipment,833.23,0.0,1,False,
2025-08-02,PNQ2-390,DA24,B078DMT8KR,Yantralay Nylon Universal Drone and Quadcopter Landing Pad   Portable   Foldable   Compatible with DJI  Parrot  Syma  Hubsan  Holy Stone  UDI Drones,1,1502.53,Shipment,Akhnoor,Shipment,1502.53,0.0,1,False,
2025-08-03,PNQ2-394,ACCASEYTG9,B08NF6HMG6,yantralay YT G9 Vlogging Case with Dual Cold Shoe Mount for Hero 12 11 10 9  Removable 52mm Filter Ring  All in One Kit with Case Door  Lens Protector,1,1091.68,Shipment,AHMEDABAD,Shipment,1091.68,0.0,1,False,
2025-08-03,PNQ2-395,GP29L,B08RXBFBG9,yantralay Windshield Car Suction Cup Mount for Hero 10 9 8  SJCAM  Osmo Action 3   4  Insta 360   Flexible  Multi Angle Adjustable   Mount for Smartph,1,610.13,Shipment,delhi,Shipment,610.13,0.0,1,False,
2025-08-04,PNQ2-396,PS2_BLUE,B0BL1H24P4,yantralay Controller Gamepad Carry Case   Ultimate Protection Compatible for PS5 PS4 PS3 Switch Pro Xbox Joysticks Waterproof  Scratch Protection  Dur,1,464.07,Shipment,NEW DELHI,Shipment,464.07,0.0,1,False,
2025-08-04,PNQ2-396,PS2_RED,B0BL1HF4NJ,yantralay Nylon Controller Gamepad Carry Case   Ultimate Protection Compatible For PS5 PS4 PS3 Switch Pro Xbox Joysticks Waterproof  Scratch Protectio,1,464.07,Shipment,NEW DELHI,Shipment,464.07,0.0,1,False,
2025-08-04,PNQ2-397,PS1,B0BJBL1XBS,yantralay Polyester Dual Controller Hard Carry Case Compatible With Ps5 Ps4 Xbox Ipega Controllers   3 Layer Protection Travel Carry Case   Grey,1,833.23,Shipment,NEW DELHI,Shipment,833.23,0.0,1,False,
2025-08-04,PNQ2-400,PS2_BLUE,B0BL1H24P4,yantralay Controller Gamepad Carry Case   Ultimate Protection Compatible for PS5 PS4 PS3 Switch Pro Xbox Joysticks Waterproof  Scratch Protection  Dur,1,484.03,Shipment,GHAZIABAD,Shipment,484.03,0.0,1,False,
2025-08-04,PNQ2-398,GP29L,B08RXBFBG9,yantralay Windshield Car Suction Cup Mount for Hero 10 9 8  SJCAM  Osmo Action 3   4  Insta 360   Flexible  Multi Angle Adjustable   Mount for Smartph,1,610.13,Shipment,GURUGRAM,Shipment,610.13,0.0,1,False,
2025-08-03,PNQ2-395,GP29L,B08RXBFBG9,yantralay Windshield Car Suction Cup Mount for Hero 10 9 8  SJCAM  Osmo Action 3   4  Insta 360   Flexible  Multi Angle Adjustable   Mount for Smartph,1,-610.13,Refund,delhi,Refund,-610.13,0.0,0,False,
2025-08-04,PNQ2-399,ACCASEYTG9,B08NF6HMG6,yantralay YT G9 Vlogging Case with Dual Cold Shoe Mount for Hero 12 11 10 9  Removable 52mm Filter Ring  All in One Kit with Case Door  Lens Protector,1,1012.68,Shipment,DALHOUSIE,Shipment,1012.68,0.0,1,False,
2025-08-05,PNQ2-402,MP_OA5,B0F9X1YNVL,yantralay Camera Lavalier Clip on Type C Microphone for DJ I Action 3 4 Collar Clip Microphone  Without Need of Mic Adapter  1 5M Cable Length   Black,1,1454.03,Shipment,Patna,Shipment,1454.03,0.0,1,False,
2025-08-04,PNQ2-401,GP49,B0D456N4QM,yantralay Motorcycle Bike Bicycle Handlebar Mount Clamps with 1 4  Screw Compatible 8 35mm for Gopro Hero 13 12 11 10 9 Max Insta360 ONE X5 X4 X3  ONE,1,920.53,Shipment,Haridwar,Shipment,920.53,0.0,1,False,
2025-08-07,PNQ2-405,PS2_YELLOW,B0BL1HQ3C4,yantralay Controller Gamepad Carry Case   Ultimate Protection Compatible for PS5 PS4 PS3 Switch Pro Xbox Joysticks Waterproof  Scratch Protection  Dur,1,484.03,Shipment,NEW DELHI,Shipment,484.03,0.0,1,False,
2025-08-07,PNQ2-408,PS2_BLUE,B0BL1H24P4,yantralay Controller Gamepad Carry Case   Ultimate Protection Compatible for PS5 PS4 PS3 Switch Pro Xbox Joysticks Waterproof  Scratch Protection  Dur,1,484.03,Shipment,NEW DELHI,Shipment,484.03,0.0,1,False,
2025-08-06,PNQ2-403,GP49,B0D456N4QM,yantralay Motorcycle Bike Bicycle Handlebar Mount Clamps with 1 4  Screw Compatible 8 35mm for Gopro Hero 13 12 11 10 9 Max Insta360 ONE X5 X4 X3  ONE,1,920.53,Shipment,DHUBRI,Shipment,920.53,0.0,1,False,
2025-08-06,PNQ2-404,MP_OA5,B0F9X1YNVL,yantralay Camera Lavalier Clip on Type C Microphone for DJ I Action 3 4 Collar Clip Microphone  Without Need of Mic Adapter  1 5M Cable Length   Black,1,1454.03,Shipment,Guwahati,Shipment,1454.03,0.0,1,False,
2025-08-08,PNQ2-409,GP49,B0D456N4QM,yantralay Motorcycle Bike Bicycle Handlebar Mount Clamps with 1 4  Screw Compatible 8 35mm for Gopro Hero 13 12 11 10 9 Max Insta360 ONE X5 X4 X3  ONE,1,920.53,Shipment,BHARATPUR,Shipment,920.53,0.0,1,False,
2025-08-08,PNQ2-411,GP162TELESINN,B07G5XWJJM,TELESIN Motorcycle Helmet Strap Mount Front Chin Mount for GoPro Hero 2018 7 6 5 4 3  Session  SJCAM  AKASO  Campark  Polaroid  YI Action Camera Helme,1,770.18,Shipment,GHAZIABAD,Shipment,770.18,0.0,1,False,
2025-08-08,PNQ2-412,PS1,B0BJBL1XBS,yantralay Polyester Dual Controller Hard Carry Case Compatible With Ps5 Ps4 Xbox Ipega Controllers   3 Layer Protection Travel Carry Case   Grey,1,949.63,Shipment,MOHALI,Shipment,949.63,0.0,1,False,
2025-08-09,PNQ2-414,S13,B07MG832T8,yantralay Universal 360  Rotating Vertical Mobile Tripod Monopod Mount for Smartphones up to 4 1  Width   Compatible with Samsung  iPhone  Xiaomi  On,1,241.53,Shipment,KANPUR,Shipment,241.53,0.0,1,False,
2025-08-07,PNQ2-407,PS2_BLACK,B0BL1CYSW6,nan,1,0.0,Cancel,PORBANDAR,Cancel,0.0,0.0,0,False,
2025-08-09,PNQ2-415,GP49,B0D456N4QM,yantralay Motorcycle Bike Bicycle Handlebar Mount Clamps with 1 4  Screw Compatible 8 35mm for Gopro Hero 13 12 11 10 9 Max Insta360 ONE X5 X4 X3  ONE,1,920.53,Shipment,NOIDA,Shipment,920.53,0.0,1,False,
2025-08-08,PNQ2-410,ACCHARGERGP5_3,B08LYVPLR9,Yantralay 3 Channel AHDBT 501 Battery Charger for Hero 5 6 7   8 Black Action Camera   USB Cable Included   Fast Charging Dock,1,798.31,Shipment,JODHPUR,Shipment,798.31,0.0,1,False,
2025-08-09,PNQ2-417,PS5SLIM_DUSTCOVER,B0DWLGZ3DN,yantralay Neoprene Dust Proof Protective Waterproof Cover Sleeve Compatible with PS 5   PS 5 Slim Digital and Disc Edition Version  PS5 Slim,1,484.03,Shipment,Gurugram,Shipment,484.03,0.0,1,False,
2025-08-09,PNQ2-413,GP43_OP3_STARTRC,B0CT3TFRJL,yantralay Ethylene Vinyl Acetate  EVA  Portable Carry Case for DJI Osmo Pocket 3 Creator Combo   Protective Bag with Adjustable Shoulder Strap   Large,1,969.03,Shipment,Meerut,Shipment,969.03,0.0,1,False,
2025-08-09,PNQ2-416,ACCASEYTG9,B08NF6HMG6,yantralay YT G9 Vlogging Case with Dual Cold Shoe Mount for Hero 12 11 10 9  Removable 52mm Filter Ring  All in One Kit with Case Door  Lens Protector,1,1012.68,Shipment,RISHIKESH,Shipment,1012.68,0.0,1,False,
2025-08-10,PNQ2-418,ACCASEYTG9,B08NF6HMG6,yantralay YT G9 Vlogging Case with Dual Cold Shoe Mount for Hero 12 11 10 9  Removable 52mm Filter Ring  All in One Kit with Case Door  Lens Protector,1,1012.68,Shipment,LUCKNOW,Shipment,1012.68,0.0,1,False,
2025-08-10,PNQ2-420,GP162TELESINN,B07G5XWJJM,TELESIN Motorcycle Helmet Strap Mount Front Chin Mount for GoPro Hero 2018 7 6 5 4 3  Session  SJCAM  AKASO  Campark  Polaroid  YI Action Camera Helme,1,770.18,Shipment,GHAZIABAD,Shipment,770.18,0.0,1,False,
2025-08-10,PNQ2-419,ACCASEONEX5,B0FF2D12YN,Yantralay Invisible Magnetic Dive Case for Insta360 X5   60M Waterproof Underwater Housing for Deep Sea   Snorkeling Shots,1,5819.03,Shipment,Singaperumal Koil  Chennai,Shipment,5819.03,0.0,1,False,
2025-08-11,PNQ2-422,GP49,B0D456N4QM,yantralay Motorcycle Bike Bicycle Handlebar Mount Clamps with 1 4  Screw Compatible 8 35mm for Gopro Hero 13 12 11 10 9 Max Insta360 ONE X5 X4 X3  ONE,1,920.53,Shipment,Bengaluru,Shipment,920.53,0.0,1,False,
2025-08-05,PNQ2-402,MP_OA5,B0F9X1YNVL,yantralay Camera Lavalier Clip on Type C Microphone for DJ I Action 3 4 Collar Clip Microphone  Without Need of Mic Adapter  1 5M Cable Length   Black,1,-1454.03,Refund,Patna,Refund,-1454.03,0.0,0,False,
2025-08-12,PNQ2-423,ACCASEYTG9,B08NF6HMG6,yantralay YT G9 Vlogging Case with Dual Cold Shoe Mount for Hero 12 11 10 9  Removable 52mm Filter Ring  All in One Kit with Case Door  Lens Protector,1,1012.68,Shipment,KHAMMAM,Shipment,1012.68,0.0,1,False,
2025-08-12,PNQ2-425,ACCASEYTG9,B08NF6HMG6,yantralay YT G9 Vlogging Case with Dual Cold Shoe Mount for Hero 12 11 10 9  Removable 52mm Filter Ring  All in One Kit with Case Door  Lens Protector,1,1012.68,Shipment,NEW DELHI,Shipment,1012.68,0.0,1,False,
2025-08-12,PNQ2-424,PS2_RED,B0BL1HF4NJ,yantralay Nylon Controller Gamepad Carry Case   Ultimate Protection Compatible For PS5 PS4 PS3 Switch Pro Xbox Joysticks Waterproof  Scratch Protectio,1,484.03,Shipment,NEW DELHI,Shipment,484.03,0.0,1,False,
2025-08-12,PNQ2-426,TY98_TUYU,B0F7RP62NV,yantralay Motorcycle Windshield Mounting Clamp Aluminum Mount for Go Pro Hero 13 12 11 10 9 Insta 360 X3 DJ I Action 3 Action Camera Accessories,1,1842.03,Shipment,Najafgarh,Shipment,1842.03,0.0,1,False,
2025-08-12,PNQ2-427,GP29L,B08RXBFBG9,yantralay Windshield Car Suction Cup Mount for Hero 10 9 8  SJCAM  Osmo Action 3   4  Insta 360   Flexible  Multi Angle Adjustable   Mount for Smartph,1,610.13,Shipment,BHOPAL,Shipment,610.13,0.0,1,False,
2025-08-12,PNQ2-429,PS10_OLED_YELLOW,B0BRY5GJ5Y,yantralay Carry Case Pouch Cover Compatible with Nintendo Switch OLED with Game Card Slots for Switch Switch OLED Accessories  Video Game   Yellow,1,629.53,Shipment,NEW DELHI,Shipment,629.53,0.0,1,False,
2025-08-10,PNQ2-421,ACCASEYTG9,B08NF6HMG6,yantralay YT G9 Vlogging Case with Dual Cold Shoe Mount for Hero 12 11 10 9  Removable 52mm Filter Ring  All in One Kit with Case Door  Lens Protector,1,1012.68,Shipment,UDAIPUR,Shipment,1012.68,0.0,1,False,
2025-08-09,PNQ2-413,GP43_OP3_STARTRC,B0CT3TFRJL,yantralay Ethylene Vinyl Acetate  EVA  Portable Carry Case for DJI Osmo Pocket 3 Creator Combo   Protective Bag with Adjustable Shoulder Strap   Large,1,-969.03,Refund,Meerut,Refund,-969.03,0.0,0,False,
2025-08-13,PNQ2-433,ACCASEYTG9,B08NF6HMG6,nan,1,0.0,Cancel,LUCKNOW,Cancel,0.0,0.0,0,False,
2025-08-13,PNQ2-434,PS1,B0BJBL1XBS,yantralay Polyester Dual Controller Hard Carry Case Compatible With Ps5 Ps4 Xbox Ipega Controllers   3 Layer Protection Travel Carry Case   Grey,1,949.63,Shipment,New Delhi,Shipment,949.63,0.0,1,False,
2025-08-12,PNQ2-428,ACCASEYTG9,B08NF6HMG6,yantralay YT G9 Vlogging Case with Dual Cold Shoe Mount for Hero 12 11 10 9  Removable 52mm Filter Ring  All in One Kit with Case Door  Lens Protector,1,1012.68,Shipment,PIMPRI CHINCHWAD,Shipment,1012.68,0.0,1,False,
2025-08-13,PNQ2-430,PS2_BLUE,B0BL1H24P4,yantralay Controller Gamepad Carry Case   Ultimate Protection Compatible for PS5 PS4 PS3 Switch Pro Xbox Joysticks Waterproof  Scratch Protection  Dur,2,928.14,Shipment,NEW DELHI,Shipment,928.14,0.0,2,False,
2025-08-14,PNQ2-436,GP162TELESINN,B07G5XWJJM,TELESIN Motorcycle Helmet Strap Mount Front Chin Mount for GoPro Hero 2018 7 6 5 4 3  Session  SJCAM  AKASO  Campark  Polaroid  YI Action Camera Helme,1,770.18,Shipment,NEW DELHI,Shipment,770.18,0.0,1,False,
2025-08-13,PNQ2-431,ACCASEYTG9,B08NF6HMG6,yantralay YT G9 Vlogging Case with Dual Cold Shoe Mount for Hero 12 11 10 9  Removable 52mm Filter Ring  All in One Kit with Case Door  Lens Protector,1,1012.68,Shipment,BENGALURU,Shipment,1012.68,0.0,1,False,
2025-08-14,PNQ2-439,PS1,B0BJBL1XBS,yantralay Polyester Dual Controller Hard Carry Case Compatible With Ps5 Ps4 Xbox Ipega Controllers   3 Layer Protection Travel Carry Case   Grey,1,949.63,Shipment,New Delhi,Shipment,949.63,0.0,1,False,
2025-08-14,PNQ2-438,GP162TELESINN,B07G5XWJJM,TELESIN Motorcycle Helmet Strap Mount Front Chin Mount for GoPro Hero 2018 7 6 5 4 3  Session  SJCAM  AKASO  Campark  Polaroid  YI Action Camera Helme,1,762.24,Shipment,PALAMPUR,Shipment,762.24,0.0,1,False,
2025-08-14,PNQ2-437,GP49,B0D456N4QM,yantralay Motorcycle Bike Bicycle Handlebar Mount Clamps with 1 4  Screw Compatible 8 35mm for Gopro Hero 13 12 11 10 9 Max Insta360 ONE X5 X4 X3  ONE,1,920.53,Shipment,NEW DELHI,Shipment,920.53,0.0,1,False,
2025-08-13,PNQ2-435,ACCASEYTG9,B08NF6HMG6,yantralay YT G9 Vlogging Case with Dual Cold Shoe Mount for Hero 12 11 10 9  Removable 52mm Filter Ring  All in One Kit with Case Door  Lens Protector,1,1012.68,Shipment,BENGALURU,Shipment,1012.68,0.0,1,False,
2025-08-16,PNQ2-442,GP43_OP3_STARTRC,B0CT3TFRJL,yantralay Ethylene Vinyl Acetate  EVA  Portable Carry Case for DJI Osmo Pocket 3 Creator Combo   Protective Bag with Adjustable Shoulder Strap   Large,1,969.03,Shipment,AHMEDABAD,Shipment,969.03,0.0,1,False,
2025-08-16,PNQ2-440,PS2_BLUE,B0BL1H24P4,yantralay Controller Gamepad Carry Case   Ultimate Protection Compatible for PS5 PS4 PS3 Switch Pro Xbox Joysticks Waterproof  Scratch Protection  Dur,1,484.03,Shipment,GHAZIABAD,Shipment,484.03,0.0,1,False,
2025-08-16,PNQ2-441,PS10_OLEDCOMBO_YELLOW,B0DJFL8DBY,yantralay 4 in 1 Carrying Case Pouch with Protective Cover for Nintendo Switch OLED  Non Slip Soft Case Cover  Screen Protectors   Thumb Grips for Swi,1,1163.03,Shipment,NOIDA,Shipment,1163.03,0.0,1,False,
2025-08-16,PNQ2-444,ACCHARGERGP5_3,B08LYVPLR9,Yantralay 3 Channel AHDBT 501 Battery Charger for Hero 5 6 7   8 Black Action Camera   USB Cable Included   Fast Charging Dock,1,798.31,Shipment,New Delhi,Shipment,798.31,0.0,1,False,
2025-08-12,PNQ2-427,GP29L,B08RXBFBG9,yantralay Windshield Car Suction Cup Mount for Hero 10 9 8  SJCAM  Osmo Action 3   4  Insta 360   Flexible  Multi Angle Adjustable   Mount for Smartph,1,-610.13,Refund,BHOPAL,Refund,-610.13,0.0,0,False,
2025-08-17,PNQ2-445,DR_STRAP-1133202,B0CNLDVL42,STARTRC Lanyard Neck Strap for DJI RC Controller  Adjustable for Mini 4 Pro Air 3 Mini 3 Mavic 3 Remote Controller Accessories  Grey,1,1565.58,Shipment,GURUGRAM,Shipment,1565.58,0.0,1,False,
2025-08-17,PNQ2-446,PS2_BLACK,B0BL1CYSW6,yantralay Nylon Controller Gamepad Carry Case   Ultimate Protection Compatible for PS5 PS4 PS3 Switch Pro Xbox Joysticks Waterproof  Scratch Protectio,2,890.94,Shipment,GURUGRAM,Shipment,890.94,0.0,2,False,
2025-08-17,PNQ2-449,GP49,B0D456N4QM,yantralay Motorcycle Bike Bicycle Handlebar Mount Clamps with 1 4  Screw Compatible 8 35mm for Gopro Hero 13 12 11 10 9 Max Insta360 ONE X5 X4 X3  ONE,1,873.97,Shipment,LUCKNOW,Shipment,873.97,0.0,1,False,
2025-08-17,PNQ2-447,PS2_BLUE,B0BL1H24P4,yantralay Controller Gamepad Carry Case   Ultimate Protection Compatible for PS5 PS4 PS3 Switch Pro Xbox Joysticks Waterproof  Scratch Protection  Dur,1,484.03,Shipment,PATIALA,Shipment,484.03,0.0,1,False,
2025-08-17,PNQ2-448,ACCASEONEX5,B0FF2D12YN,Yantralay Invisible Magnetic Dive Case for Insta360 X5   60M Waterproof Underwater Housing for Deep Sea   Snorkeling Shots,1,5673.53,Shipment,CHENNAI,Shipment,5673.53,0.0,1,False,
2025-08-17,PNQ2-451,ACCHARGERGP5_3,B08LYVPLR9,Yantralay 3 Channel AHDBT 501 Battery Charger for Hero 5 6 7   8 Black Action Camera   USB Cable Included   Fast Charging Dock,1,798.31,Shipment,Alipurduar,Shipment,798.31,0.0,1,False,
2025-08-18,PNQ2-452,GP49,B0D456N4QM,nan,1,0.0,Cancel,GUWAHATI,Cancel,0.0,0.0,0,False,
2025-08-10,PNQ2-421,ACCASEYTG9,B08NF6HMG6,yantralay YT G9 Vlogging Case with Dual Cold Shoe Mount for Hero 12 11 10 9  Removable 52mm Filter Ring  All in One Kit with Case Door  Lens Protector,1,-1012.68,Refund,UDAIPUR,Refund,-1012.68,0.0,0,False,
2025-08-18,PNQ2-453,PS10_OLEDCOMBO_YELLOW,B0DJFL8DBY,yantralay 4 in 1 Carrying Case Pouch with Protective Cover for Nintendo Switch OLED  Non Slip Soft Case Cover  Screen Protectors   Thumb Grips for Swi,1,1104.83,Shipment,CHANDIGARH,Shipment,1104.83,0.0,1,False,
2025-08-16,PNQ2-444,ACCHARGERGP5_3,B08LYVPLR9,Yantralay 3 Channel AHDBT 501 Battery Charger for Hero 5 6 7   8 Black Action Camera   USB Cable Included   Fast Charging Dock,1,-798.31,Refund,New Delhi,Refund,-798.31,0.0,0,False,
2025-08-17,PNQ2-450,ACCASEONEX5,B0FF2D12YN,Yantralay Invisible Magnetic Dive Case for Insta360 X5   60M Waterproof Underwater Housing for Deep Sea   Snorkeling Shots,1,5673.53,Shipment,CHENNAI,Shipment,5673.53,0.0,1,False,
2025-08-19,PNQ2-455,PS1,B0BJBL1XBS,yantralay Polyester Dual Controller Hard Carry Case Compatible With Ps5 Ps4 Xbox Ipega Controllers   3 Layer Protection Travel Carry Case   Grey,1,877.85,Shipment,LADWA,Shipment,877.85,0.0,1,False,
2025-08-19,PNQ2-456,PS2_YELLOW,B0BL1HQ3C4,yantralay Controller Gamepad Carry Case   Ultimate Protection Compatible for PS5 PS4 PS3 Switch Pro Xbox Joysticks Waterproof  Scratch Protection  Dur,1,484.03,Shipment,GURUGRAM,Shipment,484.03,0.0,1,False,
2025-08-14,PNQ2-437,GP49,B0D456N4QM,yantralay Motorcycle Bike Bicycle Handlebar Mount Clamps with 1 4  Screw Compatible 8 35mm for Gopro Hero 13 12 11 10 9 Max Insta360 ONE X5 X4 X3  ONE,1,-920.53,Refund,NEW DELHI,Refund,-920.53,0.0,0,False,
2025-08-20,PNQ2-457,PS1,B0BJBL1XBS,yantralay Polyester Dual Controller Hard Carry Case Compatible With Ps5 Ps4 Xbox Ipega Controllers   3 Layer Protection Travel Carry Case   Grey,1,877.85,Shipment,Zakir nagar West   New Delhi,Shipment,877.85,0.0,1,False,
2025-08-20,PNQ2-458,PS1,B0BJBL1XBS,yantralay Polyester Dual Controller Hard Carry Case Compatible With Ps5 Ps4 Xbox Ipega Controllers   3 Layer Protection Travel Carry Case   Grey,1,877.85,Shipment,NEW DELHI,Shipment,877.85,0.0,1,False,
2025-08-21,PNQ2-459,GP49,B0D456N4QM,yantralay Motorcycle Bike Bicycle Handlebar Mount Clamps with 1 4  Screw Compatible 8 35mm for Gopro Hero 13 12 11 10 9 Max Insta360 ONE X5 X4 X3  ONE,1,873.97,Shipment,LUDHIANA,Shipment,873.97,0.0,1,False,
2025-08-21,PNQ2-460,TY98_TUYU,B0F7RP62NV,yantralay Motorcycle Windshield Mounting Clamp Aluminum Mount for Insta 360 X5 X4 X3  Go Pro Hero 13 12 11 10 9  D J I Action 5 Pro  4 3 Action Camera,1,1795.47,Shipment,BENGALURU,Shipment,1795.47,0.0,1,False,
2025-08-21,PNQ2-461,TY98_TUYU,B0F7RP62NV,yantralay Motorcycle Windshield Mounting Clamp Aluminum Mount for Insta 360 X5 X4 X3  Go Pro Hero 13 12 11 10 9  D J I Action 5 Pro  4 3 Action Camera,1,1795.47,Shipment,BENGALURU,Shipment,1795.47,0.0,1,False,
2025-08-22,PNQ2-463,GP29L,B08RXBFBG9,yantralay Windshield Car Suction Cup Mount for Hero 10 9 8  SJCAM  Osmo Action 3   4  Insta 360   Flexible  Multi Angle Adjustable   Mount for Smartph,1,579.09,Shipment,GURUGRAM,Shipment,579.09,0.0,1,False,
2025-08-22,PNQ2-464,GP43_OP3_STARTRC,B0CT3TFRJL,yantralay Ethylene Vinyl Acetate  EVA  Portable Carry Case for DJI Osmo Pocket 3 Creator Combo   Protective Bag with Adjustable Shoulder Strap   Large,1,969.03,Shipment,BENGALURU,Shipment,969.03,0.0,1,False,
2025-08-21,PNQ2-462,DA24,B078DMT8KR,Yantralay Nylon Universal Drone and Quadcopter Landing Pad   Portable   Foldable   Compatible with DJI  Parrot  Syma  Hubsan  Holy Stone  UDI Drones,1,1502.53,Shipment,DELHI,Shipment,1502.53,0.0,1,False,
2025-08-22,PNQ2-465,HC10_RS4_STARTRC,B0DB1TBXN1,yantralay ABS Hard Storage Carrying Flight Waterproof Case for DJI Gimbal Stabilizer Accessories  Black,1,5528.03,Shipment,PINDRA,Shipment,5528.03,0.0,1,False,
2025-08-22,PNQ2-466,ACCHARGERGP5_3,B08LYVPLR9,Yantralay 3 Channel AHDBT 501 Battery Charger for Hero 5 6 7   8 Black Action Camera   USB Cable Included   Fast Charging Dock,1,798.31,Shipment,RANCHI,Shipment,798.31,0.0,1,False,
2025-08-24,PNQ2-468,GP43_OP3_STARTRC,B0CT3TFRJL,yantralay Ethylene Vinyl Acetate  EVA  Portable Carry Case for DJI Osmo Pocket 3 Creator Combo   Protective Bag with Adjustable Shoulder Strap   Large,1,969.03,Shipment,CHENNAI,Shipment,969.03,0.0,1,False,
2025-08-24,PNQ2-469,GP49,B0D456N4QM,yantralay Motorcycle Bike Bicycle Handlebar Mount Clamps with 1 4  Screw Compatible 8 35mm for Gopro Hero 13 12 11 10 9 Max Insta360 ONE X5 X4 X3  ONE,1,873.97,Shipment,MUMBAI,Shipment,873.97,0.0,1,False,
2025-08-24,PNQ2-470,GP49,B0D456N4QM,yantralay Motorcycle Bike Bicycle Handlebar Mount Clamps with 1 4  Screw Compatible 8 35mm for Gopro Hero 13 12 11 10 9 Max Insta360 ONE X5 X4 X3  ONE,1,873.97,Shipment,RAICHUR,Shipment,873.97,0.0,1,False,
2025-08-26,PNQ2-471,PS2_RED,B0BL1HF4NJ,yantralay Nylon Controller Gamepad Carry Case   Ultimate Protection Compatible For PS5 PS4 PS3 Switch Pro Xbox Joysticks Waterproof  Scratch Protectio,1,484.03,Shipment,MEERUT,Shipment,484.03,0.0,1,False,
2025-08-27,PNQ2-474,ACCASEYTG9,B08NF6HMG6,yantralay YT G9 Vlogging Case with Dual Cold Shoe Mount for Hero 12 11 10 9  Removable 52mm Filter Ring  All in One Kit with Case Door  Lens Protector,1,936.05,Shipment,KHUNTI,Shipment,936.05,0.0,1,False,
2025-08-26,PNQ2-472,GP49,B0D456N4QM,yantralay Motorcycle Bike Bicycle Handlebar Mount Clamps with 1 4  Screw Compatible 8 35mm for Gopro Hero 13 12 11 10 9 Max Insta360 ONE X5 X4 X3  ONE,1,873.97,Shipment,ALLAHABAD,Shipment,873.97,0.0,1,False,
2025-08-27,PNQ2-476,GP49,B0D456N4QM,yantralay Motorcycle Bike Bicycle Handlebar Mount Clamps with 1 4  Screw Compatible 8 35mm for Gopro Hero 13 12 11 10 9 Max Insta360 ONE X5 X4 X3  ONE,1,873.97,Shipment,Pune,Shipment,873.97,0.0,1,False,
2025-08-27,PNQ2-473,GP49,B0D456N4QM,yantralay Motorcycle Bike Bicycle Handlebar Mount Clamps with 1 4  Screw Compatible 8 35mm for Gopro Hero 13 12 11 10 9 Max Insta360 ONE X5 X4 X3  ONE,1,873.97,Shipment,TONK,Shipment,873.97,0.0,1,False,
2025-08-24,PNQ2-468,GP43_OP3_STARTRC,B0CT3TFRJL,yantralay Ethylene Vinyl Acetate  EVA  Portable Carry Case for DJI Osmo Pocket 3 Creator Combo   Protective Bag with Adjustable Shoulder Strap   Large,1,-969.03,Refund,CHENNAI,Refund,-969.03,0.0,0,False,
2025-08-28,PNQ2-477,ACCHARGERGP5_3,B08LYVPLR9,Yantralay 3 Channel AHDBT 501 Battery Charger for Hero 5 6 7   8 Black Action Camera   USB Cable Included   Fast Charging Dock,1,798.31,Shipment,DEHRADUN,Shipment,798.31,0.0,1,False,
2025-08-28,PNQ2-478,PS1,B0BJBL1XBS,yantralay Polyester Dual Controller Hard Carry Case Compatible With Ps5 Ps4 Xbox Ipega Controllers   3 Layer Protection Travel Carry Case   Grey,1,877.85,Shipment,GHAZIABAD,Shipment,877.85,0.0,1,False,
2025-08-28,PNQ2-480,GP49,B0D456N4QM,yantralay Motorcycle Bike Bicycle Handlebar Mount Clamps with 1 4  Screw Compatible 8 35mm for Gopro Hero 13 12 11 10 9 Max Insta360 ONE X5 X4 X3  ONE,1,873.97,Shipment,KASARAGOD,Shipment,873.97,0.0,1,False,
2025-08-28,PNQ2-479,ACCASEYTG9,B08NF6HMG6,yantralay YT G9 Vlogging Case with Dual Cold Shoe Mount for Hero 12 11 10 9  Removable 52mm Filter Ring  All in One Kit with Case Door  Lens Protector,1,936.05,Shipment,NEW DELHI,Shipment,936.05,0.0,1,False,
2025-08-28,PNQ2-481,TY98_TUYU,B0F7RP62NV,yantralay Motorcycle Windshield Mounting Clamp Aluminum Mount for Insta 360 X5 X4 X3  Go Pro Hero 13 12 11 10 9  D J I Action 5 Pro  4 3 Action Camera,1,1795.47,Shipment,GURUGRAM,Shipment,1795.47,0.0,1,False,
2025-08-29,PNQ2-483,GP162TELESINN,B07G5XWJJM,TELESIN Motorcycle Helmet Strap Mount Front Chin Mount for GoPro Hero 2018 7 6 5 4 3  Session  SJCAM  AKASO  Campark  Polaroid  YI Action Camera Helme,1,0.0,FreeReplacement,PUNE,FreeReplacement,0.0,0.0,0,True,
2025-08-27,PNQ2-476,GP49,B0D456N4QM,yantralay Motorcycle Bike Bicycle Handlebar Mount Clamps with 1 4  Screw Compatible 8 35mm for Gopro Hero 13 12 11 10 9 Max Insta360 ONE X5 X4 X3  ONE,1,-873.97,Refund,Pune,Refund,-873.97,0.0,0,False,
2025-08-29,PNQ2-482,ACCHARGERGP5_3,B08LYVPLR9,Yantralay 3 Channel AHDBT 501 Battery Charger for Hero 5 6 7   8 Black Action Camera   USB Cable Included   Fast Charging Dock,1,798.31,Shipment,RANCHI,Shipment,798.31,0.0,1,False,
2025-08-31,PNQ2-484,PS5SLIM_DUSTCOVER,B0DWLGZ3DN,yantralay Neoprene Dust Proof Protective Waterproof Cover Sleeve Compatible with PS 5   PS 5 Slim Digital and Disc Edition Version  PS5 Slim,1,471.42,Shipment,HYDERABAD,Shipment,471.42,0.0,1,False,
2025-08-31,PNQ2-485,PS1,B0BJBL1XBS,yantralay Polyester Dual Controller Hard Carry Case Compatible With Ps5 Ps4 Xbox Ipega Controllers   3 Layer Protection Travel Carry Case   Grey,1,877.85,Shipment,NEW DELHI,Shipment,877.85,0.0,1,False,
2025-08-31,PNQ2-486,PS1,B0BJBL1XBS,yantralay Polyester Dual Controller Hard Carry Case Compatible With Ps5 Ps4 Xbox Ipega Controllers   3 Layer Protection Travel Carry Case   Grey,1,877.85,Shipment,NEW DELHI,Shipment,877.85,0.0,1,False,
2025-08-31,PNQ2-487,GP49,B0D456N4QM,yantralay Motorcycle Bike Bicycle Handlebar Mount Clamps with 1 4  Screw Compatible 8 35mm for Gopro Hero 13 12 11 10 9 Max Insta360 ONE X5 X4 X3  ONE,1,873.97,Shipment,BENGALURU,Shipment,873.97,0.0,1,False,
2025-08-31,PNQ2-488,ACCHARGERGP5_3,B08LYVPLR9,Yantralay 3 Channel AHDBT 501 Battery Charger for Hero 5 6 7   8 Black Action Camera   USB Cable Included   Fast Charging Dock,1,798.31,Shipment,BILASPUR,Shipment,798.31,0.0,1,False,
2025-07-09,PNQ2-281,GP1620_TLS,B08S7D4LKH,yantralay Upgraded Helmet Chin Strap Mount for Hero 13 12 11 10 9 8 7 6 5  SJCAM  Insta 360   DJI Osmo Action 3   4   Adjustable   Secure Camera Moun,1,-1201.0,Refund,PUNE,Refund,-1201.0,0.0,0,False,
2025-07-24,PNQ2-371,GP49,B0D456N4QM,yantralay Motorcycle Bike Bicycle Handlebar Mount Clamps with 1 4  Screw Compatible 8 35mm for Gopro Hero 13 12 11 10 9 Max Insta360 ONE X5 X4 X3  ONE,1,-901.0,Refund,VARANASI,Refund,-901.0,0.0,0,False,
2025-07-23,PNQ2-365,GP29L,B08RXBFBG9,yantralay Windshield Car Suction Cup Mount for Hero 10 9 8  SJCAM  Osmo Action 3   4  Insta 360   Flexible  Multi Angle Adjustable   Mount for Smartph,1,-597.0,Refund,FIROZABAD,Refund,-597.0,0.0,0,False,
2025-07-31,PNQ2-387,GP49,B0D456N4QM,yantralay Motorcycle Bike Bicycle Handlebar Mount Clamps with 1 4  Screw Compatible 8 35mm for Gopro Hero 13 12 11 10 9 Max Insta360 ONE X5 X4 X3  ONE,1,-920.53,Refund,GAYA,Refund,-920.53,0.0,0,False,
2025-07-14,PNQ2-340,GP10KIT_KIT2,B0FBS5Q11T,yantralay 61 in 1 Action Camera Accessories Kit Compatible with Go Pro Hero 13 12 11 10 9  Action 5 4 3  Action  Insta 360 X5 X4 X3   All Other Action,1,-1648.03,Refund,HYDERABAD,Refund,-1648.03,0.0,0,False,
2025-08-01,LKO1-390,GP28COMBO1_H13,B0DHYCQR66,Yantralay Silicone Lanyard Sleeve Protective Cover   6PCS Tempered Glass Screen Guard with Silicone Lens Cover Compatible with GoPro Hero 9 Black Acti,1,678.03,Shipment,SHILLONG,Shipment,678.03,0.0,1,False,
2025-08-02,LKO1-391,GP46-M,B0F91GXT2N,yantralay Double Clamp Mount Bracket with 1 4  Ball Head for GoPro  Insta 360 X2 X3  Action Cameras   Handlebar  Motorcycle  Bicycle  Selfie Stick  St,1,1745.03,Shipment,BENGALURU,Shipment,1745.03,0.0,1,False,
2025-08-02,LKO1-394,PS1,B0BJBL1XBS,nan,1,0.0,Cancel,ALLAHABAD,Cancel,0.0,0.0,0,False,
2025-08-02,LKO1-394,PS1,B0BJBL1XBS,yantralay Polyester Dual Controller Hard Carry Case Compatible With Ps5 Ps4 Xbox Ipega Controllers   3 Layer Protection Travel Carry Case   Grey,1,833.23,Shipment,ALLAHABAD,Shipment,833.23,0.0,1,False,
2025-08-02,LKO1-392,DA24,B078DMT8KR,Yantralay Nylon Universal Drone and Quadcopter Landing Pad   Portable   Foldable   Compatible with DJI  Parrot  Syma  Hubsan  Holy Stone  UDI Drones,1,1502.53,Shipment,BHUBANESWAR,Shipment,1502.53,0.0,1,False,
2025-08-02,LKO1-395,DA31,B0CGDMJ882,Yantralay DSLR Battery Pouch   Portable Waterproof Bag for lp e6 e8 e10 e12 en el14 el15 fw50 f550 Batteries   Convenient Access Design   Compact and,1,484.03,Shipment,PATNA,Shipment,484.03,0.0,1,False,
2025-08-02,LKO1-396,PS1,B0BJBL1XBS,yantralay Polyester Dual Controller Hard Carry Case Compatible With Ps5 Ps4 Xbox Ipega Controllers   3 Layer Protection Travel Carry Case   Grey,1,833.23,Shipment,NEW DELHI,Shipment,833.23,0.0,1,False,
2025-08-02,LKO1-393,GP100,B0723FF53T,nan,1,0.0,Cancel,Ghazipur,Cancel,0.0,0.0,0,False,
2025-08-03,LKO1-397,GP100,B0723FF53T,yantralay 40 in 1 Action Camera Mount Kit for Hero 13 12 11 10 9 8 7 6 5 SJCAM  Osmo Action 3   4  Insta 360   More   with Selfie Monopod  Straps  Mou,1,1055.36,Shipment,Ghazipur,Shipment,1055.36,0.0,1,False,
2025-08-02,LKO1-391,GP46-M,B0F91GXT2N,yantralay Double Clamp Mount Bracket with 1 4  Ball Head for GoPro  Insta 360 X2 X3  Action Cameras   Handlebar  Motorcycle  Bicycle  Selfie Stick  St,1,-1745.03,Refund,BENGALURU,Refund,-1745.03,0.0,0,False,
2025-08-04,LKO1-398,ACCHARGERONEX4_3_AMG,B0DWLH6MJ3,Yantralay x amagisn 3 Slot Battery Charger Compatible for Insta360 X4 Camera  Charging Dock for X4 Accessories,1,1454.03,Shipment,BENGALURU,Shipment,1454.03,0.0,1,False,
2025-08-04,LKO1-399,PS10_OLED_GREEN,B0BRY5L26G,yantralay Carry Case Pouch Cover Compatible with Nintendo Switch OLED with Game Card Slots for Switch Switch OLED Accessories  Video Game   Green,1,565.51,Shipment,NEW DELHI,Shipment,565.51,0.0,1,False,
2025-08-04,LKO1-400,PS1,B0BJBL1XBS,yantralay Polyester Dual Controller Hard Carry Case Compatible With Ps5 Ps4 Xbox Ipega Controllers   3 Layer Protection Travel Carry Case   Grey,1,833.23,Shipment,jaipur,Shipment,833.23,0.0,1,False,
2025-08-05,LKO1-401,PS1,B0BJBL1XBS,yantralay Polyester Dual Controller Hard Carry Case Compatible With Ps5 Ps4 Xbox Ipega Controllers   3 Layer Protection Travel Carry Case   Grey,1,833.23,Shipment,KOTA,Shipment,833.23,0.0,1,False,
2025-08-06,LKO1-402,ACCHARGERONEX4_3_AMG,B0DWLH6MJ3,nan,1,0.0,Cancel,NOIDA,Cancel,0.0,0.0,0,False,
2025-08-06,LKO1-402,GP10_ONEX4_STARTRC,B0DDXP86FQ,nan,1,0.0,Cancel,NOIDA,Cancel,0.0,0.0,0,False,
2025-08-08,LKO1-404,GP10_RS4_STARTRC,B0DB1TQPH3,yantralay Portable Carrying Storage Case for DJ I Ronin RS4   RS4 Pro Gimbal EVA Handbag Travel Handheld Shoulder Bag  Grey,1,2763.53,Shipment,VARANASI,Shipment,2763.53,0.0,1,False,
2025-08-07,LKO1-403,PS10_OLEDCOMBO_GREEN,B0DJFLRGQF,yantralay 4 in 1 Carrying Case Pouch with Protective Cover for Nintendo Switch OLED  Non Slip Soft Case Cover  Screen Protectors   Thumb Grips for Swi,1,1163.03,Shipment,LUCKNOW,Shipment,1163.03,0.0,1,False,
2025-08-08,LKO1-406,ACFRAMEOP3_STARTRCN,B0CR1C9243,STARTRC OSMO Pocket 3 360  Rotation Backpack Clip Mount Shoulder Strap Accessories for DJI Pocket 3 OSMO Pocket 3 Action Cameras,1,1710.11,Shipment,GAUTAM BUDDHA NAGAR,Shipment,1710.11,0.0,1,False,
2025-08-08,LKO1-406,ACFRAMEOP3_STARTRCN,B0CR1C9243,STARTRC OSMO Pocket 3 360  Rotation Backpack Clip Mount Shoulder Strap Accessories for DJI Pocket 3 OSMO Pocket 3 Action Cameras,1,-1710.11,Refund,GAUTAM BUDDHA NAGAR,Refund,-1710.11,0.0,0,False,
2025-08-09,LKO1-408,PS1,B0BJBL1XBS,yantralay Polyester Dual Controller Hard Carry Case Compatible With Ps5 Ps4 Xbox Ipega Controllers   3 Layer Protection Travel Carry Case   Grey,1,949.63,Shipment,NEW DELHI,Shipment,949.63,0.0,1,False,
2025-08-08,LKO1-405,ACCHARGERGP5_3,B08LYVPLR9,Yantralay 3 Channel AHDBT 501 Battery Charger for Hero 5 6 7   8 Black Action Camera   USB Cable Included   Fast Charging Dock,1,798.31,Shipment,NEW DELHI,Shipment,798.31,0.0,1,False,
2025-08-08,LKO1-407,PS1,B0BJBL1XBS,yantralay Polyester Dual Controller Hard Carry Case Compatible With Ps5 Ps4 Xbox Ipega Controllers   3 Layer Protection Travel Carry Case   Grey,1,833.23,Shipment,FARIDABAD,Shipment,833.23,0.0,1,False,
2025-08-10,LKO1-411,PS1,B0BJBL1XBS,yantralay Polyester Dual Controller Hard Carry Case Compatible With Ps5 Ps4 Xbox Ipega Controllers   3 Layer Protection Travel Carry Case   Grey,1,949.63,Shipment,Jammu,Shipment,949.63,0.0,1,False,
2025-08-10,LKO1-410,PS10_OLED_GREEN,B0BRY5L26G,yantralay Carry Case Pouch Cover Compatible with Nintendo Switch OLED with Game Card Slots for Switch Switch OLED Accessories  Video Game   Green,1,629.53,Shipment,CHENNAI,Shipment,629.53,0.0,1,False,
2025-08-10,LKO1-412,GP10_ONEX4_STARTRC,B0DDXP86FQ,yantralay x Startr c Carrying Case for Insta 360 X4 X5  Portable PU Storage Protective Bag Travel Case for Insta 360 X4 X5 Accessories with Large Capa,1,1628.63,Shipment,NABAGRAM COLONY,Shipment,1628.63,0.0,1,False,
2025-08-09,LKO1-409,GP10_ONEX4_STARTRC,B0DDXP86FQ,yantralay x Startr c Carrying Case for Insta 360 X4 X5  Portable PU Storage Protective Bag Travel Case for Insta 360 X4 X5 Accessories with Large Capa,1,1628.63,Shipment,MAHENDRAGARH,Shipment,1628.63,0.0,1,False,
2025-08-10,LKO1-413,PS1,B0BJBL1XBS,yantralay Polyester Dual Controller Hard Carry Case Compatible With Ps5 Ps4 Xbox Ipega Controllers   3 Layer Protection Travel Carry Case   Grey,1,949.63,Shipment,DELHI,Shipment,949.63,0.0,1,False,
2025-08-11,LKO1-416,PS10_OLEDCOMBO_YELLOW,B0DJFL8DBY,yantralay 4 in 1 Carrying Case Pouch with Protective Cover for Nintendo Switch OLED  Non Slip Soft Case Cover  Screen Protectors   Thumb Grips for Swi,1,1163.03,Shipment,CHITTAURGARH,Shipment,1163.03,0.0,1,False,
2025-08-11,LKO1-417,ACCHARGERGP5_3,B08LYVPLR9,Yantralay 3 Channel AHDBT 501 Battery Charger for Hero 5 6 7   8 Black Action Camera   USB Cable Included   Fast Charging Dock,1,798.31,Shipment,Bengaluru,Shipment,798.31,0.0,1,False,
2025-08-08,LKO1-404,GP10_RS4_STARTRC,B0DB1TQPH3,yantralay Portable Carrying Storage Case for DJ I Ronin RS4   RS4 Pro Gimbal EVA Handbag Travel Handheld Shoulder Bag  Grey,1,-2763.53,Refund,VARANASI,Refund,-2763.53,0.0,0,False,
2025-08-11,LKO1-415,PS5SLIM_CC1_BLACK,B0DDQGJB7N,yantralay Carrying case for PS 5 Slim Console Gamepad Controller Headphone VR Travel Bag  Playstatio n 5 Slim Accessories   Grey,1,2230.03,Shipment,BAREILLY,Shipment,2230.03,0.0,1,False,
2025-08-11,LKO1-419,PS10_OLEDCOMBO_YELLOW,B0DJFL8DBY,yantralay 4 in 1 Carrying Case Pouch with Protective Cover for Nintendo Switch OLED  Non Slip Soft Case Cover  Screen Protectors   Thumb Grips for Swi,1,1163.03,Shipment,AMRITSAR,Shipment,1163.03,0.0,1,False,
2025-08-11,NAN,GP10_ONEX4_STARTRC,B0DDXP86FQ,nan,1,0.0,Cancel,CHERTHALA,Cancel,0.0,0.0,0,False,
2025-08-11,LKO1-420,GP10_ONEX4_STARTRC,B0DDXP86FQ,yantralay x Startr c Carrying Case for Insta 360 X4 X5  Portable PU Storage Protective Bag Travel Case for Insta 360 X4 X5 Accessories with Large Capa,1,1628.63,Shipment,CHERTHALA,Shipment,1628.63,0.0,1,False,
2025-08-12,LKO1-422,GP10_RS4_STARTRC,B0DB1TQPH3,yantralay Portable Carrying Storage Case for DJ I Ronin RS4   RS4 Pro Gimbal EVA Handbag Travel Handheld Shoulder Bag  Grey,1,2822.53,Shipment,Varanasi,Shipment,2822.53,0.0,1,False,
2025-08-11,LKO1-417,ACCHARGERGP5_3,B08LYVPLR9,Yantralay 3 Channel AHDBT 501 Battery Charger for Hero 5 6 7   8 Black Action Camera   USB Cable Included   Fast Charging Dock,1,-798.31,Refund,Bengaluru,Refund,-798.31,0.0,0,False,
2025-08-12,LKO1-423,GP10_ONEX4_STARTRC,B0DDXP86FQ,yantralay x Startr c Carrying Case for Insta 360 X4 X5  Portable PU Storage Protective Bag Travel Case for Insta 360 X4 X5 Accessories with Large Capa,1,1628.63,Shipment,Tiruchirappalli,Shipment,1628.63,0.0,1,False,
2025-08-13,LKO1-425,PS2_BLUE,B0BL1H24P4,yantralay Controller Gamepad Carry Case   Ultimate Protection Compatible for PS5 PS4 PS3 Switch Pro Xbox Joysticks Waterproof  Scratch Protection  Dur,1,484.03,Shipment,BENGALURU,Shipment,484.03,0.0,1,False,
2025-08-12,LKO1-421,GP100,B0723FF53T,yantralay 40 in 1 Action Camera Mount Kit for Hero 13 12 11 10 9 8 7 6 5 SJCAM  Osmo Action 3   4  Insta 360   More   with Selfie Monopod  Straps  Mou,1,1104.83,Shipment,NIZAMABAD,Shipment,1104.83,0.0,1,False,
2025-08-13,LKO1-424,LGONEX4_PREMIUM,B0DZ13Z8RF,yantralay Lens Protector for Insta360 X4  Removable Optical Glass Lens   Anti Scratch  Insta 360 X4 Accessories,1,2521.03,Shipment,BENGALURU,Shipment,2521.03,0.0,1,False,
2025-08-11,LKO1-415,PS5SLIM_CC1_BLACK,B0DDQGJB7N,yantralay Carrying case for PS 5 Slim Console Gamepad Controller Headphone VR Travel Bag  Playstatio n 5 Slim Accessories   Grey,1,-2230.03,Refund,BAREILLY,Refund,-2230.03,0.0,0,False,
2025-08-14,LKO1-427,GP46-M,B0F91GXT2N,yantralay Double Clamp Mount Bracket with 1 4  Ball Head for GoPro  Insta 360 X2 X3  Action Cameras   Handlebar  Motorcycle  Bicycle  Selfie Stick  St,1,1745.03,Shipment,LUCKNOW,Shipment,1745.03,0.0,1,False,
2025-08-13,LKO1-426,GP43_OP3_STARTRC,B0CT3TFRJL,yantralay Ethylene Vinyl Acetate  EVA  Portable Carry Case for DJI Osmo Pocket 3 Creator Combo   Protective Bag with Adjustable Shoulder Strap   Large,1,969.03,Shipment,BHILWARA,Shipment,969.03,0.0,1,False,
2025-08-15,LKO1-428,GP43_OP3_STARTRC,B0CT3TFRJL,yantralay Ethylene Vinyl Acetate  EVA  Portable Carry Case for DJI Osmo Pocket 3 Creator Combo   Protective Bag with Adjustable Shoulder Strap   Large,1,969.03,Shipment,SEHARA,Shipment,969.03,0.0,1,False,
2025-08-16,LKO1-430,ACCHARGERONEX4_3_AMG,B0DWLH6MJ3,Yantralay x amagisn 3 Slot Battery Charger Compatible for Insta360 X4 Camera  Charging Dock for X4 Accessories,1,1381.28,Shipment,ROHTAK,Shipment,1381.28,0.0,1,False,
2025-08-15,LKO1-429,GP10_ONEX4_STARTRC,B0DDXP86FQ,yantralay x Startr c Carrying Case for Insta 360 X4 X5  Portable PU Storage Protective Bag Travel Case for Insta 360 X4 X5 Accessories with Large Capa,1,1628.63,Shipment,NOIDA,Shipment,1628.63,0.0,1,False,
2025-08-16,LKO1-431,T16,B0F9P832QF,Yantralay Mini Camera Tripod Stand   Tabletop Tripod with 3 8  Screw  Ball Head  10kg Load Capacity   Compatible with DSLR  Action Cameras Monopods,1,2836.28,Shipment,AHMEDABAD,Shipment,2836.28,0.0,1,False,
2025-08-17,LKO1-432,PS10_OLEDCOMBO_GREEN,B0DJFLRGQF,yantralay 4 in 1 Carrying Case Pouch with Protective Cover for Nintendo Switch OLED  Non Slip Soft Case Cover  Screen Protectors   Thumb Grips for Swi,1,1104.83,Shipment,Gurugram,Shipment,1104.83,0.0,1,False,
2025-08-17,LKO1-433,PS1,B0BJBL1XBS,yantralay Polyester Dual Controller Hard Carry Case Compatible With Ps5 Ps4 Xbox Ipega Controllers   3 Layer Protection Travel Carry Case   Grey,1,877.85,Shipment,NEW DELHI,Shipment,877.85,0.0,1,False,
2025-08-18,LKO1-434,PS5SLIM_CC1_BLACK,B0DDQGJB7N,yantralay Carrying case for PS 5 Slim Console Gamepad Controller Headphone VR Travel Bag  Playstatio n 5 Slim Accessories   Grey,1,2173.77,Shipment,GURUGRAM,Shipment,2173.77,0.0,1,False,
2025-08-18,LKO1-435,PS1,B0BJBL1XBS,nan,1,0.0,Cancel,greater noida,Cancel,0.0,0.0,0,False,
2025-08-18,LKO1-436,GP10_ONEX4_STARTRC,B0DDXP86FQ,yantralay x Startr c Carrying Case for Insta 360 X4 X5  Portable PU Storage Protective Bag Travel Case for Insta 360 X4 X5 Accessories with Large Capa,1,1587.89,Shipment,VILL  MATTEWAL DISST  AMRITSAR,Shipment,1587.89,0.0,1,False,
2025-08-19,LKO1-438,LGONEX4_PREMIUM,B0DZ13Z8RF,yantralay Lens Protector for Insta360 X4  Removable Optical Glass Lens   Anti Scratch  Insta 360 X4 Accessories,1,2457.98,Shipment,BENGALURU,Shipment,2457.98,0.0,1,False,
2025-08-19,LKO1-440,ACCHARGERONEX2N,B09Y23TXKZ,yantralay Dual Slot Battery Charger Compatible for Insta 360 ONE X2   Fast Charging  Compact Design  LED Indicators   Includes USB Cable   Travel Frie,1,920.53,Shipment,BENGALURU,Shipment,920.53,0.0,1,False,
2025-08-19,LKO1-437,PS1,B0BJBL1XBS,yantralay Polyester Dual Controller Hard Carry Case Compatible With Ps5 Ps4 Xbox Ipega Controllers   3 Layer Protection Travel Carry Case   Grey,1,877.85,Shipment,GHAZIABAD,Shipment,877.85,0.0,1,False,
2025-08-19,LKO1-439,GP29L,B08RXBFBG9,yantralay Windshield Car Suction Cup Mount for Hero 10 9 8  SJCAM  Osmo Action 3   4  Insta 360   Flexible  Multi Angle Adjustable   Mount for Smartph,1,579.09,Shipment,ANANTNAG,Shipment,579.09,0.0,1,False,
2025-08-19,LKO1-441,ACFRAMEOP3_STARTRCN,B0CR1C9243,STARTRC OSMO Pocket 3 360  Rotation Backpack Clip Mount Shoulder Strap Accessories for DJI Pocket 3 OSMO Pocket 3 Action Cameras,1,1710.11,Shipment,Haldwani,Shipment,1710.11,0.0,1,False,
2025-08-13,LKO1-426,GP43_OP3_STARTRC,B0CT3TFRJL,yantralay Ethylene Vinyl Acetate  EVA  Portable Carry Case for DJI Osmo Pocket 3 Creator Combo   Protective Bag with Adjustable Shoulder Strap   Large,1,-969.03,Refund,BHILWARA,Refund,-969.03,0.0,0,False,
2025-08-20,LKO1-442,PS1,B0BJBL1XBS,nan,1,0.0,Cancel,Noida,Cancel,0.0,0.0,0,False,
2025-08-20,LKO1-443,PS1,B0BJBL1XBS,yantralay Polyester Dual Controller Hard Carry Case Compatible With Ps5 Ps4 Xbox Ipega Controllers   3 Layer Protection Travel Carry Case   Grey,1,877.85,Shipment,Noida,Shipment,877.85,0.0,1,False,
2025-08-16,LKO1-430,ACCHARGERONEX4_3_AMG,B0DWLH6MJ3,Yantralay x amagisn 3 Slot Battery Charger Compatible for Insta360 X4 Camera  Charging Dock for X4 Accessories,1,-1381.28,Refund,ROHTAK,Refund,-1381.28,0.0,0,False,
2025-08-20,NAN,GP10_OA3,B0DMSYR199,nan,1,0.0,Cancel,CHAKIA,Cancel,0.0,0.0,0,False,
2025-08-20,LKO1-444,GP10_OA3,B0DMSYR199,yantralay Carrying Case for DJ I Os mo Action 5 Pro Action 4  Action 3 Cameras  Storage Bag Case with Shoulder Strap  DJ I Osm o Action Camera Accesso,1,1301.07,Shipment,CHAKIA,Shipment,1301.07,0.0,1,False,
2025-08-21,LKO1-445,PS1,B0BJBL1XBS,yantralay Polyester Dual Controller Hard Carry Case Compatible With Ps5 Ps4 Xbox Ipega Controllers   3 Layer Protection Travel Carry Case   Grey,1,0.0,FreeReplacement,KOLKATA,FreeReplacement,0.0,0.0,0,True,
2025-08-21,LKO1-446,GP47_NEW,B0DRYJZ6VH,yantralay 360  Rotatable Camera Bike Mount Clamp Motorcycle Handlebar Pole Aluminium Mount for Insta360 X5 X4 X3  Ace Pro Pro2  Hero13 12 11 10 9 Osm,1,1275.55,Shipment,AHMEDABAD,Shipment,1275.55,0.0,1,False,
2025-08-15,LKO1-428,GP43_OP3_STARTRC,B0CT3TFRJL,yantralay Ethylene Vinyl Acetate  EVA  Portable Carry Case for DJI Osmo Pocket 3 Creator Combo   Protective Bag with Adjustable Shoulder Strap   Large,1,-969.03,Refund,SEHARA,Refund,-969.03,0.0,0,False,
2025-08-21,LKO1-447,PS2_RED,B0BL1HF4NJ,yantralay Nylon Controller Gamepad Carry Case   Ultimate Protection Compatible For PS5 PS4 PS3 Switch Pro Xbox Joysticks Waterproof  Scratch Protectio,1,484.03,Shipment,AMRITSAR,Shipment,484.03,0.0,1,False,
2025-08-22,LKO1-448,GP47_NEW,B0DRYJZ6VH,nan,1,0.0,Cancel,MAINPURI,Cancel,0.0,0.0,0,False,
2025-08-22,LKO1-448,GP47_NEW,B0DRYJZ6VH,yantralay 360  Rotatable Camera Bike Mount Clamp Motorcycle Handlebar Pole Aluminium Mount for Insta360 X5 X4 X3  Ace Pro Pro2  Hero13 12 11 10 9 Osm,1,1275.55,Shipment,MAINPURI,Shipment,1275.55,0.0,1,False,
2025-08-23,LKO1-449,PS1,B0BJBL1XBS,yantralay Polyester Dual Controller Hard Carry Case Compatible With Ps5 Ps4 Xbox Ipega Controllers   3 Layer Protection Travel Carry Case   Grey,1,877.85,Shipment,AMBALA,Shipment,877.85,0.0,1,False,
2025-08-23,LKO1-450,PS2_RED,B0BL1HF4NJ,yantralay Nylon Controller Gamepad Carry Case   Ultimate Protection Compatible For PS5 PS4 PS3 Switch Pro Xbox Joysticks Waterproof  Scratch Protectio,1,484.03,Shipment,LUDHIANA,Shipment,484.03,0.0,1,False,
2025-08-24,LKO1-451,PS1,B0BJBL1XBS,yantralay Polyester Dual Controller Hard Carry Case Compatible With Ps5 Ps4 Xbox Ipega Controllers   3 Layer Protection Travel Carry Case   Grey,1,877.85,Shipment,JAIPUR,Shipment,877.85,0.0,1,False,
2025-08-24,LKO1-452,ACCHARGERONEX4_3_AMG,B0DWLH6MJ3,Yantralay x amagisn 3 Slot Battery Charger Compatible for Insta360 X4 Camera  Charging Dock for X4 Accessories,1,1381.28,Shipment,GURUGRAM,Shipment,1381.28,0.0,1,False,
2025-08-25,LKO1-454,GP10_ONEX4_STARTRC,B0DDXP86FQ,yantralay x Startr c Carrying Case for Insta 360 X4 X5  Portable PU Storage Protective Bag Travel Case for Insta 360 X4 X5 Accessories with Large Capa,1,1587.89,Shipment,INDORE,Shipment,1587.89,0.0,1,False,
2025-08-24,LKO1-451,PS1,B0BJBL1XBS,yantralay Polyester Dual Controller Hard Carry Case Compatible With Ps5 Ps4 Xbox Ipega Controllers   3 Layer Protection Travel Carry Case   Grey,1,-877.85,Refund,JAIPUR,Refund,-877.85,0.0,0,False,
2025-08-26,LKO1-456,ACCHARGERGP5_3,B08LYVPLR9,Yantralay 3 Channel AHDBT 501 Battery Charger for Hero 5 6 7   8 Black Action Camera   USB Cable Included   Fast Charging Dock,1,798.31,Shipment,HOWRAH,Shipment,798.31,0.0,1,False,
2025-08-26,LKO1-455,GP10_ONEX4_STARTRC,B0DDXP86FQ,yantralay x Startr c Carrying Case for Insta 360 X4 X5  Portable PU Storage Protective Bag Travel Case for Insta 360 X4 X5 Accessories with Large Capa,1,1587.89,Shipment,LEH,Shipment,1587.89,0.0,1,False,
2025-08-27,LKO1-458,GP46-M,B0F91GXT2N,yantralay Double Clamp Mount Bracket with 1 4  Ball Head for GoPro  Insta 360 X2 X3  Action Cameras   Handlebar  Motorcycle  Bicycle  Selfie Stick  St,1,1701.38,Shipment,GURUGRAM,Shipment,1701.38,0.0,1,False,
2025-08-28,LKO1-459,GP100,B0723FF53T,yantralay 40 in 1 Action Camera Mount Kit for Hero 13 12 11 10 9 8 7 6 5 SJCAM  Osmo Action 3   4  Insta 360   More   with Selfie Monopod  Straps  Mou,1,1104.83,Shipment,KOTTAYAM,Shipment,1104.83,0.0,1,False,
2025-08-28,LKO1-460,GP10_RS4_STARTRC,B0DB1TQPH3,yantralay Portable Carrying Storage Case for DJ I Ronin RS4   RS4 Pro Gimbal EVA Handbag Travel Handheld Shoulder Bag  Grey,1,2624.82,Shipment,MAKHU,Shipment,2624.82,0.0,1,False,
2025-08-29,LKO1-461,GP10_RS4_STARTRC,B0DB1TQPH3,yantralay Portable Carrying Storage Case for DJ I Ronin RS4   RS4 Pro Gimbal EVA Handbag Travel Handheld Shoulder Bag  Grey,1,2624.82,Shipment,KEWALPUR,Shipment,2624.82,0.0,1,False,
2025-08-29,LKO1-461,GP10_RS4_STARTRC,B0DB1TQPH3,yantralay Portable Carrying Storage Case for DJ I Ronin RS4   RS4 Pro Gimbal EVA Handbag Travel Handheld Shoulder Bag  Grey,1,-2624.82,Refund,KEWALPUR,Refund,-2624.82,0.0,0,False,
2025-08-30,LKO1-462,PS1,B0BJBL1XBS,yantralay Polyester Dual Controller Hard Carry Case Compatible With Ps5 Ps4 Xbox Ipega Controllers   3 Layer Protection Travel Carry Case   Grey,1,877.85,Shipment,NOIDA,Shipment,877.85,0.0,1,False,
2025-07-20,LKO1-357,GP29L,B08RXBFBG9,yantralay Windshield Car Suction Cup Mount for Hero 10 9 8  SJCAM  Osmo Action 3   4  Insta 360   Flexible  Multi Angle Adjustable   Mount for Smartph,1,-579.09,Refund,KOLKATA,Refund,-579.09,0.0,0,False,
2025-08-01,CCX1-480,TIMESGATE-PINK_DIVOOMN,B0CQCGVL9K,Divoom Times Gate   Cute Gaming Digital Acrylonitrile Butadiene Styrene Clock with Social Media  Pixel Art Display for Gamers   Home Office Decor  Pin,1,18529.0,Shipment,Ranchi,Shipment,18529.0,0.0,1,False,
2025-08-02,CCX1-481,GP47_NEW,B0DRYJZ6VH,Yantralay 360  Rotatable Camera Bike Mount Clamp Motorcycle Handlebar Pole Aluminium Mount for Insta360 X4 X3  Ace Pro Pro2  Hero13 12 11 10 9 For Os,1,1308.53,Shipment,BURDWAN,Shipment,1308.53,0.0,1,False,
2025-08-02,CCX1-482,GP28_H13,B0DHYDQL5V,Yantralay Silicone Lanyard Sleeve Protective Cover   6PCS Tempered Glass Screen Guard with Silicone Lens Cover Compatible with Go Pro Hero 9 Black Act,1,387.03,Shipment,Seoraphuli,Shipment,387.03,0.0,1,False,
2025-08-02,CCX1-483,ND_AVATA2_STARTRC,B0DX7CQYH1,Yantralay x Start rc 4 Pack ND8 ND16 ND32 ND64 Filter Compatible with DJI Avata 2  Neutral Density Camera Lens ND Filter,1,3297.03,Shipment,RISHIKESH,Shipment,3297.03,0.0,1,False,
2025-08-02,CCX1-486,PS1,B0BJBL1XBS,yantralay Polyester Dual Controller Hard Carry Case Compatible With Ps5 Ps4 Xbox Ipega Controllers   3 Layer Protection Travel Carry Case   Grey,1,833.23,Shipment,KOLKATA,Shipment,833.23,0.0,1,False,
2025-08-02,CCX1-485,DA35,B0F9FM9XHJ,Yantralay Professional 360  Rotating Metal Tripod Ball Head   Quick Release Plate with Bubble Level   8kg Load Capacity   1 4  Screw for DSLR  Camera,1,1890.53,Shipment,SILCHAR,Shipment,1890.53,0.0,1,False,
2025-08-03,CCX1-488,GP47_NEW,B0DRYJZ6VH,Yantralay 360  Rotatable Camera Bike Mount Clamp Motorcycle Handlebar Pole Aluminium Mount for Insta360 X4 X3  Ace Pro Pro2  Hero13 12 11 10 9 For Os,1,1308.53,Shipment,KRISHNANAGAR,Shipment,1308.53,0.0,1,False,
2025-08-03,CCX1-489,GP28COMBO_X3N,B0BY8178B6,PellKing Camera Protective Accessories Kit for Insta360 X3  Inst 360 X3 Bundle Include Lens Guard Silicone Protective Cover Screen Protectors Camera C,1,1032.08,Shipment,Gangtok,Shipment,1032.08,0.0,1,False,
2025-08-03,CCX1-487,INONEX4_COMBO1,B0DX1SWJXZ,yantralay Lens Guard for Insta360 X4   Tempered Glass   Scratch Resistant Protective Lens Cover   Insta360 X4 Camera Accessories   ONEX4 Combo Kit,1,1890.53,Shipment,BARGARH,Shipment,1890.53,0.0,1,False,
2025-08-04,CCX1-490,GP47_NEW,B0DRYJZ6VH,Yantralay 360  Rotatable Camera Bike Mount Clamp Motorcycle Handlebar Pole Aluminium Mount for Insta360 X4 X3  Ace Pro Pro2  Hero13 12 11 10 9 For Os,1,1308.53,Shipment,Jamshedpur,Shipment,1308.53,0.0,1,False,
2025-08-06,CCX1-492,GP47_NEW,B0DRYJZ6VH,Yantralay 360  Rotatable Camera Bike Mount Clamp Motorcycle Handlebar Pole Aluminium Mount for Insta360 X4 X3  Ace Pro Pro2  Hero13 12 11 10 9 For Os,1,1308.53,Shipment,NEW TOWN,Shipment,1308.53,0.0,1,False,
2025-08-05,CCX1-491,GP10_ONEX4_STARTRC,B0DDXP86FQ,yantralay x Startr c Carrying Case for Insta 360 X4 X5  Portable PU Storage Protective Bag Travel Case for Insta 360 X4 X5 Accessories with Large Capa,1,1628.63,Shipment,PATHSALA,Shipment,1628.63,0.0,1,False,
2025-08-06,CCX1-494,PS1,B0BJBL1XBS,yantralay Polyester Dual Controller Hard Carry Case Compatible With Ps5 Ps4 Xbox Ipega Controllers   3 Layer Protection Travel Carry Case   Grey,1,833.23,Shipment,BIDHAN NAGAR,Shipment,833.23,0.0,1,False,
2025-08-03,CCX1-487,INONEX4_COMBO1,B0DX1SWJXZ,yantralay Lens Guard for Insta360 X4   Tempered Glass   Scratch Resistant Protective Lens Cover   Insta360 X4 Camera Accessories   ONEX4 Combo Kit,1,-1890.53,Refund,BARGARH,Refund,-1890.53,0.0,0,False,
2025-08-07,CCX1-495,PS1,B0BJBL1XBS,yantralay Polyester Dual Controller Hard Carry Case Compatible With Ps5 Ps4 Xbox Ipega Controllers   3 Layer Protection Travel Carry Case   Grey,1,833.23,Shipment,Patna,Shipment,833.23,0.0,1,False,
2025-08-08,CCX1-499,GP10KIT_H9_GP17,B0FC2Z4XM3,yantralay Complete Go Pro Hero 12 11 10 9 Accessory Bundle   Waterproof Housing Case  Silicone Protector  Filter   Lens Kit  Tempered Glass Screen Pro,1,2133.03,Shipment,BENGALURU,Shipment,2133.03,0.0,1,False,
2025-08-07,CCX1-498,PS2_RED,B0BL1HF4NJ,yantralay Nylon Controller Gamepad Carry Case   Ultimate Protection Compatible For PS5 PS4 PS3 Switch Pro Xbox Joysticks Waterproof  Scratch Protectio,1,484.03,Shipment,MANDAPETA,Shipment,484.03,0.0,1,False,
2025-08-06,CCX1-492,GP47_NEW,B0DRYJZ6VH,Yantralay 360  Rotatable Camera Bike Mount Clamp Motorcycle Handlebar Pole Aluminium Mount for Insta360 X4 X3  Ace Pro Pro2  Hero13 12 11 10 9 For Os,1,-1308.53,Refund,NEW TOWN,Refund,-1308.53,0.0,0,False,
2025-08-07,CCX1-496,TR-S-CAMOFLAGUE_TARIONN,B0BM9GT8NT,TARION Camera Sling Bag DSLR Sling Pack for Men Women Photographers with Waterproof Raincover Tripod Holder Sling Backpack Camera Bag Backpack Photogr,1,4849.03,Shipment,GANDHIGRAM,Shipment,4849.03,0.0,1,False,
2025-08-03,CCX1-489,GP28COMBO_X3N,B0BY8178B6,PellKing Camera Protective Accessories Kit for Insta360 X3  Inst 360 X3 Bundle Include Lens Guard Silicone Protective Cover Screen Protectors Camera C,1,-1032.08,Refund,Gangtok,Refund,-1032.08,0.0,0,False,
2025-08-08,CCX1-500,INONEX4_COMBO1,B0DX1SWJXZ,yantralay Lens Guard for Insta360 X4   Tempered Glass   Scratch Resistant Protective Lens Cover   Insta360 X4 Camera Accessories   ONEX4 Combo Kit,1,1890.53,Shipment,BARGARH,Shipment,1890.53,0.0,1,False,
2025-08-10,CCX1-504,GP47_NEW,B0DRYJZ6VH,yantralay 360  Rotatable Camera Bike Mount Clamp Motorcycle Handlebar Pole Aluminium Mount for Insta360 X5 X4 X3  Ace Pro Pro2  Hero13 12 11 10 9 Osm,1,1308.53,Shipment,GUWAHATI,Shipment,1308.53,0.0,1,False,
2025-08-10,CCX1-503,GP47_NEW,B0DRYJZ6VH,Yantralay 360  Rotatable Camera Bike Mount Clamp Motorcycle Handlebar Pole Aluminium Mount for Insta360 X4 X3  Ace Pro Pro2  Hero13 12 11 10 9 For Os,1,1308.53,Shipment,Gangtok,Shipment,1308.53,0.0,1,False,
2025-08-10,CCX1-506,GP46-L,B0F91GCRP4,yantralay Double Clamp Mount Bracket with 1 4  Ball Head for Go Pro 13 12 11  Insta 360 X5 X4 X3 Handlebar  Motorcycle  Bicycle  Selfie Stick  Studio,1,1842.03,Shipment,KOLKATA,Shipment,1842.03,0.0,1,False,
2025-08-10,CCX1-507,PS10_OLEDCOMBO_GREEN,B0DJFLRGQF,yantralay 4 in 1 Carrying Case Pouch with Protective Cover for Nintendo Switch OLED  Non Slip Soft Case Cover  Screen Protectors   Thumb Grips for Swi,1,1163.03,Shipment,DIMAPUR,Shipment,1163.03,0.0,1,False,
2025-08-10,CCX1-508,GP47_NEW,B0DRYJZ6VH,nan,1,0.0,Cancel,KOLKATA,Cancel,0.0,0.0,0,False,
2025-08-09,CCX1-501,GP10_DJIFLIP_STARTRC,B0F83B4HX3,yantralay x Start rc Pu Material Carrying Case for DJ I Flip Fly More Combo   Waterproof Travel Bag for RC2 RC N3 Remote  Batteries  Charging Hub  65W,1,1842.03,Shipment,SHAHADA,Shipment,1842.03,0.0,1,False,
2025-08-10,CCX1-509,PS1,B0BJBL1XBS,yantralay Polyester Dual Controller Hard Carry Case Compatible With Ps5 Ps4 Xbox Ipega Controllers   3 Layer Protection Travel Carry Case   Grey,1,949.63,Shipment,KOLKATA,Shipment,949.63,0.0,1,False,
2025-08-10,CCX1-502,PS10_OLEDCOMBO_GREEN,B0DJFLRGQF,nan,1,0.0,Cancel,Kolkata,Cancel,0.0,0.0,0,False,
2025-08-10,CCX1-506,GP46-L,B0F91GCRP4,yantralay Double Clamp Mount Bracket with 1 4  Ball Head for Go Pro 13 12 11  Insta 360 X5 X4 X3 Handlebar  Motorcycle  Bicycle  Selfie Stick  Studio,1,-1842.03,Refund,KOLKATA,Refund,-1842.03,0.0,0,False,
2025-08-11,CCX1-512,GP46-M_GP46-S_GP25_150CMS,B0F99WWGGT,yantralay Motorcycle Handlebar Clamp Kit with Dual Clamp Mounts   Invisible Selfie Stick for Insta 360 X4 X3 X2 One RS GO 3   Bike Action Camera Mount,1,4364.03,Shipment,BANGAON,Shipment,4364.03,0.0,1,False,
2025-08-11,CCX1-510,PS10_OLEDCOMBO_GREEN,B0DJFLRGQF,yantralay 4 in 1 Carrying Case Pouch with Protective Cover for Nintendo Switch OLED  Non Slip Soft Case Cover  Screen Protectors   Thumb Grips for Swi,1,1163.03,Shipment,Kolkata,Shipment,1163.03,0.0,1,False,
2025-08-11,CCX1-514,GP47_NEW,B0DRYJZ6VH,yantralay 360  Rotatable Camera Bike Mount Clamp Motorcycle Handlebar Pole Aluminium Mount for Insta360 X5 X4 X3  Ace Pro Pro2  Hero13 12 11 10 9 Osm,1,1308.53,Shipment,KOLKATA,Shipment,1308.53,0.0,1,False,
2025-08-11,CCX1-513,PS1,B0BJBL1XBS,yantralay Polyester Dual Controller Hard Carry Case Compatible With Ps5 Ps4 Xbox Ipega Controllers   3 Layer Protection Travel Carry Case   Grey,1,949.63,Shipment,MUMBAI,Shipment,949.63,0.0,1,False,
2025-08-11,CCX1-515,PB01_TARIONN,B079K8L72H,nan,1,0.0,Cancel,KOLKATA,Cancel,0.0,0.0,0,False,
2025-08-11,CCX1-511,GP46-S,B0F91G6H93,yantralay Double Clamp Mount Bracket with 1 4  Ball Head for GoPro  Insta 360 X2 X3  Action Cameras   Handlebar  Motorcycle  Bicycle  Selfie Stick  St,1,1648.03,Shipment,Kurukshetra,Shipment,1648.03,0.0,1,False,
2025-08-10,CCX1-505,DR28_RC2COVER_MP,B0CL9TH14Q,STARTRC Mini 4 Pro Sun Hood for DJI RC 2 Controller 3 IN 1 Sunshade Joysticks Screen Protector for DJI Mini 4 Pro Air 3S Air 3 Accessories Anti Scratc,1,1617.96,Shipment,COIMBATORE,Shipment,1617.96,0.0,1,False,
2025-08-11,CCX1-516,GP47_NEW,B0DRYJZ6VH,yantralay 360  Rotatable Camera Bike Mount Clamp Motorcycle Handlebar Pole Aluminium Mount for Insta360 X5 X4 X3  Ace Pro Pro2  Hero13 12 11 10 9 Osm,1,1387.53,Shipment,DURGAPUR,Shipment,1387.53,0.0,1,False,
2025-08-11,CCX1-518,GP46-L,B0F91GCRP4,yantralay Double Clamp Mount Bracket with 1 4  Ball Head for Go Pro 13 12 11  Insta 360 X5 X4 X3 Handlebar  Motorcycle  Bicycle  Selfie Stick  Studio,1,1842.03,Shipment,KOLKATA,Shipment,1842.03,0.0,1,False,
2025-08-12,CCX1-519,PS10_OLED_GREEN,B0BRY5L26G,yantralay Carry Case Pouch Cover Compatible with Nintendo Switch OLED with Game Card Slots for Switch Switch OLED Accessories  Video Game   Green,1,629.53,Shipment,Bengaluru,Shipment,629.53,0.0,1,False,
2025-08-11,CCX1-517,GP49,B0D456N4QM,yantralay Motorcycle Bike Bicycle Handlebar Mount Clamps with 1 4  Screw Compatible 8 35mm for Gopro Hero 13 12 11 10 9 Max Insta360 ONE X5 X4 X3  ONE,1,920.53,Shipment,ULUBERIA,Shipment,920.53,0.0,1,False,
2025-08-12,CCX1-521,GP290XL_AL,B0F7Y3T6JV,yantralay Triple Suction Aluminium Mount with 1 4  Standard Screw Mount Compatible for Hero 12 11 10 9  Insta 360 ONE X3 X2 ONER RS ACE PRO   All Othe,1,2618.03,Shipment,BENGALURU,Shipment,2618.03,0.0,1,False,
2025-08-12,CCX1-523,GP46-M,B0F91GXT2N,yantralay Double Clamp Mount Bracket with 1 4  Ball Head for GoPro  Insta 360 X2 X3  Action Cameras   Handlebar  Motorcycle  Bicycle  Selfie Stick  St,1,1745.03,Shipment,PUNE,Shipment,1745.03,0.0,1,False,
2025-08-12,CCX1-524,GP47_NEW,B0DRYJZ6VH,yantralay 360  Rotatable Camera Bike Mount Clamp Motorcycle Handlebar Pole Aluminium Mount for Insta360 X5 X4 X3  Ace Pro Pro2  Hero13 12 11 10 9 Osm,1,1308.53,Shipment,ASANSOL,Shipment,1308.53,0.0,1,False,
2025-08-12,CCX1-525,GP47_NEW,B0DRYJZ6VH,yantralay 360  Rotatable Camera Bike Mount Clamp Motorcycle Handlebar Pole Aluminium Mount for Insta360 X5 X4 X3  Ace Pro Pro2  Hero13 12 11 10 9 Osm,1,1308.53,Shipment,Barasat,Shipment,1308.53,0.0,1,False,
2025-08-12,CCX1-520,GP47_NEW,B0DRYJZ6VH,yantralay 360  Rotatable Camera Bike Mount Clamp Motorcycle Handlebar Pole Aluminium Mount for Insta360 X5 X4 X3  Ace Pro Pro2  Hero13 12 11 10 9 Osm,1,1308.53,Shipment,KOLKATA,Shipment,1308.53,0.0,1,False,
2025-08-12,CCX1-522,GP46-S,B0F91G6H93,yantralay Double Clamp Mount Bracket with 1 4  Ball Head for GoPro  Insta 360 X2 X3  Action Cameras   Handlebar  Motorcycle  Bicycle  Selfie Stick  St,1,1648.03,Shipment,Bidhan Nagar,Shipment,1648.03,0.0,1,False,
2025-08-12,CCX1-527,GP46-L,B0F91GCRP4,yantralay Double Clamp Mount Bracket with 1 4  Ball Head for Go Pro 13 12 11  Insta 360 X5 X4 X3 Handlebar  Motorcycle  Bicycle  Selfie Stick  Studio,1,1842.03,Shipment,SOUTH 24 PARGANAS,Shipment,1842.03,0.0,1,False,
2025-08-12,CCX1-526,GP47_NEW,B0DRYJZ6VH,yantralay 360  Rotatable Camera Bike Mount Clamp Motorcycle Handlebar Pole Aluminium Mount for Insta360 X5 X4 X3  Ace Pro Pro2  Hero13 12 11 10 9 Osm,1,1308.53,Shipment,KHUNTI,Shipment,1308.53,0.0,1,False,
2025-08-13,CCX1-528,GP28COMBO_X3N,B0BY8178B6,PellKing Camera Protective Accessories Kit for Insta360 X3  Inst 360 X3 Bundle Include Lens Guard Silicone Protective Cover Screen Protectors Camera C,1,1114.53,Shipment,BIHARSHARIF,Shipment,1114.53,0.0,1,False,
2025-08-14,CCX1-530,GP47_NEW,B0DRYJZ6VH,yantralay 360  Rotatable Camera Bike Mount Clamp Motorcycle Handlebar Pole Aluminium Mount for Insta360 X5 X4 X3  Ace Pro Pro2  Hero13 12 11 10 9 Osm,1,1308.53,Shipment,Kolkata,Shipment,1308.53,0.0,1,False,
2025-08-14,CCX1-531,GP12,B0D7BZ38X8,yantralay Aluminium Car Suction Mount 360  Rotatable for Insta 360 X4 X3 X2  Ace Pro ONE R RS  Hero 13 12 11 10 9 8 7  DJI Osmo Action Series   All O,1,1318.23,Shipment,KOCH BIHAR,Shipment,1318.23,0.0,1,False,
2025-08-14,CCX1-532,GP12,B0D7BZ38X8,yantralay Aluminium Car Suction Mount 360  Rotatable for Insta 360 X4 X3 X2  Ace Pro ONE R RS  Hero 13 12 11 10 9 8 7  DJI Osmo Action Series   All O,1,1318.23,Shipment,Kolkata,Shipment,1318.23,0.0,1,False,
2025-08-15,CCX1-533,GP46-M,B0F91GXT2N,yantralay Double Clamp Mount Bracket with 1 4  Ball Head for GoPro  Insta 360 X2 X3  Action Cameras   Handlebar  Motorcycle  Bicycle  Selfie Stick  St,1,0.0,FreeReplacement,LUCKNOW,FreeReplacement,0.0,0.0,0,True,
2025-08-15,CCX1-534,GP46-M_GP46-S_GP25_150CMS,B0F99WWGGT,yantralay Motorcycle Handlebar Clamp Kit with Dual Clamp Mounts   Invisible Selfie Stick for Insta 360 X4 X3 X2 One RS GO 3   Bike Action Camera Mount,1,4364.03,Shipment,SALEMA,Shipment,4364.03,0.0,1,False,
2025-08-15,CCX1-535,GP10_OM6_STARTRCN,B09HRM8R6B,STARTRC Case Polyurethane  PU  Waterproof Portable Storge Shoulder Bag TravelMate Case for DJI Osmo Mobile 6 Gimbal Stabilizer,1,1163.03,Shipment,DHANWAR,Shipment,1163.03,0.0,1,False,
2025-08-12,CCX1-519,PS10_OLED_GREEN,B0BRY5L26G,yantralay Carry Case Pouch Cover Compatible with Nintendo Switch OLED with Game Card Slots for Switch Switch OLED Accessories  Video Game   Green,1,-629.53,Refund,Bengaluru,Refund,-629.53,0.0,0,False,
2025-08-12,CCX1-525,GP47_NEW,B0DRYJZ6VH,yantralay 360  Rotatable Camera Bike Mount Clamp Motorcycle Handlebar Pole Aluminium Mount for Insta360 X5 X4 X3  Ace Pro Pro2  Hero13 12 11 10 9 Osm,1,-1308.53,Refund,Barasat,Refund,-1308.53,0.0,0,False,
2025-08-15,CCX1-537,GP47_NEW,B0DRYJZ6VH,yantralay 360  Rotatable Camera Bike Mount Clamp Motorcycle Handlebar Pole Aluminium Mount for Insta360 X5 X4 X3  Ace Pro Pro2  Hero13 12 11 10 9 Osm,1,1308.53,Shipment,Near devegowda Bhavana   K R Nagar Mysore,Shipment,1308.53,0.0,1,False,
2025-08-15,CCX1-536,SGONEX4-2_LGONEX4,B0F8VRR8JY,yantralay Insta 360 X4 Lens Guard   Screen Protector Combo Kit   Lens Covers   Anti Scratch  Tempered Glass Screen   Insta 360 X4 Accessories,1,1260.03,Shipment,TALCHER,Shipment,1260.03,0.0,1,False,
2025-08-16,CCX1-539,PS10_PS5PORTALCOMBO,B0DF2Z2X1Q,yantralay 6 in 1 Hard Carrying Case with Protective Cover for Play Station 5 Portal  Non Slip Soft Case Cover   Screen Protectors   Thumb Grips for PS,1,2007.9,Shipment,DEHRADUN,Shipment,2007.9,0.0,1,False,
2025-08-16,CCX1-540,GP12,B0D7BZ38X8,yantralay Aluminium Car Suction Mount 360  Rotatable for Insta 360 X4 X3 X2  Ace Pro ONE R RS  Hero 13 12 11 10 9 8 7  DJI Osmo Action Series   All O,1,1318.23,Shipment,CUTTACK,Shipment,1318.23,0.0,1,False,
2025-08-16,CCX1-542,PS10_OLED_GREEN,B0BRY5L26G,yantralay Carry Case Pouch Cover Compatible with Nintendo Switch OLED with Game Card Slots for Switch Switch OLED Accessories  Video Game   Green,1,597.52,Shipment,Bengaluru,Shipment,597.52,0.0,1,False,
2025-08-16,CCX1-543,GP47_NEW,B0DRYJZ6VH,yantralay 360  Rotatable Camera Bike Mount Clamp Motorcycle Handlebar Pole Aluminium Mount for Insta360 X5 X4 X3  Ace Pro Pro2  Hero13 12 11 10 9 Osm,1,1275.55,Shipment,DUMKA,Shipment,1275.55,0.0,1,False,
2025-08-16,CCX1-541,GP12,B0D7BZ38X8,yantralay Aluminium Car Suction Mount 360  Rotatable for Insta 360 X4 X3 X2  Ace Pro ONE R RS  Hero 13 12 11 10 9 8 7  DJI Osmo Action Series   All O,1,1318.23,Shipment,Jaigaon,Shipment,1318.23,0.0,1,False,
2025-08-17,CCX1-544,ACCHARGERGP5_3,B08LYVPLR9,Yantralay 3 Channel AHDBT 501 Battery Charger for Hero 5 6 7   8 Black Action Camera   USB Cable Included   Fast Charging Dock,1,798.31,Shipment,GANGTOK,Shipment,798.31,0.0,1,False,
2025-08-16,CCX1-542,PS10_OLED_GREEN,B0BRY5L26G,yantralay Carry Case Pouch Cover Compatible with Nintendo Switch OLED with Game Card Slots for Switch Switch OLED Accessories  Video Game   Green,1,-597.52,Refund,Bengaluru,Refund,-597.52,0.0,0,False,
2025-08-09,CCX1-501,GP10_DJIFLIP_STARTRC,B0F83B4HX3,yantralay x Start rc Pu Material Carrying Case for DJ I Flip Fly More Combo   Waterproof Travel Bag for RC2 RC N3 Remote  Batteries  Charging Hub  65W,1,-1842.03,Refund,SHAHADA,Refund,-1842.03,0.0,0,False,
2025-08-17,CCX1-545,ACCASEONEX5,B0FF2D12YN,Yantralay Invisible Magnetic Dive Case for Insta360 X5   60M Waterproof Underwater Housing for Deep Sea   Snorkeling Shots,1,5819.03,Shipment,Port Blair,Shipment,5819.03,0.0,1,False,
2025-08-17,CCX1-546,GP100,B0723FF53T,yantralay 40 in 1 Action Camera Mount Kit for Hero 13 12 11 10 9 8 7 6 5 SJCAM  Osmo Action 3   4  Insta 360   More   with Selfie Monopod  Straps  Mou,1,1104.83,Shipment,CHAIBASA,Shipment,1104.83,0.0,1,False,
2025-08-18,CCX1-548,ACFRAMEOP3_STARTRCN,B0CR1C9243,STARTRC OSMO Pocket 3 360  Rotation Backpack Clip Mount Shoulder Strap Accessories for DJI Pocket 3 OSMO Pocket 3 Action Cameras,1,1692.48,Shipment,SILIGURI,Shipment,1692.48,0.0,1,False,
2025-08-18,CCX1-547,GP10_RS4_STARTRC,B0DB1TQPH3,yantralay Portable Carrying Storage Case for DJ I Ronin RS4   RS4 Pro Gimbal EVA Handbag Travel Handheld Shoulder Bag  Grey,1,2624.82,Shipment,DARBHANGA,Shipment,2624.82,0.0,1,False,
2025-08-18,CCX1-549,GP28COMBO_X3N,B0BY8178B6,PellKing Camera Protective Accessories Kit for Insta360 X3  Inst 360 X3 Bundle Include Lens Guard Silicone Protective Cover Screen Protectors Camera C,1,1086.4,Shipment,CHANDANNAGAR,Shipment,1086.4,0.0,1,False,
2025-08-18,CCX1-550,DA31,B0CGDMJ882,Yantralay DSLR Battery Pouch   Portable Waterproof Bag for lp e6 e8 e10 e12 en el14 el15 fw50 f550 Batteries   Convenient Access Design   Compact and,1,484.03,Shipment,KOLKATA,Shipment,484.03,0.0,1,False,
2025-08-18,CCX1-551,PS2_WHITE,B0C46XWQRT,yantralay Controller Gamepad Carry Case   Ultimate Protection Compatible for PS5 PS4 PS3 Switch Pro Xbox Joysticks Waterproof  Scratch Protection  Dur,1,532.53,Shipment,PATNA,Shipment,532.53,0.0,1,False,
2025-08-17,CCX1-546,GP100,B0723FF53T,yantralay 40 in 1 Action Camera Mount Kit for Hero 13 12 11 10 9 8 7 6 5 SJCAM  Osmo Action 3   4  Insta 360   More   with Selfie Monopod  Straps  Mou,1,-1104.83,Refund,CHAIBASA,Refund,-1104.83,0.0,0,False,
2025-08-18,CCX1-552,GP47_NEW,B0DRYJZ6VH,yantralay 360  Rotatable Camera Bike Mount Clamp Motorcycle Handlebar Pole Aluminium Mount for Insta360 X5 X4 X3  Ace Pro Pro2  Hero13 12 11 10 9 Osm,1,1308.53,Shipment,Kolkata,Shipment,1308.53,0.0,1,False,
2025-08-19,CCX1-553,MP_OA5,B0F9X1YNVL,yantralay Camera Lavalier Clip on Type C Microphone for DJ I Action 3 4 Collar Clip Microphone  Without Need of Mic Adapter  1 5M Cable Length   Black,1,1417.17,Shipment,AGRA,Shipment,1417.17,0.0,1,False,
2025-08-18,CCX1-551,PS2_WHITE,B0C46XWQRT,yantralay Controller Gamepad Carry Case   Ultimate Protection Compatible for PS5 PS4 PS3 Switch Pro Xbox Joysticks Waterproof  Scratch Protection  Dur,1,-532.53,Refund,PATNA,Refund,-532.53,0.0,0,False,
2025-08-19,CCX1-555,GP100,B0723FF53T,yantralay 40 in 1 Action Camera Mount Kit for Hero 13 12 11 10 9 8 7 6 5 SJCAM  Osmo Action 3   4  Insta 360   More   with Selfie Monopod  Straps  Mou,1,1104.83,Shipment,JHARSUGUDA,Shipment,1104.83,0.0,1,False,
2025-08-20,CCX1-556,GP29L,B08RXBFBG9,yantralay Windshield Car Suction Cup Mount for Hero 10 9 8  SJCAM  Osmo Action 3   4  Insta 360   Flexible  Multi Angle Adjustable   Mount for Smartph,1,579.09,Shipment,Barpeta Road,Shipment,579.09,0.0,1,False,
2025-08-15,CCX1-535,GP10_OM6_STARTRCN,B09HRM8R6B,STARTRC Case Polyurethane  PU  Waterproof Portable Storge Shoulder Bag TravelMate Case for DJI Osmo Mobile 6 Gimbal Stabilizer,1,-1163.03,Refund,DHANWAR,Refund,-1163.03,0.0,0,False,
2025-08-20,CCX1-557,GP12,B0D7BZ38X8,yantralay Aluminium Car Suction Mount 360  Rotatable for Insta 360 X4 X3 X2  Ace Pro ONE R RS  Hero 13 12 11 10 9 8 7  DJI Osmo Action Series   All O,1,1252.27,Shipment,KOLKATA,Shipment,1252.27,0.0,1,False,
2025-08-21,CCX1-558,PS10_OLEDCOMBO_GREEN,B0DJFLRGQF,yantralay Carry Case Pouch Cover Compatible with Nintendo Switch OLED  OLED 2 with Game Card Slots for Switch Switch OLED OLED 2 Accessories  Video Ga,1,1104.83,Shipment,UNA,Shipment,1104.83,0.0,1,False,
2025-08-21,CCX1-559,GP28_H13,B0DHYDQL5V,Yantralay Silicone Lanyard Sleeve Protective Cover   6PCS Tempered Glass Screen Guard with Silicone Lens Cover Compatible with Go Pro Hero 9 Black Act,1,387.03,Shipment,BHUBANESWAR,Shipment,387.03,0.0,1,False,
2025-08-21,CCX1-560,GP10_ONEX4_STARTRC,B0DDXP86FQ,yantralay x Startr c Carrying Case for Insta 360 X4 X5  Portable PU Storage Protective Bag Travel Case for Insta 360 X4 X5 Accessories with Large Capa,1,1587.89,Shipment,JAMSHEDPUR,Shipment,1587.89,0.0,1,False,
2025-08-21,CCX1-562,GP46-M_GP46-S_GP25_150CMS,B0F99WWGGT,yantralay Motorcycle Handlebar Clamp Kit with Dual Clamp Mounts   Invisible Selfie Stick for Insta 360 X4 X3 X2 One RS GO 3   Bike Action Camera Mount,1,4254.42,Shipment,BENGALURU,Shipment,4254.42,0.0,1,False,
2025-08-21,CCX1-561,DA34,B0DQQ96VMF,yantralay Handheld Adapter for Wireless Interview with Foam Windshield   Reduce Wind Noise  Compatible with Digite k DWM 101  DJI MIC MIC2  Rode Rode,1,660.57,Shipment,RAMBAN,Shipment,660.57,0.0,1,False,
2025-08-21,CCX1-563,DR_STRAP-1133202,B0CNLDVL42,STARTRC Lanyard Neck Strap for DJI RC Controller  Adjustable for Mini 4 Pro Air 3 Mini 3 Mavic 3 Remote Controller Accessories  Grey,1,1565.58,Shipment,CHANDRAKONA,Shipment,1565.58,0.0,1,False,
2025-08-21,CCX1-564,GP28COMBO_X3N,B0BY8178B6,PellKing Camera Protective Accessories Kit for Insta360 X3  Inst 360 X3 Bundle Include Lens Guard Silicone Protective Cover Screen Protectors Camera C,1,1086.4,Shipment,NEW TOWN,Shipment,1086.4,0.0,1,False,
2025-08-17,CCX1-544,ACCHARGERGP5_3,B08LYVPLR9,Yantralay 3 Channel AHDBT 501 Battery Charger for Hero 5 6 7   8 Black Action Camera   USB Cable Included   Fast Charging Dock,1,-798.31,Refund,GANGTOK,Refund,-798.31,0.0,0,False,
2025-08-21,CCX1-566,PS1,B0BJBL1XBS,yantralay Polyester Dual Controller Hard Carry Case Compatible With Ps5 Ps4 Xbox Ipega Controllers   3 Layer Protection Travel Carry Case   Grey,1,877.85,Shipment,KOLKATA,Shipment,877.85,0.0,1,False,
2025-08-21,CCX1-565,GP46-M_GP46-S_GP25_150CMS,B0F99WWGGT,yantralay Motorcycle Handlebar Clamp Kit with Dual Clamp Mounts   Invisible Selfie Stick for Insta 360 X4 X3 X2 One RS GO 3   Bike Action Camera Mount,2,8157.96,Shipment,BAHADURGANJ,Shipment,8157.96,0.0,2,False,
2025-08-21,CCX1-567,GP12,B0D7BZ38X8,yantralay Aluminium Car Suction Mount 360  Rotatable for Insta 360 X4 X3 X2  Ace Pro ONE R RS  Hero 13 12 11 10 9 8 7  DJI Osmo Action Series   All O,1,1252.27,Shipment,PURI,Shipment,1252.27,0.0,1,False,
2025-08-22,CCX1-568,GP10_OM7P_STARTRC,B0F2J6Z8WT,yantralay Osmo Mobile 7P Case Portable PU Shoulder Bag for DJI OM 7 Pro 7 Gimbal Stabilizer Travel Case for DJI Osmo Mobile 7 7P,1,1260.03,Shipment,Alipurduar,Shipment,1260.03,0.0,1,False,
2025-08-22,CCX1-569,GP12,B0D7BZ38X8,yantralay Aluminium Car Suction Mount 360  Rotatable for Insta 360 X4 X3 X2  Ace Pro ONE R RS  Hero 13 12 11 10 9 8 7  DJI Osmo Action Series   All O,1,1252.27,Shipment,SUNDARGARH,Shipment,1252.27,0.0,1,False,
2025-08-22,CCX1-570,GP47_NEW,B0DRYJZ6VH,yantralay 360  Rotatable Camera Bike Mount Clamp Motorcycle Handlebar Pole Aluminium Mount for Insta360 X5 X4 X3  Ace Pro Pro2  Hero13 12 11 10 9 Osm,1,1222.95,Shipment,Tuni,Shipment,1222.95,0.0,1,False,
2025-08-22,CCX1-571,LGONEX4,B0F7RT4HGJ,yantralay 2Pcs Lens Guard for Insta 360 X4   Scratch Resistant Protective Lens Cover   High Transparency Optical Coated Cap   Insta 360 X4 Camera Acce,1,755.63,Shipment,CUTTACK,Shipment,755.63,0.0,1,False,
2025-08-22,CCX1-572,DA31,B0CGDMJ882,Yantralay DSLR Battery Pouch   Portable Waterproof Bag for lp e6 e8 e10 e12 en el14 el15 fw50 f550 Batteries   Convenient Access Design   Compact and,2,928.14,Shipment,Bhubaneswar,Shipment,928.14,0.0,2,False,
2025-08-23,CCX1-573,GP1620_TLS,B08S7D4LKH,yantralay Upgraded Helmet Chin Strap Mount for Hero 13 12 11 10 9 8 7 6 5  SJCAM  Insta 360   DJI Osmo Action 3   4   Adjustable   Secure Camera Moun,1,1164.97,Shipment,DEHRADUN,Shipment,1164.97,0.0,1,False,
2025-08-23,CCX1-574,LGONEX4,B0F7RT4HGJ,yantralay 2Pcs Lens Guard for Insta 360 X4   Scratch Resistant Protective Lens Cover   High Transparency Optical Coated Cap   Insta 360 X4 Camera Acce,1,755.63,Shipment,BERHAMPORE,Shipment,755.63,0.0,1,False,
2025-08-23,CCX1-575,LGONEX4,B0F7RT4HGJ,yantralay 2Pcs Lens Guard for Insta 360 X4   Scratch Resistant Protective Lens Cover   High Transparency Optical Coated Cap   Insta 360 X4 Camera Acce,2,1448.94,Shipment,BENGALURU,Shipment,1448.94,0.0,2,False,
2025-08-15,CCX1-534,GP46-M_GP46-S_GP25_150CMS,B0F99WWGGT,yantralay Motorcycle Handlebar Clamp Kit with Dual Clamp Mounts   Invisible Selfie Stick for Insta 360 X4 X3 X2 One RS GO 3   Bike Action Camera Mount,1,-4364.03,Refund,SALEMA,Refund,-4364.03,0.0,0,False,
2025-08-24,CCX1-576,PS10_OLED_GREEN,B0BRY5L26G,yantralay Carry Case Pouch Cover Compatible with Nintendo Switch OLED  OLED 2 with Game Card Slots for Switch Switch OLED OLED 2 Accessories  Video Ga,1,597.52,Shipment,MALERKOTLA,Shipment,597.52,0.0,1,False,
2025-08-24,CCX1-577,LCONEX3,B0CQ6C5255,yantralay Silicone Protective Lens Cap for Insta 360 ONE X3 Camera   Dust Proof  Scratch Proof  Lightweight Design   Easy to Carry   Reliable Accessor,1,484.03,Shipment,BANSBERIA,Shipment,484.03,0.0,1,False,
2025-08-25,CCX1-578,PS10_OLED_GREEN,B0BRY5L26G,yantralay Carry Case Pouch Cover Compatible with Nintendo Switch OLED  OLED 2 with Game Card Slots for Switch Switch OLED OLED 2 Accessories  Video Ga,1,597.52,Shipment,JALANDHAR,Shipment,597.52,0.0,1,False,
2025-08-25,CCX1-579,GP10_OM7P_STARTRC,B0F2J6Z8WT,yantralay Osmo Mobile 7P Case Portable PU Shoulder Bag for DJI OM 7 Pro 7 Gimbal Stabilizer Travel Case for DJI Osmo Mobile 7 7P,1,1260.03,Shipment,SIKANDRA RAO,Shipment,1260.03,0.0,1,False,
2025-08-25,CCX1-580,PS10_OLED_GREEN,B0BRY5L26G,yantralay Carry Case Pouch Cover Compatible with Nintendo Switch OLED  OLED 2 with Game Card Slots for Switch Switch OLED OLED 2 Accessories  Video Ga,1,597.52,Shipment,NOIDA,Shipment,597.52,0.0,1,False,
2025-08-21,CCX1-558,PS10_OLEDCOMBO_GREEN,B0DJFLRGQF,yantralay Carry Case Pouch Cover Compatible with Nintendo Switch OLED  OLED 2 with Game Card Slots for Switch Switch OLED OLED 2 Accessories  Video Ga,1,-1104.83,Refund,UNA,Refund,-1104.83,0.0,0,False,
2025-08-25,CCX1-581,GP46-L,B0F91GCRP4,yantralay Double Clamp Mount Bracket with 1 4  Ball Head for Go Pro 13 12 11  Insta 360 X5 X4 X3 Handlebar  Motorcycle  Bicycle  Selfie Stick  Studio,1,1795.47,Shipment,SUNDARGARH,Shipment,1795.47,0.0,1,False,
2025-08-25,CCX1-582,PS10_OLED_GREEN,B0BRY5L26G,yantralay Carry Case Pouch Cover Compatible with Nintendo Switch OLED  OLED 2 with Game Card Slots for Switch Switch OLED OLED 2 Accessories  Video Ga,1,597.52,Shipment,MUMBAI,Shipment,597.52,0.0,1,False,
2025-08-20,CCX1-556,GP29L,B08RXBFBG9,yantralay Windshield Car Suction Cup Mount for Hero 10 9 8  SJCAM  Osmo Action 3   4  Insta 360   Flexible  Multi Angle Adjustable   Mount for Smartph,1,-579.09,Refund,Barpeta Road,Refund,-579.09,0.0,0,False,
2025-08-26,CCX1-583,GP10_OM7P_STARTRC,B0F2J6Z8WT,yantralay Osmo Mobile 7P Case Portable PU Shoulder Bag for DJI OM 7 Pro 7 Gimbal Stabilizer Travel Case for DJI Osmo Mobile 7 7P,1,1260.03,Shipment,CHAKRADHARPUR,Shipment,1260.03,0.0,1,False,
2025-08-26,CCX1-584,GP10_OM7P_STARTRC,B0F2J6Z8WT,yantralay Osmo Mobile 7P Case Portable PU Shoulder Bag for DJI OM 7 Pro 7 Gimbal Stabilizer Travel Case for DJI Osmo Mobile 7 7P,1,1260.03,Shipment,RAJPUR SONARPUR,Shipment,1260.03,0.0,1,False,
2025-08-26,CCX1-585,GP28COMBO1_H13,B0DHYCQR66,Yantralay Silicone Lanyard Sleeve Protective Cover   6PCS Tempered Glass Screen Guard with Silicone Lens Cover Compatible with GoPro Hero 9 Black Acti,1,626.62,Shipment,Kolkata,Shipment,626.62,0.0,1,False,
2025-08-10,CCX1-509,PS1,B0BJBL1XBS,yantralay Polyester Dual Controller Hard Carry Case Compatible With Ps5 Ps4 Xbox Ipega Controllers   3 Layer Protection Travel Carry Case   Grey,1,-949.63,Refund,KOLKATA,Refund,-949.63,0.0,0,False,
2025-08-26,CCX1-587,GP10_RS4_STARTRC,B0DB1TQPH3,yantralay Portable Carrying Storage Case for DJ I Ronin RS4   RS4 Pro Gimbal EVA Handbag Travel Handheld Shoulder Bag  Grey,1,2624.82,Shipment,IMPHAL,Shipment,2624.82,0.0,1,False,
2025-08-26,CCX1-586,GP10_OM7P_STARTRC,B0F2J6Z8WT,yantralay Osmo Mobile 7P Case Portable PU Shoulder Bag for DJI OM 7 Pro 7 Gimbal Stabilizer Travel Case for DJI Osmo Mobile 7 7P,1,1260.03,Shipment,BADHNI KALAN,Shipment,1260.03,0.0,1,False,
2025-08-27,CCX1-588,DA31,B0CGDMJ882,Yantralay DSLR Battery Pouch   Portable Waterproof Bag for lp e6 e8 e10 e12 en el14 el15 fw50 f550 Batteries   Convenient Access Design   Compact and,1,484.03,Shipment,KOLKATA,Shipment,484.03,0.0,1,False,
2025-08-22,CCX1-568,GP10_OM7P_STARTRC,B0F2J6Z8WT,yantralay Osmo Mobile 7P Case Portable PU Shoulder Bag for DJI OM 7 Pro 7 Gimbal Stabilizer Travel Case for DJI Osmo Mobile 7 7P,1,-1260.03,Refund,Alipurduar,Refund,-1260.03,0.0,0,False,
2025-08-27,CCX1-589,GP46-S,B0F91G6H93,yantralay Double Clamp Mount Bracket with 1 4  Ball Head for GoPro  Insta 360 X2 X3  Action Cameras   Handlebar  Motorcycle  Bicycle  Selfie Stick  St,1,1606.32,Shipment,AIZAWL,Shipment,1606.32,0.0,1,False,
2025-08-27,CCX1-590,GP100,B0723FF53T,yantralay 40 in 1 Action Camera Mount Kit for Hero 13 12 11 10 9 8 7 6 5 SJCAM  Osmo Action 3   4  Insta 360   More   with Selfie Monopod  Straps  Mou,1,1104.83,Shipment,KOLKATA,Shipment,1104.83,0.0,1,False,
2025-08-27,CCX1-592,PS2_RED,B0BL1HF4NJ,yantralay Nylon Controller Gamepad Carry Case   Ultimate Protection Compatible For PS5 PS4 PS3 Switch Pro Xbox Joysticks Waterproof  Scratch Protectio,1,484.03,Shipment,SINGUR,Shipment,484.03,0.0,1,False,
2025-08-27,CCX1-591,S13,B07MG832T8,yantralay Universal 360  Rotating Vertical Mobile Tripod Monopod Mount for Smartphones up to 4 1  Width   Compatible with Samsung  iPhone  Xiaomi  On,1,281.53,Shipment,KOLKATA,Shipment,281.53,0.0,1,False,
2025-08-28,CCX1-593,PS2_WHITE,B0C46XWQRT,yantralay Controller Gamepad Carry Case   Ultimate Protection Compatible for PS5 PS4 PS3 Switch Pro Xbox Joysticks Waterproof  Scratch Protection  Dur,1,532.53,Shipment,KOLKATA,Shipment,532.53,0.0,1,False,
2025-08-28,CCX1-594,ACFRAMEOA5_AL,B0F882DN17,Yantralay Premium Aluminum Protective Case for Action 5Pro 4 3  Supports Horizontal and Vertical Shooting Tough Aluminum Cage Maximum Protection with,1,2599.6,Shipment,PUNE,Shipment,2599.6,0.0,1,False,
2025-08-28,CCX1-595,GP10_OM7P_STARTRC,B0F2J6Z8WT,yantralay Osmo Mobile 7P Case Portable PU Shoulder Bag for DJI OM 7 Pro 7 Gimbal Stabilizer Travel Case for DJI Osmo Mobile 7 7P,1,1260.03,Shipment,PATNA,Shipment,1260.03,0.0,1,False,
2025-08-26,CCX1-583,GP10_OM7P_STARTRC,B0F2J6Z8WT,yantralay Osmo Mobile 7P Case Portable PU Shoulder Bag for DJI OM 7 Pro 7 Gimbal Stabilizer Travel Case for DJI Osmo Mobile 7 7P,1,-1260.03,Refund,CHAKRADHARPUR,Refund,-1260.03,0.0,0,False,
2025-08-28,CCX1-596,GP10_OM7P_STARTRC,B0F2J6Z8WT,yantralay Osmo Mobile 7P Case Portable PU Shoulder Bag for DJI OM 7 Pro 7 Gimbal Stabilizer Travel Case for DJI Osmo Mobile 7 7P,1,1260.03,Shipment,PUNE,Shipment,1260.03,0.0,1,False,
2025-08-12,CCX1-521,GP290XL_AL,B0F7Y3T6JV,yantralay Triple Suction Aluminium Mount with 1 4  Standard Screw Mount Compatible for Hero 12 11 10 9  Insta 360 ONE X3 X2 ONER RS ACE PRO   All Othe,1,-2618.03,Refund,BENGALURU,Refund,-2618.03,0.0,0,False,
2025-08-26,CCX1-584,GP10_OM7P_STARTRC,B0F2J6Z8WT,yantralay Osmo Mobile 7P Case Portable PU Shoulder Bag for DJI OM 7 Pro 7 Gimbal Stabilizer Travel Case for DJI Osmo Mobile 7 7P,1,-1260.03,Refund,RAJPUR SONARPUR,Refund,-1260.03,0.0,0,False,
2025-08-30,CCX1-597,PS10_OLED_GREEN,B0BRY5L26G,yantralay Carry Case Pouch Cover Compatible with Nintendo Switch OLED  OLED 2 with Game Card Slots for Switch Switch OLED OLED 2 Accessories  Video Ga,1,597.52,Shipment,BENGALURU,Shipment,597.52,0.0,1,False,
2025-08-30,CCX1-598,GP100,B0723FF53T,yantralay 40 in 1 Action Camera Mount Kit for Hero 13 12 11 10 9 8 7 6 5 SJCAM  Osmo Action 3   4  Insta 360   More   with Selfie Monopod  Straps  Mou,1,1104.83,Shipment,HYDERABAD,Shipment,1104.83,0.0,1,False,
2025-08-25,CCX1-579,GP10_OM7P_STARTRC,B0F2J6Z8WT,yantralay Osmo Mobile 7P Case Portable PU Shoulder Bag for DJI OM 7 Pro 7 Gimbal Stabilizer Travel Case for DJI Osmo Mobile 7 7P,1,-1260.03,Refund,SIKANDRA RAO,Refund,-1260.03,0.0,0,False,
2025-08-30,CCX1-599,GP10_RS4_STARTRC,B0DB1TQPH3,yantralay Portable Carrying Storage Case for DJ I Ronin RS4   RS4 Pro Gimbal EVA Handbag Travel Handheld Shoulder Bag  Grey,1,2624.82,Shipment,KEWALPUR,Shipment,2624.82,0.0,1,False,
2025-08-31,CCX1-600,GP10_OM7P_STARTRC,B0F2J6Z8WT,yantralay Osmo Mobile 7P Case Portable PU Shoulder Bag for DJI OM 7 Pro 7 Gimbal Stabilizer Travel Case for DJI Osmo Mobile 7 7P,1,1260.03,Shipment,SRINAGAR,Shipment,1260.03,0.0,1,False,
2025-08-31,CCX1-602,GP10_OM7P_STARTRC,B0F2J6Z8WT,yantralay Osmo Mobile 7P Case Portable PU Shoulder Bag for DJI OM 7 Pro 7 Gimbal Stabilizer Travel Case for DJI Osmo Mobile 7 7P,1,1260.03,Shipment,BENGALURU,Shipment,1260.03,0.0,1,False,
2025-07-15,CCX1-427,GP49,B0D456N4QM,yantralay Motorcycle Bike Bicycle Handlebar Mount Clamps with 1 4  Screw Compatible 8 35mm for Gopro Hero 13 12 11 10 9 Max Insta360 ONE X5 X4 X3  ONE,1,-920.53,Refund,RANCHI,Refund,-920.53,0.0,0,False,
2025-07-30,CCX1-476,DA230_BLACK,B0BLZ224P8,yantralay Universal L Type Quick Release Plate   Vertical Horizontal Tripod Bracket for Canon Nikon Sony DJI Ronin Zhiyun Gimbal   Compatible with DSL,1,-1163.03,Refund,NEW DELHI,Refund,-1163.03,0.0,0,False,
2025-07-26,CCX1-465,ACFRAMEONEX4_AL,B0DZPHHK7F,Yantralay Multifunction Utility Frame Compatible for Insta360 X4  Metal Protective Case for Insta360 X4 Accessories  Upgraded Quick Release Aluminium,1,-3763.0,Refund,KHORDHA,Refund,-3763.0,0.0,0,False,
2025-07-31,CCX1-479,GP1620_TLSNK,B08MSR2SNJ,TELESIN Upgraded Motorcycle Helmet Chin Mount for GoPro Max Hero 10 9 8 7 One R One X DJI Osmo Action Pocket Cellphone   More Action Camera with Go Pr,1,-1131.02,Refund,Siliguri,Refund,-1131.02,0.0,0,False,
2025-07-30,CCX1-475,GP49,B0D456N4QM,yantralay Motorcycle Bike Bicycle Handlebar Mount Clamps with 1 4  Screw Compatible 8 35mm for Gopro Hero 13 12 11 10 9 Max Insta360 ONE X5 X4 X3  ONE,1,-873.97,Refund,BHUBANESWAR,Refund,-873.97,0.0,0,False,
2025-07-29,CCX1-472,GP47-L_TLSNK,B0BBVGXFZ2,Camera Bike Mount Motorcycle Handlebar Clamp Holder for GoPro Insta360 Accessories  TELESIN 360    Rotating Bicycle Cycling Attachment Accessory for,1,-1849.0,Refund,Kapurthala,Refund,-1849.0,0.0,0,False,
2025-07-22,CCX1-451,INONEX4_COMBO1,B0DX1SWJXZ,yantralay Lens Guard for Insta360 X4   Tempered Glass   Scratch Resistant Protective Lens Cover   Insta360 X4 Camera Accessories   ONEX4 Combo Kit,1,-1900.0,Refund,Khokara kalan,Refund,-1900.0,0.0,0,False,
2025-06-29,CCX1-343,ACCASEONEX4,B0DZZC8YJV,Yantralay Invisible Dive Case for Insta360 X4   Waterproof Diving Housing Cover  Protective PC Sealed Shell with Bracket for Underwater Photography,1,-5799.0,Refund,MUZAFFARPUR,Refund,-5799.0,0.0,0,False,
2025-06-29,CCX1-343,GP47_NEW,B0DRYJZ6VH,Yantralay 360  Rotatable Camera Bike Mount Clamp Motorcycle Handlebar Pole Aluminium Mount for Insta360 X4 X3  Ace Pro Pro2  Hero13 12 11 10 9 For Os,1,-1349.0,Refund,MUZAFFARPUR,Refund,-1349.0,0.0,0,False,
2025-08-01,PNQ3-417,PS1,B0BJBL1XBS,yantralay Polyester Dual Controller Hard Carry Case Compatible With Ps5 Ps4 Xbox Ipega Controllers   3 Layer Protection Travel Carry Case   Grey,1,833.23,Shipment,MUMBAI,Shipment,833.23,0.0,1,False,
2025-08-01,BOM5-1015,GP10_RS4MINI_STARTRC,B0DZZFNDHP,yantralay Portable Carrying Storage Case for DJ I Ronin RS4Mini Gimbal EVA Handbag Travel Handheld Shoulder Bag  RS4MINI,1,2618.03,Shipment,JAIPUR,Shipment,2618.03,0.0,1,False,
2025-08-01,PNQ3-418,PS1,B0BJBL1XBS,yantralay Polyester Dual Controller Hard Carry Case Compatible With Ps5 Ps4 Xbox Ipega Controllers   3 Layer Protection Travel Carry Case   Grey,1,833.23,Shipment,VIJAPURA,Shipment,833.23,0.0,1,False,
2025-08-01,BOM7-1091,PS_CDRACK-BLACK,B0DWXZ4PH8,yantralay Game Storage Tower for PS5 Xbox Series Switch   Holds 18 Game Discs with 4 Controller Holders   Gaming Desk Organizer   Stand   Black,1,1745.03,Shipment,NEW DELHI,Shipment,1745.03,0.0,1,False,
2025-08-01,PNQ3-420,DR_STRAP-1133202,B0CNLDVL42,STARTRC Lanyard Neck Strap for DJI RC Controller  Adjustable for Mini 4 Pro Air 3 Mini 3 Mavic 3 Remote Controller Accessories  Grey,1,1487.01,Shipment,Bengaluru,Shipment,1487.01,0.0,1,False,
2025-08-01,BOM7-1092,ACCHARGERONEX4_3_AMG,B0DWLH6MJ3,Yantralay x amagisn 3 Slot Battery Charger Compatible for Insta360 X4 Camera  Charging Dock for X4 Accessories,1,1454.03,Shipment,BENGALURU,Shipment,1454.03,0.0,1,False,
2025-08-01,BOM5-1019,GP47_NEW,B0DRYJZ6VH,nan,1,0.0,Cancel,KOTA,Cancel,0.0,0.0,0,False,
2025-08-01,BOM7-1090,PS5_CC1_GREY,B0BRJMPHKL,yantralay PS5 Carrying Case Bag for PS5 Console Gamepad  Controller  Headset  VR Play Station Accessories   Travel Bag   Grey,1,2375.53,Shipment,New Delhi,Shipment,2375.53,0.0,1,False,
2025-08-01,BOM7-1088,GP10_RS4MINI_STARTRC,B0DZZFNDHP,yantralay Portable Carrying Storage Case for DJ I Ronin RS4Mini Gimbal EVA Handbag Travel Handheld Shoulder Bag  RS4MINI,1,2618.03,Shipment,NEW DELHI,Shipment,2618.03,0.0,1,False,
2025-08-01,BOM5-1020,GP28COMBO_X3N,B0BY8178B6,PellKing Camera Protective Accessories Kit for Insta360 X3  Inst 360 X3 Bundle Include Lens Guard Silicone Protective Cover Screen Protectors Camera C,1,1032.08,Shipment,PANVEL,Shipment,1032.08,0.0,1,False,
2025-08-01,PNQ3-419,GP10_ONEX4_STARTRC,B0DDXP86FQ,yantralay x Startr c Carrying Case for Insta 360 X4 X5  Portable PU Storage Protective Bag Travel Case for Insta 360 X4 X5 Accessories with Large Capa,1,1628.63,Shipment,PUNE,Shipment,1628.63,0.0,1,False,
2025-08-01,BOM7-1093,GP47_NEW,B0DRYJZ6VH,Yantralay 360  Rotatable Camera Bike Mount Clamp Motorcycle Handlebar Pole Aluminium Mount for Insta360 X4 X3  Ace Pro Pro2  Hero13 12 11 10 9 For Os,1,1308.53,Shipment,KOTA,Shipment,1308.53,0.0,1,False,
2025-08-01,BOM7-1095,PS5_CC1_GREY,B0BRJMPHKL,yantralay PS5 Carrying Case Bag for PS5 Console Gamepad  Controller  Headset  VR Play Station Accessories   Travel Bag   Grey,1,2375.53,Shipment,VAPI,Shipment,2375.53,0.0,1,False,
2025-08-01,BOM5-1021,PS1,B0BJBL1XBS,yantralay Polyester Dual Controller Hard Carry Case Compatible With Ps5 Ps4 Xbox Ipega Controllers   3 Layer Protection Travel Carry Case   Grey,1,833.23,Shipment,DEHGAM,Shipment,833.23,0.0,1,False,
2025-08-01,BOM7-1097,CWATCUN_D105-L-BLACKN,B0CQ1QXC2X,Cwatcun Waterresist Camera Waist Pack Compact Crossbody Sling Bag for DSLR SLR Mirrorless Cameras,1,2999.0,Shipment,PUNE,Shipment,2999.0,0.0,1,False,
2025-08-01,BOM7-1094,LED_T2,B0F2GKLDXR,Yantralay Slab Key Light for Video Shooting   Content Creation   Adjustable Photography Fill Light   5 Color Temperatures  3200K 5600K    1455 Lumens,1,1842.03,Shipment,THANE,Shipment,1842.03,0.0,1,False,
2025-08-01,BOM7-1100,LED_M38,B0FCXL91W5,Yantralay M38 Magnetic Double Sided LED Fill Light for iPhone 16 15 14   Dual Color  180  Adjustable Selfie Light with Mirror for Makeup  Vlogging  C,1,1745.03,Shipment,GHAZIABAD,Shipment,1745.03,0.0,1,False,
2025-08-01,BOM5-1016,GP10KIT_KIT2,B0FBS5Q11T,yantralay 61 in 1 Action Camera Accessories Kit Compatible with Go Pro Hero 13 12 11 10 9  Action 5 4 3  Action  Insta 360 X5 X4 X3   All Other Action,1,1648.03,Shipment,BENGALURU,Shipment,1648.03,0.0,1,False,
2025-08-01,BOM7-1089,GP10_RS4MINI_STARTRC,B0DZZFNDHP,yantralay Portable Carrying Storage Case for DJ I Ronin RS4Mini Gimbal EVA Handbag Travel Handheld Shoulder Bag  RS4MINI,1,2618.03,Shipment,MUMBAI,Shipment,2618.03,0.0,1,False,
2025-08-02,BOM7-1101,PS5_CC1_BLACK,B0BRJM4R9Q,nan,1,0.0,Cancel,BENGALURU,Cancel,0.0,0.0,0,False,
2025-08-02,BOM5-1023,LGONEX4,B0F7RT4HGJ,yantralay 2Pcs Lens Guard for Insta 360 X4   Scratch Resistant Protective Lens Cover   High Transparency Optical Coated Cap   Insta 360 X4 Camera Acce,1,775.03,Shipment,HYDERABAD,Shipment,775.03,0.0,1,False,
2025-08-01,BOM5-1018,GP29L,B08RXBFBG9,yantralay Windshield Car Suction Cup Mount for Hero 10 9 8  SJCAM  Osmo Action 3   4  Insta 360   Flexible  Multi Angle Adjustable   Mount for Smartph,1,610.13,Shipment,NAVI MUMBAI,Shipment,610.13,0.0,1,False,
2025-08-02,BOM5-1022,GP47_NEW,B0DRYJZ6VH,Yantralay 360  Rotatable Camera Bike Mount Clamp Motorcycle Handlebar Pole Aluminium Mount for Insta360 X4 X3  Ace Pro Pro2  Hero13 12 11 10 9 For Os,1,1308.53,Shipment,SURAT,Shipment,1308.53,0.0,1,False,
2025-08-02,BOM7-1102,GP10_DJIFLIP_STARTRC,B0F83B4HX3,yantralay x Start rc Pu Material Carrying Case for DJ I Flip Fly More Combo   Waterproof Travel Bag for RC2 RC N3 Remote  Batteries  Charging Hub  65W,1,1842.03,Shipment,GUDIVADA KRISHNA DISTRICT,Shipment,1842.03,0.0,1,False,
2025-08-02,BOM5-1024,ACCHARGERGP13_3_AMG,B0DZJVT4TX,Yantralay 3 Channel Battery Charger for GoPro Hero 13 Black   Fast Charging Hub  Fully Compatible with Original GoPro Hero 13 Batteries  Portable GoPr,1,1357.03,Shipment,BENGALURU,Shipment,1357.03,0.0,1,False,
2025-08-02,PNQ3-423,GP10_RS4_STARTRC,B0DB1TQPH3,yantralay Portable Carrying Storage Case for DJ I Ronin RS4   RS4 Pro Gimbal EVA Handbag Travel Handheld Shoulder Bag  Grey,1,2763.53,Shipment,MANGALURU,Shipment,2763.53,0.0,1,False,
2025-08-01,PNQ3-421,PS1,B0BJBL1XBS,yantralay Polyester Dual Controller Hard Carry Case Compatible With Ps5 Ps4 Xbox Ipega Controllers   3 Layer Protection Travel Carry Case   Grey,1,833.23,Shipment,Pune,Shipment,833.23,0.0,1,False,
2025-08-01,BOM5-1017,GP46-M_GP46-S_GP25_150CMS,B0F99WWGGT,yantralay Motorcycle Handlebar Clamp Kit with Dual Clamp Mounts   Invisible Selfie Stick for Insta 360 X4 X3 X2 One RS GO 3   Bike Action Camera Mount,1,4386.0,Shipment,BILIMORA,Shipment,4386.0,0.0,1,False,
2025-08-02,BOM7-1105,PS5_CC1_BLACK,B0BRJM4R9Q,yantralay PS 5 Carrying Case Bag for PS5 Console Gamepad  Controller  Headset  VR Play Statio n Accessories   Travel Bag   Black,1,2375.53,Shipment,New Delhi,Shipment,2375.53,0.0,1,False,
2025-08-02,BOM7-1104,PS5_CC1_BLACK,B0BRJM4R9Q,yantralay PS 5 Carrying Case Bag for PS5 Console Gamepad  Controller  Headset  VR Play Statio n Accessories   Travel Bag   Black,1,2375.53,Shipment,MUMBAI,Shipment,2375.53,0.0,1,False,
2025-08-01,BOM7-1099,PS5_CC1_BLACK,B0BRJM4R9Q,yantralay PS 5 Carrying Case Bag for PS5 Console Gamepad  Controller  Headset  VR Play Statio n Accessories   Travel Bag   Black,1,2375.53,Shipment,SHILLONG,Shipment,2375.53,0.0,1,False,
2025-08-01,IN-162,GP2KIT,B0F9WK57XQ,yantralay Phone Chest Mount Strap Harness for iPhone 16  Samsung  Xiaomi  Go Pro Hero 13 12 11 10 9 8 7  Action Cameras   DJ I Os mo   Mobile Holder B,1,532.53,Shipment,NOIDA,Shipment,532.53,0.0,1,False,
2025-08-01,IN-163,GP2KIT,B0F9WK57XQ,yantralay Phone Chest Mount Strap Harness for iPhone 16  Samsung  Xiaomi  Go Pro Hero 13 12 11 10 9 8 7  Action Cameras   DJ I Os mo   Mobile Holder B,1,532.53,Shipment,MANGALURU,Shipment,532.53,0.0,1,False,
2025-08-02,BOM5-1026,PS2_BLACK,B0BL1CYSW6,yantralay Nylon Controller Gamepad Carry Case   Ultimate Protection Compatible for PS5 PS4 PS3 Switch Pro Xbox Joysticks Waterproof  Scratch Protectio,1,504.63,Shipment,NAVI MUMBAI,Shipment,504.63,0.0,1,False,
2025-08-02,PNQ3-422,PS1,B0BJBL1XBS,yantralay Polyester Dual Controller Hard Carry Case Compatible With Ps5 Ps4 Xbox Ipega Controllers   3 Layer Protection Travel Carry Case   Grey,1,833.23,Shipment,PUNE,Shipment,833.23,0.0,1,False,
2025-08-02,BOM7-1108,PS_CDRACK-BLACK,B0DWXZ4PH8,nan,1,0.0,Cancel,MUMBAI,Cancel,0.0,0.0,0,False,
2025-08-02,BOM7-1106,GP47_NEW,B0DRYJZ6VH,Yantralay 360  Rotatable Camera Bike Mount Clamp Motorcycle Handlebar Pole Aluminium Mount for Insta360 X4 X3  Ace Pro Pro2  Hero13 12 11 10 9 For Os,1,1308.53,Shipment,NEW DELHI,Shipment,1308.53,0.0,1,False,
2025-08-02,BOM7-1107,GP47_NEW,B0DRYJZ6VH,Yantralay 360  Rotatable Camera Bike Mount Clamp Motorcycle Handlebar Pole Aluminium Mount for Insta360 X4 X3  Ace Pro Pro2  Hero13 12 11 10 9 For Os,1,1308.53,Shipment,Patiala,Shipment,1308.53,0.0,1,False,
2025-08-02,BOM7-1103,PS5_CC1_BLACK,B0BRJM4R9Q,yantralay PS 5 Carrying Case Bag for PS5 Console Gamepad  Controller  Headset  VR Play Statio n Accessories   Travel Bag   Black,1,2375.53,Shipment,CHENNAI,Shipment,2375.53,0.0,1,False,
2025-08-02,PNQ3-424,GP10_DJIFLIP_STARTRC,B0F83B4HX3,yantralay x Start rc Pu Material Carrying Case for DJ I Flip Fly More Combo   Waterproof Travel Bag for RC2 RC N3 Remote  Batteries  Charging Hub  65W,1,1842.03,Shipment,AHMEDABAD,Shipment,1842.03,0.0,1,False,
2025-08-03,PNQ3-425,GP49,B0D456N4QM,yantralay Motorcycle Bike Bicycle Handlebar Mount Clamps with 1 4  Screw Compatible 8 35mm for Gopro Hero 13 12 11 10 9 Max Insta360 ONE X5 X4 X3  ONE,1,920.53,Shipment,Pimpri Chinchwad,Shipment,920.53,0.0,1,False,
2025-08-02,BOM5-1027,GP47_NEW,B0DRYJZ6VH,Yantralay 360  Rotatable Camera Bike Mount Clamp Motorcycle Handlebar Pole Aluminium Mount for Insta360 X4 X3  Ace Pro Pro2  Hero13 12 11 10 9 For Os,1,1308.53,Shipment,GURUGRAM,Shipment,1308.53,0.0,1,False,
2025-08-03,BOM7-1115,PS5_CC1_BLACK,B0BRJM4R9Q,yantralay PS 5 Carrying Case Bag for PS5 Console Gamepad  Controller  Headset  VR Play Statio n Accessories   Travel Bag   Black,1,2375.53,Shipment,BENGALURU,Shipment,2375.53,0.0,1,False,
2025-08-03,BOM5-1030,GP47-L_TLS,B0DJ9S3SY7,yantralay Camera Clamp Mount   360  Ball Joint Handlebar Holder for Go Pro Hero 13 12 11 10 9  Insta360 X4 X3 X2  ONE R RS  DJI Osmo Action 5 4 3   B,1,1842.03,Shipment,Nashik,Shipment,1842.03,0.0,1,False,
2025-08-02,BOM5-1028,GP47-L_TLS,B0DJ9S3SY7,yantralay Camera Clamp Mount   360  Ball Joint Handlebar Holder for Go Pro Hero 13 12 11 10 9  Insta360 X4 X3 X2  ONE R RS  DJI Osmo Action 5 4 3   B,1,1842.03,Shipment,TATTILLI,Shipment,1842.03,0.0,1,False,
2025-08-03,BOM5-1029,DA31,B0CGDMJ882,Yantralay DSLR Battery Pouch   Portable Waterproof Bag for lp e6 e8 e10 e12 en el14 el15 fw50 f550 Batteries   Convenient Access Design   Compact and,1,484.03,Shipment,MUMBAI,Shipment,484.03,0.0,1,False,
2025-08-01,BOM7-1092,ACCHARGERONEX4_3_AMG,B0DWLH6MJ3,Yantralay x amagisn 3 Slot Battery Charger Compatible for Insta360 X4 Camera  Charging Dock for X4 Accessories,1,-1454.03,Refund,BENGALURU,Refund,-1454.03,0.0,0,False,
2025-08-03,PNQ3-426,DA35,B0F9FM9XHJ,Yantralay Professional 360  Rotating Metal Tripod Ball Head   Quick Release Plate with Bubble Level   8kg Load Capacity   1 4  Screw for DSLR  Camera,1,1890.53,Shipment,Pune,Shipment,1890.53,0.0,1,False,
2025-08-03,BOM5-1031,LGONEX4,B0F7RT4HGJ,yantralay 2Pcs Lens Guard for Insta 360 X4   Scratch Resistant Protective Lens Cover   High Transparency Optical Coated Cap   Insta 360 X4 Camera Acce,1,775.03,Shipment,Hyderabad,Shipment,775.03,0.0,1,False,
2025-08-04,NAN,GP49,B0D456N4QM,nan,1,0.0,Cancel,GHAZIABAD,Cancel,0.0,0.0,0,False,
2025-08-03,BOM7-1109,PS10_PS5PORTALCOMBO,B0DF2Z2X1Q,yantralay 6 in 1 Hard Carrying Case with Protective Cover for Play Station 5 Portal  Non Slip Soft Case Cover   Screen Protectors   Thumb Grips for PS,1,1907.02,Shipment,Sambalpur,Shipment,1907.02,0.0,1,False,
2025-08-03,BOM5-1032,LGONEX4,B0F7RT4HGJ,yantralay 2Pcs Lens Guard for Insta 360 X4   Scratch Resistant Protective Lens Cover   High Transparency Optical Coated Cap   Insta 360 X4 Camera Acce,1,775.03,Shipment,Nashik,Shipment,775.03,0.0,1,False,
2025-08-04,BOM5-1038,PS5_CC1_BLACK,B0BRJM4R9Q,yantralay PS 5 Carrying Case Bag for PS5 Console Gamepad  Controller  Headset  VR Play Statio n Accessories   Travel Bag   Black,1,2375.53,Shipment,PUNE,Shipment,2375.53,0.0,1,False,
2025-08-03,BOM7-1111,LGONEX4_PREMIUM,B0DZ13Z8RF,yantralay Lens Protector for Insta360 X4  Removable Optical Glass Lens   Anti Scratch  Insta 360 X4 Accessories,1,2521.03,Shipment,Mysuru,Shipment,2521.03,0.0,1,False,
2025-08-03,BOM7-1112,GP10_DJIFLIP_NYLON_STARTRC,B0F839FBX3,yantralay x Start rc Nylon Carrying Case for DJ I Flip Drone   Lightweight Travel Bag for RC2 RC N3 Controller  Propeller Guard   2 Extra Batteries,1,1842.03,Shipment,THANDYA INDUSTRIAL ESTATE,Shipment,1842.03,0.0,1,False,
2025-08-03,BOM7-1116,ACCHARGERGP5_3,B08LYVPLR9,Yantralay 3 Channel AHDBT 501 Battery Charger for Hero 5 6 7   8 Black Action Camera   USB Cable Included   Fast Charging Dock,1,798.31,Shipment,BENGALURU,Shipment,798.31,0.0,1,False,
2025-08-04,PNQ3-427,GP49,B0D456N4QM,yantralay Motorcycle Bike Bicycle Handlebar Mount Clamps with 1 4  Screw Compatible 8 35mm for Gopro Hero 13 12 11 10 9 Max Insta360 ONE X5 X4 X3  ONE,1,920.53,Shipment,BANGALORE,Shipment,920.53,0.0,1,False,
2025-08-03,IN-165,ACFRAMEONEX5_AL,B0FJG46XCP,Yantralay Accessories for Insta 360 X5   Aluminum Frame  Charger  Lens Guard  Screen Guard  Lens Cap  Silicone Cover  X5 Aluminium Frame,1,3719.07,Shipment,Edappally,Shipment,3719.07,0.0,1,False,
2025-08-03,IN-165,ACCHARGERONEX5_3_AMG,B0FKYRJB8C,Yantralay Charging Case for Insta 360 X5   3 Battery Charger Hub with Intelligent Fast Charging  Automatic Pop Up Lid  Simultaneous Charging Station f,1,1394.07,Shipment,Edappally,Shipment,1394.07,0.0,1,False,
2025-08-03,IN-164,GP2KIT,B0F9WK57XQ,yantralay Phone Chest Mount Strap Harness for iPhone 16  Samsung  Xiaomi  Go Pro Hero 13 12 11 10 9 8 7  Action Cameras   DJ I Os mo   Mobile Holder B,1,532.53,Shipment,NAVI MUMBAI,Shipment,532.53,0.0,1,False,
2025-08-04,BOM7-1120,PS1,B0BJBL1XBS,yantralay Polyester Dual Controller Hard Carry Case Compatible With Ps5 Ps4 Xbox Ipega Controllers   3 Layer Protection Travel Carry Case   Grey,1,833.23,Shipment,CHANDIGARH,Shipment,833.23,0.0,1,False,
2025-08-04,BOM5-1037,GP49,B0D456N4QM,yantralay Motorcycle Bike Bicycle Handlebar Mount Clamps with 1 4  Screw Compatible 8 35mm for Gopro Hero 13 12 11 10 9 Max Insta360 ONE X5 X4 X3  ONE,1,920.53,Shipment,GHAZIABAD,Shipment,920.53,0.0,1,False,
2025-08-04,BOM5-1036,GP43_ONEX4_STARTRC,B0DDXWLJ3D,yantralay Carry Pouch Bag Compatible with Insta 360 ONE X4 Camera Accessories,1,969.03,Shipment,BHARUCH,Shipment,969.03,0.0,1,False,
2025-08-03,BOM7-1117,CADEN_W9N,B09C89HZH5,CADeN Camera Backpack  Camera Bag Large DSLR SLR Mirrorless Waterproof with 15 6 Laptop Compartment   Tripod Holder  Compatible for Canon Nikon Sony D,1,5414.05,Shipment,ERNAKULAM,Shipment,5414.05,0.0,1,False,
2025-08-03,BOM7-1113,PS5_CC1_BLACK,B0BRJM4R9Q,yantralay PS 5 Carrying Case Bag for PS5 Console Gamepad  Controller  Headset  VR Play Statio n Accessories   Travel Bag   Black,1,2375.53,Shipment,KOZHIKODE,Shipment,2375.53,0.0,1,False,
2025-08-03,BOM7-1110,PS5_CC1_BLACK,B0BRJM4R9Q,yantralay PS 5 Carrying Case Bag for PS5 Console Gamepad  Controller  Headset  VR Play Statio n Accessories   Travel Bag   Black,1,2375.53,Shipment,Jaipur,Shipment,2375.53,0.0,1,False,
2025-08-04,BOM7-1126,ACCHARGERGP5_3,B08LYVPLR9,Yantralay 3 Channel AHDBT 501 Battery Charger for Hero 5 6 7   8 Black Action Camera   USB Cable Included   Fast Charging Dock,1,798.31,Shipment,MUMBAI,Shipment,798.31,0.0,1,False,
2025-08-04,BOM7-1123,ACCHARGERGP5_3,B08LYVPLR9,Yantralay 3 Channel AHDBT 501 Battery Charger for Hero 5 6 7   8 Black Action Camera   USB Cable Included   Fast Charging Dock,1,798.31,Shipment,MUMBAI,Shipment,798.31,0.0,1,False,
2025-08-04,BOM7-1119,LED_T2,B0F2GKLDXR,Yantralay Slab Key Light for Video Shooting   Content Creation   Adjustable Photography Fill Light   5 Color Temperatures  3200K 5600K    1455 Lumens,1,1842.03,Shipment,MUMBAI,Shipment,1842.03,0.0,1,False,
2025-08-04,BOM7-1128,CADEN_W9N,B09C89HZH5,CADeN Camera Backpack  Camera Bag Large DSLR SLR Mirrorless Waterproof with 15 6 Laptop Compartment   Tripod Holder  Compatible for Canon Nikon Sony D,1,5699.0,Shipment,NEW DELHI,Shipment,5699.0,0.0,1,False,
2025-08-04,BOM7-1118,PS5_CC1_BLACK,B0BRJM4R9Q,yantralay PS 5 Carrying Case Bag for PS5 Console Gamepad  Controller  Headset  VR Play Statio n Accessories   Travel Bag   Black,1,2375.53,Shipment,MUMBAI,Shipment,2375.53,0.0,1,False,
2025-08-04,BOM7-1122,GP10_ONEX3_STARTRCNK,B0BFWD7MT9,Tomat Carry Case for Insta360 X3  Portable PU Storage Protective Bag Travel Case for Accessories with Large Capacity,1,1745.03,Shipment,MUMBAI,Shipment,1745.03,0.0,1,False,
2025-08-04,BOM7-1131,SGONEX4-2_LGONEX4,B0F8VRR8JY,yantralay Insta 360 X4 Lens Guard   Screen Protector Combo Kit   Lens Covers   Anti Scratch  Tempered Glass Screen   Insta 360 X4 Accessories,1,1260.03,Shipment,PUNE,Shipment,1260.03,0.0,1,False,
2025-08-03,BOM5-1034,ACCHARGERGP13_CD_AMG,B0DZVVQPKD,Yantralay 3 Channel Fast Charging Box Battery Charger for GoPro Hero 13 Black   Compatible with Original GoPro Hero 13 Batteries  Portable GoPro Hero,1,2181.53,Shipment,LUCKNOW,Shipment,2181.53,0.0,1,False,
2025-08-04,BOM7-1125,PS1,B0BJBL1XBS,yantralay Polyester Dual Controller Hard Carry Case Compatible With Ps5 Ps4 Xbox Ipega Controllers   3 Layer Protection Travel Carry Case   Grey,1,833.23,Shipment,MUMBAI,Shipment,833.23,0.0,1,False,
2025-08-04,PNQ3-428,GP49,B0D456N4QM,yantralay Motorcycle Bike Bicycle Handlebar Mount Clamps with 1 4  Screw Compatible 8 35mm for Gopro Hero 13 12 11 10 9 Max Insta360 ONE X5 X4 X3  ONE,1,920.53,Shipment,Pimpri Chinchwad,Shipment,920.53,0.0,1,False,
2025-08-04,BOM7-1121,GP10_DJIFLIP_NYLON_STARTRC,B0F839FBX3,yantralay x Start rc Nylon Carrying Case for DJ I Flip Drone   Lightweight Travel Bag for RC2 RC N3 Controller  Propeller Guard   2 Extra Batteries,1,1842.03,Shipment,AURANGABAD,Shipment,1842.03,0.0,1,False,
2025-08-04,BOM5-1039,PS1,B0BJBL1XBS,yantralay Polyester Dual Controller Hard Carry Case Compatible With Ps5 Ps4 Xbox Ipega Controllers   3 Layer Protection Travel Carry Case   Grey,1,833.23,Shipment,MUMBAI,Shipment,833.23,0.0,1,False,
2025-08-03,BOM5-1033,S13,B07MG832T8,yantralay Universal 360  Rotating Vertical Mobile Tripod Monopod Mount for Smartphones up to 4 1  Width   Compatible with Samsung  iPhone  Xiaomi  On,1,281.53,Shipment,AURANGABAD,Shipment,281.53,0.0,1,False,
2025-08-04,BOM7-1127,GP10_DJIFLIP_STARTRC,B0F83B4HX3,yantralay x Start rc Pu Material Carrying Case for DJ I Flip Fly More Combo   Waterproof Travel Bag for RC2 RC N3 Remote  Batteries  Charging Hub  65W,1,1842.03,Shipment,MUMBAI,Shipment,1842.03,0.0,1,False,
2025-08-04,BOM5-1040,GP29L,B08RXBFBG9,yantralay Windshield Car Suction Cup Mount for Hero 10 9 8  SJCAM  Osmo Action 3   4  Insta 360   Flexible  Multi Angle Adjustable   Mount for Smartph,1,610.13,Shipment,NAVI MUMBAI,Shipment,610.13,0.0,1,False,
2025-08-04,BOM5-1035,IN1_AL,B0D4536M61,yantralay 4 in 1 Motorcycle Mount Bundle with Unicorn Helmet Extension Arm Adhesive Kit Compatible for Insta360 One X5 X4 X3 X2  ONE R RS  Hero 13 12,1,2084.53,Shipment,ALIGARH,Shipment,2084.53,0.0,1,False,
2025-08-05,IN-167,GP2KIT,B0F9WK57XQ,yantralay Phone Chest Mount Strap Harness for iPhone 16  Samsung  Xiaomi  Go Pro Hero 13 12 11 10 9 8 7  Action Cameras   DJ I Os mo   Mobile Holder B,1,532.53,Shipment,Kolkata,Shipment,532.53,0.0,1,False,
2025-08-04,IN-166,ACFRAMEONEX5_AL,B0FJG46XCP,Yantralay Accessories for Insta 360 X5   Aluminum Frame  Charger  Lens Guard  Screen Guard  Lens Cap  Silicone Cover  X5 Aluminium Frame,1,3879.03,Shipment,BENGALURU,Shipment,3879.03,0.0,1,False,
2025-08-04,PNQ3-429,PS1,B0BJBL1XBS,yantralay Polyester Dual Controller Hard Carry Case Compatible With Ps5 Ps4 Xbox Ipega Controllers   3 Layer Protection Travel Carry Case   Grey,1,833.23,Shipment,PUNE,Shipment,833.23,0.0,1,False,
2025-08-05,PNQ3-431,PS1,B0BJBL1XBS,yantralay Polyester Dual Controller Hard Carry Case Compatible With Ps5 Ps4 Xbox Ipega Controllers   3 Layer Protection Travel Carry Case   Grey,1,833.23,Shipment,PUNE,Shipment,833.23,0.0,1,False,
2025-08-04,BOM7-1124,ACFRAMEOP3_PL_VRIG,B0DDQ7BWNC,yantralay Phone Holder for DJI Osmo Pocket 3  Vlogging Camera Expansion Bracket  Adjustable Adapter Frame  Live Streaming Accessories,1,1260.03,Shipment,CHENNAI,Shipment,1260.03,0.0,1,False,
2025-08-05,BOM7-1139,PS5_CC1_BLACK,B0BRJM4R9Q,yantralay PS 5 Carrying Case Bag for PS5 Console Gamepad  Controller  Headset  VR Play Statio n Accessories   Travel Bag   Black,1,2375.53,Shipment,VASCO DA GAMA,Shipment,2375.53,0.0,1,False,
2025-08-05,PNQ3-430,GP29L,B08RXBFBG9,yantralay Windshield Car Suction Cup Mount for Hero 10 9 8  SJCAM  Osmo Action 3   4  Insta 360   Flexible  Multi Angle Adjustable   Mount for Smartph,1,610.13,Shipment,PUNE,Shipment,610.13,0.0,1,False,
2025-08-05,PNQ3-432,PS1,B0BJBL1XBS,yantralay Polyester Dual Controller Hard Carry Case Compatible With Ps5 Ps4 Xbox Ipega Controllers   3 Layer Protection Travel Carry Case   Grey,1,833.23,Shipment,PUNE,Shipment,833.23,0.0,1,False,
2025-08-05,BOM5-1042,LGONEX4,B0F7RT4HGJ,yantralay 2Pcs Lens Guard for Insta 360 X4   Scratch Resistant Protective Lens Cover   High Transparency Optical Coated Cap   Insta 360 X4 Camera Acce,1,775.03,Shipment,BENGALURU,Shipment,775.03,0.0,1,False,
2025-08-04,BOM7-1130,PS1,B0BJBL1XBS,yantralay Polyester Dual Controller Hard Carry Case Compatible With Ps5 Ps4 Xbox Ipega Controllers   3 Layer Protection Travel Carry Case   Grey,1,833.23,Shipment,JAMNAGAR,Shipment,833.23,0.0,1,False,
2025-08-05,BOM7-1135,ACCASEYTG9,B08NF6HMG6,yantralay YT G9 Vlogging Case with Dual Cold Shoe Mount for Hero 12 11 10 9  Removable 52mm Filter Ring  All in One Kit with Case Door  Lens Protector,1,1012.68,Shipment,BENGALURU,Shipment,1012.68,0.0,1,False,
2025-08-05,BOM5-1043,GP10KIT_H9_GP17,B0FC2Z4XM3,yantralay Complete Go Pro Hero 12 11 10 9 Accessory Bundle   Waterproof Housing Case  Silicone Protector  Filter   Lens Kit  Tempered Glass Screen Pro,1,2133.03,Shipment,MUMBAI,Shipment,2133.03,0.0,1,False,
2025-08-04,BOM7-1129,PS5_CC1_GREY,B0BRJMPHKL,yantralay PS5 Carrying Case Bag for PS5 Console Gamepad  Controller  Headset  VR Play Station Accessories   Travel Bag   Grey,1,2375.53,Shipment,AHMEDABAD,Shipment,2375.53,0.0,1,False,
2025-08-06,BOM5-1047,PS2_RED,B0BL1HF4NJ,yantralay Nylon Controller Gamepad Carry Case   Ultimate Protection Compatible For PS5 PS4 PS3 Switch Pro Xbox Joysticks Waterproof  Scratch Protectio,1,484.03,Shipment,SURAT,Shipment,484.03,0.0,1,False,
2025-08-06,BOM5-1046,ACFRAMEGP13_AL,B0F93ZW44W,Yantralay Premium Aluminum Protective Case for Go Pro Hero13 12 11 10 9 Tough Aluminum Cage Maximum Protection with Minimal Weight Accessory,1,2666.53,Shipment,NEW DELHI,Shipment,2666.53,0.0,1,False,
2025-08-06,BOM5-1045,GP47-L_TLSNK,B0BBVGXFZ2,Camera Bike Mount Motorcycle Handlebar Clamp Holder for GoPro Insta360 Accessories  TELESIN 360    Rotating Bicycle Cycling Attachment Accessory for,1,1703.32,Shipment,BENGALURU,Shipment,1703.32,0.0,1,False,
2025-08-06,BOM7-1143,PS1,B0BJBL1XBS,yantralay Polyester Dual Controller Hard Carry Case Compatible With Ps5 Ps4 Xbox Ipega Controllers   3 Layer Protection Travel Carry Case   Grey,1,833.23,Shipment,NEW DELHI,Shipment,833.23,0.0,1,False,
2025-08-05,BOM7-1133,CWATCUN_D126N,B0DHK914DZ,Cwatcun Camera Backpack  DSLR SLR Backpacks Camera Bag with 13 laptop sleeve compartment and Tripod Holder for Photographers  Vintage Canvas  leather,1,5999.0,Shipment,BEAS,Shipment,5999.0,0.0,1,False,
2025-08-06,IN-169,ACFRAMEONEX5_AL,B0FJG46XCP,Yantralay Accessories for Insta 360 X5   Aluminum Frame  Charger  Lens Guard  Screen Guard  Lens Cap  Silicone Cover  X5 Aluminium Frame,1,3879.03,Shipment,HYDERABAD,Shipment,3879.03,0.0,1,False,
2025-08-05,IN-168,GP2KIT,B0F9WK57XQ,yantralay Phone Chest Mount Strap Harness for iPhone 16  Samsung  Xiaomi  Go Pro Hero 13 12 11 10 9 8 7  Action Cameras   DJ I Os mo   Mobile Holder B,1,532.53,Shipment,PUNE,Shipment,532.53,0.0,1,False,
2025-08-01,BOM7-1094,LED_T2,B0F2GKLDXR,Yantralay Slab Key Light for Video Shooting   Content Creation   Adjustable Photography Fill Light   5 Color Temperatures  3200K 5600K    1455 Lumens,1,-1842.03,Refund,THANE,Refund,-1842.03,0.0,0,False,
2025-08-05,BOM7-1140,PS1,B0BJBL1XBS,yantralay Polyester Dual Controller Hard Carry Case Compatible With Ps5 Ps4 Xbox Ipega Controllers   3 Layer Protection Travel Carry Case   Grey,1,833.23,Shipment,KALKA,Shipment,833.23,0.0,1,False,
2025-08-05,BOM7-1132,GP10_DJIFLIP_STARTRC,B0F83B4HX3,yantralay x Start rc Pu Material Carrying Case for DJ I Flip Fly More Combo   Waterproof Travel Bag for RC2 RC N3 Remote  Batteries  Charging Hub  65W,1,1842.03,Shipment,BENGALURU,Shipment,1842.03,0.0,1,False,
2025-08-04,PNQ3-428,GP49,B0D456N4QM,yantralay Motorcycle Bike Bicycle Handlebar Mount Clamps with 1 4  Screw Compatible 8 35mm for Gopro Hero 13 12 11 10 9 Max Insta360 ONE X5 X4 X3  ONE,1,-920.53,Refund,Pimpri Chinchwad,Refund,-920.53,0.0,0,False,
2025-08-04,BOM7-1123,ACCHARGERGP5_3,B08LYVPLR9,Yantralay 3 Channel AHDBT 501 Battery Charger for Hero 5 6 7   8 Black Action Camera   USB Cable Included   Fast Charging Dock,1,-798.31,Refund,MUMBAI,Refund,-798.31,0.0,0,False,
2025-08-03,PNQ3-425,GP49,B0D456N4QM,yantralay Motorcycle Bike Bicycle Handlebar Mount Clamps with 1 4  Screw Compatible 8 35mm for Gopro Hero 13 12 11 10 9 Max Insta360 ONE X5 X4 X3  ONE,1,-920.53,Refund,Pimpri Chinchwad,Refund,-920.53,0.0,0,False,
2025-08-05,BOM7-1134,PS5_CC1_GREY,B0BRJMPHKL,yantralay PS5 Carrying Case Bag for PS5 Console Gamepad  Controller  Headset  VR Play Station Accessories   Travel Bag   Grey,1,2375.53,Shipment,CHENNAI,Shipment,2375.53,0.0,1,False,
2025-08-06,BOM7-1144,PS5_CC1_GREY,B0BRJMPHKL,yantralay PS5 Carrying Case Bag for PS5 Console Gamepad  Controller  Headset  VR Play Station Accessories   Travel Bag   Grey,1,2375.53,Shipment,GURUGRAM,Shipment,2375.53,0.0,1,False,
2025-08-06,BOM5-1048,PS1,B0BJBL1XBS,yantralay Polyester Dual Controller Hard Carry Case Compatible With Ps5 Ps4 Xbox Ipega Controllers   3 Layer Protection Travel Carry Case   Grey,1,833.23,Shipment,MUMBAI,Shipment,833.23,0.0,1,False,
2025-08-06,PNQ3-434,DA31,B0CGDMJ882,Yantralay DSLR Battery Pouch   Portable Waterproof Bag for lp e6 e8 e10 e12 en el14 el15 fw50 f550 Batteries   Convenient Access Design   Compact and,1,484.03,Shipment,PUNE,Shipment,484.03,0.0,1,False,
2025-08-06,PNQ3-435,PS1,B0BJBL1XBS,yantralay Polyester Dual Controller Hard Carry Case Compatible With Ps5 Ps4 Xbox Ipega Controllers   3 Layer Protection Travel Carry Case   Grey,1,833.23,Shipment,PUNE,Shipment,833.23,0.0,1,False,
2025-08-05,BOM7-1137,PS5_CC1_GREY,B0BRJMPHKL,yantralay PS5 Carrying Case Bag for PS5 Console Gamepad  Controller  Headset  VR Play Station Accessories   Travel Bag   Grey,1,2375.53,Shipment,PUNE,Shipment,2375.53,0.0,1,False,
2025-08-06,BOM7-1145,GP10_DJIFLIP_STARTRC,B0F83B4HX3,yantralay x Start rc Pu Material Carrying Case for DJ I Flip Fly More Combo   Waterproof Travel Bag for RC2 RC N3 Remote  Batteries  Charging Hub  65W,1,1842.03,Shipment,PIMPRI CHINCHWAD,Shipment,1842.03,0.0,1,False,
2025-08-06,BOM7-1142,GP49,B0D456N4QM,yantralay Motorcycle Bike Bicycle Handlebar Mount Clamps with 1 4  Screw Compatible 8 35mm for Gopro Hero 13 12 11 10 9 Max Insta360 ONE X5 X4 X3  ONE,1,920.53,Shipment,MUMBAI,Shipment,920.53,0.0,1,False,
2025-08-05,PNQ3-433,GP1620_TLS,B08S7D4LKH,yantralay Upgraded Helmet Chin Strap Mount for Hero 13 12 11 10 9 8 7 6 5  SJCAM  Insta 360   DJI Osmo Action 3   4   Adjustable   Secure Camera Moun,1,0.0,FreeReplacement,PUNE,FreeReplacement,0.0,0.0,0,True,
2025-08-06,PNQ3-437,PS2_BLUE,B0BL1H24P4,yantralay Controller Gamepad Carry Case   Ultimate Protection Compatible for PS5 PS4 PS3 Switch Pro Xbox Joysticks Waterproof  Scratch Protection  Dur,1,484.03,Shipment,Mumbai,Shipment,484.03,0.0,1,False,
2025-08-07,BOM5-1051,PS10_OLEDCOMBO_YELLOW,B0DJFL8DBY,yantralay 4 in 1 Carrying Case Pouch with Protective Cover for Nintendo Switch OLED  Non Slip Soft Case Cover  Screen Protectors   Thumb Grips for Swi,1,1163.03,Shipment,Hyderabad,Shipment,1163.03,0.0,1,False,
2025-08-07,IN-173,ACFRAMEONEX5_AL,B0FJG46XCP,nan,1,0.0,Cancel,MADURAI,Cancel,0.0,0.0,0,False,
2025-08-07,BOM5-1055,GP43_ONER,B0D459FFBH,yantralay Portable Case Pouch for Insta ONE R RS Lens Protection ONER RS Accessories,1,678.03,Shipment,CANDOLIM,Shipment,678.03,0.0,1,False,
2025-08-07,BOM5-1053,PS1,B0BJBL1XBS,yantralay Polyester Dual Controller Hard Carry Case Compatible With Ps5 Ps4 Xbox Ipega Controllers   3 Layer Protection Travel Carry Case   Grey,1,833.23,Shipment,Mumbai,Shipment,833.23,0.0,1,False,
2025-08-06,BOM5-1050,DA24,B078DMT8KR,Yantralay Nylon Universal Drone and Quadcopter Landing Pad   Portable   Foldable   Compatible with DJI  Parrot  Syma  Hubsan  Holy Stone  UDI Drones,1,0.0,FreeReplacement,BHUBANESWAR,FreeReplacement,0.0,0.0,0,True,
2025-08-07,BOM5-1054,DA24,B078DMT8KR,Yantralay Nylon Universal Drone and Quadcopter Landing Pad   Portable   Foldable   Compatible with DJI  Parrot  Syma  Hubsan  Holy Stone  UDI Drones,1,1502.53,Shipment,AHMEDABAD,Shipment,1502.53,0.0,1,False,
2025-08-06,BOM7-1147,PS5_CC1_GREY,B0BRJMPHKL,yantralay PS5 Carrying Case Bag for PS5 Console Gamepad  Controller  Headset  VR Play Station Accessories   Travel Bag   Grey,1,2375.53,Shipment,NEW DELHI,Shipment,2375.53,0.0,1,False,
2025-08-06,BOM7-1146,PS5_CC1_BLACK,B0BRJM4R9Q,yantralay PS 5 Carrying Case Bag for PS5 Console Gamepad  Controller  Headset  VR Play Statio n Accessories   Travel Bag   Black,1,2375.53,Shipment,NEW DELHI,Shipment,2375.53,0.0,1,False,
2025-08-06,PNQ3-436,GP10_RS4MINI_STARTRC,B0DZZFNDHP,yantralay Portable Carrying Storage Case for DJ I Ronin RS4Mini Gimbal EVA Handbag Travel Handheld Shoulder Bag  RS4MINI,1,2618.03,Shipment,GUNTUR,Shipment,2618.03,0.0,1,False,
2025-08-04,BOM5-1040,GP29L,B08RXBFBG9,yantralay Windshield Car Suction Cup Mount for Hero 10 9 8  SJCAM  Osmo Action 3   4  Insta 360   Flexible  Multi Angle Adjustable   Mount for Smartph,1,-610.13,Refund,NAVI MUMBAI,Refund,-610.13,0.0,0,False,
2025-08-07,IN-175,LGONEX5,B0FKYLQ2QZ,Yantralay Accessories for Insta 360 X5   Aluminum Frame  Charger  Lens Guard  Screen Guard  Lens Cap  Silicone Cover  X5 Lens Guard,1,678.03,Shipment,VASAI,Shipment,678.03,0.0,1,False,
2025-08-07,IN-172,GP2KIT,B0F9WK57XQ,yantralay Phone Chest Mount Strap Harness for iPhone 16  Samsung  Xiaomi  Go Pro Hero 13 12 11 10 9 8 7  Action Cameras   DJ I Os mo   Mobile Holder B,1,532.53,Shipment,JAMSHEDPUR,Shipment,532.53,0.0,1,False,
2025-08-06,IN-170,ACCHARGERONEX5_3_AMG,B0FKYRJB8C,Yantralay Charging Case for Insta 360 X5   3 Battery Charger Hub with Intelligent Fast Charging  Automatic Pop Up Lid  Simultaneous Charging Station f,1,1394.07,Shipment,Hyderabad,Shipment,1394.07,0.0,1,False,
2025-08-07,IN-173,ACFRAMEONEX5_AL,B0FJG46XCP,Yantralay Accessories for Insta 360 X5   Aluminum Frame  Charger  Lens Guard  Screen Guard  Lens Cap  Silicone Cover  X5 Aluminium Frame,1,3879.03,Shipment,MADURAI,Shipment,3879.03,0.0,1,False,
2025-08-07,IN-174,ACFRAMEONEX5_AL,B0FJG46XCP,Yantralay Accessories for Insta 360 X5   Aluminum Frame  Charger  Lens Guard  Screen Guard  Lens Cap  Silicone Cover  X5 Aluminium Frame,1,3879.03,Shipment,BENGALURU,Shipment,3879.03,0.0,1,False,
2025-08-06,IN-171,ACCHARGERONEX5_3_AMG,B0FKYRJB8C,Yantralay Charging Case for Insta 360 X5   3 Battery Charger Hub with Intelligent Fast Charging  Automatic Pop Up Lid  Simultaneous Charging Station f,1,1454.03,Shipment,Puthanathani,Shipment,1454.03,0.0,1,False,
2025-08-07,BOM5-1057,TY98_TUYU,B0F7RP62NV,yantralay Motorcycle Windshield Mounting Clamp Aluminum Mount for Go Pro Hero 13 12 11 10 9 Insta 360 X3 DJ I Action 3 Action Camera Accessories,1,1842.03,Shipment,NEW TOWN,Shipment,1842.03,0.0,1,False,
2025-08-07,BOM5-1058,GP47-L_TLS,B0DJ9S3SY7,yantralay Camera Clamp Mount   360  Ball Joint Handlebar Holder for Go Pro Hero 13 12 11 10 9  Insta360 X4 X3 X2  ONE R RS  DJI Osmo Action 5 4 3   B,1,1842.03,Shipment,CUTTACK,Shipment,1842.03,0.0,1,False,
2025-08-06,BOM7-1141,PS5_CC1_GREY,B0BRJMPHKL,yantralay PS5 Carrying Case Bag for PS5 Console Gamepad  Controller  Headset  VR Play Station Accessories   Travel Bag   Grey,1,2375.53,Shipment,ALWAR,Shipment,2375.53,0.0,1,False,
2025-08-07,BOM5-1052,GP28_H13,B0DHYDQL5V,Yantralay Silicone Lanyard Sleeve Protective Cover   6PCS Tempered Glass Screen Guard with Silicone Lens Cover Compatible with Go Pro Hero 9 Black Act,1,387.03,Shipment,MUMBAI,Shipment,387.03,0.0,1,False,
2025-08-07,PNQ3-438,GP47-L_TLS,B0DJ9S3SY7,yantralay Camera Clamp Mount   360  Ball Joint Handlebar Holder for Go Pro Hero 13 12 11 10 9  Insta360 X4 X3 X2  ONE R RS  DJI Osmo Action 5 4 3   B,1,1842.03,Shipment,THANE,Shipment,1842.03,0.0,1,False,
2025-08-07,BOM5-1056,GP46-S,B0F91G6H93,yantralay Double Clamp Mount Bracket with 1 4  Ball Head for GoPro  Insta 360 X2 X3  Action Cameras   Handlebar  Motorcycle  Bicycle  Selfie Stick  St,1,1580.07,Shipment,MUMBAI,Shipment,1580.07,0.0,1,False,
2025-08-07,BOM5-1056,GP46-L,B0F91GCRP4,yantralay Double Clamp Mount Bracket with 1 4  Ball Head for Go Pro 13 12 11  Insta 360 X5 X4 X3 Handlebar  Motorcycle  Bicycle  Selfie Stick  Studio,1,1766.07,Shipment,MUMBAI,Shipment,1766.07,0.0,1,False,
2025-08-06,BOM5-1049,GP10_ONEX4_STARTRC,B0DDXP86FQ,yantralay x Startr c Carrying Case for Insta 360 X4 X5  Portable PU Storage Protective Bag Travel Case for Insta 360 X4 X5 Accessories with Large Capa,1,1561.47,Shipment,NOIDA,Shipment,1561.47,0.0,1,False,
2025-08-06,BOM5-1049,ACCHARGERONEX4_3_AMG,B0DWLH6MJ3,Yantralay x amagisn 3 Slot Battery Charger Compatible for Insta360 X4 Camera  Charging Dock for X4 Accessories,1,1394.07,Shipment,NOIDA,Shipment,1394.07,0.0,1,False,
2025-08-07,BOM5-1059,GP45-M,B0F88CFJN2,yantralay Magnetic Camera Mount for Hero 13 12 11 10 9  Insta360 X5 X4 X3  Action 4 5  Osmo Pocket 3   360  Quick Release Car Holder  Heavy Duty Magn,1,1533.57,Shipment,MUMBAI,Shipment,1533.57,0.0,1,False,
2025-08-07,BOM7-1150,GP1620_TLS,B08S7D4LKH,yantralay Upgraded Helmet Chin Strap Mount for Hero 13 12 11 10 9 8 7 6 5  SJCAM  Insta 360   DJI Osmo Action 3   4   Adjustable   Secure Camera Moun,1,1106.77,Shipment,VASAI VIRAR,Shipment,1106.77,0.0,1,False,
2025-08-07,BOM7-1151,PS1,B0BJBL1XBS,yantralay Polyester Dual Controller Hard Carry Case Compatible With Ps5 Ps4 Xbox Ipega Controllers   3 Layer Protection Travel Carry Case   Grey,1,833.23,Shipment,MUMBAI,Shipment,833.23,0.0,1,False,
2025-08-07,BOM7-1149,PS1,B0BJBL1XBS,yantralay Polyester Dual Controller Hard Carry Case Compatible With Ps5 Ps4 Xbox Ipega Controllers   3 Layer Protection Travel Carry Case   Grey,1,833.23,Shipment,PIMPRI CHINCHWAD,Shipment,833.23,0.0,1,False,
2025-08-06,BOM7-1148,GP10_DJIFLIP_STARTRC,B0F83B4HX3,yantralay x Start rc Pu Material Carrying Case for DJ I Flip Fly More Combo   Waterproof Travel Bag for RC2 RC N3 Remote  Batteries  Charging Hub  65W,1,1842.03,Shipment,Mumbai,Shipment,1842.03,0.0,1,False,
2025-08-07,BOM7-1154,PS5_CC1_BLACK,B0BRJM4R9Q,yantralay PS 5 Carrying Case Bag for PS5 Console Gamepad  Controller  Headset  VR Play Statio n Accessories   Travel Bag   Black,1,0.0,FreeReplacement,VASCO DA GAMA,FreeReplacement,0.0,0.0,0,True,
2025-08-07,PNQ3-439,PS1,B0BJBL1XBS,yantralay Polyester Dual Controller Hard Carry Case Compatible With Ps5 Ps4 Xbox Ipega Controllers   3 Layer Protection Travel Carry Case   Grey,1,833.23,Shipment,PUNE,Shipment,833.23,0.0,1,False,
2025-08-07,PNQ3-440,GP47_NEW,B0DRYJZ6VH,Yantralay 360  Rotatable Camera Bike Mount Clamp Motorcycle Handlebar Pole Aluminium Mount for Insta360 X4 X3  Ace Pro Pro2  Hero13 12 11 10 9 For Os,1,1308.53,Shipment,WARTHI,Shipment,1308.53,0.0,1,False,
2025-08-04,BOM7-1129,PS5_CC1_GREY,B0BRJMPHKL,yantralay PS5 Carrying Case Bag for PS5 Console Gamepad  Controller  Headset  VR Play Station Accessories   Travel Bag   Grey,1,-2375.53,Refund,AHMEDABAD,Refund,-2375.53,0.0,0,False,
2025-08-07,BOM5-1060,LGONEX4,B0F7RT4HGJ,yantralay 2Pcs Lens Guard for Insta 360 X4   Scratch Resistant Protective Lens Cover   High Transparency Optical Coated Cap   Insta 360 X4 Camera Acce,1,775.03,Shipment,BENGALURU,Shipment,775.03,0.0,1,False,
2025-08-08,PNQ3-444,GP47_NEW,B0DRYJZ6VH,yantralay 360  Rotatable Camera Bike Mount Clamp Motorcycle Handlebar Pole Aluminium Mount for Insta360 X5 X4 X3  Ace Pro Pro2  Hero13 12 11 10 9 Osm,1,1308.53,Shipment,Kalyan,Shipment,1308.53,0.0,1,False,
2025-08-08,PNQ3-445,GP28_H13,B0DHYDQL5V,Yantralay Silicone Lanyard Sleeve Protective Cover   6PCS Tempered Glass Screen Guard with Silicone Lens Cover Compatible with Go Pro Hero 9 Black Act,1,387.03,Shipment,PUNE,Shipment,387.03,0.0,1,False,
2025-08-08,PNQ3-446,GP47_NEW,B0DRYJZ6VH,yantralay 360  Rotatable Camera Bike Mount Clamp Motorcycle Handlebar Pole Aluminium Mount for Insta360 X5 X4 X3  Ace Pro Pro2  Hero13 12 11 10 9 Osm,1,1308.53,Shipment,PUNE,Shipment,1308.53,0.0,1,False,
2025-08-08,PNQ3-443,PS10_PS5PORTALCOMBO,B0DF2Z2X1Q,yantralay 6 in 1 Hard Carrying Case with Protective Cover for Play Station 5 Portal  Non Slip Soft Case Cover   Screen Protectors   Thumb Grips for PS,1,1907.02,Shipment,PUNE,Shipment,1907.02,0.0,1,False,
2025-08-08,BOM5-1064,GP12,B0D7BZ38X8,yantralay Aluminium Car Suction Mount 360  Rotatable for Insta 360 X4 X3 X2  Ace Pro ONE R RS  Hero 13 12 11 10 9 8 7  DJI Osmo Action Series   All O,1,1318.23,Shipment,BENGALURU,Shipment,1318.23,0.0,1,False,
2025-08-08,BOM7-1158,GP47_NEW,B0DRYJZ6VH,Yantralay 360  Rotatable Camera Bike Mount Clamp Motorcycle Handlebar Pole Aluminium Mount for Insta360 X4 X3  Ace Pro Pro2  Hero13 12 11 10 9 For Os,1,1254.57,Shipment,CHAKAN,Shipment,1254.57,0.0,1,False,
2025-08-07,IN-176,LGONEX5,B0FKYLQ2QZ,Yantralay Accessories for Insta 360 X5   Aluminum Frame  Charger  Lens Guard  Screen Guard  Lens Cap  Silicone Cover  X5 Lens Guard,1,678.03,Shipment,Chennai,Shipment,678.03,0.0,1,False,
2025-08-08,PNQ3-447,GP47_NEW,B0DRYJZ6VH,yantralay 360  Rotatable Camera Bike Mount Clamp Motorcycle Handlebar Pole Aluminium Mount for Insta360 X5 X4 X3  Ace Pro Pro2  Hero13 12 11 10 9 Osm,1,1308.53,Shipment,BENGALURU,Shipment,1308.53,0.0,1,False,
2025-08-08,BOM7-1162,ND_AVATA2_STARTRC,B0DX7CQYH1,Yantralay x Start rc 4 Pack ND8 ND16 ND32 ND64 Filter Compatible with DJI Avata 2  Neutral Density Camera Lens ND Filter,1,3297.03,Shipment,Rajsamand kumbahagar,Shipment,3297.03,0.0,1,False,
2025-08-07,BOM5-1061,IN1_AL,B0D4536M61,yantralay 4 in 1 Motorcycle Mount Bundle with Unicorn Helmet Extension Arm Adhesive Kit Compatible for Insta360 One X5 X4 X3 X2  ONE R RS  Hero 13 12,1,2084.53,Shipment,BENGALURU,Shipment,2084.53,0.0,1,False,
2025-08-08,BOM7-1155,PS5_CC1_BLACK,B0BRJM4R9Q,yantralay PS 5 Carrying Case Bag for PS5 Console Gamepad  Controller  Headset  VR Play Statio n Accessories   Travel Bag   Black,1,2375.53,Shipment,AHMEDABAD,Shipment,2375.53,0.0,1,False,
2025-08-07,BOM7-1153,GP10KIT_H9_GP17,B0FC2Z4XM3,yantralay Complete Go Pro Hero 12 11 10 9 Accessory Bundle   Waterproof Housing Case  Silicone Protector  Filter   Lens Kit  Tempered Glass Screen Pro,1,2133.03,Shipment,SARUPATHAR,Shipment,2133.03,0.0,1,False,
2025-08-07,BOM5-1062,GP10_RS4MINI_STARTRC,B0DZZFNDHP,yantralay Portable Carrying Storage Case for DJ I Ronin RS4Mini Gimbal EVA Handbag Travel Handheld Shoulder Bag  RS4MINI,1,2618.03,Shipment,AHMEDABAD,Shipment,2618.03,0.0,1,False,
2025-08-07,PNQ3-441,GP47_NEW,B0DRYJZ6VH,Yantralay 360  Rotatable Camera Bike Mount Clamp Motorcycle Handlebar Pole Aluminium Mount for Insta360 X4 X3  Ace Pro Pro2  Hero13 12 11 10 9 For Os,1,1308.53,Shipment,PUNE,Shipment,1308.53,0.0,1,False,
2025-08-08,BOM7-1159,ACCHARGERONEX4_3_AMG,B0DWLH6MJ3,Yantralay x amagisn 3 Slot Battery Charger Compatible for Insta360 X4 Camera  Charging Dock for X4 Accessories,1,1454.03,Shipment,MANGALURU,Shipment,1454.03,0.0,1,False,
2025-08-08,BOM7-1167,PS5SLIM_CC1_GREY,B0DDQFP6NL,yantralay Carrying case for PS 5 Slim Console Gamepad Controller Headphone VR Travel Bag  Playstatio n 5 Slim Accessories   Grey,1,2230.03,Shipment,NEW DELHI,Shipment,2230.03,0.0,1,False,
2025-08-03,BOM7-1112,GP10_DJIFLIP_NYLON_STARTRC,B0F839FBX3,yantralay x Start rc Nylon Carrying Case for DJ I Flip Drone   Lightweight Travel Bag for RC2 RC N3 Controller  Propeller Guard   2 Extra Batteries,1,-1842.03,Refund,THANDYA INDUSTRIAL ESTATE,Refund,-1842.03,0.0,0,False,
2025-08-07,PNQ3-442,GP47_NEW,B0DRYJZ6VH,Yantralay 360  Rotatable Camera Bike Mount Clamp Motorcycle Handlebar Pole Aluminium Mount for Insta360 X4 X3  Ace Pro Pro2  Hero13 12 11 10 9 For Os,1,1254.57,Shipment,CHAKAN,Shipment,1254.57,0.0,1,False,
2025-08-08,BOM5-1063,ACCHARGERGP13_3_AMG,B0DZJVT4TX,Yantralay 3 Channel Battery Charger for GoPro Hero 13 Black   Fast Charging Hub  Fully Compatible with Original GoPro Hero 13 Batteries  Portable GoPr,1,1357.03,Shipment,GURGAON,Shipment,1357.03,0.0,1,False,
2025-08-08,BOM5-1071,GP46-M,B0F91GXT2N,yantralay Double Clamp Mount Bracket with 1 4  Ball Head for GoPro  Insta 360 X2 X3  Action Cameras   Handlebar  Motorcycle  Bicycle  Selfie Stick  St,1,1673.07,Shipment,AHMEDABAD,Shipment,1673.07,0.0,1,False,
2025-08-08,BOM5-1070,GP46-L,B0F91GCRP4,yantralay Double Clamp Mount Bracket with 1 4  Ball Head for Go Pro 13 12 11  Insta 360 X5 X4 X3 Handlebar  Motorcycle  Bicycle  Selfie Stick  Studio,1,1766.07,Shipment,AHMEDABAD,Shipment,1766.07,0.0,1,False,
2025-08-08,BOM7-1165,GP46-M,B0F91GXT2N,yantralay Double Clamp Mount Bracket with 1 4  Ball Head for GoPro  Insta 360 X2 X3  Action Cameras   Handlebar  Motorcycle  Bicycle  Selfie Stick  St,1,1745.03,Shipment,MUMBAI,Shipment,1745.03,0.0,1,False,
2025-08-08,BOM7-1168,ACCHARGERGP5_3,B08LYVPLR9,Yantralay 3 Channel AHDBT 501 Battery Charger for Hero 5 6 7   8 Black Action Camera   USB Cable Included   Fast Charging Dock,1,798.31,Shipment,PIMPRI CHINCHWAD,Shipment,798.31,0.0,1,False,
2025-08-08,BOM7-1170,GP49,B0D456N4QM,yantralay Motorcycle Bike Bicycle Handlebar Mount Clamps with 1 4  Screw Compatible 8 35mm for Gopro Hero 13 12 11 10 9 Max Insta360 ONE X5 X4 X3  ONE,1,920.53,Shipment,AMRELI,Shipment,920.53,0.0,1,False,
2025-08-08,BOM7-1161,GP10_DJIFLIP_STARTRC,B0F83B4HX3,yantralay x Start rc Pu Material Carrying Case for DJ I Flip Fly More Combo   Waterproof Travel Bag for RC2 RC N3 Remote  Batteries  Charging Hub  65W,1,1842.03,Shipment,THIRUVANANTHAPURAM,Shipment,1842.03,0.0,1,False,
2025-08-08,BOM7-1163,GP10_DJIFLIP_STARTRC,B0F83B4HX3,yantralay x Start rc Pu Material Carrying Case for DJ I Flip Fly More Combo   Waterproof Travel Bag for RC2 RC N3 Remote  Batteries  Charging Hub  65W,1,1842.03,Shipment,Calicut,Shipment,1842.03,0.0,1,False,
2025-08-08,BOM5-1066,LED_P5-BGD-03_TLS,B0FCSFN993,Yantralay Ice Cube Magnetic Phone Light   Crystal Clear RGB LED Fill Light for Mobile  Selfie   Video   Portable Photography Lighting with Phone Stand,1,2521.03,Shipment,FAROOQNAGAR,Shipment,2521.03,0.0,1,False,
2025-08-08,BOM5-1073,GP47_NEW,B0DRYJZ6VH,Yantralay 360  Rotatable Camera Bike Mount Clamp Motorcycle Handlebar Pole Aluminium Mount for Insta360 X4 X3  Ace Pro Pro2  Hero13 12 11 10 9 For Os,1,1308.53,Shipment,ANANTNAG,Shipment,1308.53,0.0,1,False,
2025-08-08,BOM7-1166,GP47_NEW,B0DRYJZ6VH,yantralay 360  Rotatable Camera Bike Mount Clamp Motorcycle Handlebar Pole Aluminium Mount for Insta360 X5 X4 X3  Ace Pro Pro2  Hero13 12 11 10 9 Osm,1,1308.53,Shipment,RAJNANDGAON,Shipment,1308.53,0.0,1,False,
2025-08-02,BOM7-1103,PS5_CC1_BLACK,B0BRJM4R9Q,yantralay PS 5 Carrying Case Bag for PS5 Console Gamepad  Controller  Headset  VR Play Statio n Accessories   Travel Bag   Black,1,-2375.53,Refund,CHENNAI,Refund,-2375.53,0.0,0,False,
2025-08-08,BOM5-1065,GP10_DJIFLIP_STARTRC,B0F83B4HX3,yantralay x Start rc Pu Material Carrying Case for DJ I Flip Fly More Combo   Waterproof Travel Bag for RC2 RC N3 Remote  Batteries  Charging Hub  65W,1,1842.03,Shipment,PRODDATUR,Shipment,1842.03,0.0,1,False,
2025-08-08,BOM7-1164,GP43_OP3_STARTRC,B0CT3TFRJL,yantralay Ethylene Vinyl Acetate  EVA  Portable Carry Case for DJI Osmo Pocket 3 Creator Combo   Protective Bag with Adjustable Shoulder Strap   Large,1,969.03,Shipment,ALAMCODE MALAPPURAM DISTRICT,Shipment,969.03,0.0,1,False,
2025-08-08,BOM7-1169,GP12,B0D7BZ38X8,yantralay Aluminium Car Suction Mount 360  Rotatable for Insta 360 X4 X3 X2  Ace Pro ONE R RS  Hero 13 12 11 10 9 8 7  DJI Osmo Action Series   All O,1,1318.23,Shipment,MUMBAI,Shipment,1318.23,0.0,1,False,
2025-08-07,BOM7-1152,PS5_CC1_GREY,B0BRJMPHKL,yantralay PS5 Carrying Case Bag for PS5 Console Gamepad  Controller  Headset  VR Play Station Accessories   Travel Bag   Grey,1,2375.53,Shipment,NAHAN,Shipment,2375.53,0.0,1,False,
2025-08-08,BOM5-1067,LGONEX4,B0F7RT4HGJ,yantralay 2Pcs Lens Guard for Insta 360 X4   Scratch Resistant Protective Lens Cover   High Transparency Optical Coated Cap   Insta 360 X4 Camera Acce,1,775.03,Shipment,JAMNAGAR,Shipment,775.03,0.0,1,False,
2025-08-09,BOM7-1173,GP47_NEW,B0DRYJZ6VH,yantralay 360  Rotatable Camera Bike Mount Clamp Motorcycle Handlebar Pole Aluminium Mount for Insta360 X5 X4 X3  Ace Pro Pro2  Hero13 12 11 10 9 Osm,1,1308.53,Shipment,Anekal,Shipment,1308.53,0.0,1,False,
2025-08-09,BOM7-1172,PS1,B0BJBL1XBS,yantralay Polyester Dual Controller Hard Carry Case Compatible With Ps5 Ps4 Xbox Ipega Controllers   3 Layer Protection Travel Carry Case   Grey,1,949.63,Shipment,MUMBAI,Shipment,949.63,0.0,1,False,
2025-08-07,BOM5-1054,DA24,B078DMT8KR,Yantralay Nylon Universal Drone and Quadcopter Landing Pad   Portable   Foldable   Compatible with DJI  Parrot  Syma  Hubsan  Holy Stone  UDI Drones,1,-1502.53,Refund,AHMEDABAD,Refund,-1502.53,0.0,0,False,
2025-08-09,BOM5-1081,GP47_NEW,B0DRYJZ6VH,yantralay 360  Rotatable Camera Bike Mount Clamp Motorcycle Handlebar Pole Aluminium Mount for Insta360 X5 X4 X3  Ace Pro Pro2  Hero13 12 11 10 9 Osm,1,1308.53,Shipment,KOLKATA,Shipment,1308.53,0.0,1,False,
2025-08-09,BOM7-1174,PS5_CC1_GREY,B0BRJMPHKL,yantralay PS5 Carrying Case Bag for PS5 Console Gamepad  Controller  Headset  VR Play Station Accessories   Travel Bag   Grey,1,2375.53,Shipment,RANCHI,Shipment,2375.53,0.0,1,False,
2025-08-09,PNQ3-450,GP10_RS4_STARTRC,B0DB1TQPH3,yantralay Portable Carrying Storage Case for DJ I Ronin RS4   RS4 Pro Gimbal EVA Handbag Travel Handheld Shoulder Bag  Grey,1,2763.53,Shipment,KARIMNAGAR,Shipment,2763.53,0.0,1,False,
2025-08-08,BOM7-1171,PS5_CC1_BLACK,B0BRJM4R9Q,yantralay PS 5 Carrying Case Bag for PS5 Console Gamepad  Controller  Headset  VR Play Statio n Accessories   Travel Bag   Black,1,2375.53,Shipment,PUNE,Shipment,2375.53,0.0,1,False,
2025-08-08,BOM7-1160,PS5_CC1_BLACK,B0BRJM4R9Q,yantralay PS 5 Carrying Case Bag for PS5 Console Gamepad  Controller  Headset  VR Play Statio n Accessories   Travel Bag   Black,1,2375.53,Shipment,Bengaluru,Shipment,2375.53,0.0,1,False,
2025-08-09,BOM7-1176,PS10_PS5PORTALCOMBO,B0DF2Z2X1Q,yantralay 6 in 1 Hard Carrying Case with Protective Cover for Play Station 5 Portal  Non Slip Soft Case Cover   Screen Protectors   Thumb Grips for PS,1,0.0,FreeReplacement,GURUGRAM,FreeReplacement,0.0,0.0,0,True,
2025-08-09,BOM5-1079,GP28_H13,B0DHYDQL5V,Yantralay Silicone Lanyard Sleeve Protective Cover   6PCS Tempered Glass Screen Guard with Silicone Lens Cover Compatible with Go Pro Hero 9 Black Act,1,427.03,Shipment,SHIVAMOGGA,Shipment,427.03,0.0,1,False,
2025-08-09,BOM7-1178,PS5_CC1_BLACK,B0BRJM4R9Q,yantralay PS 5 Carrying Case Bag for PS5 Console Gamepad  Controller  Headset  VR Play Statio n Accessories   Travel Bag   Black,1,2375.53,Shipment,NEW DELHI,Shipment,2375.53,0.0,1,False,
2025-08-09,BOM5-1072,ACCHARGERGP5_3,B08LYVPLR9,nan,1,0.0,Cancel,THANE,Cancel,0.0,0.0,0,False,
2025-08-07,PNQ3-440,GP47_NEW,B0DRYJZ6VH,Yantralay 360  Rotatable Camera Bike Mount Clamp Motorcycle Handlebar Pole Aluminium Mount for Insta360 X4 X3  Ace Pro Pro2  Hero13 12 11 10 9 For Os,1,-1308.53,Refund,WARTHI,Refund,-1308.53,0.0,0,False,
2025-08-08,BOM5-1074,GP47_NEW,B0DRYJZ6VH,yantralay 360  Rotatable Camera Bike Mount Clamp Motorcycle Handlebar Pole Aluminium Mount for Insta360 X5 X4 X3  Ace Pro Pro2  Hero13 12 11 10 9 Osm,1,1308.53,Shipment,GURUGRAM,Shipment,1308.53,0.0,1,False,
2025-08-09,NAN,GP47-L_TLS,B0DJ9S3SY7,nan,1,0.0,Cancel,PUNE,Cancel,0.0,0.0,0,False,
2025-08-09,BOM5-1082,GP46-S,B0F91G6H93,yantralay Double Clamp Mount Bracket with 1 4  Ball Head for GoPro  Insta 360 X2 X3  Action Cameras   Handlebar  Motorcycle  Bicycle  Selfie Stick  St,1,1648.03,Shipment,CHENNAI,Shipment,1648.03,0.0,1,False,
2025-08-08,BOM7-1157,PS5_CC1_GREY,B0BRJMPHKL,yantralay PS5 Carrying Case Bag for PS5 Console Gamepad  Controller  Headset  VR Play Station Accessories   Travel Bag   Grey,1,2375.53,Shipment,CHENNAI,Shipment,2375.53,0.0,1,False,
2025-08-08,PNQ3-448,GP47_NEW,B0DRYJZ6VH,Yantralay 360  Rotatable Camera Bike Mount Clamp Motorcycle Handlebar Pole Aluminium Mount for Insta360 X4 X3  Ace Pro Pro2  Hero13 12 11 10 9 For Os,1,1308.53,Shipment,HUBBALLI,Shipment,1308.53,0.0,1,False,
2025-08-09,BOM5-1072,ACCHARGERGP5_3,B08LYVPLR9,Yantralay 3 Channel AHDBT 501 Battery Charger for Hero 5 6 7   8 Black Action Camera   USB Cable Included   Fast Charging Dock,1,798.31,Shipment,THANE,Shipment,798.31,0.0,1,False,
2025-08-08,BOM7-1156,PS5_CC1_GREY,B0BRJMPHKL,yantralay PS5 Carrying Case Bag for PS5 Console Gamepad  Controller  Headset  VR Play Station Accessories   Travel Bag   Grey,1,2375.53,Shipment,CHENNAI,Shipment,2375.53,0.0,1,False,
2025-08-09,BOM5-1083,GP47-L_TLS,B0DJ9S3SY7,yantralay Camera Clamp Mount   360  Ball Joint Handlebar Holder for Go Pro Hero 13 12 11 10 9  Insta360 X4 X3 X2  ONE R RS  DJI Osmo Action 5 4 3   B,1,1842.03,Shipment,PUNE,Shipment,1842.03,0.0,1,False,
2025-08-09,PNQ3-454,GP46-S,B0F91G6H93,yantralay Double Clamp Mount Bracket with 1 4  Ball Head for GoPro  Insta 360 X2 X3  Action Cameras   Handlebar  Motorcycle  Bicycle  Selfie Stick  St,1,1580.07,Shipment,PUNE,Shipment,1580.07,0.0,1,False,
2025-08-09,BOM5-1080,GP46-S,B0F91G6H93,yantralay Double Clamp Mount Bracket with 1 4  Ball Head for GoPro  Insta 360 X2 X3  Action Cameras   Handlebar  Motorcycle  Bicycle  Selfie Stick  St,1,1648.03,Shipment,PUNE,Shipment,1648.03,0.0,1,False,
2025-08-08,BOM5-1069,GP12,B0D7BZ38X8,yantralay Aluminium Car Suction Mount 360  Rotatable for Insta 360 X4 X3 X2  Ace Pro ONE R RS  Hero 13 12 11 10 9 8 7  DJI Osmo Action Series   All O,1,1318.23,Shipment,LUDHIANA,Shipment,1318.23,0.0,1,False,
2025-08-08,PNQ3-449,GP12,B0D7BZ38X8,yantralay Aluminium Car Suction Mount 360  Rotatable for Insta 360 X4 X3 X2  Ace Pro ONE R RS  Hero 13 12 11 10 9 8 7  DJI Osmo Action Series   All O,1,1318.23,Shipment,SONIPAT,Shipment,1318.23,0.0,1,False,
2025-08-08,BOM5-1068,LED_M38,B0FCXL91W5,Yantralay M38 Magnetic Double Sided LED Fill Light for iPhone 16 15 14   Dual Color  180  Adjustable Selfie Light with Mirror for Makeup  Vlogging  C,1,1745.03,Shipment,NAWABGANJ UNNAO DISTRICT,Shipment,1745.03,0.0,1,False,
2025-08-09,BOM7-1180,PS5_CC1_BLACK,B0BRJM4R9Q,yantralay PS 5 Carrying Case Bag for PS5 Console Gamepad  Controller  Headset  VR Play Statio n Accessories   Travel Bag   Black,1,2375.53,Shipment,MUMBAI,Shipment,2375.53,0.0,1,False,
2025-08-10,PNQ3-455,GP10_RS4MINI_STARTRC,B0DZZFNDHP,yantralay Portable Carrying Storage Case for DJ I Ronin RS4Mini Gimbal EVA Handbag Travel Handheld Shoulder Bag  RS4MINI,1,2618.03,Shipment,DEHRADUN,Shipment,2618.03,0.0,1,False,
2025-08-10,BOM5-1076,GP43_OP3_STARTRC,B0CT3TFRJL,nan,1,0.0,Cancel,BANGALORE,Cancel,0.0,0.0,0,False,
2025-08-10,BOM7-1189,GP46-L,B0F91GCRP4,yantralay Double Clamp Mount Bracket with 1 4  Ball Head for Go Pro 13 12 11  Insta 360 X5 X4 X3 Handlebar  Motorcycle  Bicycle  Selfie Stick  Studio,1,1842.03,Shipment,MUMBAI,Shipment,1842.03,0.0,1,False,
2025-08-09,PNQ3-451,GP47_NEW,B0DRYJZ6VH,Yantralay 360  Rotatable Camera Bike Mount Clamp Motorcycle Handlebar Pole Aluminium Mount for Insta360 X4 X3  Ace Pro Pro2  Hero13 12 11 10 9 For Os,1,1308.53,Shipment,Ratnagiri,Shipment,1308.53,0.0,1,False,
2025-08-09,BOM7-1179,LGONEX4_PREMIUM,B0DZ13Z8RF,yantralay Lens Protector for Insta360 X4  Removable Optical Glass Lens   Anti Scratch  Insta 360 X4 Accessories,1,2521.03,Shipment,NAGPUR,Shipment,2521.03,0.0,1,False,
2025-08-09,BOM5-1078,GP1620_TLS,B08S7D4LKH,yantralay Upgraded Helmet Chin Strap Mount for Hero 13 12 11 10 9 8 7 6 5  SJCAM  Insta 360   DJI Osmo Action 3   4   Adjustable   Secure Camera Moun,1,1106.77,Shipment,CHAMARAJANAGAR,Shipment,1106.77,0.0,1,False,
2025-08-10,BOM5-1090,GP1620_TLS,B08S7D4LKH,yantralay Upgraded Helmet Chin Strap Mount for Hero 13 12 11 10 9 8 7 6 5  SJCAM  Insta 360   DJI Osmo Action 3   4   Adjustable   Secure Camera Moun,1,1260.03,Shipment,MUMBAI,Shipment,1260.03,0.0,1,False,
2025-08-09,BOM5-1075,GP47_NEW,B0DRYJZ6VH,Yantralay 360  Rotatable Camera Bike Mount Clamp Motorcycle Handlebar Pole Aluminium Mount for Insta360 X4 X3  Ace Pro Pro2  Hero13 12 11 10 9 For Os,1,1308.53,Shipment,DEHRADUN,Shipment,1308.53,0.0,1,False,
2025-08-10,BOM5-1094,LGONEX4,B0F7RT4HGJ,yantralay 2Pcs Lens Guard for Insta 360 X4   Scratch Resistant Protective Lens Cover   High Transparency Optical Coated Cap   Insta 360 X4 Camera Acce,1,775.03,Shipment,BENGALURU,Shipment,775.03,0.0,1,False,
2025-08-09,BOM7-1183,PS1,B0BJBL1XBS,nan,1,0.0,Cancel,MUMBAI,Cancel,0.0,0.0,0,False,
2025-08-10,PNQ3-459,GP46-M,B0F91GXT2N,yantralay Double Clamp Mount Bracket with 1 4  Ball Head for GoPro  Insta 360 X2 X3  Action Cameras   Handlebar  Motorcycle  Bicycle  Selfie Stick  St,1,1673.07,Shipment,BENGALURU,Shipment,1673.07,0.0,1,False,
2025-08-10,PNQ3-459,GP47_NEW,B0DRYJZ6VH,yantralay 360  Rotatable Camera Bike Mount Clamp Motorcycle Handlebar Pole Aluminium Mount for Insta360 X5 X4 X3  Ace Pro Pro2  Hero13 12 11 10 9 Osm,1,1254.57,Shipment,BENGALURU,Shipment,1254.57,0.0,1,False,
2025-08-09,BOM5-1077,LGONEX4,B0F7RT4HGJ,yantralay 2Pcs Lens Guard for Insta 360 X4   Scratch Resistant Protective Lens Cover   High Transparency Optical Coated Cap   Insta 360 X4 Camera Acce,1,775.03,Shipment,BENGALURU,Shipment,775.03,0.0,1,False,
2025-08-10,PNQ3-460,GP10_RS4_STARTRC,B0DB1TQPH3,yantralay Portable Carrying Storage Case for DJ I Ronin RS4   RS4 Pro Gimbal EVA Handbag Travel Handheld Shoulder Bag  Grey,1,0.0,FreeReplacement,RAJAHMUNDRY,FreeReplacement,0.0,0.0,0,True,
2025-08-10,PNQ3-458,PS1,B0BJBL1XBS,yantralay Polyester Dual Controller Hard Carry Case Compatible With Ps5 Ps4 Xbox Ipega Controllers   3 Layer Protection Travel Carry Case   Grey,1,0.0,FreeReplacement,PIMPRI CHINCHWAD,FreeReplacement,0.0,0.0,0,True,
2025-08-10,BOM5-1087,GP47_NEW,B0DRYJZ6VH,yantralay 360  Rotatable Camera Bike Mount Clamp Motorcycle Handlebar Pole Aluminium Mount for Insta360 X5 X4 X3  Ace Pro Pro2  Hero13 12 11 10 9 Osm,1,1308.53,Shipment,MUMBAI,Shipment,1308.53,0.0,1,False,
2025-08-10,BOM5-1088,IN28_X5,B0F9KX96CY,yantralay Insta 360 X4 X5 Camera Mount Stand Base   Silicone Non Slip Desktop Bracket for Insta 360 X4   X5   Lightweight  Compact   Stable,1,474.33,Shipment,JABALPUR,Shipment,474.33,0.0,1,False,
2025-08-10,BOM5-1091,GP46-M,B0F91GXT2N,nan,2,0.0,Cancel,HUBBALLI,Cancel,0.0,0.0,0,False,
2025-08-09,BOM7-1177,PS10_PS5PORTALCOMBO,B0DF2Z2X1Q,yantralay 6 in 1 Hard Carrying Case with Protective Cover for Play Station 5 Portal  Non Slip Soft Case Cover   Screen Protectors   Thumb Grips for PS,1,1907.02,Shipment,DELHI,Shipment,1907.02,0.0,1,False,
2025-08-10,BOM5-1096,DA31,B0CGDMJ882,Yantralay DSLR Battery Pouch   Portable Waterproof Bag for lp e6 e8 e10 e12 en el14 el15 fw50 f550 Batteries   Convenient Access Design   Compact and,1,484.03,Shipment,Chennai,Shipment,484.03,0.0,1,False,
2025-08-10,BOM5-1076,GP43_OP3_STARTRC,B0CT3TFRJL,yantralay Ethylene Vinyl Acetate  EVA  Portable Carry Case for DJI Osmo Pocket 3 Creator Combo   Protective Bag with Adjustable Shoulder Strap   Large,1,969.03,Shipment,BANGALORE,Shipment,969.03,0.0,1,False,
2025-08-10,BOM5-1095,GP47-SN,B0F91PMBC5,yantralay Action Camera Handlebar Mount with 360  Dual Ball Head   Super Clamp for Go Pro  Insta 360  Mobile  Bike  Motorcycle   Universal Quick Rele,1,1648.03,Shipment,NEW DELHI,Shipment,1648.03,0.0,1,False,
2025-08-10,PNQ3-462,DA31,B0CGDMJ882,Yantralay DSLR Battery Pouch   Portable Waterproof Bag for lp e6 e8 e10 e12 en el14 el15 fw50 f550 Batteries   Convenient Access Design   Compact and,1,484.03,Shipment,PUNE,Shipment,484.03,0.0,1,False,
2025-08-09,BOM7-1182,PS5_CC1_GREY,B0BRJMPHKL,yantralay PS5 Carrying Case Bag for PS5 Console Gamepad  Controller  Headset  VR Play Station Accessories   Travel Bag   Grey,1,2375.53,Shipment,HYDERABAD,Shipment,2375.53,0.0,1,False,
2025-08-09,BOM7-1175,PS5_CC1_BLACK,B0BRJM4R9Q,yantralay PS 5 Carrying Case Bag for PS5 Console Gamepad  Controller  Headset  VR Play Statio n Accessories   Travel Bag   Black,1,2375.53,Shipment,NALBARI,Shipment,2375.53,0.0,1,False,
2025-08-09,BOM7-1185,PS5_CC1_BLACK,B0BRJM4R9Q,yantralay PS 5 Carrying Case Bag for PS5 Console Gamepad  Controller  Headset  VR Play Statio n Accessories   Travel Bag   Black,1,2375.53,Shipment,THANE,Shipment,2375.53,0.0,1,False,
2025-08-10,BOM7-1187,PS5_CC1_GREY,B0BRJMPHKL,yantralay PS5 Carrying Case Bag for PS5 Console Gamepad  Controller  Headset  VR Play Station Accessories   Travel Bag   Grey,1,2375.53,Shipment,MUMBAI,Shipment,2375.53,0.0,1,False,
2025-08-10,BOM5-1089,PS2_BLACK,B0BL1CYSW6,yantralay Nylon Controller Gamepad Carry Case   Ultimate Protection Compatible for PS5 PS4 PS3 Switch Pro Xbox Joysticks Waterproof  Scratch Protectio,1,464.63,Shipment,THANE,Shipment,464.63,0.0,1,False,
2025-08-09,BOM5-1085,PS1,B0BJBL1XBS,yantralay Polyester Dual Controller Hard Carry Case Compatible With Ps5 Ps4 Xbox Ipega Controllers   3 Layer Protection Travel Carry Case   Grey,1,949.63,Shipment,VASAI VIRAR,Shipment,949.63,0.0,1,False,
2025-08-10,PNQ3-456,MP_OA5,B0F9X1YNVL,yantralay Camera Lavalier Clip on Type C Microphone for DJ I Action 3 4 Collar Clip Microphone  Without Need of Mic Adapter  1 5M Cable Length   Black,1,1454.03,Shipment,VISAKHAPATNAM,Shipment,1454.03,0.0,1,False,
2025-08-09,PNQ3-453,PS2_BLUE,B0BL1H24P4,yantralay Controller Gamepad Carry Case   Ultimate Protection Compatible for PS5 PS4 PS3 Switch Pro Xbox Joysticks Waterproof  Scratch Protection  Dur,1,484.03,Shipment,CHENNAI,Shipment,484.03,0.0,1,False,
2025-08-09,BOM5-1084,GP47_NEW,B0DRYJZ6VH,yantralay 360  Rotatable Camera Bike Mount Clamp Motorcycle Handlebar Pole Aluminium Mount for Insta360 X5 X4 X3  Ace Pro Pro2  Hero13 12 11 10 9 Osm,1,1308.53,Shipment,KUDAL,Shipment,1308.53,0.0,1,False,
2025-08-10,NAN,GP46-L,B0F91GCRP4,nan,1,0.0,Cancel,NEW DELHI,Cancel,0.0,0.0,0,False,
2025-08-09,PNQ3-452,GP47_NEW,B0DRYJZ6VH,Yantralay 360  Rotatable Camera Bike Mount Clamp Motorcycle Handlebar Pole Aluminium Mount for Insta360 X4 X3  Ace Pro Pro2  Hero13 12 11 10 9 For Os,1,1308.53,Shipment,ANAND,Shipment,1308.53,0.0,1,False,
2025-08-10,BOM5-1097,PS1,B0BJBL1XBS,yantralay Polyester Dual Controller Hard Carry Case Compatible With Ps5 Ps4 Xbox Ipega Controllers   3 Layer Protection Travel Carry Case   Grey,1,949.63,Shipment,MUMBAI,Shipment,949.63,0.0,1,False,
2025-08-10,PNQ3-464,GP12,B0D7BZ38X8,yantralay Aluminium Car Suction Mount 360  Rotatable for Insta 360 X4 X3 X2  Ace Pro ONE R RS  Hero 13 12 11 10 9 8 7  DJI Osmo Action Series   All O,1,1318.23,Shipment,Pune,Shipment,1318.23,0.0,1,False,
2025-08-09,BOM7-1181,T-CL09,B0DD53BBR2,nan,1,0.0,Cancel,MUMBAI,Cancel,0.0,0.0,0,False,
2025-08-10,PNQ3-461,GP47_NEW,B0DRYJZ6VH,nan,1,0.0,Cancel,SONIPAT,Cancel,0.0,0.0,0,False,
2025-08-10,BOM5-1099,GP46-L,B0F91GCRP4,yantralay Double Clamp Mount Bracket with 1 4  Ball Head for Go Pro 13 12 11  Insta 360 X5 X4 X3 Handlebar  Motorcycle  Bicycle  Selfie Stick  Studio,1,1766.07,Shipment,NEW DELHI,Shipment,1766.07,0.0,1,False,
2025-08-10,NAN,PS5_CC1_BLACK,B0BRJM4R9Q,nan,1,0.0,Cancel,NAVI MUMBAI,Cancel,0.0,0.0,0,False,
2025-08-10,BOM7-1192,DITTOPRO-GREEN_DIVOOMN,B0811XB8VB,nan,1,0.0,Cancel,KOTA,Cancel,0.0,0.0,0,False,
2025-08-03,BOM5-1031,LGONEX4,B0F7RT4HGJ,yantralay 2Pcs Lens Guard for Insta 360 X4   Scratch Resistant Protective Lens Cover   High Transparency Optical Coated Cap   Insta 360 X4 Camera Acce,1,-775.03,Refund,Hyderabad,Refund,-775.03,0.0,0,False,
2025-08-10,BOM7-1193,CWATCUN_D125-OLIVEGREENN,B0D8HWN2JJ,Cwatcun Camera Backpack Bag Small Fashion DSLR Camera Bag with Tripod Strap Laptop Compartment and Removable Padded Dividers  Green  Small  Fashion,1,3578.0,Shipment,NOIDA,Shipment,3578.0,0.0,1,False,
2025-08-10,BOM5-1098,GP46-S,B0F91G6H93,yantralay Double Clamp Mount Bracket with 1 4  Ball Head for GoPro  Insta 360 X2 X3  Action Cameras   Handlebar  Motorcycle  Bicycle  Selfie Stick  St,1,1580.07,Shipment,NEW DELHI,Shipment,1580.07,0.0,1,False,
2025-08-10,BOM7-1191,PS1,B0BJBL1XBS,yantralay Polyester Dual Controller Hard Carry Case Compatible With Ps5 Ps4 Xbox Ipega Controllers   3 Layer Protection Travel Carry Case   Grey,1,949.63,Shipment,MUMBAI,Shipment,949.63,0.0,1,False,
2025-08-10,PNQ3-457,LM1_OA3,B0DRW3QS3C,yantralay Magnet Adapter Mount for DJI Action 5 4 3   Quick Release Tripod Adapter with Secure Claws for Outdoor Use,2,1858.14,Shipment,PUNE,Shipment,1858.14,0.0,2,False,
2025-08-10,BOM7-1195,PS5_CC1_BLACK,B0BRJM4R9Q,yantralay PS 5 Carrying Case Bag for PS5 Console Gamepad  Controller  Headset  VR Play Statio n Accessories   Travel Bag   Black,1,2375.53,Shipment,NAVI MUMBAI,Shipment,2375.53,0.0,1,False,
2025-08-09,BOM5-1086,GP48-L,B0FDX3LQT2,Yantralay Suction Jaw Clamp Mount Bracket with Ball Head of 360 Degree Rotation for Insta 360 X5 X4 X3,1,1357.03,Shipment,VASAI east,Shipment,1357.03,0.0,1,False,
2025-08-10,BOM7-1196,LED_M42,B0FCXVRGTD,Yantralay M42 Magnetic Double Sided LED Fill Light for iPhone 16 15 14   Dual Color  180  Adjustable Selfie Light with Mirror for Makeup  Vlogging  C,1,1745.03,Shipment,Vadodara,Shipment,1745.03,0.0,1,False,
2025-08-10,BOM5-1104,PS1,B0BJBL1XBS,yantralay Polyester Dual Controller Hard Carry Case Compatible With Ps5 Ps4 Xbox Ipega Controllers   3 Layer Protection Travel Carry Case   Grey,1,949.63,Shipment,MUMBAI,Shipment,949.63,0.0,1,False,
2025-08-10,BOM7-1188,ACFRAMEOP3_PL_VRIG,B0DDQ7BWNC,yantralay Phone Holder for DJI Osmo Pocket 3  Vlogging Camera Expansion Bracket  Adjustable Adapter Frame  Live Streaming Accessories,1,1260.03,Shipment,RAJAHMUNDRY,Shipment,1260.03,0.0,1,False,
2025-08-10,BOM7-1197,GP46-S,B0F91G6H93,yantralay Double Clamp Mount Bracket with 1 4  Ball Head for GoPro  Insta 360 X2 X3  Action Cameras   Handlebar  Motorcycle  Bicycle  Selfie Stick  St,1,1707.03,Shipment,PUNE,Shipment,1707.03,0.0,1,False,
2025-08-10,BOM7-1194,PS5_CC1_GREY,B0BRJMPHKL,yantralay PS5 Carrying Case Bag for PS5 Console Gamepad  Controller  Headset  VR Play Station Accessories   Travel Bag   Grey,1,2375.53,Shipment,RAJAHMUNDRY,Shipment,2375.53,0.0,1,False,
2025-08-10,PNQ3-467,GP12,B0D7BZ38X8,yantralay Aluminium Car Suction Mount 360  Rotatable for Insta 360 X4 X3 X2  Ace Pro ONE R RS  Hero 13 12 11 10 9 8 7  DJI Osmo Action Series   All O,1,1318.23,Shipment,PUNE,Shipment,1318.23,0.0,1,False,
2025-08-09,BOM7-1184,GP49,B0D456N4QM,yantralay Motorcycle Bike Bicycle Handlebar Mount Clamps with 1 4  Screw Compatible 8 35mm for Gopro Hero 13 12 11 10 9 Max Insta360 ONE X5 X4 X3  ONE,1,920.53,Shipment,GANDHINAGAR,Shipment,920.53,0.0,1,False,
2025-08-10,BOM7-1186,GP47_NEW,B0DRYJZ6VH,Yantralay 360  Rotatable Camera Bike Mount Clamp Motorcycle Handlebar Pole Aluminium Mount for Insta360 X4 X3  Ace Pro Pro2  Hero13 12 11 10 9 For Os,1,1308.53,Shipment,Jafrabad  Amreli,Shipment,1308.53,0.0,1,False,
2025-08-10,BOM7-1199,PS5_CC1_BLACK,B0BRJM4R9Q,yantralay PS 5 Carrying Case Bag for PS5 Console Gamepad  Controller  Headset  VR Play Statio n Accessories   Travel Bag   Black,1,2375.53,Shipment,CHANDRAPUR,Shipment,2375.53,0.0,1,False,
2025-08-10,PNQ3-466,GP47_NEW,B0DRYJZ6VH,yantralay 360  Rotatable Camera Bike Mount Clamp Motorcycle Handlebar Pole Aluminium Mount for Insta360 X5 X4 X3  Ace Pro Pro2  Hero13 12 11 10 9 Osm,1,1308.53,Shipment,BHOPAL,Shipment,1308.53,0.0,1,False,
2025-08-11,BOM5-1109,GP47_NEW,B0DRYJZ6VH,yantralay 360  Rotatable Camera Bike Mount Clamp Motorcycle Handlebar Pole Aluminium Mount for Insta360 X5 X4 X3  Ace Pro Pro2  Hero13 12 11 10 9 Osm,1,1308.53,Shipment,BALLEPALLE,Shipment,1308.53,0.0,1,False,
2025-08-11,PNQ3-469,GP47_NEW,B0DRYJZ6VH,yantralay 360  Rotatable Camera Bike Mount Clamp Motorcycle Handlebar Pole Aluminium Mount for Insta360 X5 X4 X3  Ace Pro Pro2  Hero13 12 11 10 9 Osm,1,1308.53,Shipment,BENGALURU,Shipment,1308.53,0.0,1,False,
2025-08-11,BOM5-1111,GP47_NEW,B0DRYJZ6VH,yantralay 360  Rotatable Camera Bike Mount Clamp Motorcycle Handlebar Pole Aluminium Mount for Insta360 X5 X4 X3  Ace Pro Pro2  Hero13 12 11 10 9 Osm,1,1308.53,Shipment,DOMBIVLI,Shipment,1308.53,0.0,1,False,
2025-08-11,BOM5-1105,SHOTGRIP_TLSN,B0F66YYCTQ,Magnetic Phone Camera Grip  Smartphone Shooting Holder Selfie Handle Snap with Wireless Shutter Button Remote for iPhone 16 15 14 13 12 Pro Max Androi,1,2375.53,Shipment,Bhopal,Shipment,2375.53,0.0,1,False,
2025-08-11,PNQ3-468,PS1,B0BJBL1XBS,yantralay Polyester Dual Controller Hard Carry Case Compatible With Ps5 Ps4 Xbox Ipega Controllers   3 Layer Protection Travel Carry Case   Grey,1,949.63,Shipment,BHOPAL,Shipment,949.63,0.0,1,False,
2025-08-10,BOM5-1100,GP46-L,B0F91GCRP4,yantralay Double Clamp Mount Bracket with 1 4  Ball Head for Go Pro 13 12 11  Insta 360 X5 X4 X3 Handlebar  Motorcycle  Bicycle  Selfie Stick  Studio,1,1842.03,Shipment,NEW DELHI,Shipment,1842.03,0.0,1,False,
2025-08-11,BOM5-1110,GP47-M,B0F91SSVW8,yantralay Action Camera Handlebar Mount with 360  Dual Ball Head   Super Clamp for Go Pro  Insta 360  Mobile  Bike  Motorcycle   Universal Quick Rele,1,1745.03,Shipment,NAVI MUMBAI,Shipment,1745.03,0.0,1,False,
2025-08-10,BOM7-1198,PS5_CC1_GREY,B0BRJMPHKL,yantralay PS5 Carrying Case Bag for PS5 Console Gamepad  Controller  Headset  VR Play Station Accessories   Travel Bag   Grey,1,2375.53,Shipment,LUCKNOW,Shipment,2375.53,0.0,1,False,
2025-08-10,PNQ3-463,GP47_NEW,B0DRYJZ6VH,Yantralay 360  Rotatable Camera Bike Mount Clamp Motorcycle Handlebar Pole Aluminium Mount for Insta360 X4 X3  Ace Pro Pro2  Hero13 12 11 10 9 For Os,1,1308.53,Shipment,AGRA,Shipment,1308.53,0.0,1,False,
2025-08-11,BOM7-1200,PS_CDRACK-BLACK,B0DWXZ4PH8,yantralay Game Storage Tower for PS5 Xbox Series Switch   Holds 18 Game Discs with 4 Controller Holders   Gaming Desk Organizer   Stand   Black,1,1745.03,Shipment,KOZHIKODE,Shipment,1745.03,0.0,1,False,
2025-08-10,BOM5-1102,SGONEX4-2_LGONEX4,B0F8VRR8JY,yantralay Insta 360 X4 Lens Guard   Screen Protector Combo Kit   Lens Covers   Anti Scratch  Tempered Glass Screen   Insta 360 X4 Accessories,1,1260.03,Shipment,Mumbai,Shipment,1260.03,0.0,1,False,
2025-08-08,IN-179,ACFRAMEONEX5_AL,B0FJG46XCP,Yantralay Accessories for Insta 360 X5   Aluminum Frame  Charger  Lens Guard  Screen Guard  Lens Cap  Silicone Cover  X5 Aluminium Frame,1,3879.03,Shipment,NAVI MUMBAI,Shipment,3879.03,0.0,1,False,
2025-08-07,IN-177,ACCHARGERONEX5_3_AMG,B0FKYRJB8C,Yantralay Charging Case for Insta 360 X5   3 Battery Charger Hub with Intelligent Fast Charging  Automatic Pop Up Lid  Simultaneous Charging Station f,1,1454.03,Shipment,MUMBAI,Shipment,1454.03,0.0,1,False,
2025-08-04,BOM5-1037,GP49,B0D456N4QM,yantralay Motorcycle Bike Bicycle Handlebar Mount Clamps with 1 4  Screw Compatible 8 35mm for Gopro Hero 13 12 11 10 9 Max Insta360 ONE X5 X4 X3  ONE,1,-920.53,Refund,GHAZIABAD,Refund,-920.53,0.0,0,False,
2025-08-11,PNQ3-471,GP47_NEW,B0DRYJZ6VH,nan,1,0.0,Cancel,BENGALURU,Cancel,0.0,0.0,0,False,
2025-08-11,BOM5-1107,GP1620_TLS,B08S7D4LKH,yantralay Upgraded Helmet Chin Strap Mount for Hero 13 12 11 10 9 8 7 6 5  SJCAM  Insta 360   DJI Osmo Action 3   4   Adjustable   Secure Camera Moun,1,0.0,FreeReplacement,MUMBAI,FreeReplacement,0.0,0.0,0,True,
2025-08-11,BOM7-1204,PS5SLIM_CC1_GREY,B0DDQFP6NL,yantralay Carrying case for PS 5 Slim Console Gamepad Controller Headphone VR Travel Bag  Playstatio n 5 Slim Accessories   Grey,1,2230.03,Shipment,MUMBAI,Shipment,2230.03,0.0,1,False,
2025-08-11,BOM5-1119,GP1620_TLS,B08S7D4LKH,yantralay Upgraded Helmet Chin Strap Mount for Hero 13 12 11 10 9 8 7 6 5  SJCAM  Insta 360   DJI Osmo Action 3   4   Adjustable   Secure Camera Moun,1,1260.03,Shipment,MUMBAI,Shipment,1260.03,0.0,1,False,
2025-08-11,BOM7-1205,LED_P5-BGD-03_TLS,B0FCSFN993,Yantralay Ice Cube Magnetic Phone Light   Crystal Clear RGB LED Fill Light for Mobile  Selfie   Video   Portable Photography Lighting with Phone Stand,1,2521.03,Shipment,BHIWANI,Shipment,2521.03,0.0,1,False,
2025-08-11,BOM5-1112,LGONEX4,B0F7RT4HGJ,yantralay 2Pcs Lens Guard for Insta 360 X4   Scratch Resistant Protective Lens Cover   High Transparency Optical Coated Cap   Insta 360 X4 Camera Acce,2,1486.14,Shipment,CHEMBUR  E  MUMBAI,Shipment,1486.14,0.0,2,False,
2025-08-10,BOM5-1092,GP47_NEW,B0DRYJZ6VH,yantralay 360  Rotatable Camera Bike Mount Clamp Motorcycle Handlebar Pole Aluminium Mount for Insta360 X5 X4 X3  Ace Pro Pro2  Hero13 12 11 10 9 Osm,1,1308.53,Shipment,Ahmedabad,Shipment,1308.53,0.0,1,False,
2025-08-11,BOM7-1207,PS_CDRACK-GREEN,B0DWXXDCX6,yantralay Game Storage Tower for PS5 Xbox Series Switch   Holds 18 Game Discs with 4 Controller Holders   Gaming Desk Organizer   Stand  Green,1,1745.03,Shipment,THANE,Shipment,1745.03,0.0,1,False,
2025-08-11,BOM7-1206,PS1,B0BJBL1XBS,yantralay Polyester Dual Controller Hard Carry Case Compatible With Ps5 Ps4 Xbox Ipega Controllers   3 Layer Protection Travel Carry Case   Grey,1,949.63,Shipment,KANDIVALI EAST   MUMBAI,Shipment,949.63,0.0,1,False,
2025-08-11,BOM5-1106,GP47_NEW,B0DRYJZ6VH,nan,1,0.0,Cancel,SONIPAT,Cancel,0.0,0.0,0,False,
2025-08-11,BOM5-1120,PS1,B0BJBL1XBS,yantralay Polyester Dual Controller Hard Carry Case Compatible With Ps5 Ps4 Xbox Ipega Controllers   3 Layer Protection Travel Carry Case   Grey,1,949.63,Shipment,MUMBAI,Shipment,949.63,0.0,1,False,
2025-08-10,BOM7-1190,PS5_CC1_BLACK,B0BRJM4R9Q,yantralay PS 5 Carrying Case Bag for PS5 Console Gamepad  Controller  Headset  VR Play Statio n Accessories   Travel Bag   Black,1,2375.53,Shipment,Ludhiana,Shipment,2375.53,0.0,1,False,
2025-08-11,BOM7-1209,PS5_CC1_BLACK,B0BRJM4R9Q,yantralay PS 5 Carrying Case Bag for PS5 Console Gamepad  Controller  Headset  VR Play Statio n Accessories   Travel Bag   Black,1,0.0,FreeReplacement,NAVI MUMBAI,FreeReplacement,0.0,0.0,0,True,
2025-08-11,BOM7-1208,PS5SLIM_CC1_GREY,B0DDQFP6NL,yantralay Carrying case for PS 5 Slim Console Gamepad Controller Headphone VR Travel Bag  Playstatio n 5 Slim Accessories   Grey,1,2230.03,Shipment,PATIALA,Shipment,2230.03,0.0,1,False,
2025-08-05,IN-168,GP2KIT,B0F9WK57XQ,yantralay Phone Chest Mount Strap Harness for iPhone 16  Samsung  Xiaomi  Go Pro Hero 13 12 11 10 9 8 7  Action Cameras   DJ I Os mo   Mobile Holder B,1,-532.53,Refund,PUNE,Refund,-532.53,0.0,0,False,
2025-08-11,BOM7-1211,PS_CDRACK-GREEN,B0DWXXDCX6,yantralay Game Storage Tower for PS5 Xbox Series Switch   Holds 18 Game Discs with 4 Controller Holders   Gaming Desk Organizer   Stand  Green,1,1745.03,Shipment,THANE,Shipment,1745.03,0.0,1,False,
2025-08-05,BOM7-1139,PS5_CC1_BLACK,B0BRJM4R9Q,yantralay PS 5 Carrying Case Bag for PS5 Console Gamepad  Controller  Headset  VR Play Statio n Accessories   Travel Bag   Black,1,-2375.53,Refund,VASCO DA GAMA,Refund,-2375.53,0.0,0,False,
2025-08-11,PNQ3-473,GP162TELESINN,B07G5XWJJM,TELESIN Motorcycle Helmet Strap Mount Front Chin Mount for GoPro Hero 2018 7 6 5 4 3  Session  SJCAM  AKASO  Campark  Polaroid  YI Action Camera Helme,1,770.18,Shipment,PIMPRI CHINCHWAD,Shipment,770.18,0.0,1,False,
2025-08-11,BOM7-1210,CADEN_W9N,B09C89HZH5,CADeN Camera Backpack  Camera Bag Large DSLR SLR Mirrorless Waterproof with 15 6 Laptop Compartment   Tripod Holder  Compatible for Canon Nikon Sony D,1,5414.05,Shipment,Ernakulam,Shipment,5414.05,0.0,1,False,
2025-08-10,BOM5-1103,GP47_NEW,B0DRYJZ6VH,yantralay 360  Rotatable Camera Bike Mount Clamp Motorcycle Handlebar Pole Aluminium Mount for Insta360 X5 X4 X3  Ace Pro Pro2  Hero13 12 11 10 9 Osm,1,1308.53,Shipment,SANGLI MIRAJ KUPWAD,Shipment,1308.53,0.0,1,False,
2025-08-11,BOM5-1108,LGONEX4,B0F7RT4HGJ,yantralay 2Pcs Lens Guard for Insta 360 X4   Scratch Resistant Protective Lens Cover   High Transparency Optical Coated Cap   Insta 360 X4 Camera Acce,1,775.03,Shipment,adimali,Shipment,775.03,0.0,1,False,
2025-08-11,BOM7-1201,PS5_CC1_BLACK,B0BRJM4R9Q,yantralay PS 5 Carrying Case Bag for PS5 Console Gamepad  Controller  Headset  VR Play Statio n Accessories   Travel Bag   Black,1,2375.53,Shipment,BENGALURU,Shipment,2375.53,0.0,1,False,
2025-08-12,BOM7-1212,PS5_CC1_BLACK,B0BRJM4R9Q,yantralay PS 5 Carrying Case Bag for PS5 Console Gamepad  Controller  Headset  VR Play Statio n Accessories   Travel Bag   Black,1,2375.53,Shipment,RANIA,Shipment,2375.53,0.0,1,False,
2025-08-11,BOM7-1203,PS5_CC1_GREY,B0BRJMPHKL,yantralay PS5 Carrying Case Bag for PS5 Console Gamepad  Controller  Headset  VR Play Station Accessories   Travel Bag   Grey,1,2375.53,Shipment,KOLKATA,Shipment,2375.53,0.0,1,False,
2025-08-11,BOM5-1115,GP1620_TLS,B08S7D4LKH,yantralay Upgraded Helmet Chin Strap Mount for Hero 13 12 11 10 9 8 7 6 5  SJCAM  Insta 360   DJI Osmo Action 3   4   Adjustable   Secure Camera Moun,1,1260.03,Shipment,Guwahati,Shipment,1260.03,0.0,1,False,
2025-08-11,BOM7-1202,PS10_PS5PORTALCOMBO,B0DF2Z2X1Q,yantralay 6 in 1 Hard Carrying Case with Protective Cover for Play Station 5 Portal  Non Slip Soft Case Cover   Screen Protectors   Thumb Grips for PS,1,2113.63,Shipment,BASTI,Shipment,2113.63,0.0,1,False,
2025-08-11,BOM5-1114,GP1620_TLS,B08S7D4LKH,yantralay Upgraded Helmet Chin Strap Mount for Hero 13 12 11 10 9 8 7 6 5  SJCAM  Insta 360   DJI Osmo Action 3   4   Adjustable   Secure Camera Moun,1,1260.03,Shipment,BANSBERIA,Shipment,1260.03,0.0,1,False,
2025-08-11,BOM5-1122,LGONEX4,B0F7RT4HGJ,yantralay 2Pcs Lens Guard for Insta 360 X4   Scratch Resistant Protective Lens Cover   High Transparency Optical Coated Cap   Insta 360 X4 Camera Acce,1,775.03,Shipment,HYDERABAD,Shipment,775.03,0.0,1,False,
2025-08-12,PNQ3-474,GP47_NEW,B0DRYJZ6VH,yantralay 360  Rotatable Camera Bike Mount Clamp Motorcycle Handlebar Pole Aluminium Mount for Insta360 X5 X4 X3  Ace Pro Pro2  Hero13 12 11 10 9 Osm,1,1308.53,Shipment,BENGALURU,Shipment,1308.53,0.0,1,False,
2025-08-11,PNQ3-470,GP47_NEW,B0DRYJZ6VH,yantralay 360  Rotatable Camera Bike Mount Clamp Motorcycle Handlebar Pole Aluminium Mount for Insta360 X5 X4 X3  Ace Pro Pro2  Hero13 12 11 10 9 Osm,1,1308.53,Shipment,KARWAR,Shipment,1308.53,0.0,1,False,
2025-08-11,BOM5-1116,LGONEX4,B0F7RT4HGJ,yantralay 2Pcs Lens Guard for Insta 360 X4   Scratch Resistant Protective Lens Cover   High Transparency Optical Coated Cap   Insta 360 X4 Camera Acce,1,775.03,Shipment,SRINAGAR,Shipment,775.03,0.0,1,False,
2025-08-12,PNQ3-476,GP47_NEW,B0DRYJZ6VH,yantralay 360  Rotatable Camera Bike Mount Clamp Motorcycle Handlebar Pole Aluminium Mount for Insta360 X5 X4 X3  Ace Pro Pro2  Hero13 12 11 10 9 Osm,1,1308.53,Shipment,PUNE,Shipment,1308.53,0.0,1,False,
2025-08-10,BOM7-1193,CWATCUN_D125-OLIVEGREENN,B0D8HWN2JJ,Cwatcun Camera Backpack Bag Small Fashion DSLR Camera Bag with Tripod Strap Laptop Compartment and Removable Padded Dividers  Green  Small  Fashion,1,-3499.0,Refund,NOIDA,Refund,-3499.0,0.0,0,False,
2025-08-11,BOM7-1207,PS_CDRACK-GREEN,B0DWXXDCX6,yantralay Game Storage Tower for PS5 Xbox Series Switch   Holds 18 Game Discs with 4 Controller Holders   Gaming Desk Organizer   Stand  Green,1,-1745.03,Refund,THANE,Refund,-1745.03,0.0,0,False,
2025-08-12,BOM5-1127,GP10_ONEX4_STARTRC,B0DDXP86FQ,yantralay x Startr c Carrying Case for Insta 360 X4 X5  Portable PU Storage Protective Bag Travel Case for Insta 360 X4 X5 Accessories with Large Capa,1,1628.63,Shipment,BENGALURU,Shipment,1628.63,0.0,1,False,
2025-08-12,BOM5-1125,CADEN_D17N,B0829MQ79Z,CADeN D17 Camera Shoulder Backpack,1,3078.0,Shipment,NOIDA,Shipment,3078.0,0.0,1,False,
2025-08-12,BOM5-1126,GP47_NEW,B0DRYJZ6VH,yantralay 360  Rotatable Camera Bike Mount Clamp Motorcycle Handlebar Pole Aluminium Mount for Insta360 X5 X4 X3  Ace Pro Pro2  Hero13 12 11 10 9 Osm,1,1308.53,Shipment,BENGALURU,Shipment,1308.53,0.0,1,False,
2025-08-12,BOM5-1133,DA31,B0CGDMJ882,Yantralay DSLR Battery Pouch   Portable Waterproof Bag for lp e6 e8 e10 e12 en el14 el15 fw50 f550 Batteries   Convenient Access Design   Compact and,3,1392.21,Shipment,UDAIPUR,Shipment,1392.21,0.0,3,False,
2025-08-12,BOM7-1218,PS5SLIM_CC1_GREY,B0DDQFP6NL,yantralay Carrying case for PS 5 Slim Console Gamepad Controller Headphone VR Travel Bag  Playstatio n 5 Slim Accessories   Grey,1,2230.03,Shipment,BENGALURU,Shipment,2230.03,0.0,1,False,
2025-08-11,BOM5-1118,GP47_NEW,B0DRYJZ6VH,yantralay 360  Rotatable Camera Bike Mount Clamp Motorcycle Handlebar Pole Aluminium Mount for Insta360 X5 X4 X3  Ace Pro Pro2  Hero13 12 11 10 9 Osm,1,1308.53,Shipment,Mumbai,Shipment,1308.53,0.0,1,False,
2025-08-11,BOM5-1117,GP47_NEW,B0DRYJZ6VH,yantralay 360  Rotatable Camera Bike Mount Clamp Motorcycle Handlebar Pole Aluminium Mount for Insta360 X5 X4 X3  Ace Pro Pro2  Hero13 12 11 10 9 Osm,1,1308.53,Shipment,RAIPUR,Shipment,1308.53,0.0,1,False,
2025-08-12,BOM5-1131,GP47_NEW,B0DRYJZ6VH,yantralay 360  Rotatable Camera Bike Mount Clamp Motorcycle Handlebar Pole Aluminium Mount for Insta360 X5 X4 X3  Ace Pro Pro2  Hero13 12 11 10 9 Osm,1,1308.53,Shipment,CHERTHALA,Shipment,1308.53,0.0,1,False,
2025-08-12,BOM5-1128,GP1620_TLS,B08S7D4LKH,yantralay Upgraded Helmet Chin Strap Mount for Hero 13 12 11 10 9 8 7 6 5  SJCAM  Insta 360   DJI Osmo Action 3   4   Adjustable   Secure Camera Moun,1,1260.03,Shipment,KOLKATA,Shipment,1260.03,0.0,1,False,
2025-08-03,IN-165,ACFRAMEONEX5_AL,B0FJG46XCP,Yantralay Accessories for Insta 360 X5   Aluminum Frame  Charger  Lens Guard  Screen Guard  Lens Cap  Silicone Cover  X5 Aluminium Frame,1,-3719.07,Refund,Edappally,Refund,-3719.07,0.0,0,False,
2025-08-12,PNQ3-475,MP_OA5,B0F9X1YNVL,yantralay Camera Lavalier Clip on Type C Microphone for DJ I Action 3 4 Collar Clip Microphone  Without Need of Mic Adapter  1 5M Cable Length   Black,1,1454.03,Shipment,GURUGRAM,Shipment,1454.03,0.0,1,False,
2025-08-11,BOM5-1113,GP46-M,B0F91GXT2N,yantralay Double Clamp Mount Bracket with 1 4  Ball Head for GoPro  Insta 360 X2 X3  Action Cameras   Handlebar  Motorcycle  Bicycle  Selfie Stick  St,1,1745.03,Shipment,Sikar,Shipment,1745.03,0.0,1,False,
2025-08-12,BOM7-1215,GP10_OM6_SLF,B0BWWQDCY7,yantralay Polyester Carry Case For Dji Osmo Mobile 6  Om6 Gimbal Accessories   Premium Pu Shockproof Material  Dual Zipper  Portable   Lightweight Har,1,1260.03,Shipment,AHMEDABAD,Shipment,1260.03,0.0,1,False,
2025-08-12,BOM7-1217,GP10_RS4_STARTRC,B0DB1TQPH3,yantralay Portable Carrying Storage Case for DJ I Ronin RS4   RS4 Pro Gimbal EVA Handbag Travel Handheld Shoulder Bag  Grey,1,2763.53,Shipment,Thane,Shipment,2763.53,0.0,1,False,
2025-08-12,PNQ3-479,PS2_BLUE,B0BL1H24P4,yantralay Controller Gamepad Carry Case   Ultimate Protection Compatible for PS5 PS4 PS3 Switch Pro Xbox Joysticks Waterproof  Scratch Protection  Dur,1,484.03,Shipment,Aurangabad,Shipment,484.03,0.0,1,False,
2025-08-12,BOM7-1213,GP46-L,B0F91GCRP4,yantralay Double Clamp Mount Bracket with 1 4  Ball Head for Go Pro 13 12 11  Insta 360 X5 X4 X3 Handlebar  Motorcycle  Bicycle  Selfie Stick  Studio,1,1842.03,Shipment,VARANASI,Shipment,1842.03,0.0,1,False,
2025-08-12,PNQ3-481,GP47_NEW,B0DRYJZ6VH,yantralay 360  Rotatable Camera Bike Mount Clamp Motorcycle Handlebar Pole Aluminium Mount for Insta360 X5 X4 X3  Ace Pro Pro2  Hero13 12 11 10 9 Osm,1,1308.53,Shipment,CHENNAI,Shipment,1308.53,0.0,1,False,
2025-08-12,NAN,GP47_NEW,B0DRYJZ6VH,nan,1,0.0,Cancel,Chennai,Cancel,0.0,0.0,0,False,
2025-08-12,BOM7-1216,PS5_CC1_BLACK,B0BRJM4R9Q,yantralay PS 5 Carrying Case Bag for PS5 Console Gamepad  Controller  Headset  VR Play Statio n Accessories   Travel Bag   Black,1,2474.53,Shipment,MUMBAI,Shipment,2474.53,0.0,1,False,
2025-08-12,BOM5-1139,GP47_NEW,B0DRYJZ6VH,yantralay 360  Rotatable Camera Bike Mount Clamp Motorcycle Handlebar Pole Aluminium Mount for Insta360 X5 X4 X3  Ace Pro Pro2  Hero13 12 11 10 9 Osm,1,1308.53,Shipment,GREATER NOIDA,Shipment,1308.53,0.0,1,False,
2025-08-12,BOM5-1132,GP46-M_GP46-S_GP25_150CMS,B0F99WWGGT,yantralay Motorcycle Handlebar Clamp Kit with Dual Clamp Mounts   Invisible Selfie Stick for Insta 360 X4 X3 X2 One RS GO 3   Bike Action Camera Mount,1,4364.03,Shipment,GURUGRAM,Shipment,4364.03,0.0,1,False,
2025-08-12,PNQ3-480,GP47_NEW,B0DRYJZ6VH,yantralay 360  Rotatable Camera Bike Mount Clamp Motorcycle Handlebar Pole Aluminium Mount for Insta360 X5 X4 X3  Ace Pro Pro2  Hero13 12 11 10 9 Osm,1,1308.53,Shipment,BENGALURU,Shipment,1308.53,0.0,1,False,
2025-08-12,BOM5-1138,GP47_NEW,B0DRYJZ6VH,yantralay 360  Rotatable Camera Bike Mount Clamp Motorcycle Handlebar Pole Aluminium Mount for Insta360 X5 X4 X3  Ace Pro Pro2  Hero13 12 11 10 9 Osm,1,1308.53,Shipment,VADODARA,Shipment,1308.53,0.0,1,False,
2025-08-12,BOM7-1219,PS5_CC1_BLACK,B0BRJM4R9Q,yantralay PS 5 Carrying Case Bag for PS5 Console Gamepad  Controller  Headset  VR Play Statio n Accessories   Travel Bag   Black,1,2375.53,Shipment,GURUGRAM,Shipment,2375.53,0.0,1,False,
2025-08-12,PNQ3-482,GP47_NEW,B0DRYJZ6VH,yantralay 360  Rotatable Camera Bike Mount Clamp Motorcycle Handlebar Pole Aluminium Mount for Insta360 X5 X4 X3  Ace Pro Pro2  Hero13 12 11 10 9 Osm,1,1308.53,Shipment,Chennai,Shipment,1308.53,0.0,1,False,
2025-08-12,PNQ3-483,GP12,B0D7BZ38X8,yantralay Aluminium Car Suction Mount 360  Rotatable for Insta 360 X4 X3 X2  Ace Pro ONE R RS  Hero 13 12 11 10 9 8 7  DJI Osmo Action Series   All O,1,1318.23,Shipment,PIMPRI CHINCHWAD,Shipment,1318.23,0.0,1,False,
2025-08-12,PNQ3-477,ACFRAMEOP3_STARTRCN,B0CR1C9243,STARTRC OSMO Pocket 3 360  Rotation Backpack Clip Mount Shoulder Strap Accessories for DJI Pocket 3 OSMO Pocket 3 Action Cameras,1,1710.11,Shipment,PUNE,Shipment,1710.11,0.0,1,False,
2025-08-12,BOM7-1214,GP46-M_GP46-S_GP25_150CMS,B0F99WWGGT,yantralay Motorcycle Handlebar Clamp Kit with Dual Clamp Mounts   Invisible Selfie Stick for Insta 360 X4 X3 X2 One RS GO 3   Bike Action Camera Mount,1,4364.03,Shipment,RAIPUR,Shipment,4364.03,0.0,1,False,
2025-08-12,BOM7-1221,PS5_CC1_BLACK,B0BRJM4R9Q,yantralay PS 5 Carrying Case Bag for PS5 Console Gamepad  Controller  Headset  VR Play Statio n Accessories   Travel Bag   Black,1,2375.53,Shipment,HYDERABAD,Shipment,2375.53,0.0,1,False,
2025-08-12,PNQ3-478,GP1620_TLS,B08S7D4LKH,yantralay Upgraded Helmet Chin Strap Mount for Hero 13 12 11 10 9 8 7 6 5  SJCAM  Insta 360   DJI Osmo Action 3   4   Adjustable   Secure Camera Moun,1,1260.03,Shipment,Pune,Shipment,1260.03,0.0,1,False,
2025-08-12,BOM7-1220,PS_CDRACK-BLACK,B0DWXZ4PH8,yantralay Game Storage Tower for PS5 Xbox Series Switch   Holds 18 Game Discs with 4 Controller Holders   Gaming Desk Organizer   Stand   Black,1,1745.03,Shipment,THANE,Shipment,1745.03,0.0,1,False,
2025-08-12,BOM5-1143,GP45-M,B0F88CFJN2,yantralay Magnetic Camera Mount for Hero 13 12 11 10 9  Insta360 X5 X4 X3  Action 4 5  Osmo Pocket 3   360  Quick Release Car Holder  Heavy Duty Magn,1,1599.53,Shipment,THANE,Shipment,1599.53,0.0,1,False,
2025-08-11,BOM5-1121,IN28_X5,B0F9KX96CY,yantralay Insta 360 X4 X5 Camera Mount Stand Base   Silicone Non Slip Desktop Bracket for Insta 360 X4   X5   Lightweight  Compact   Stable,1,474.33,Shipment,PUNE,Shipment,474.33,0.0,1,False,
2025-08-12,PNQ3-485,SGONEX4-2_LGONEX4,B0F8VRR8JY,yantralay Insta 360 X4 Lens Guard   Screen Protector Combo Kit   Lens Covers   Anti Scratch  Tempered Glass Screen   Insta 360 X4 Accessories,1,1260.03,Shipment,Pune,Shipment,1260.03,0.0,1,False,
2025-08-12,PNQ3-484,GP47_NEW,B0DRYJZ6VH,yantralay 360  Rotatable Camera Bike Mount Clamp Motorcycle Handlebar Pole Aluminium Mount for Insta360 X5 X4 X3  Ace Pro Pro2  Hero13 12 11 10 9 Osm,1,1308.53,Shipment,BENGALURU,Shipment,1308.53,0.0,1,False,
2025-08-12,BOM5-1135,GP47_NEW,B0DRYJZ6VH,yantralay 360  Rotatable Camera Bike Mount Clamp Motorcycle Handlebar Pole Aluminium Mount for Insta360 X5 X4 X3  Ace Pro Pro2  Hero13 12 11 10 9 Osm,1,1308.53,Shipment,UDUPI,Shipment,1308.53,0.0,1,False,
2025-08-13,BOM5-1148,PS1,B0BJBL1XBS,yantralay Polyester Dual Controller Hard Carry Case Compatible With Ps5 Ps4 Xbox Ipega Controllers   3 Layer Protection Travel Carry Case   Grey,1,949.63,Shipment,Gurugram,Shipment,949.63,0.0,1,False,
2025-08-05,BOM7-1134,PS5_CC1_GREY,B0BRJMPHKL,yantralay PS5 Carrying Case Bag for PS5 Console Gamepad  Controller  Headset  VR Play Station Accessories   Travel Bag   Grey,1,-2375.53,Refund,CHENNAI,Refund,-2375.53,0.0,0,False,
2025-08-13,BOM5-1147,GP47_NEW,B0DRYJZ6VH,yantralay 360  Rotatable Camera Bike Mount Clamp Motorcycle Handlebar Pole Aluminium Mount for Insta360 X5 X4 X3  Ace Pro Pro2  Hero13 12 11 10 9 Osm,1,1308.53,Shipment,THRISSUR,Shipment,1308.53,0.0,1,False,
2025-08-12,BOM5-1140,GP47_NEW,B0DRYJZ6VH,yantralay 360  Rotatable Camera Bike Mount Clamp Motorcycle Handlebar Pole Aluminium Mount for Insta360 X5 X4 X3  Ace Pro Pro2  Hero13 12 11 10 9 Osm,1,1308.53,Shipment,PATAN,Shipment,1308.53,0.0,1,False,
2025-08-12,BOM5-1124,ACCHARGERGP13_3_AMG,B0DZJVT4TX,Yantralay 3 Channel Battery Charger for GoPro Hero 13 Black   Fast Charging Hub  Fully Compatible with Original GoPro Hero 13 Batteries  Portable GoPr,1,1357.03,Shipment,BENGALURU,Shipment,1357.03,0.0,1,False,
2025-08-12,BOM5-1136,GP47_NEW,B0DRYJZ6VH,yantralay 360  Rotatable Camera Bike Mount Clamp Motorcycle Handlebar Pole Aluminium Mount for Insta360 X5 X4 X3  Ace Pro Pro2  Hero13 12 11 10 9 Osm,1,1308.53,Shipment,PHILLAUR,Shipment,1308.53,0.0,1,False,
2025-08-13,PNQ3-487,DA34,B0DQQ96VMF,yantralay Handheld Adapter for Wireless Interview with Foam Windshield   Reduce Wind Noise  Compatible with Digite k DWM 101  DJI MIC MIC2  Rode Rode,1,678.03,Shipment,HYDERABAD,Shipment,678.03,0.0,1,False,
2025-08-12,BOM5-1142,GP45-S,B0F88FL4CN,yantralay Magnetic Camera Mount for Hero 13 12 11 10 9  Insta360 X5 X4 X3  Action 4 5  Osmo Pocket 3   360  Quick Release Car Holder  Heavy Duty Magn,1,1502.53,Shipment,Vallachira,Shipment,1502.53,0.0,1,False,
2025-08-13,BOM7-1227,ACCHARGERGP13_CD_AMG,B0DZVVQPKD,Yantralay 3 Channel Fast Charging Box Battery Charger for GoPro Hero 13 Black   Compatible with Original GoPro Hero 13 Batteries  Portable GoPro Hero,1,2181.53,Shipment,MUMBAI,Shipment,2181.53,0.0,1,False,
2025-08-12,BOM5-1141,GP1620_TLS,B08S7D4LKH,yantralay Upgraded Helmet Chin Strap Mount for Hero 13 12 11 10 9 8 7 6 5  SJCAM  Insta 360   DJI Osmo Action 3   4   Adjustable   Secure Camera Moun,1,1319.03,Shipment,SOUTH DELHI,Shipment,1319.03,0.0,1,False,
2025-08-13,BOM7-1229,PS2_WHITE,B0C46XWQRT,yantralay Controller Gamepad Carry Case   Ultimate Protection Compatible for PS5 PS4 PS3 Switch Pro Xbox Joysticks Waterproof  Scratch Protection  Dur,1,532.53,Shipment,NEW DELHI,Shipment,532.53,0.0,1,False,
2025-08-12,BOM5-1144,GP49,B0D456N4QM,yantralay Motorcycle Bike Bicycle Handlebar Mount Clamps with 1 4  Screw Compatible 8 35mm for Gopro Hero 13 12 11 10 9 Max Insta360 ONE X5 X4 X3  ONE,1,920.53,Shipment,delhi,Shipment,920.53,0.0,1,False,
2025-08-13,BOM5-1157,GP10_RS4_STARTRC,B0DB1TQPH3,yantralay Portable Carrying Storage Case for DJ I Ronin RS4   RS4 Pro Gimbal EVA Handbag Travel Handheld Shoulder Bag  Grey,1,2763.53,Shipment,Ambepur,Shipment,2763.53,0.0,1,False,
2025-08-12,BOM5-1123,LGONEX4,B0F7RT4HGJ,yantralay 2Pcs Lens Guard for Insta 360 X4   Scratch Resistant Protective Lens Cover   High Transparency Optical Coated Cap   Insta 360 X4 Camera Acce,1,775.03,Shipment,NARPALA,Shipment,775.03,0.0,1,False,
2025-08-13,BOM7-1224,PS5_CC1_BLACK,B0BRJM4R9Q,yantralay PS 5 Carrying Case Bag for PS5 Console Gamepad  Controller  Headset  VR Play Statio n Accessories   Travel Bag   Black,1,2375.53,Shipment,HOSHIARPUR,Shipment,2375.53,0.0,1,False,
2025-08-13,BOM7-1225,PS5_CC1_GREY,B0BRJMPHKL,yantralay PS5 Carrying Case Bag for PS5 Console Gamepad  Controller  Headset  VR Play Station Accessories   Travel Bag   Grey,1,2375.53,Shipment,BENGALURU,Shipment,2375.53,0.0,1,False,
2025-08-13,PNQ3-486,MP_OA5,B0F9X1YNVL,yantralay Camera Lavalier Clip on Type C Microphone for DJ I Action 3 4 Collar Clip Microphone  Without Need of Mic Adapter  1 5M Cable Length   Black,1,1454.03,Shipment,DELHI,Shipment,1454.03,0.0,1,False,
2025-08-13,BOM7-1223,LGONEX4_PREMIUM,B0DZ13Z8RF,yantralay Lens Protector for Insta360 X4  Removable Optical Glass Lens   Anti Scratch  Insta 360 X4 Accessories,1,2521.03,Shipment,PUNE,Shipment,2521.03,0.0,1,False,
2025-08-13,BOM7-1228,ND_AVATA2_STARTRC,B0DX7CQYH1,Yantralay x Start rc 4 Pack ND8 ND16 ND32 ND64 Filter Compatible with DJI Avata 2  Neutral Density Camera Lens ND Filter,1,3297.03,Shipment,ERNAKULAM,Shipment,3297.03,0.0,1,False,
2025-08-12,IN-182,GP2KIT,B0F9WK57XQ,yantralay Phone Chest Mount Strap Harness for iPhone 16  Samsung  Xiaomi  Go Pro Hero 13 12 11 10 9 8 7  Action Cameras   DJ I Os mo   Mobile Holder B,1,532.53,Shipment,Abu Road,Shipment,532.53,0.0,1,False,
2025-08-12,IN-183,GP2KIT,B0F9WK57XQ,yantralay Phone Chest Mount Strap Harness for iPhone 16  Samsung  Xiaomi  Go Pro Hero 13 12 11 10 9 8 7  Action Cameras   DJ I Os mo   Mobile Holder B,1,532.53,Shipment,DOIWALA,Shipment,532.53,0.0,1,False,
2025-08-13,BOM7-1226,GP12,B0D7BZ38X8,yantralay Aluminium Car Suction Mount 360  Rotatable for Insta 360 X4 X3 X2  Ace Pro ONE R RS  Hero 13 12 11 10 9 8 7  DJI Osmo Action Series   All O,1,1318.23,Shipment,Mumbai,Shipment,1318.23,0.0,1,False,
2025-08-13,BOM5-1145,ACCHARGERGP13_3_AMG,B0DZJVT4TX,Yantralay 3 Channel Battery Charger for GoPro Hero 13 Black   Fast Charging Hub  Fully Compatible with Original GoPro Hero 13 Batteries  Portable GoPr,1,0.0,FreeReplacement,GURGAON,FreeReplacement,0.0,0.0,0,True,
2025-08-13,BOM5-1152,GP47_NEW,B0DRYJZ6VH,yantralay 360  Rotatable Camera Bike Mount Clamp Motorcycle Handlebar Pole Aluminium Mount for Insta360 X5 X4 X3  Ace Pro Pro2  Hero13 12 11 10 9 Osm,1,1308.53,Shipment,JAIPUR,Shipment,1308.53,0.0,1,False,
2025-08-13,NAN,GP47_NEW,B0DRYJZ6VH,nan,1,0.0,Cancel,BENGALURU,Cancel,0.0,0.0,0,False,
2025-08-12,BOM5-1137,GP47_NEW,B0DRYJZ6VH,yantralay 360  Rotatable Camera Bike Mount Clamp Motorcycle Handlebar Pole Aluminium Mount for Insta360 X5 X4 X3  Ace Pro Pro2  Hero13 12 11 10 9 Osm,1,1308.53,Shipment,CHANDI MANDIR,Shipment,1308.53,0.0,1,False,
2025-08-13,BOM5-1146,LGONEX4,B0F7RT4HGJ,yantralay 2Pcs Lens Guard for Insta 360 X4   Scratch Resistant Protective Lens Cover   High Transparency Optical Coated Cap   Insta 360 X4 Camera Acce,1,775.03,Shipment,IMPHAL,Shipment,775.03,0.0,1,False,
2025-08-13,BOM5-1154,GP46-S,B0F91G6H93,yantralay Double Clamp Mount Bracket with 1 4  Ball Head for GoPro  Insta 360 X2 X3  Action Cameras   Handlebar  Motorcycle  Bicycle  Selfie Stick  St,1,1648.03,Shipment,Thane,Shipment,1648.03,0.0,1,False,
2025-08-13,BOM7-1230,PS2_RED,B0BL1HF4NJ,yantralay Nylon Controller Gamepad Carry Case   Ultimate Protection Compatible For PS5 PS4 PS3 Switch Pro Xbox Joysticks Waterproof  Scratch Protectio,1,484.03,Shipment,SURAT,Shipment,484.03,0.0,1,False,
2025-08-13,BOM7-1231,GP28COMBO_X3N,B0BY8178B6,PellKing Camera Protective Accessories Kit for Insta360 X3  Inst 360 X3 Bundle Include Lens Guard Silicone Protective Cover Screen Protectors Camera C,1,1114.53,Shipment,BENGALURU,Shipment,1114.53,0.0,1,False,
2025-08-13,BOM5-1150,GP12,B0D7BZ38X8,yantralay Aluminium Car Suction Mount 360  Rotatable for Insta 360 X4 X3 X2  Ace Pro ONE R RS  Hero 13 12 11 10 9 8 7  DJI Osmo Action Series   All O,1,1318.23,Shipment,MUMBAI,Shipment,1318.23,0.0,1,False,
2025-08-13,BOM5-1149,GP47_NEW,B0DRYJZ6VH,yantralay 360  Rotatable Camera Bike Mount Clamp Motorcycle Handlebar Pole Aluminium Mount for Insta360 X5 X4 X3  Ace Pro Pro2  Hero13 12 11 10 9 Osm,1,1308.53,Shipment,MUMBAI,Shipment,1308.53,0.0,1,False,
2025-08-13,BOM7-1232,ND_AVATA2_STARTRC,B0DX7CQYH1,Yantralay x Start rc 4 Pack ND8 ND16 ND32 ND64 Filter Compatible with DJI Avata 2  Neutral Density Camera Lens ND Filter,1,3297.03,Shipment,GURUGRAM,Shipment,3297.03,0.0,1,False,
2025-08-13,BOM5-1162,GP47_NEW,B0DRYJZ6VH,yantralay 360  Rotatable Camera Bike Mount Clamp Motorcycle Handlebar Pole Aluminium Mount for Insta360 X5 X4 X3  Ace Pro Pro2  Hero13 12 11 10 9 Osm,1,1308.53,Shipment,BENGALURU,Shipment,1308.53,0.0,1,False,
2025-08-13,BOM5-1161,MP_ONEX4,B0F9X132RD,yantralay Camera Lavalier Clip on Type C Microphone for Insta 360 X4 Collar Clip Microphone  Without Need of Mic Adapter  1 5M Cable Length   Black  I,1,1454.03,Shipment,NAGPUR,Shipment,1454.03,0.0,1,False,
2025-08-13,BOM5-1156,ACCHARGERGP5_3,B08LYVPLR9,Yantralay 3 Channel AHDBT 501 Battery Charger for Hero 5 6 7   8 Black Action Camera   USB Cable Included   Fast Charging Dock,1,798.31,Shipment,Mumbai,Shipment,798.31,0.0,1,False,
2025-08-13,BOM5-1167,GP47_NEW,B0DRYJZ6VH,yantralay 360  Rotatable Camera Bike Mount Clamp Motorcycle Handlebar Pole Aluminium Mount for Insta360 X5 X4 X3  Ace Pro Pro2  Hero13 12 11 10 9 Osm,1,1308.53,Shipment,LUCKNOW,Shipment,1308.53,0.0,1,False,
2025-08-07,BOM7-1149,PS1,B0BJBL1XBS,yantralay Polyester Dual Controller Hard Carry Case Compatible With Ps5 Ps4 Xbox Ipega Controllers   3 Layer Protection Travel Carry Case   Grey,1,-833.23,Refund,PIMPRI CHINCHWAD,Refund,-833.23,0.0,0,False,
2025-08-13,BOM5-1166,LGONEX4,B0F7RT4HGJ,yantralay 2Pcs Lens Guard for Insta 360 X4   Scratch Resistant Protective Lens Cover   High Transparency Optical Coated Cap   Insta 360 X4 Camera Acce,1,775.03,Shipment,LUDHIANA,Shipment,775.03,0.0,1,False,
2025-08-13,BOM5-1153,GP10_OA3,B0DMSYR199,yantralay Carrying Case for DJ I Os mo Action 5 Pro Action 4  Action 3 Cameras  Storage Bag Case with Shoulder Strap  DJ I Osm o Action Camera Accesso,1,1357.03,Shipment,MUMBAI,Shipment,1357.03,0.0,1,False,
2025-08-13,BOM7-1237,MP_OA5,B0F9X1YNVL,yantralay Camera Lavalier Clip on Type C Microphone for DJ I Action 3 4 Collar Clip Microphone  Without Need of Mic Adapter  1 5M Cable Length   Black,1,1533.03,Shipment,PADAGHA,Shipment,1533.03,0.0,1,False,
2025-08-13,BOM7-1234,PS5_CC1_BLACK,B0BRJM4R9Q,yantralay PS 5 Carrying Case Bag for PS5 Console Gamepad  Controller  Headset  VR Play Statio n Accessories   Travel Bag   Black,1,2375.53,Shipment,VADODARA,Shipment,2375.53,0.0,1,False,
2025-08-13,BOM5-1164,PS10_OLEDCOMBO_GREEN,B0DJFLRGQF,yantralay 4 in 1 Carrying Case Pouch with Protective Cover for Nintendo Switch OLED  Non Slip Soft Case Cover  Screen Protectors   Thumb Grips for Swi,1,1163.03,Shipment,FARIDKOT,Shipment,1163.03,0.0,1,False,
2025-08-13,BOM5-1172,CADEN_D13-LN,B09LGYT7WV,CADeN Camera Bag Case Shoulder Messenger Bag with Tripod Holder Compatible for Nikon  Canon  Sony  DSLR SLR Mirrorless Cameras       Waterproof,1,2899.0,Shipment,MUMBAI,Shipment,2899.0,0.0,1,False,
2025-08-13,BOM5-1173,GP47_NEW,B0DRYJZ6VH,yantralay 360  Rotatable Camera Bike Mount Clamp Motorcycle Handlebar Pole Aluminium Mount for Insta360 X5 X4 X3  Ace Pro Pro2  Hero13 12 11 10 9 Osm,1,1308.53,Shipment,GURUGRAM,Shipment,1308.53,0.0,1,False,
2025-08-13,BOM5-1169,LM1_OA3,B0DRW3QS3C,nan,1,0.0,Cancel,PUNE,Cancel,0.0,0.0,0,False,
2025-08-13,BOM7-1233,PS1,B0BJBL1XBS,yantralay Polyester Dual Controller Hard Carry Case Compatible With Ps5 Ps4 Xbox Ipega Controllers   3 Layer Protection Travel Carry Case   Grey,1,949.63,Shipment,NAVI MUMBAI,Shipment,949.63,0.0,1,False,
2025-08-13,BOM5-1168,GP10_RS4_STARTRC,B0DB1TQPH3,yantralay Portable Carrying Storage Case for DJ I Ronin RS4   RS4 Pro Gimbal EVA Handbag Travel Handheld Shoulder Bag  Grey,1,2763.53,Shipment,AMBEPUR,Shipment,2763.53,0.0,1,False,
2025-08-13,BOM7-1222,PS5_CC1_GREY,B0BRJMPHKL,yantralay PS5 Carrying Case Bag for PS5 Console Gamepad  Controller  Headset  VR Play Station Accessories   Travel Bag   Grey,1,2375.53,Shipment,ERAVATTUR,Shipment,2375.53,0.0,1,False,
2025-08-13,BOM5-1163,GP47_NEW,B0DRYJZ6VH,yantralay 360  Rotatable Camera Bike Mount Clamp Motorcycle Handlebar Pole Aluminium Mount for Insta360 X5 X4 X3  Ace Pro Pro2  Hero13 12 11 10 9 Osm,1,1367.53,Shipment,KALYAN,Shipment,1367.53,0.0,1,False,
2025-08-13,BOM5-1175,GP47_NEW,B0DRYJZ6VH,yantralay 360  Rotatable Camera Bike Mount Clamp Motorcycle Handlebar Pole Aluminium Mount for Insta360 X5 X4 X3  Ace Pro Pro2  Hero13 12 11 10 9 Osm,1,1308.53,Shipment,MUMBAI,Shipment,1308.53,0.0,1,False,
2025-08-13,BOM7-1240,PS5_CC1_BLACK,B0BRJM4R9Q,yantralay PS 5 Carrying Case Bag for PS5 Console Gamepad  Controller  Headset  VR Play Statio n Accessories   Travel Bag   Black,1,2375.53,Shipment,MUMBAI,Shipment,2375.53,0.0,1,False,
2025-08-13,BOM7-1239,GP28COMBO_X3N,B0BY8178B6,PellKing Camera Protective Accessories Kit for Insta360 X3  Inst 360 X3 Bundle Include Lens Guard Silicone Protective Cover Screen Protectors Camera C,1,1114.53,Shipment,Mumbai,Shipment,1114.53,0.0,1,False,
2025-08-13,BOM5-1159,GP47_NEW,B0DRYJZ6VH,yantralay 360  Rotatable Camera Bike Mount Clamp Motorcycle Handlebar Pole Aluminium Mount for Insta360 X5 X4 X3  Ace Pro Pro2  Hero13 12 11 10 9 Osm,1,1308.53,Shipment,Kamalwaganja,Shipment,1308.53,0.0,1,False,
2025-08-13,BOM7-1238,SHOTGRIP_TLS,B0FCSFYHRJ,yantralay x Teles in ShotGrip   Magnetic Camera Grip with Wireless Shutter for Phone 16 15 14 13  Android  1 4  Tripod Mount Compatible  DSLR Style Cr,1,2375.53,Shipment,HARUR,Shipment,2375.53,0.0,1,False,
2025-08-13,BOM5-1176,GP46-L,B0F91GCRP4,yantralay Double Clamp Mount Bracket with 1 4  Ball Head for Go Pro 13 12 11  Insta 360 X5 X4 X3 Handlebar  Motorcycle  Bicycle  Selfie Stick  Studio,1,1842.03,Shipment,MUMBAI,Shipment,1842.03,0.0,1,False,
2025-08-13,BOM7-1236,PS10_PS5PORTALCOMBO,B0DF2Z2X1Q,yantralay 6 in 1 Hard Carrying Case with Protective Cover for Play Station 5 Portal  Non Slip Soft Case Cover   Screen Protectors   Thumb Grips for PS,1,0.0,FreeReplacement,Noida,FreeReplacement,0.0,0.0,0,True,
2025-08-14,BOM5-1178,GP45-M,B0F88CFJN2,yantralay Magnetic Camera Mount for Hero 13 12 11 10 9  Insta360 X5 X4 X3  Action 4 5  Osmo Pocket 3   360  Quick Release Car Holder  Heavy Duty Magn,1,1599.53,Shipment,DEBAGARH,Shipment,1599.53,0.0,1,False,
2025-08-13,PNQ3-488,GP162TELESINN,B07G5XWJJM,TELESIN Motorcycle Helmet Strap Mount Front Chin Mount for GoPro Hero 2018 7 6 5 4 3  Session  SJCAM  AKASO  Campark  Polaroid  YI Action Camera Helme,1,770.18,Shipment,BHARUCH,Shipment,770.18,0.0,1,False,
2025-08-13,BOM7-1235,GP10_OM7P_STARTRC,B0F2J6Z8WT,yantralay Osmo Mobile 7P Case Portable PU Shoulder Bag for DJI OM 7 Pro 7 Gimbal Stabilizer Travel Case for DJI Osmo Mobile 7 7P,1,1260.03,Shipment,SANGOLE,Shipment,1260.03,0.0,1,False,
2025-08-14,BOM5-1179,GP47_NEW,B0DRYJZ6VH,yantralay 360  Rotatable Camera Bike Mount Clamp Motorcycle Handlebar Pole Aluminium Mount for Insta360 X5 X4 X3  Ace Pro Pro2  Hero13 12 11 10 9 Osm,1,1308.53,Shipment,mandsaur,Shipment,1308.53,0.0,1,False,
2025-08-14,BOM5-1177,GP47_NEW,B0DRYJZ6VH,yantralay 360  Rotatable Camera Bike Mount Clamp Motorcycle Handlebar Pole Aluminium Mount for Insta360 X5 X4 X3  Ace Pro Pro2  Hero13 12 11 10 9 Osm,1,1308.53,Shipment,Hyderabad,Shipment,1308.53,0.0,1,False,
2025-08-13,BOM5-1158,PS1,B0BJBL1XBS,yantralay Polyester Dual Controller Hard Carry Case Compatible With Ps5 Ps4 Xbox Ipega Controllers   3 Layer Protection Travel Carry Case   Grey,1,949.63,Shipment,GUWAHATI,Shipment,949.63,0.0,1,False,
2025-08-13,BOM5-1171,LGONEX4,B0F7RT4HGJ,yantralay 2Pcs Lens Guard for Insta 360 X4   Scratch Resistant Protective Lens Cover   High Transparency Optical Coated Cap   Insta 360 X4 Camera Acce,1,775.03,Shipment,THANE,Shipment,775.03,0.0,1,False,
2025-08-13,BOM5-1170,GP47_NEW,B0DRYJZ6VH,yantralay 360  Rotatable Camera Bike Mount Clamp Motorcycle Handlebar Pole Aluminium Mount for Insta360 X5 X4 X3  Ace Pro Pro2  Hero13 12 11 10 9 Osm,1,1308.53,Shipment,GHAZIABAD,Shipment,1308.53,0.0,1,False,
2025-08-13,BOM5-1174,GP47_NEW,B0DRYJZ6VH,yantralay 360  Rotatable Camera Bike Mount Clamp Motorcycle Handlebar Pole Aluminium Mount for Insta360 X5 X4 X3  Ace Pro Pro2  Hero13 12 11 10 9 Osm,1,1308.53,Shipment,AKLUJ,Shipment,1308.53,0.0,1,False,
2025-08-09,BOM7-1184,GP49,B0D456N4QM,yantralay Motorcycle Bike Bicycle Handlebar Mount Clamps with 1 4  Screw Compatible 8 35mm for Gopro Hero 13 12 11 10 9 Max Insta360 ONE X5 X4 X3  ONE,1,-920.53,Refund,GANDHINAGAR,Refund,-920.53,0.0,0,False,
2025-08-14,BOM7-1243,GP10_OM7P_STARTRC,B0F2J6Z8WT,yantralay Osmo Mobile 7P Case Portable PU Shoulder Bag for DJI OM 7 Pro 7 Gimbal Stabilizer Travel Case for DJI Osmo Mobile 7 7P,1,1260.03,Shipment,Jorhat,Shipment,1260.03,0.0,1,False,
2025-08-14,BOM7-1242,PS5_CC1_GREY,B0BRJMPHKL,yantralay PS5 Carrying Case Bag for PS5 Console Gamepad  Controller  Headset  VR Play Station Accessories   Travel Bag   Grey,1,2375.53,Shipment,KARNAL,Shipment,2375.53,0.0,1,False,
2025-08-14,BOM7-1244,PS5_CC1_GREY,B0BRJMPHKL,yantralay PS5 Carrying Case Bag for PS5 Console Gamepad  Controller  Headset  VR Play Station Accessories   Travel Bag   Grey,1,2375.53,Shipment,BENGALURU,Shipment,2375.53,0.0,1,False,
2025-08-14,PNQ3-489,GP47_NEW,B0DRYJZ6VH,yantralay 360  Rotatable Camera Bike Mount Clamp Motorcycle Handlebar Pole Aluminium Mount for Insta360 X5 X4 X3  Ace Pro Pro2  Hero13 12 11 10 9 Osm,1,1308.53,Shipment,Pune,Shipment,1308.53,0.0,1,False,
2025-08-14,BOM5-1184,SHOTGRIP_TLSN,B0F66YYCTQ,Magnetic Phone Camera Grip  Smartphone Shooting Holder Selfie Handle Snap with Wireless Shutter Button Remote for iPhone 16 15 14 13 12 Pro Max Androi,1,2454.53,Shipment,Bengaluru,Shipment,2454.53,0.0,1,False,
2025-08-11,BOM5-1115,GP1620_TLS,B08S7D4LKH,yantralay Upgraded Helmet Chin Strap Mount for Hero 13 12 11 10 9 8 7 6 5  SJCAM  Insta 360   DJI Osmo Action 3   4   Adjustable   Secure Camera Moun,1,-1260.03,Refund,Guwahati,Refund,-1260.03,0.0,0,False,
2025-08-14,BOM5-1181,PS5SLIM_CC1_BLACK,B0DDQGJB7N,yantralay Carrying case for PS 5 Slim Console Gamepad Controller Headphone VR Travel Bag  Playstatio n 5 Slim Accessories   Grey,1,2309.03,Shipment,JALGAON,Shipment,2309.03,0.0,1,False,
2025-08-14,BOM5-1180,GP28COMBO_X3N,B0BY8178B6,PellKing Camera Protective Accessories Kit for Insta360 X3  Inst 360 X3 Bundle Include Lens Guard Silicone Protective Cover Screen Protectors Camera C,1,1114.53,Shipment,Sangli Miraj Kupwad,Shipment,1114.53,0.0,1,False,
2025-08-14,PNQ3-490,GP47_NEW,B0DRYJZ6VH,yantralay 360  Rotatable Camera Bike Mount Clamp Motorcycle Handlebar Pole Aluminium Mount for Insta360 X5 X4 X3  Ace Pro Pro2  Hero13 12 11 10 9 Osm,1,1308.53,Shipment,BENGALURU,Shipment,1308.53,0.0,1,False,
2025-08-14,BOM5-1185,PS5_CC1_BLACK,B0BRJM4R9Q,yantralay PS 5 Carrying Case Bag for PS5 Console Gamepad  Controller  Headset  VR Play Statio n Accessories   Travel Bag   Black,1,2375.53,Shipment,HYDERABAD,Shipment,2375.53,0.0,1,False,
2025-08-14,IN-184,LGONEX5,B0FKYLQ2QZ,Yantralay Accessories for Insta 360 X5   Aluminum Frame  Charger  Lens Guard  Screen Guard  Lens Cap  Silicone Cover  X5 Lens Guard,1,678.03,Shipment,HUGLI CHINSURAH,Shipment,678.03,0.0,1,False,
2025-08-14,IN-185,LGONEX5,B0FKYLQ2QZ,Yantralay Accessories for Insta 360 X5   Aluminum Frame  Charger  Lens Guard  Screen Guard  Lens Cap  Silicone Cover  X5 Lens Guard,1,678.03,Shipment,THIRUVANANTHAPURAM,Shipment,678.03,0.0,1,False,
2025-08-14,BOM5-1189,GP45-M,B0F88CFJN2,yantralay Magnetic Camera Mount for Hero 13 12 11 10 9  Insta360 X5 X4 X3  Action 4 5  Osmo Pocket 3   360  Quick Release Car Holder  Heavy Duty Magn,1,1599.53,Shipment,BANGALORE,Shipment,1599.53,0.0,1,False,
2025-08-14,BOM5-1186,GP46-L,B0F91GCRP4,yantralay Double Clamp Mount Bracket with 1 4  Ball Head for Go Pro 13 12 11  Insta 360 X5 X4 X3 Handlebar  Motorcycle  Bicycle  Selfie Stick  Studio,1,1842.03,Shipment,ASSANDH,Shipment,1842.03,0.0,1,False,
2025-08-14,BOM5-1187,GP46-S,B0F91G6H93,yantralay Double Clamp Mount Bracket with 1 4  Ball Head for GoPro  Insta 360 X2 X3  Action Cameras   Handlebar  Motorcycle  Bicycle  Selfie Stick  St,1,1648.03,Shipment,ASSANDH,Shipment,1648.03,0.0,1,False,
2025-08-14,BOM7-1245,LGONEX4,B0F7RT4HGJ,yantralay 2Pcs Lens Guard for Insta 360 X4   Scratch Resistant Protective Lens Cover   High Transparency Optical Coated Cap   Insta 360 X4 Camera Acce,1,775.03,Shipment,Mumbai,Shipment,775.03,0.0,1,False,
2025-08-12,PNQ3-480,GP47_NEW,B0DRYJZ6VH,yantralay 360  Rotatable Camera Bike Mount Clamp Motorcycle Handlebar Pole Aluminium Mount for Insta360 X5 X4 X3  Ace Pro Pro2  Hero13 12 11 10 9 Osm,1,-1308.53,Refund,BENGALURU,Refund,-1308.53,0.0,0,False,
2025-08-14,BOM5-1182,LGONEX4,B0F7RT4HGJ,yantralay 2Pcs Lens Guard for Insta 360 X4   Scratch Resistant Protective Lens Cover   High Transparency Optical Coated Cap   Insta 360 X4 Camera Acce,1,775.03,Shipment,Thrissur,Shipment,775.03,0.0,1,False,
2025-08-14,BOM5-1190,GP47_NEW,B0DRYJZ6VH,yantralay 360  Rotatable Camera Bike Mount Clamp Motorcycle Handlebar Pole Aluminium Mount for Insta360 X5 X4 X3  Ace Pro Pro2  Hero13 12 11 10 9 Osm,1,1308.53,Shipment,Holambi Kalan,Shipment,1308.53,0.0,1,False,
2025-08-14,BOM7-1246,PS10_PS5PORTALCOMBO,B0DF2Z2X1Q,yantralay 6 in 1 Hard Carrying Case with Protective Cover for Play Station 5 Portal  Non Slip Soft Case Cover   Screen Protectors   Thumb Grips for PS,1,2113.63,Shipment,MUMBAI,Shipment,2113.63,0.0,1,False,
2025-08-14,BOM5-1191,GP47_NEW,B0DRYJZ6VH,yantralay 360  Rotatable Camera Bike Mount Clamp Motorcycle Handlebar Pole Aluminium Mount for Insta360 X5 X4 X3  Ace Pro Pro2  Hero13 12 11 10 9 Osm,1,1308.53,Shipment,JAMMU,Shipment,1308.53,0.0,1,False,
2025-08-14,PNQ3-491,GP47_NEW,B0DRYJZ6VH,yantralay 360  Rotatable Camera Bike Mount Clamp Motorcycle Handlebar Pole Aluminium Mount for Insta360 X5 X4 X3  Ace Pro Pro2  Hero13 12 11 10 9 Osm,1,1308.53,Shipment,HOWRAH,Shipment,1308.53,0.0,1,False,
2025-08-14,BOM5-1188,TRH_TARIONN,B09XMJKR7B,TARION Polyester Backpacks Camera Backpack Hardshell Dslr Camera Bag 3 Side Hard Case Photography Backpack With Waterproof Raincover Laptop Tripod Com,1,10184.03,Shipment,MUMBAI,Shipment,10184.03,0.0,1,False,
2025-08-13,BOM5-1155,GP10KIT_H9_GP17,B0FC2Z4XM3,yantralay Complete Go Pro Hero 12 11 10 9 Accessory Bundle   Waterproof Housing Case  Silicone Protector  Filter   Lens Kit  Tempered Glass Screen Pro,1,2133.03,Shipment,MAYABUNDER,Shipment,2133.03,0.0,1,False,
2025-08-14,BOM5-1194,GP47_NEW,B0DRYJZ6VH,yantralay 360  Rotatable Camera Bike Mount Clamp Motorcycle Handlebar Pole Aluminium Mount for Insta360 X5 X4 X3  Ace Pro Pro2  Hero13 12 11 10 9 Osm,1,1308.53,Shipment,THANE,Shipment,1308.53,0.0,1,False,
2025-08-14,BOM5-1196,GP10_OM6_STARTRCN,B09HRM8R6B,STARTRC Case Polyurethane  PU  Waterproof Portable Storge Shoulder Bag TravelMate Case for DJI Osmo Mobile 6 Gimbal Stabilizer,1,1163.03,Shipment,NAVI MUMBAI,Shipment,1163.03,0.0,1,False,
2025-08-14,PNQ3-492,PS1,B0BJBL1XBS,yantralay Polyester Dual Controller Hard Carry Case Compatible With Ps5 Ps4 Xbox Ipega Controllers   3 Layer Protection Travel Carry Case   Grey,1,949.63,Shipment,NEW DELHI,Shipment,949.63,0.0,1,False,
2025-08-14,BOM5-1198,GP47_NEW,B0DRYJZ6VH,yantralay 360  Rotatable Camera Bike Mount Clamp Motorcycle Handlebar Pole Aluminium Mount for Insta360 X5 X4 X3  Ace Pro Pro2  Hero13 12 11 10 9 Osm,1,1308.53,Shipment,RASIPURAM,Shipment,1308.53,0.0,1,False,
2025-08-12,PNQ3-476,GP47_NEW,B0DRYJZ6VH,yantralay 360  Rotatable Camera Bike Mount Clamp Motorcycle Handlebar Pole Aluminium Mount for Insta360 X5 X4 X3  Ace Pro Pro2  Hero13 12 11 10 9 Osm,1,-1308.53,Refund,PUNE,Refund,-1308.53,0.0,0,False,
2025-08-15,BOM5-1199,GP47_NEW,B0DRYJZ6VH,yantralay 360  Rotatable Camera Bike Mount Clamp Motorcycle Handlebar Pole Aluminium Mount for Insta360 X5 X4 X3  Ace Pro Pro2  Hero13 12 11 10 9 Osm,1,1308.53,Shipment,Bengaluru,Shipment,1308.53,0.0,1,False,
2025-08-14,BOM5-1197,GP47_NEW,B0DRYJZ6VH,yantralay 360  Rotatable Camera Bike Mount Clamp Motorcycle Handlebar Pole Aluminium Mount for Insta360 X5 X4 X3  Ace Pro Pro2  Hero13 12 11 10 9 Osm,1,1308.53,Shipment,BALLARI,Shipment,1308.53,0.0,1,False,
2025-08-14,BOM5-1195,GP47_NEW,B0DRYJZ6VH,yantralay 360  Rotatable Camera Bike Mount Clamp Motorcycle Handlebar Pole Aluminium Mount for Insta360 X5 X4 X3  Ace Pro Pro2  Hero13 12 11 10 9 Osm,1,1308.53,Shipment,Nagpur,Shipment,1308.53,0.0,1,False,
2025-08-14,BOM5-1183,DR_STRAP-1133202,B0CNLDVL42,STARTRC Lanyard Neck Strap for DJI RC Controller  Adjustable for Mini 4 Pro Air 3 Mini 3 Mavic 3 Remote Controller Accessories  Grey,1,1648.03,Shipment,Brahmavara,Shipment,1648.03,0.0,1,False,
2025-08-15,PNQ3-495,GP28COMBO_X3N,B0BY8178B6,PellKing Camera Protective Accessories Kit for Insta360 X3  Inst 360 X3 Bundle Include Lens Guard Silicone Protective Cover Screen Protectors Camera C,1,1114.53,Shipment,Mangaluru,Shipment,1114.53,0.0,1,False,
2025-08-15,BOM5-1201,GP47_NEW,B0DRYJZ6VH,yantralay 360  Rotatable Camera Bike Mount Clamp Motorcycle Handlebar Pole Aluminium Mount for Insta360 X5 X4 X3  Ace Pro Pro2  Hero13 12 11 10 9 Osm,1,1308.53,Shipment,MUMBAI,Shipment,1308.53,0.0,1,False,
2025-08-14,BOM5-1192,GP47_NEW,B0DRYJZ6VH,yantralay 360  Rotatable Camera Bike Mount Clamp Motorcycle Handlebar Pole Aluminium Mount for Insta360 X5 X4 X3  Ace Pro Pro2  Hero13 12 11 10 9 Osm,1,1308.53,Shipment,NEW DELHI,Shipment,1308.53,0.0,1,False,
2025-08-15,BOM5-1200,GP10KIT_H9_GP18,B0FDBGBJVT,yantralay 63 in 1 Action Camera Accessories Kit for Go Pro Hero 13 12 11 10 9   Waterproof Housing  Silicone Case  3 Way Arm  Head Chest Wrist Strap,1,2618.03,Shipment,CHALAKUDY,Shipment,2618.03,0.0,1,False,
2025-08-11,BOM5-1109,GP47_NEW,B0DRYJZ6VH,yantralay 360  Rotatable Camera Bike Mount Clamp Motorcycle Handlebar Pole Aluminium Mount for Insta360 X5 X4 X3  Ace Pro Pro2  Hero13 12 11 10 9 Osm,1,-1308.53,Refund,BALLEPALLE,Refund,-1308.53,0.0,0,False,
2025-08-03,BOM7-1111,LGONEX4_PREMIUM,B0DZ13Z8RF,yantralay Lens Protector for Insta360 X4  Removable Optical Glass Lens   Anti Scratch  Insta 360 X4 Accessories,1,-2521.03,Refund,Mysuru,Refund,-2521.03,0.0,0,False,
2025-08-14,BOM5-1193,PS5SLIM_CC1_BLACK,B0DDQGJB7N,yantralay Carrying case for PS 5 Slim Console Gamepad Controller Headphone VR Travel Bag  Playstatio n 5 Slim Accessories   Grey,1,2230.03,Shipment,BAREILLY,Shipment,2230.03,0.0,1,False,
2025-08-15,PNQ3-494,GP10_OM7P_STARTRC,B0F2J6Z8WT,yantralay Osmo Mobile 7P Case Portable PU Shoulder Bag for DJI OM 7 Pro 7 Gimbal Stabilizer Travel Case for DJI Osmo Mobile 7 7P,1,1260.03,Shipment,RANJANGAON MIDC,Shipment,1260.03,0.0,1,False,
2025-08-15,BOM5-1202,PS10_OLEDCOMBO_GREEN,B0DJFLRGQF,yantralay 4 in 1 Carrying Case Pouch with Protective Cover for Nintendo Switch OLED  Non Slip Soft Case Cover  Screen Protectors   Thumb Grips for Swi,1,1163.03,Shipment,MUMBAI,Shipment,1163.03,0.0,1,False,
2025-08-05,IN-167,GP2KIT,B0F9WK57XQ,yantralay Phone Chest Mount Strap Harness for iPhone 16  Samsung  Xiaomi  Go Pro Hero 13 12 11 10 9 8 7  Action Cameras   DJ I Os mo   Mobile Holder B,1,-532.53,Refund,Kolkata,Refund,-532.53,0.0,0,False,
2025-08-15,PNQ3-496,GP290XL_AL,B0F7Y3T6JV,yantralay Triple Suction Aluminium Mount with 1 4  Standard Screw Mount Compatible for Hero 12 11 10 9  Insta 360 ONE X3 X2 ONER RS ACE PRO   All Othe,1,2618.03,Shipment,BANGALORE,Shipment,2618.03,0.0,1,False,
2025-08-15,BOM7-1247,PS5_CC1_GREY,B0BRJMPHKL,yantralay PS5 Carrying Case Bag for PS5 Console Gamepad  Controller  Headset  VR Play Station Accessories   Travel Bag   Grey,1,2375.53,Shipment,Hyderabad,Shipment,2375.53,0.0,1,False,
2025-08-15,BOM5-1204,GP47_NEW,B0DRYJZ6VH,yantralay 360  Rotatable Camera Bike Mount Clamp Motorcycle Handlebar Pole Aluminium Mount for Insta360 X5 X4 X3  Ace Pro Pro2  Hero13 12 11 10 9 Osm,1,1308.53,Shipment,Dehradun,Shipment,1308.53,0.0,1,False,
2025-08-15,BOM7-1248,GP10_OM6_STARTRCN,B09HRM8R6B,STARTRC Case Polyurethane  PU  Waterproof Portable Storge Shoulder Bag TravelMate Case for DJI Osmo Mobile 6 Gimbal Stabilizer,1,1163.03,Shipment,NASIRABAD,Shipment,1163.03,0.0,1,False,
2025-08-14,BOM7-1243,GP10_OM7P_STARTRC,B0F2J6Z8WT,yantralay Osmo Mobile 7P Case Portable PU Shoulder Bag for DJI OM 7 Pro 7 Gimbal Stabilizer Travel Case for DJI Osmo Mobile 7 7P,1,-1260.03,Refund,Jorhat,Refund,-1260.03,0.0,0,False,
2025-08-15,BOM5-1205,PS1,B0BJBL1XBS,yantralay Polyester Dual Controller Hard Carry Case Compatible With Ps5 Ps4 Xbox Ipega Controllers   3 Layer Protection Travel Carry Case   Grey,1,949.63,Shipment,GUWAHATI,Shipment,949.63,0.0,1,False,
2025-08-12,CN-35,GP2KIT,B0F9WK57XQ,nan,1,0.0,Cancel,Abu Road,Cancel,0.0,0.0,0,False,
2025-08-13,BOM5-1168,GP10_RS4_STARTRC,B0DB1TQPH3,yantralay Portable Carrying Storage Case for DJ I Ronin RS4   RS4 Pro Gimbal EVA Handbag Travel Handheld Shoulder Bag  Grey,1,-2763.53,Refund,AMBEPUR,Refund,-2763.53,0.0,0,False,
2025-08-12,IN-182,GP2KIT,B0F9WK57XQ,yantralay Phone Chest Mount Strap Harness for iPhone 16  Samsung  Xiaomi  Go Pro Hero 13 12 11 10 9 8 7  Action Cameras   DJ I Os mo   Mobile Holder B,1,-532.53,Refund,Abu Road,Refund,-532.53,0.0,0,False,
2025-08-15,BOM7-1250,PS5_CC1_BLACK,B0BRJM4R9Q,yantralay PS 5 Carrying Case Bag for PS5 Console Gamepad  Controller  Headset  VR Play Statio n Accessories   Travel Bag   Black,1,2375.53,Shipment,NAVI MUMBAI,Shipment,2375.53,0.0,1,False,
2025-08-15,BOM5-1203,GP10_DJIFLIP_NYLON_STARTRC,B0F839FBX3,yantralay x Start rc Nylon Carrying Case for DJ I Flip Drone   Lightweight Travel Bag for RC2 RC N3 Controller  Propeller Guard   2 Extra Batteries,1,1842.03,Shipment,THIRUVANANTHAPURAM,Shipment,1842.03,0.0,1,False,
2025-08-12,BOM7-1217,GP10_RS4_STARTRC,B0DB1TQPH3,yantralay Portable Carrying Storage Case for DJ I Ronin RS4   RS4 Pro Gimbal EVA Handbag Travel Handheld Shoulder Bag  Grey,1,-2763.53,Refund,Thane,Refund,-2763.53,0.0,0,False,
2025-08-08,BOM7-1161,GP10_DJIFLIP_STARTRC,B0F83B4HX3,yantralay x Start rc Pu Material Carrying Case for DJ I Flip Fly More Combo   Waterproof Travel Bag for RC2 RC N3 Remote  Batteries  Charging Hub  65W,1,-1842.03,Refund,THIRUVANANTHAPURAM,Refund,-1842.03,0.0,0,False,
2025-08-15,BOM5-1206,GP46-M_GP46-S_GP25_150CMS,B0F99WWGGT,yantralay Motorcycle Handlebar Clamp Kit with Dual Clamp Mounts   Invisible Selfie Stick for Insta 360 X4 X3 X2 One RS GO 3   Bike Action Camera Mount,1,4364.03,Shipment,NEW DELHI,Shipment,4364.03,0.0,1,False,
2025-08-15,BOM7-1251,PS5_CC1_GREY,B0BRJMPHKL,yantralay PS5 Carrying Case Bag for PS5 Console Gamepad  Controller  Headset  VR Play Station Accessories   Travel Bag   Grey,1,2375.53,Shipment,pune,Shipment,2375.53,0.0,1,False,
2025-08-15,PNQ3-497,MP_OA5,B0F9X1YNVL,yantralay Camera Lavalier Clip on Type C Microphone for DJ I Action 3 4 Collar Clip Microphone  Without Need of Mic Adapter  1 5M Cable Length   Black,1,1454.03,Shipment,PUNE,Shipment,1454.03,0.0,1,False,
2025-08-15,BOM7-1249,PS5SLIM_CC1_GREY,B0DDQFP6NL,yantralay Carrying case for PS 5 Slim Console Gamepad Controller Headphone VR Travel Bag  Playstatio n 5 Slim Accessories   Grey,1,2230.03,Shipment,PUNE,Shipment,2230.03,0.0,1,False,
2025-08-15,BOM5-1209,GP46-S,B0F91G6H93,yantralay Double Clamp Mount Bracket with 1 4  Ball Head for GoPro  Insta 360 X2 X3  Action Cameras   Handlebar  Motorcycle  Bicycle  Selfie Stick  St,1,1648.03,Shipment,PIMPRI CHINCHWAD,Shipment,1648.03,0.0,1,False,
2025-08-15,PNQ3-498,GP28COMBO1_H13,B0DHYCQR66,Yantralay Silicone Lanyard Sleeve Protective Cover   6PCS Tempered Glass Screen Guard with Silicone Lens Cover Compatible with GoPro Hero 9 Black Acti,1,678.03,Shipment,PUNE,Shipment,678.03,0.0,1,False,
2025-08-15,BOM5-1210,GP47_NEW,B0DRYJZ6VH,yantralay 360  Rotatable Camera Bike Mount Clamp Motorcycle Handlebar Pole Aluminium Mount for Insta360 X5 X4 X3  Ace Pro Pro2  Hero13 12 11 10 9 Osm,1,1308.53,Shipment,NOIDA,Shipment,1308.53,0.0,1,False,
2025-08-12,PNQ3-478,GP1620_TLS,B08S7D4LKH,yantralay Upgraded Helmet Chin Strap Mount for Hero 13 12 11 10 9 8 7 6 5  SJCAM  Insta 360   DJI Osmo Action 3   4   Adjustable   Secure Camera Moun,1,-1260.03,Refund,Pune,Refund,-1260.03,0.0,0,False,
2025-08-15,BOM5-1207,GP10_OM7P_STARTRC,B0F2J6Z8WT,yantralay Osmo Mobile 7P Case Portable PU Shoulder Bag for DJI OM 7 Pro 7 Gimbal Stabilizer Travel Case for DJI Osmo Mobile 7 7P,1,1260.03,Shipment,MUMBAI,Shipment,1260.03,0.0,1,False,
2025-08-15,BOM7-1252,PS1,B0BJBL1XBS,yantralay Polyester Dual Controller Hard Carry Case Compatible With Ps5 Ps4 Xbox Ipega Controllers   3 Layer Protection Travel Carry Case   Grey,1,949.63,Shipment,Mumbai,Shipment,949.63,0.0,1,False,
2025-08-13,BOM7-1237,MP_OA5,B0F9X1YNVL,yantralay Camera Lavalier Clip on Type C Microphone for DJ I Action 3 4 Collar Clip Microphone  Without Need of Mic Adapter  1 5M Cable Length   Black,1,-1533.03,Refund,PADAGHA,Refund,-1533.03,0.0,0,False,
2025-08-15,PNQ3-499,PS2_BLUE,B0BL1H24P4,yantralay Controller Gamepad Carry Case   Ultimate Protection Compatible for PS5 PS4 PS3 Switch Pro Xbox Joysticks Waterproof  Scratch Protection  Dur,1,484.03,Shipment,CHENNAI,Shipment,484.03,0.0,1,False,
2025-08-15,BOM7-1254,LGONEX4,B0F7RT4HGJ,yantralay 2Pcs Lens Guard for Insta 360 X4   Scratch Resistant Protective Lens Cover   High Transparency Optical Coated Cap   Insta 360 X4 Camera Acce,1,775.03,Shipment,MUMBAI,Shipment,775.03,0.0,1,False,
2025-08-16,PNQ3-500,MP_OA5,B0F9X1YNVL,yantralay Camera Lavalier Clip on Type C Microphone for DJ I Action 3 4 Collar Clip Microphone  Without Need of Mic Adapter  1 5M Cable Length   Black,1,1454.03,Shipment,HYDERABAD,Shipment,1454.03,0.0,1,False,
2025-08-16,BOM5-1213,GP12,B0D7BZ38X8,yantralay Aluminium Car Suction Mount 360  Rotatable for Insta 360 X4 X3 X2  Ace Pro ONE R RS  Hero 13 12 11 10 9 8 7  DJI Osmo Action Series   All O,1,1318.23,Shipment,Margao,Shipment,1318.23,0.0,1,False,
2025-08-16,NAN,PS5_CC1_BLACK,B0BRJM4R9Q,nan,1,0.0,Cancel,MUMBAI,Cancel,0.0,0.0,0,False,
2025-08-07,BOM5-1055,GP43_ONER,B0D459FFBH,yantralay Portable Case Pouch for Insta ONE R RS Lens Protection ONER RS Accessories,1,-678.03,Refund,CANDOLIM,Refund,-678.03,0.0,0,False,
2025-08-15,BOM5-1211,PS10_PS5PORTAL,B0DVT5SJD2,yantralay Hard Carrying Protective Case for Play Station Portal for PS5 Portal Console  Storage Case Only,1,969.03,Shipment,NEW DELHI,Shipment,969.03,0.0,1,False,
2025-08-13,BOM5-1147,GP47_NEW,B0DRYJZ6VH,yantralay 360  Rotatable Camera Bike Mount Clamp Motorcycle Handlebar Pole Aluminium Mount for Insta360 X5 X4 X3  Ace Pro Pro2  Hero13 12 11 10 9 Osm,1,-1308.53,Refund,THRISSUR,Refund,-1308.53,0.0,0,False,
2025-08-07,IN-173,ACFRAMEONEX5_AL,B0FJG46XCP,Yantralay Accessories for Insta 360 X5   Aluminum Frame  Charger  Lens Guard  Screen Guard  Lens Cap  Silicone Cover  X5 Aluminium Frame,1,-3879.03,Refund,MADURAI,Refund,-3879.03,0.0,0,False,
2025-08-15,BOM5-1208,LGONEX4,B0F7RT4HGJ,yantralay 2Pcs Lens Guard for Insta 360 X4   Scratch Resistant Protective Lens Cover   High Transparency Optical Coated Cap   Insta 360 X4 Camera Acce,1,775.03,Shipment,MUMBAI,Shipment,775.03,0.0,1,False,
2025-08-11,BOM7-1205,LED_P5-BGD-03_TLS,B0FCSFN993,Yantralay Ice Cube Magnetic Phone Light   Crystal Clear RGB LED Fill Light for Mobile  Selfie   Video   Portable Photography Lighting with Phone Stand,1,-2521.03,Refund,BHIWANI,Refund,-2521.03,0.0,0,False,
2025-08-10,PNQ3-455,GP10_RS4MINI_STARTRC,B0DZZFNDHP,yantralay Portable Carrying Storage Case for DJ I Ronin RS4Mini Gimbal EVA Handbag Travel Handheld Shoulder Bag  RS4MINI,1,-2618.03,Refund,DEHRADUN,Refund,-2618.03,0.0,0,False,
2025-08-14,PNQ3-491,GP47_NEW,B0DRYJZ6VH,yantralay 360  Rotatable Camera Bike Mount Clamp Motorcycle Handlebar Pole Aluminium Mount for Insta360 X5 X4 X3  Ace Pro Pro2  Hero13 12 11 10 9 Osm,1,-1308.53,Refund,HOWRAH,Refund,-1308.53,0.0,0,False,
2025-08-15,BOM5-1212,PS1,B0BJBL1XBS,yantralay Polyester Dual Controller Hard Carry Case Compatible With Ps5 Ps4 Xbox Ipega Controllers   3 Layer Protection Travel Carry Case   Grey,1,949.63,Shipment,MUMBAI,Shipment,949.63,0.0,1,False,
2025-08-16,BOM7-1260,GP10_ONEX4_STARTRC,B0DDXP86FQ,yantralay x Startr c Carrying Case for Insta 360 X4 X5  Portable PU Storage Protective Bag Travel Case for Insta 360 X4 X5 Accessories with Large Capa,1,1587.89,Shipment,Mumbai,Shipment,1587.89,0.0,1,False,
2025-08-10,BOM5-1088,IN28_X5,B0F9KX96CY,yantralay Insta 360 X4 X5 Camera Mount Stand Base   Silicone Non Slip Desktop Bracket for Insta 360 X4   X5   Lightweight  Compact   Stable,1,-474.33,Refund,JABALPUR,Refund,-474.33,0.0,0,False,
2025-08-16,BOM5-1214,GP1620_TLS,B08S7D4LKH,yantralay Upgraded Helmet Chin Strap Mount for Hero 13 12 11 10 9 8 7 6 5  SJCAM  Insta 360   DJI Osmo Action 3   4   Adjustable   Secure Camera Moun,1,1164.97,Shipment,UTHAMAPALAYAM,Shipment,1164.97,0.0,1,False,
2025-08-16,PNQ3-502,GP10_OM7P_STARTRC,B0F2J6Z8WT,yantralay Osmo Mobile 7P Case Portable PU Shoulder Bag for DJI OM 7 Pro 7 Gimbal Stabilizer Travel Case for DJI Osmo Mobile 7 7P,1,1260.03,Shipment,SURAT,Shipment,1260.03,0.0,1,False,
2025-08-16,BOM7-1259,GP46-L,B0F91GCRP4,yantralay Double Clamp Mount Bracket with 1 4  Ball Head for Go Pro 13 12 11  Insta 360 X5 X4 X3 Handlebar  Motorcycle  Bicycle  Selfie Stick  Studio,1,1842.03,Shipment,NAVI MUMBAI,Shipment,1842.03,0.0,1,False,
2025-08-16,BOM7-1256,PS5_CC1_BLACK,B0BRJM4R9Q,yantralay PS 5 Carrying Case Bag for PS5 Console Gamepad  Controller  Headset  VR Play Statio n Accessories   Travel Bag   Black,1,0.0,FreeReplacement,MUMBAI,FreeReplacement,0.0,0.0,0,True,
2025-08-16,BOM7-1257,PS5_CC1_BLACK,B0BRJM4R9Q,yantralay PS 5 Carrying Case Bag for PS5 Console Gamepad  Controller  Headset  VR Play Statio n Accessories   Travel Bag   Black,1,2375.53,Shipment,NEW DELHI,Shipment,2375.53,0.0,1,False,
2025-08-16,BOM7-1261,PS_CDRACK-BLACK,B0DWXZ4PH8,yantralay Game Storage Tower for PS5 Xbox Series Switch   Holds 18 Game Discs with 4 Controller Holders   Gaming Desk Organizer   Stand   Black,1,1701.38,Shipment,PIMPRI CHINCHWAD,Shipment,1701.38,0.0,1,False,
2025-08-15,BOM5-1211,PS10_PS5PORTAL,B0DVT5SJD2,yantralay Hard Carrying Protective Case for Play Station Portal for PS5 Portal Console  Storage Case Only,1,-969.03,Refund,NEW DELHI,Refund,-969.03,0.0,0,False,
2025-08-08,BOM7-1162,ND_AVATA2_STARTRC,B0DX7CQYH1,Yantralay x Start rc 4 Pack ND8 ND16 ND32 ND64 Filter Compatible with DJI Avata 2  Neutral Density Camera Lens ND Filter,1,-3297.03,Refund,Rajsamand kumbahagar,Refund,-3297.03,0.0,0,False,
2025-08-16,BOM5-1215,GP12,B0D7BZ38X8,yantralay Aluminium Car Suction Mount 360  Rotatable for Insta 360 X4 X3 X2  Ace Pro ONE R RS  Hero 13 12 11 10 9 8 7  DJI Osmo Action Series   All O,1,1318.23,Shipment,Mumbai,Shipment,1318.23,0.0,1,False,
2025-08-17,BOM5-1217,LM1_OA5,B0F8V1KY4M,yantralay Magnetic Adapter Mount for DJ I Osm o Action 5 Pro 4 3   Quick Release Tripod Adapter with 1 4  Thread   Aluminum Alloy Mount for Vlogging,1,1795.47,Shipment,PUNE,Shipment,1795.47,0.0,1,False,
2025-08-16,PNQ3-501,GP1620_TLS,B08S7D4LKH,yantralay Upgraded Helmet Chin Strap Mount for Hero 13 12 11 10 9 8 7 6 5  SJCAM  Insta 360   DJI Osmo Action 3   4   Adjustable   Secure Camera Moun,1,1164.97,Shipment,Pune,Shipment,1164.97,0.0,1,False,
2025-08-17,BOM5-1218,PS10_OLEDCOMBO_GREEN,B0DJFLRGQF,yantralay 4 in 1 Carrying Case Pouch with Protective Cover for Nintendo Switch OLED  Non Slip Soft Case Cover  Screen Protectors   Thumb Grips for Swi,1,1183.83,Shipment,Jamnagar,Shipment,1183.83,0.0,1,False,
2025-08-17,BOM7-1263,GP12,B0D7BZ38X8,yantralay Aluminium Car Suction Mount 360  Rotatable for Insta 360 X4 X3 X2  Ace Pro ONE R RS  Hero 13 12 11 10 9 8 7  DJI Osmo Action Series   All O,1,1252.27,Shipment,NEW DELHI,Shipment,1252.27,0.0,1,False,
2025-08-16,BOM7-1258,GP28COMBO_X3N,B0BY8178B6,PellKing Camera Protective Accessories Kit for Insta360 X3  Inst 360 X3 Bundle Include Lens Guard Silicone Protective Cover Screen Protectors Camera C,1,1114.53,Shipment,GANDHINAGAR,Shipment,1114.53,0.0,1,False,
2025-08-17,BOM7-1264,PS5_CC1_BLACK,B0BRJM4R9Q,yantralay PS 5 Carrying Case Bag for PS5 Console Gamepad  Controller  Headset  VR Play Statio n Accessories   Travel Bag   Black,1,2277.57,Shipment,MUMBAI,Shipment,2277.57,0.0,1,False,
2025-08-17,BOM5-1219,PS1,B0BJBL1XBS,yantralay Polyester Dual Controller Hard Carry Case Compatible With Ps5 Ps4 Xbox Ipega Controllers   3 Layer Protection Travel Carry Case   Grey,1,841.65,Shipment,MUMBAI,Shipment,841.65,0.0,1,False,
2025-08-17,BOM5-1216,GP1620_TLS,B08S7D4LKH,yantralay Upgraded Helmet Chin Strap Mount for Hero 13 12 11 10 9 8 7 6 5  SJCAM  Insta 360   DJI Osmo Action 3   4   Adjustable   Secure Camera Moun,1,1164.97,Shipment,CHENNAI,Shipment,1164.97,0.0,1,False,
2025-08-15,BOM7-1253,LGONEX4,B0F7RT4HGJ,yantralay 2Pcs Lens Guard for Insta 360 X4   Scratch Resistant Protective Lens Cover   High Transparency Optical Coated Cap   Insta 360 X4 Camera Acce,1,775.03,Shipment,KATHUA,Shipment,775.03,0.0,1,False,
2025-08-17,BOM7-1268,DITTOPRO-BLUE_DIVOOMN,B0811WQ4P8,Divoom Ditoo 10 Watt Wireless Bluetooth Speaker  Blue,1,14847.0,Shipment,Ghaziabad,Shipment,14847.0,0.0,1,False,
2025-08-17,BOM7-1265,PS5_CC1_BLACK,B0BRJM4R9Q,yantralay PS 5 Carrying Case Bag for PS5 Console Gamepad  Controller  Headset  VR Play Statio n Accessories   Travel Bag   Black,1,2375.53,Shipment,New Delhi,Shipment,2375.53,0.0,1,False,
2025-08-17,BOM7-1267,PS1,B0BJBL1XBS,yantralay Polyester Dual Controller Hard Carry Case Compatible With Ps5 Ps4 Xbox Ipega Controllers   3 Layer Protection Travel Carry Case   Grey,1,877.85,Shipment,NAVI MUMBAI,Shipment,877.85,0.0,1,False,
2025-08-17,BOM7-1269,PS5_CC1_BLACK,B0BRJM4R9Q,yantralay PS 5 Carrying Case Bag for PS5 Console Gamepad  Controller  Headset  VR Play Statio n Accessories   Travel Bag   Black,1,2375.53,Shipment,PUNE,Shipment,2375.53,0.0,1,False,
2025-08-17,BOM5-1223,GP46-M,B0F91GXT2N,yantralay Double Clamp Mount Bracket with 1 4  Ball Head for GoPro  Insta 360 X2 X3  Action Cameras   Handlebar  Motorcycle  Bicycle  Selfie Stick  St,1,1701.38,Shipment,MUMBAI,Shipment,1701.38,0.0,1,False,
2025-08-17,PNQ3-505,LCONEX3,B0CQ6C5255,yantralay Silicone Protective Lens Cap for Insta 360 ONE X3 Camera   Dust Proof  Scratch Proof  Lightweight Design   Easy to Carry   Reliable Accessor,1,484.03,Shipment,GURUGRAM,Shipment,484.03,0.0,1,False,
2025-08-17,BOM7-1266,TT-01_VRIG,B0DM21DDWQ,Yantralay x VRIG High Speed SD Card Reader  312MB S USB 3 1 Type C Dual Slots Micro SD TF Card Carrying Case Holder for Cameras  Smartphones and Actio,1,2579.23,Shipment,NAMSAI,Shipment,2579.23,0.0,1,False,
2025-08-17,PNQ3-503,PS1,B0BJBL1XBS,yantralay Polyester Dual Controller Hard Carry Case Compatible With Ps5 Ps4 Xbox Ipega Controllers   3 Layer Protection Travel Carry Case   Grey,1,877.85,Shipment,PUNE,Shipment,877.85,0.0,1,False,
2025-08-17,NAN,LGONEX5,B0FKYLQ2QZ,nan,1,0.0,Cancel,THANJAVUR,Cancel,0.0,0.0,0,False,
2025-08-17,PNQ3-504,GP46-L,B0F91GCRP4,yantralay Double Clamp Mount Bracket with 1 4  Ball Head for Go Pro 13 12 11  Insta 360 X5 X4 X3 Handlebar  Motorcycle  Bicycle  Selfie Stick  Studio,1,1795.47,Shipment,Pune,Shipment,1795.47,0.0,1,False,
2025-08-17,BOM7-1271,PS5_CC1_BLACK,B0BRJM4R9Q,yantralay PS 5 Carrying Case Bag for PS5 Console Gamepad  Controller  Headset  VR Play Statio n Accessories   Travel Bag   Black,1,2375.53,Shipment,PUNE,Shipment,2375.53,0.0,1,False,
2025-08-17,BOM5-1226,GP49,B0D456N4QM,yantralay Motorcycle Bike Bicycle Handlebar Mount Clamps with 1 4  Screw Compatible 8 35mm for Gopro Hero 13 12 11 10 9 Max Insta360 ONE X5 X4 X3  ONE,1,873.97,Shipment,DIBRUGARH,Shipment,873.97,0.0,1,False,
2025-08-17,BOM7-1270,GP10_RS4_STARTRC,B0DB1TQPH3,yantralay Portable Carrying Storage Case for DJ I Ronin RS4   RS4 Pro Gimbal EVA Handbag Travel Handheld Shoulder Bag  Grey,1,2624.82,Shipment,SOUTH GOA,Shipment,2624.82,0.0,1,False,
2025-08-11,BOM7-1202,PS10_PS5PORTALCOMBO,B0DF2Z2X1Q,yantralay 6 in 1 Hard Carrying Case with Protective Cover for Play Station 5 Portal  Non Slip Soft Case Cover   Screen Protectors   Thumb Grips for PS,1,-2113.63,Refund,BASTI,Refund,-2113.63,0.0,0,False,
2025-08-13,BOM5-1161,MP_ONEX4,B0F9X132RD,yantralay Camera Lavalier Clip on Type C Microphone for Insta 360 X4 Collar Clip Microphone  Without Need of Mic Adapter  1 5M Cable Length   Black  I,1,-1454.03,Refund,NAGPUR,Refund,-1454.03,0.0,0,False,
2025-08-13,BOM7-1235,GP10_OM7P_STARTRC,B0F2J6Z8WT,yantralay Osmo Mobile 7P Case Portable PU Shoulder Bag for DJI OM 7 Pro 7 Gimbal Stabilizer Travel Case for DJI Osmo Mobile 7 7P,1,-1260.03,Refund,SANGOLE,Refund,-1260.03,0.0,0,False,
2025-08-18,BOM7-1272,ACFRAMEOP3_PL_VRIG,B0DDQ7BWNC,yantralay Phone Holder for DJI Osmo Pocket 3  Vlogging Camera Expansion Bracket  Adjustable Adapter Frame  Live Streaming Accessories,1,1228.02,Shipment,VASAI VIRAR,Shipment,1228.02,0.0,1,False,
2025-08-17,BOM5-1220,GP46-L,B0F91GCRP4,yantralay Double Clamp Mount Bracket with 1 4  Ball Head for Go Pro 13 12 11  Insta 360 X5 X4 X3 Handlebar  Motorcycle  Bicycle  Selfie Stick  Studio,1,1795.47,Shipment,NEEMUCH,Shipment,1795.47,0.0,1,False,
2025-08-18,BOM5-1228,GP46-S,B0F91G6H93,yantralay Double Clamp Mount Bracket with 1 4  Ball Head for GoPro  Insta 360 X2 X3  Action Cameras   Handlebar  Motorcycle  Bicycle  Selfie Stick  St,1,1540.08,Shipment,Tuni,Shipment,1540.08,0.0,1,False,
2025-08-18,BOM5-1228,GP46-L,B0F91GCRP4,yantralay Double Clamp Mount Bracket with 1 4  Ball Head for Go Pro 13 12 11  Insta 360 X5 X4 X3 Handlebar  Motorcycle  Bicycle  Selfie Stick  Studio,1,1721.43,Shipment,Tuni,Shipment,1721.43,0.0,1,False,
2025-08-14,BOM5-1194,GP47_NEW,B0DRYJZ6VH,yantralay 360  Rotatable Camera Bike Mount Clamp Motorcycle Handlebar Pole Aluminium Mount for Insta360 X5 X4 X3  Ace Pro Pro2  Hero13 12 11 10 9 Osm,1,-1308.53,Refund,THANE,Refund,-1308.53,0.0,0,False,
2025-08-18,BOM7-1275,PS5SLIM_CC1_GREY,B0DDQFP6NL,yantralay Carrying case for PS 5 Slim Console Gamepad Controller Headphone VR Travel Bag  Playstatio n 5 Slim Accessories   Grey,1,2173.77,Shipment,HYDERABAD,Shipment,2173.77,0.0,1,False,
2025-08-17,BOM5-1227,IN28_X5,B0F9KX96CY,yantralay Insta 360 X4 X5 Camera Mount Stand Base   Silicone Non Slip Desktop Bracket for Insta 360 X4   X5   Lightweight  Compact   Stable,1,514.33,Shipment,CHENNAI,Shipment,514.33,0.0,1,False,
2025-08-18,IN-188,GP47_NEW,B0DRYJZ6VH,nan,1,0.0,Cancel,Areekode  Malappuram dt,Cancel,0.0,0.0,0,False,
2025-08-18,BOM5-1229,CADEN_D17N,B0829MQ79Z,CADeN D17 Camera Shoulder Backpack,1,2999.0,Shipment,SALT LAKE   NORTH 24 PARGANAS,Shipment,2999.0,0.0,1,False,
2025-08-18,BOM7-1273,GP10_RS4_STARTRC,B0DB1TQPH3,yantralay Portable Carrying Storage Case for DJ I Ronin RS4   RS4 Pro Gimbal EVA Handbag Travel Handheld Shoulder Bag  Grey,1,2624.82,Shipment,THIRUMANGALAM,Shipment,2624.82,0.0,1,False,
2025-08-18,BOM7-1276,PS2_BLUE,B0BL1H24P4,yantralay Controller Gamepad Carry Case   Ultimate Protection Compatible for PS5 PS4 PS3 Switch Pro Xbox Joysticks Waterproof  Scratch Protection  Dur,1,484.03,Shipment,VADODARA,Shipment,484.03,0.0,1,False,
2025-08-15,PNQ3-494,GP10_OM7P_STARTRC,B0F2J6Z8WT,yantralay Osmo Mobile 7P Case Portable PU Shoulder Bag for DJI OM 7 Pro 7 Gimbal Stabilizer Travel Case for DJI Osmo Mobile 7 7P,1,-1260.03,Refund,RANJANGAON MIDC,Refund,-1260.03,0.0,0,False,
2025-08-18,BOM5-1230,GP1620_TLS,B08S7D4LKH,yantralay Upgraded Helmet Chin Strap Mount for Hero 13 12 11 10 9 8 7 6 5  SJCAM  Insta 360   DJI Osmo Action 3   4   Adjustable   Secure Camera Moun,1,1164.97,Shipment,Bengaluru,Shipment,1164.97,0.0,1,False,
2025-08-18,BOM7-1277,GP290XL_AL,B0F7Y3T6JV,yantralay Triple Suction Aluminium Mount with 1 4  Standard Screw Mount Compatible for Hero 12 11 10 9  Insta 360 ONE X3 X2 ONER RS ACE PRO   All Othe,1,2552.07,Shipment,Ghaziabad,Shipment,2552.07,0.0,1,False,
2025-08-18,NAN,GP47_NEW,B0DRYJZ6VH,nan,1,0.0,Cancel,JAMMU,Cancel,0.0,0.0,0,False,
2025-08-16,BOM7-1259,GP46-L,B0F91GCRP4,yantralay Double Clamp Mount Bracket with 1 4  Ball Head for Go Pro 13 12 11  Insta 360 X5 X4 X3 Handlebar  Motorcycle  Bicycle  Selfie Stick  Studio,1,-1842.03,Refund,NAVI MUMBAI,Refund,-1842.03,0.0,0,False,
2025-08-13,BOM5-1149,GP47_NEW,B0DRYJZ6VH,yantralay 360  Rotatable Camera Bike Mount Clamp Motorcycle Handlebar Pole Aluminium Mount for Insta360 X5 X4 X3  Ace Pro Pro2  Hero13 12 11 10 9 Osm,1,-1308.53,Refund,MUMBAI,Refund,-1308.53,0.0,0,False,
2025-08-13,BOM5-1150,GP12,B0D7BZ38X8,yantralay Aluminium Car Suction Mount 360  Rotatable for Insta 360 X4 X3 X2  Ace Pro ONE R RS  Hero 13 12 11 10 9 8 7  DJI Osmo Action Series   All O,1,-1318.23,Refund,MUMBAI,Refund,-1318.23,0.0,0,False,
2025-08-18,BOM7-1278,PS1,B0BJBL1XBS,yantralay Polyester Dual Controller Hard Carry Case Compatible With Ps5 Ps4 Xbox Ipega Controllers   3 Layer Protection Travel Carry Case   Grey,1,877.85,Shipment,BHIWANDI,Shipment,877.85,0.0,1,False,
2025-08-18,BOM5-1231,PS1,B0BJBL1XBS,yantralay Polyester Dual Controller Hard Carry Case Compatible With Ps5 Ps4 Xbox Ipega Controllers   3 Layer Protection Travel Carry Case   Grey,1,877.85,Shipment,Anand,Shipment,877.85,0.0,1,False,
2025-08-18,BOM7-1274,PS5_CC1_GREY,B0BRJMPHKL,yantralay PS5 Carrying Case Bag for PS5 Console Gamepad  Controller  Headset  VR Play Station Accessories   Travel Bag   Grey,1,2375.53,Shipment,MUMBAI,Shipment,2375.53,0.0,1,False,
2025-08-18,PNQ3-506,PS1,B0BJBL1XBS,yantralay Polyester Dual Controller Hard Carry Case Compatible With Ps5 Ps4 Xbox Ipega Controllers   3 Layer Protection Travel Carry Case   Grey,1,877.85,Shipment,Pune,Shipment,877.85,0.0,1,False,
2025-08-19,BOM5-1233,GP10_ONEX4_STARTRC,B0DDXP86FQ,yantralay x Startr c Carrying Case for Insta 360 X4 X5  Portable PU Storage Protective Bag Travel Case for Insta 360 X4 X5 Accessories with Large Capa,1,1587.89,Shipment,PEERMADE,Shipment,1587.89,0.0,1,False,
2025-08-19,PNQ3-507,GP49,B0D456N4QM,yantralay Motorcycle Bike Bicycle Handlebar Mount Clamps with 1 4  Screw Compatible 8 35mm for Gopro Hero 13 12 11 10 9 Max Insta360 ONE X5 X4 X3  ONE,1,873.97,Shipment,PUNE,Shipment,873.97,0.0,1,False,
2025-08-19,NAN,GP46-S,B0F91G6H93,nan,2,0.0,Cancel,GURUGRAM,Cancel,0.0,0.0,0,False,
2025-08-19,BOM5-1234,GP46-M_GP46-S_GP25_150CMS,B0F99WWGGT,yantralay Motorcycle Handlebar Clamp Kit with Dual Clamp Mounts   Invisible Selfie Stick for Insta 360 X4 X3 X2 One RS GO 3   Bike Action Camera Mount,1,4254.42,Shipment,NUVEM,Shipment,4254.42,0.0,1,False,
2025-08-19,BOM5-1236,GP10_RS4_STARTRC,B0DB1TQPH3,yantralay Portable Carrying Storage Case for DJ I Ronin RS4   RS4 Pro Gimbal EVA Handbag Travel Handheld Shoulder Bag  Grey,1,2624.82,Shipment,Porvorim,Shipment,2624.82,0.0,1,False,
2025-08-19,BOM5-1237,GP10_ONEX4_STARTRC,B0DDXP86FQ,yantralay x Startr c Carrying Case for Insta 360 X4 X5  Portable PU Storage Protective Bag Travel Case for Insta 360 X4 X5 Accessories with Large Capa,1,1587.89,Shipment,Kodungallur,Shipment,1587.89,0.0,1,False,
2025-08-19,IN-191,GP47_NEW,B0DRYJZ6VH,yantralay 360  Rotatable Camera Bike Mount Clamp Motorcycle Handlebar Pole Aluminium Mount for Insta360 X5 X4 X3  Ace Pro Pro2  Hero13 12 11 10 9 Osm,1,1275.55,Shipment,GURUGRAM,Shipment,1275.55,0.0,1,False,
2025-08-17,IN-187,LGONEX5,B0FKYLQ2QZ,Yantralay Accessories for Insta 360 X5   Aluminum Frame  Charger  Lens Guard  Screen Guard  Lens Cap  Silicone Cover  X5 Lens Guard,1,678.03,Shipment,THANJAVUR,Shipment,678.03,0.0,1,False,
2025-08-18,IN-190,GP47_NEW,B0DRYJZ6VH,yantralay 360  Rotatable Camera Bike Mount Clamp Motorcycle Handlebar Pole Aluminium Mount for Insta360 X5 X4 X3  Ace Pro Pro2  Hero13 12 11 10 9 Osm,1,1275.55,Shipment,PUDUPAKKAM,Shipment,1275.55,0.0,1,False,
2025-08-19,PNQ3-508,GP1620_TLSNK,B08MSR2SNJ,nan,1,0.0,Cancel,Pune,Cancel,0.0,0.0,0,False,
2025-08-19,NAN,IN1_AL,B0D4536M61,nan,1,0.0,Cancel,GURUGRAM,Cancel,0.0,0.0,0,False,
2025-08-19,BOM5-1238,SGONEX4-2_LGONEX4,B0F8VRR8JY,yantralay Insta 360 X4 Lens Guard   Screen Protector Combo Kit   Lens Covers   Anti Scratch  Tempered Glass Screen   Insta 360 X4 Accessories,1,1228.02,Shipment,NEW DELHI,Shipment,1228.02,0.0,1,False,
2025-08-15,BOM7-1249,PS5SLIM_CC1_GREY,B0DDQFP6NL,yantralay Carrying case for PS 5 Slim Console Gamepad Controller Headphone VR Travel Bag  Playstatio n 5 Slim Accessories   Grey,1,-2230.03,Refund,PUNE,Refund,-2230.03,0.0,0,False,
2025-08-19,BOM7-1280,PS1,B0BJBL1XBS,yantralay Polyester Dual Controller Hard Carry Case Compatible With Ps5 Ps4 Xbox Ipega Controllers   3 Layer Protection Travel Carry Case   Grey,1,877.85,Shipment,Gandhidham,Shipment,877.85,0.0,1,False,
2025-08-19,BOM7-1279,PS5SLIM_CC1_GREY,B0DDQFP6NL,yantralay Carrying case for PS 5 Slim Console Gamepad Controller Headphone VR Travel Bag  Playstatio n 5 Slim Accessories   Grey,1,2173.77,Shipment,NEW DELHI,Shipment,2173.77,0.0,1,False,
2025-08-12,PNQ3-477,ACFRAMEOP3_STARTRCN,B0CR1C9243,STARTRC OSMO Pocket 3 360  Rotation Backpack Clip Mount Shoulder Strap Accessories for DJI Pocket 3 OSMO Pocket 3 Action Cameras,1,-1710.11,Refund,PUNE,Refund,-1710.11,0.0,0,False,
2025-08-19,BOM5-1241,GP45-M,B0F88CFJN2,yantralay Magnetic Camera Mount for Hero 13 12 11 10 9  Insta360 X5 X4 X3  Action 4 5  Osmo Pocket 3   360  Quick Release Car Holder  Heavy Duty Magn,1,1558.79,Shipment,UDUPI,Shipment,1558.79,0.0,1,False,
2025-08-19,BOM5-1239,IN1_AL,B0D4536M61,yantralay 4 in 1 Motorcycle Mount Bundle with Unicorn Helmet Extension Arm Adhesive Kit Compatible for Insta360 One X5 X4 X3 X2  ONE R RS  Hero 13 12,1,1927.39,Shipment,GURUGRAM,Shipment,1927.39,0.0,1,False,
2025-08-19,BOM7-1281,PS5_CC1_GREY,B0BRJMPHKL,yantralay PS5 Carrying Case Bag for PS5 Console Gamepad  Controller  Headset  VR Play Station Accessories   Travel Bag   Grey,1,2375.53,Shipment,NEW DELHI,Shipment,2375.53,0.0,1,False,
2025-08-15,PNQ3-497,MP_OA5,B0F9X1YNVL,yantralay Camera Lavalier Clip on Type C Microphone for DJ I Action 3 4 Collar Clip Microphone  Without Need of Mic Adapter  1 5M Cable Length   Black,1,-1454.03,Refund,PUNE,Refund,-1454.03,0.0,0,False,
2025-08-19,IN-197,LGONEX5,B0FKYLQ2QZ,nan,1,0.0,Cancel,BHUBANESWAR,Cancel,0.0,0.0,0,False,
2025-08-19,BOM5-1240,T16,B0F9P832QF,Yantralay Mini Camera Tripod Stand   Tabletop Tripod with 3 8  Screw  Ball Head  10kg Load Capacity   Compatible with DSLR  Action Cameras Monopods,1,2836.28,Shipment,Pune,Shipment,2836.28,0.0,1,False,
2025-08-19,BOM5-1242,GP10_RS4_STARTRC,B0DB1TQPH3,yantralay Portable Carrying Storage Case for DJ I Ronin RS4   RS4 Pro Gimbal EVA Handbag Travel Handheld Shoulder Bag  Grey,1,2624.82,Shipment,Thamarassery,Shipment,2624.82,0.0,1,False,
2025-08-19,PNQ3-509,GP1620_TLSNK,B08MSR2SNJ,TELESIN Upgraded Motorcycle Helmet Chin Mount for GoPro Max Hero 10 9 8 7 One R One X DJI Osmo Action Pocket Cellphone   More Action Camera with Go Pr,1,1119.36,Shipment,Pune,Shipment,1119.36,0.0,1,False,
2025-08-13,BOM7-1225,PS5_CC1_GREY,B0BRJMPHKL,yantralay PS5 Carrying Case Bag for PS5 Console Gamepad  Controller  Headset  VR Play Station Accessories   Travel Bag   Grey,1,-2375.53,Refund,BENGALURU,Refund,-2375.53,0.0,0,False,
2025-08-20,PNQ3-511,PS2_RED,B0BL1HF4NJ,nan,1,0.0,Cancel,Kolhapur,Cancel,0.0,0.0,0,False,
2025-08-20,BOM5-1243,GP45-M,B0F88CFJN2,yantralay Magnetic Camera Mount for Hero 13 12 11 10 9  Insta360 X5 X4 X3  Action 4 5  Osmo Pocket 3   360  Quick Release Car Holder  Heavy Duty Magn,1,1558.79,Shipment,PRAYAGRAJ,Shipment,1558.79,0.0,1,False,
2025-08-20,BOM7-1284,PS5_CC1_BLACK,B0BRJM4R9Q,yantralay PS 5 Carrying Case Bag for PS5 Console Gamepad  Controller  Headset  VR Play Statio n Accessories   Travel Bag   Black,1,2375.53,Shipment,ERNAKULAM,Shipment,2375.53,0.0,1,False,
2025-08-18,BOM7-1277,GP290XL_AL,B0F7Y3T6JV,yantralay Triple Suction Aluminium Mount with 1 4  Standard Screw Mount Compatible for Hero 12 11 10 9  Insta 360 ONE X3 X2 ONER RS ACE PRO   All Othe,1,-2552.07,Refund,Ghaziabad,Refund,-2552.07,0.0,0,False,
2025-08-20,PNQ3-510,TR-S-CAMOFLAGUE_TARIONN,B0BM9GT8NT,TARION Camera Sling Bag DSLR Sling Pack for Men Women Photographers with Waterproof Raincover Tripod Holder Sling Backpack Camera Bag Backpack Photogr,1,4727.78,Shipment,RAMANATHAPURAM,Shipment,4727.78,0.0,1,False,
2025-08-20,BOM7-1283,PS5_CC1_GREY,B0BRJMPHKL,yantralay PS5 Carrying Case Bag for PS5 Console Gamepad  Controller  Headset  VR Play Station Accessories   Travel Bag   Grey,1,2375.53,Shipment,ANANTAPUR,Shipment,2375.53,0.0,1,False,
2025-08-20,BOM7-1282,PS5_CC1_GREY,B0BRJMPHKL,yantralay PS5 Carrying Case Bag for PS5 Console Gamepad  Controller  Headset  VR Play Station Accessories   Travel Bag   Grey,1,2375.53,Shipment,PUNE,Shipment,2375.53,0.0,1,False,
2025-08-19,IN-192,GP47_NEW,B0DRYJZ6VH,yantralay 360  Rotatable Camera Bike Mount Clamp Motorcycle Handlebar Pole Aluminium Mount for Insta360 X5 X4 X3  Ace Pro Pro2  Hero13 12 11 10 9 Osm,1,1275.55,Shipment,GURUGRAM,Shipment,1275.55,0.0,1,False,
2025-08-18,IN-188,GP47_NEW,B0DRYJZ6VH,yantralay 360  Rotatable Camera Bike Mount Clamp Motorcycle Handlebar Pole Aluminium Mount for Insta360 X5 X4 X3  Ace Pro Pro2  Hero13 12 11 10 9 Osm,1,1275.55,Shipment,Areekode  Malappuram dt,Shipment,1275.55,0.0,1,False,
2025-08-19,IN-195,GP47_NEW,B0DRYJZ6VH,yantralay 360  Rotatable Camera Bike Mount Clamp Motorcycle Handlebar Pole Aluminium Mount for Insta360 X5 X4 X3  Ace Pro Pro2  Hero13 12 11 10 9 Osm,1,1275.55,Shipment,INDI,Shipment,1275.55,0.0,1,False,
2025-08-19,IN-193,GP47_NEW,B0DRYJZ6VH,yantralay 360  Rotatable Camera Bike Mount Clamp Motorcycle Handlebar Pole Aluminium Mount for Insta360 X5 X4 X3  Ace Pro Pro2  Hero13 12 11 10 9 Osm,1,1275.55,Shipment,Kalamassery,Shipment,1275.55,0.0,1,False,
2025-08-19,IN-196,GP47_NEW,B0DRYJZ6VH,yantralay 360  Rotatable Camera Bike Mount Clamp Motorcycle Handlebar Pole Aluminium Mount for Insta360 X5 X4 X3  Ace Pro Pro2  Hero13 12 11 10 9 Osm,1,1275.55,Shipment,BENGALURU,Shipment,1275.55,0.0,1,False,
2025-08-19,IN-197,LGONEX5,B0FKYLQ2QZ,Yantralay Accessories for Insta 360 X5   Aluminum Frame  Charger  Lens Guard  Screen Guard  Lens Cap  Silicone Cover  X5 Lens Guard,1,678.03,Shipment,BHUBANESWAR,Shipment,678.03,0.0,1,False,
2025-08-18,IN-189,GP47_NEW,B0DRYJZ6VH,yantralay 360  Rotatable Camera Bike Mount Clamp Motorcycle Handlebar Pole Aluminium Mount for Insta360 X5 X4 X3  Ace Pro Pro2  Hero13 12 11 10 9 Osm,1,1275.55,Shipment,JAMMU,Shipment,1275.55,0.0,1,False,
2025-08-19,IN-194,GP47_NEW,B0DRYJZ6VH,yantralay 360  Rotatable Camera Bike Mount Clamp Motorcycle Handlebar Pole Aluminium Mount for Insta360 X5 X4 X3  Ace Pro Pro2  Hero13 12 11 10 9 Osm,1,1275.55,Shipment,NAVI MUMBAI,Shipment,1275.55,0.0,1,False,
2025-08-20,BOM5-1245,GP45-M,B0F88CFJN2,yantralay Magnetic Camera Mount for Hero 13 12 11 10 9  Insta360 X5 X4 X3  Action 4 5  Osmo Pocket 3   360  Quick Release Car Holder  Heavy Duty Magn,1,1558.79,Shipment,IGATPURI,Shipment,1558.79,0.0,1,False,
2025-08-20,BOM5-1244,GP10_ONEX4_STARTRC,B0DDXP86FQ,yantralay x Startr c Carrying Case for Insta 360 X4 X5  Portable PU Storage Protective Bag Travel Case for Insta 360 X4 X5 Accessories with Large Capa,1,1587.89,Shipment,BENGALURU,Shipment,1587.89,0.0,1,False,
2025-08-20,BOM5-1246,GP10_ONEX4_STARTRC,B0DDXP86FQ,yantralay x Startr c Carrying Case for Insta 360 X4 X5  Portable PU Storage Protective Bag Travel Case for Insta 360 X4 X5 Accessories with Large Capa,1,1587.89,Shipment,SURAT,Shipment,1587.89,0.0,1,False,
2025-08-20,BOM5-1247,GP10_ONEX4_STARTRC,B0DDXP86FQ,yantralay x Startr c Carrying Case for Insta 360 X4 X5  Portable PU Storage Protective Bag Travel Case for Insta 360 X4 X5 Accessories with Large Capa,1,1587.89,Shipment,BENGALURU,Shipment,1587.89,0.0,1,False,
2025-08-13,BOM7-1238,SHOTGRIP_TLS,B0FCSFYHRJ,yantralay x Teles in ShotGrip   Magnetic Camera Grip with Wireless Shutter for Phone 16 15 14 13  Android  1 4  Tripod Mount Compatible  DSLR Style Cr,1,-2375.53,Refund,HARUR,Refund,-2375.53,0.0,0,False,
2025-08-20,PNQ3-512,PS2_RED,B0BL1HF4NJ,yantralay Nylon Controller Gamepad Carry Case   Ultimate Protection Compatible For PS5 PS4 PS3 Switch Pro Xbox Joysticks Waterproof  Scratch Protectio,1,484.03,Shipment,Kolhapur,Shipment,484.03,0.0,1,False,
2025-08-09,BOM7-1179,LGONEX4_PREMIUM,B0DZ13Z8RF,yantralay Lens Protector for Insta360 X4  Removable Optical Glass Lens   Anti Scratch  Insta 360 X4 Accessories,1,-2521.03,Refund,NAGPUR,Refund,-2521.03,0.0,0,False,
2025-08-20,BOM7-1285,GP10_RS4_STARTRC,B0DB1TQPH3,yantralay Portable Carrying Storage Case for DJ I Ronin RS4   RS4 Pro Gimbal EVA Handbag Travel Handheld Shoulder Bag  Grey,1,2624.82,Shipment,PUNE,Shipment,2624.82,0.0,1,False,
2025-08-20,BOM7-1287,IN28_X5,B0F9KX96CY,yantralay Insta 360 X4 X5 Camera Mount Stand Base   Silicone Non Slip Desktop Bracket for Insta 360 X4   X5   Lightweight  Compact   Stable,1,474.33,Shipment,PUNE,Shipment,474.33,0.0,1,False,
2025-08-20,BOM7-1286,PS5_VERTICALSTAND,B0DGTZGCNQ,yantralay 2 in 1 Vertical Stand for PS 5   PS 5 Slim Consoles Non Slip Base Mount for PS 5 Accessories  for PS5   PS5 Slim Digital   Disc Version,1,872.03,Shipment,MUMBAI,Shipment,872.03,0.0,1,False,
2025-08-20,PNQ3-513,GP46-L,B0F91GCRP4,yantralay Double Clamp Mount Bracket with 1 4  Ball Head for Go Pro 13 12 11  Insta 360 X5 X4 X3 Handlebar  Motorcycle  Bicycle  Selfie Stick  Studio,1,1795.47,Shipment,KODAIKANAL,Shipment,1795.47,0.0,1,False,
2025-08-20,BOM5-1248,GP12,B0D7BZ38X8,yantralay Aluminium Car Suction Mount 360  Rotatable for Insta 360 X4 X3 X2  Ace Pro ONE R RS  Hero 13 12 11 10 9 8 7  DJI Osmo Action Series   All O,1,1252.27,Shipment,NAVI MUMBAI,Shipment,1252.27,0.0,1,False,
2025-08-21,BOM5-1249,GP1620_TLS,B08S7D4LKH,yantralay Upgraded Helmet Chin Strap Mount for Hero 13 12 11 10 9 8 7 6 5  SJCAM  Insta 360   DJI Osmo Action 3   4   Adjustable   Secure Camera Moun,1,1164.97,Shipment,MANJERI,Shipment,1164.97,0.0,1,False,
2025-08-21,PNQ3-514,PS2_BLUE,B0BL1H24P4,yantralay Controller Gamepad Carry Case   Ultimate Protection Compatible for PS5 PS4 PS3 Switch Pro Xbox Joysticks Waterproof  Scratch Protection  Dur,1,484.03,Shipment,BARARA,Shipment,484.03,0.0,1,False,
2025-08-15,BOM7-1248,GP10_OM6_STARTRCN,B09HRM8R6B,STARTRC Case Polyurethane  PU  Waterproof Portable Storge Shoulder Bag TravelMate Case for DJI Osmo Mobile 6 Gimbal Stabilizer,1,-1163.03,Refund,NASIRABAD,Refund,-1163.03,0.0,0,False,
2025-08-15,BOM7-1251,PS5_CC1_GREY,B0BRJMPHKL,yantralay PS5 Carrying Case Bag for PS5 Console Gamepad  Controller  Headset  VR Play Station Accessories   Travel Bag   Grey,1,-2375.53,Refund,pune,Refund,-2375.53,0.0,0,False,
2025-08-13,BOM5-1173,GP47_NEW,B0DRYJZ6VH,yantralay 360  Rotatable Camera Bike Mount Clamp Motorcycle Handlebar Pole Aluminium Mount for Insta360 X5 X4 X3  Ace Pro Pro2  Hero13 12 11 10 9 Osm,1,-1308.53,Refund,GURUGRAM,Refund,-1308.53,0.0,0,False,
2025-08-21,BOM5-1251,GP46-L,B0F91GCRP4,yantralay Double Clamp Mount Bracket with 1 4  Ball Head for Go Pro 13 12 11  Insta 360 X5 X4 X3 Handlebar  Motorcycle  Bicycle  Selfie Stick  Studio,1,1795.47,Shipment,MOHALI,Shipment,1795.47,0.0,1,False,
2025-08-21,BOM5-1250,GP47-M,B0F91SSVW8,yantralay Action Camera Handlebar Mount with 360  Dual Ball Head   Super Clamp for Go Pro  Insta 360  Mobile  Bike  Motorcycle   Universal Quick Rele,1,1701.38,Shipment,NEW DELHI,Shipment,1701.38,0.0,1,False,
2025-08-21,BOM7-1288,GP46-M_GP46-S_GP25_150CMS,B0F99WWGGT,yantralay Motorcycle Handlebar Clamp Kit with Dual Clamp Mounts   Invisible Selfie Stick for Insta 360 X4 X3 X2 One RS GO 3   Bike Action Camera Mount,1,4078.98,Shipment,CHAKIA,Shipment,4078.98,0.0,1,False,
2025-08-13,BOM5-1166,LGONEX4,B0F7RT4HGJ,yantralay 2Pcs Lens Guard for Insta 360 X4   Scratch Resistant Protective Lens Cover   High Transparency Optical Coated Cap   Insta 360 X4 Camera Acce,1,-775.03,Refund,LUDHIANA,Refund,-775.03,0.0,0,False,
2025-08-21,BOM7-1289,PS5_CC1_BLACK,B0BRJM4R9Q,yantralay PS 5 Carrying Case Bag for PS5 Console Gamepad  Controller  Headset  VR Play Statio n Accessories   Travel Bag   Black,1,2375.53,Shipment,BENGALURU,Shipment,2375.53,0.0,1,False,
2025-08-18,BOM7-1275,PS5SLIM_CC1_GREY,B0DDQFP6NL,yantralay Carrying case for PS 5 Slim Console Gamepad Controller Headphone VR Travel Bag  Playstatio n 5 Slim Accessories   Grey,1,-2173.77,Refund,HYDERABAD,Refund,-2173.77,0.0,0,False,
2025-08-08,BOM7-1167,PS5SLIM_CC1_GREY,B0DDQFP6NL,yantralay Carrying case for PS 5 Slim Console Gamepad Controller Headphone VR Travel Bag  Playstatio n 5 Slim Accessories   Grey,1,-2230.03,Refund,NEW DELHI,Refund,-2230.03,0.0,0,False,
2025-08-21,BOM5-1252,SHOTGRIP_TLSN,B0F66YYCTQ,Magnetic Phone Camera Grip  Smartphone Shooting Holder Selfie Handle Snap with Wireless Shutter Button Remote for iPhone 16 15 14 13 12 Pro Max Androi,1,2375.53,Shipment,CHENNAI,Shipment,2375.53,0.0,1,False,
2025-08-21,BOM5-1255,ACFRAMEGP13_AL,B0F93ZW44W,Yantralay Premium Aluminum Protective Case for Go Pro Hero13 12 11 10 9 Tough Aluminum Cage Maximum Protection with Minimal Weight Accessory,1,2599.6,Shipment,THIRUVANANTHAPURAM,Shipment,2599.6,0.0,1,False,
2025-08-21,BOM7-1291,GP12,B0D7BZ38X8,yantralay Aluminium Car Suction Mount 360  Rotatable for Insta 360 X4 X3 X2  Ace Pro ONE R RS  Hero 13 12 11 10 9 8 7  DJI Osmo Action Series   All O,1,1252.27,Shipment,MUMBAI,Shipment,1252.27,0.0,1,False,
2025-08-21,BOM5-1253,GP31,B09MTYMKR1,Yantralay Underwater Snorkel Glasses Diving Mount for Hero 12 11 10 9 8  SJCAM  DJI Osmo Action 3   4   Ideal for Scuba Diving   Underwater Photograph,1,1163.03,Shipment,NEW RAIPUR,Shipment,1163.03,0.0,1,False,
2025-08-21,BOM7-1292,PS5_CC1_BLACK,B0BRJM4R9Q,yantralay PS 5 Carrying Case Bag for PS5 Console Gamepad  Controller  Headset  VR Play Statio n Accessories   Travel Bag   Black,1,2375.53,Shipment,AHMEDABAD,Shipment,2375.53,0.0,1,False,
2025-08-21,BOM7-1290,LGONEX4,B0F7RT4HGJ,yantralay 2Pcs Lens Guard for Insta 360 X4   Scratch Resistant Protective Lens Cover   High Transparency Optical Coated Cap   Insta 360 X4 Camera Acce,1,755.63,Shipment,POLADPUR,Shipment,755.63,0.0,1,False,
2025-08-21,PNQ3-516,PS2_YELLOW,B0BL1HQ3C4,yantralay Controller Gamepad Carry Case   Ultimate Protection Compatible for PS5 PS4 PS3 Switch Pro Xbox Joysticks Waterproof  Scratch Protection  Dur,1,484.03,Shipment,PUNE,Shipment,484.03,0.0,1,False,
2025-08-21,PNQ3-515,PS1,B0BJBL1XBS,yantralay Polyester Dual Controller Hard Carry Case Compatible With Ps5 Ps4 Xbox Ipega Controllers   3 Layer Protection Travel Carry Case   Grey,1,877.85,Shipment,PIMPRI CHINCHWAD,Shipment,877.85,0.0,1,False,
2025-08-21,BOM5-1257,ACCHARGERONEX4_3_AMG,B0DWLH6MJ3,Yantralay x amagisn 3 Slot Battery Charger Compatible for Insta360 X4 Camera  Charging Dock for X4 Accessories,1,1381.28,Shipment,Sawantwadi,Shipment,1381.28,0.0,1,False,
2025-08-12,BOM5-1144,GP49,B0D456N4QM,yantralay Motorcycle Bike Bicycle Handlebar Mount Clamps with 1 4  Screw Compatible 8 35mm for Gopro Hero 13 12 11 10 9 Max Insta360 ONE X5 X4 X3  ONE,1,-920.53,Refund,delhi,Refund,-920.53,0.0,0,False,
2025-08-21,BOM7-1296,GP12,B0D7BZ38X8,yantralay Aluminium Car Suction Mount 360  Rotatable for Insta 360 X4 X3 X2  Ace Pro ONE R RS  Hero 13 12 11 10 9 8 7  DJI Osmo Action Series   All O,1,1252.27,Shipment,PUNE,Shipment,1252.27,0.0,1,False,
2025-08-21,BOM5-1256,GP46-S,B0F91G6H93,yantralay Double Clamp Mount Bracket with 1 4  Ball Head for GoPro  Insta 360 X2 X3  Action Cameras   Handlebar  Motorcycle  Bicycle  Selfie Stick  St,1,1606.32,Shipment,NAGAON,Shipment,1606.32,0.0,1,False,
2025-08-21,BOM5-1254,GP47_NEW,B0DRYJZ6VH,nan,1,0.0,Cancel,HYDERABAD,Cancel,0.0,0.0,0,False,
2025-08-22,BOM7-1298,PS5_VERTICALSTAND,B0DGTZGCNQ,yantralay 2 in 1 Vertical Stand for PS 5   PS 5 Slim Consoles Non Slip Base Mount for PS 5 Accessories  for PS5   PS5 Slim Digital   Disc Version,1,872.03,Shipment,SRINAGAR,Shipment,872.03,0.0,1,False,
2025-08-22,BOM5-1259,GP45-M,B0F88CFJN2,yantralay Magnetic Camera Mount for Hero 13 12 11 10 9  Insta360 X5 X4 X3  Action 4 5  Osmo Pocket 3   360  Quick Release Car Holder  Heavy Duty Magn,1,1558.79,Shipment,Bengaluru,Shipment,1558.79,0.0,1,False,
2025-08-22,BOM5-1258,PS1,B0BJBL1XBS,yantralay Polyester Dual Controller Hard Carry Case Compatible With Ps5 Ps4 Xbox Ipega Controllers   3 Layer Protection Travel Carry Case   Grey,1,877.85,Shipment,MUMBAI,Shipment,877.85,0.0,1,False,
2025-08-22,BOM7-1303,GP47_NEW,B0DRYJZ6VH,yantralay 360  Rotatable Camera Bike Mount Clamp Motorcycle Handlebar Pole Aluminium Mount for Insta360 X5 X4 X3  Ace Pro Pro2  Hero13 12 11 10 9 Osm,1,1315.0,Shipment,MUMBAI,Shipment,1315.0,0.0,1,False,
2025-08-22,BOM5-1261,GP46-L,B0F91GCRP4,nan,1,0.0,Cancel,NAJAFGARH,Cancel,0.0,0.0,0,False,
2025-08-22,BOM7-1301,PS5_CC1_GREY,B0BRJMPHKL,yantralay PS5 Carrying Case Bag for PS5 Console Gamepad  Controller  Headset  VR Play Station Accessories   Travel Bag   Grey,1,2375.53,Shipment,DELHI,Shipment,2375.53,0.0,1,False,
2025-08-21,BOM7-1297,GP48-L,B0FDX3LQT2,Yantralay Suction Jaw Clamp Mount Bracket with Ball Head of 360 Degree Rotation for Insta 360 X5 X4 X3,1,1323.08,Shipment,NOIDA,Shipment,1323.08,0.0,1,False,
2025-08-22,BOM7-1305,GP12,B0D7BZ38X8,yantralay Aluminium Car Suction Mount 360  Rotatable for Insta 360 X4 X3 X2  Ace Pro ONE R RS  Hero 13 12 11 10 9 8 7  DJI Osmo Action Series   All O,1,1252.27,Shipment,GHAZIABAD,Shipment,1252.27,0.0,1,False,
2025-08-22,BOM5-1260,GP46-M,B0F91GXT2N,yantralay Double Clamp Mount Bracket with 1 4  Ball Head for GoPro  Insta 360 X2 X3  Action Cameras   Handlebar  Motorcycle  Bicycle  Selfie Stick  St,1,1631.22,Shipment,NAJAFGARH,Shipment,1631.22,0.0,1,False,
2025-08-22,BOM5-1261,GP46-L,B0F91GCRP4,yantralay Double Clamp Mount Bracket with 1 4  Ball Head for Go Pro 13 12 11  Insta 360 X5 X4 X3 Handlebar  Motorcycle  Bicycle  Selfie Stick  Studio,1,1721.43,Shipment,NAJAFGARH,Shipment,1721.43,0.0,1,False,
2025-08-22,BOM7-1306,PS1,B0BJBL1XBS,yantralay Polyester Dual Controller Hard Carry Case Compatible With Ps5 Ps4 Xbox Ipega Controllers   3 Layer Protection Travel Carry Case   Grey,1,877.85,Shipment,MUMBAI,Shipment,877.85,0.0,1,False,
2025-08-22,PNQ3-517,IN1_AL,B0D4536M61,yantralay 4 in 1 Motorcycle Mount Bundle with Unicorn Helmet Extension Arm Adhesive Kit Compatible for Insta360 One X5 X4 X3 X2  ONE R RS  Hero 13 12,1,1927.39,Shipment,CHENNAI,Shipment,1927.39,0.0,1,False,
2025-08-14,BOM5-1178,GP45-M,B0F88CFJN2,yantralay Magnetic Camera Mount for Hero 13 12 11 10 9  Insta360 X5 X4 X3  Action 4 5  Osmo Pocket 3   360  Quick Release Car Holder  Heavy Duty Magn,1,-1599.53,Refund,DEBAGARH,Refund,-1599.53,0.0,0,False,
2025-08-13,BOM7-1222,PS5_CC1_GREY,B0BRJMPHKL,yantralay PS5 Carrying Case Bag for PS5 Console Gamepad  Controller  Headset  VR Play Station Accessories   Travel Bag   Grey,1,-2375.53,Refund,ERAVATTUR,Refund,-2375.53,0.0,0,False,
2025-08-22,BOM7-1299,GP47_NEW,B0DRYJZ6VH,yantralay 360  Rotatable Camera Bike Mount Clamp Motorcycle Handlebar Pole Aluminium Mount for Insta360 X5 X4 X3  Ace Pro Pro2  Hero13 12 11 10 9 Osm,1,1315.0,Shipment,Bhubaneswar,Shipment,1315.0,0.0,1,False,
2025-08-22,BOM7-1309,PS5_CC1_BLACK,B0BRJM4R9Q,yantralay PS 5 Carrying Case Bag for PS5 Console Gamepad  Controller  Headset  VR Play Statio n Accessories   Travel Bag   Black,1,2375.53,Shipment,HYDERABAD,Shipment,2375.53,0.0,1,False,
2025-08-21,BOM7-1295,GP12,B0D7BZ38X8,yantralay Aluminium Car Suction Mount 360  Rotatable for Insta 360 X4 X3 X2  Ace Pro ONE R RS  Hero 13 12 11 10 9 8 7  DJI Osmo Action Series   All O,1,1252.27,Shipment,SHAJAPUR,Shipment,1252.27,0.0,1,False,
2025-08-22,BOM5-1262,INONEX4_COMBO1,B0DX1SWJXZ,yantralay Lens Guard for Insta360 X4   Tempered Glass   Scratch Resistant Protective Lens Cover   Insta360 X4 Camera Accessories   ONEX4 Combo Kit,1,1843.0,Shipment,GANGAKHED,Shipment,1843.0,0.0,1,False,
2025-08-22,BOM7-1308,PS5_CC1_BLACK,B0BRJM4R9Q,yantralay PS 5 Carrying Case Bag for PS5 Console Gamepad  Controller  Headset  VR Play Statio n Accessories   Travel Bag   Black,1,2375.53,Shipment,BENGALURU,Shipment,2375.53,0.0,1,False,
2025-08-22,PNQ3-519,PS1,B0BJBL1XBS,yantralay Polyester Dual Controller Hard Carry Case Compatible With Ps5 Ps4 Xbox Ipega Controllers   3 Layer Protection Travel Carry Case   Grey,1,877.85,Shipment,PUNE,Shipment,877.85,0.0,1,False,
2025-08-20,IN-202,GP47_NEW,B0DRYJZ6VH,nan,1,0.0,Cancel,Hyderabad,Cancel,0.0,0.0,0,False,
2025-08-22,PNQ3-520,MP_ONEX4,B0F9X132RD,yantralay Camera Lavalier Clip on Type C Microphone for Insta 360 X4 Collar Clip Microphone  Without Need of Mic Adapter  1 5M Cable Length   Black  I,1,1417.17,Shipment,HYDERABAD,Shipment,1417.17,0.0,1,False,
2025-08-22,BOM7-1312,GP47_NEW,B0DRYJZ6VH,yantralay 360  Rotatable Camera Bike Mount Clamp Motorcycle Handlebar Pole Aluminium Mount for Insta360 X5 X4 X3  Ace Pro Pro2  Hero13 12 11 10 9 Osm,1,1315.0,Shipment,BENGALURU,Shipment,1315.0,0.0,1,False,
2025-08-22,BOM7-1307,GP47_NEW,B0DRYJZ6VH,yantralay 360  Rotatable Camera Bike Mount Clamp Motorcycle Handlebar Pole Aluminium Mount for Insta360 X5 X4 X3  Ace Pro Pro2  Hero13 12 11 10 9 Osm,1,1315.0,Shipment,GURUGRAM,Shipment,1315.0,0.0,1,False,
2025-08-22,BOM7-1310,GP47_NEW,B0DRYJZ6VH,yantralay 360  Rotatable Camera Bike Mount Clamp Motorcycle Handlebar Pole Aluminium Mount for Insta360 X5 X4 X3  Ace Pro Pro2  Hero13 12 11 10 9 Osm,1,1315.0,Shipment,BALLEPALLE,Shipment,1315.0,0.0,1,False,
2025-08-22,BOM7-1304,GP47_NEW,B0DRYJZ6VH,yantralay 360  Rotatable Camera Bike Mount Clamp Motorcycle Handlebar Pole Aluminium Mount for Insta360 X5 X4 X3  Ace Pro Pro2  Hero13 12 11 10 9 Osm,1,1275.55,Shipment,HYDERABAD,Shipment,1275.55,0.0,1,False,
2025-08-22,BOM5-1263,GP49,B0D456N4QM,yantralay Motorcycle Bike Bicycle Handlebar Mount Clamps with 1 4  Screw Compatible 8 35mm for Gopro Hero 13 12 11 10 9 Max Insta360 ONE X5 X4 X3  ONE,1,873.97,Shipment,BENGALURU,Shipment,873.97,0.0,1,False,
2025-08-15,BOM5-1210,GP47_NEW,B0DRYJZ6VH,yantralay 360  Rotatable Camera Bike Mount Clamp Motorcycle Handlebar Pole Aluminium Mount for Insta360 X5 X4 X3  Ace Pro Pro2  Hero13 12 11 10 9 Osm,1,-1308.53,Refund,NOIDA,Refund,-1308.53,0.0,0,False,
2025-08-22,PNQ3-518,GP46-M_GP46-S_GP25_150CMS,B0F99WWGGT,yantralay Motorcycle Handlebar Clamp Kit with Dual Clamp Mounts   Invisible Selfie Stick for Insta 360 X4 X3 X2 One RS GO 3   Bike Action Camera Mount,1,4254.42,Shipment,AHMEDABAD,Shipment,4254.42,0.0,1,False,
2025-08-22,PNQ3-521,PS2_BLUE,B0BL1H24P4,yantralay Controller Gamepad Carry Case   Ultimate Protection Compatible for PS5 PS4 PS3 Switch Pro Xbox Joysticks Waterproof  Scratch Protection  Dur,1,484.03,Shipment,PUTHENCRUZ,Shipment,484.03,0.0,1,False,
2025-08-23,BOM7-1319,PS5_CC1_BLACK,B0BRJM4R9Q,nan,1,0.0,Cancel,NEW DELHI,Cancel,0.0,0.0,0,False,
2025-08-23,BOM7-1314,GP47_NEW,B0DRYJZ6VH,yantralay 360  Rotatable Camera Bike Mount Clamp Motorcycle Handlebar Pole Aluminium Mount for Insta360 X5 X4 X3  Ace Pro Pro2  Hero13 12 11 10 9 Osm,1,1315.0,Shipment,BENGALURU,Shipment,1315.0,0.0,1,False,
2025-08-23,BOM7-1315,GP47_NEW,B0DRYJZ6VH,yantralay 360  Rotatable Camera Bike Mount Clamp Motorcycle Handlebar Pole Aluminium Mount for Insta360 X5 X4 X3  Ace Pro Pro2  Hero13 12 11 10 9 Osm,1,1315.0,Shipment,Pimpri Chinchwad,Shipment,1315.0,0.0,1,False,
2025-08-23,BOM5-1264,GP49,B0D456N4QM,yantralay Motorcycle Bike Bicycle Handlebar Mount Clamps with 1 4  Screw Compatible 8 35mm for Gopro Hero 13 12 11 10 9 Max Insta360 ONE X5 X4 X3  ONE,1,873.97,Shipment,pune,Shipment,873.97,0.0,1,False,
2025-08-23,BOM7-1320,GP47_NEW,B0DRYJZ6VH,yantralay 360  Rotatable Camera Bike Mount Clamp Motorcycle Handlebar Pole Aluminium Mount for Insta360 X5 X4 X3  Ace Pro Pro2  Hero13 12 11 10 9 Osm,1,1315.0,Shipment,Bhubaneswar,Shipment,1315.0,0.0,1,False,
2025-08-20,IN-198,PS10_OLED_POKEMON_PURPLE,B0FD7NW1WZ,yantralay Pokemon Carry Case for Nintendo Switch OLED   Protective Hard Shell with Game Card Slots and Dual Zipper Design Dustproof  Scratch Resistant,1,969.03,Shipment,CHENNAI,Shipment,969.03,0.0,1,False,
2025-08-20,IN-201,GP47_NEW,B0DRYJZ6VH,yantralay 360  Rotatable Camera Bike Mount Clamp Motorcycle Handlebar Pole Aluminium Mount for Insta360 X5 X4 X3  Ace Pro Pro2  Hero13 12 11 10 9 Osm,1,1275.55,Shipment,VIJAPURA,Shipment,1275.55,0.0,1,False,
2025-08-21,IN-204,GP47_NEW,B0DRYJZ6VH,yantralay 360  Rotatable Camera Bike Mount Clamp Motorcycle Handlebar Pole Aluminium Mount for Insta360 X5 X4 X3  Ace Pro Pro2  Hero13 12 11 10 9 Osm,1,1275.55,Shipment,RANCHI,Shipment,1275.55,0.0,1,False,
2025-08-20,IN-200,LGONEX5,B0FKYLQ2QZ,Yantralay Accessories for Insta 360 X5   Aluminum Frame  Charger  Lens Guard  Screen Guard  Lens Cap  Silicone Cover  X5 Lens Guard,1,678.03,Shipment,SENDHWA,Shipment,678.03,0.0,1,False,
2025-08-21,IN-205,SGOLED2,B0FDQL7DFH,yantralay Tempered Glass Screen Protector for Nintendo Switch 2  2025    Ultra Thin HD Clear Film Guard with Rounded Edges for 7 9 Inch Display  1 Pac,1,484.03,Shipment,HYDERABAD,Shipment,484.03,0.0,1,False,
2025-08-20,IN-203,GP47_NEW,B0DRYJZ6VH,yantralay 360  Rotatable Camera Bike Mount Clamp Motorcycle Handlebar Pole Aluminium Mount for Insta360 X5 X4 X3  Ace Pro Pro2  Hero13 12 11 10 9 Osm,1,1275.55,Shipment,NOIDA,Shipment,1275.55,0.0,1,False,
2025-08-20,IN-199,GP47_NEW,B0DRYJZ6VH,yantralay 360  Rotatable Camera Bike Mount Clamp Motorcycle Handlebar Pole Aluminium Mount for Insta360 X5 X4 X3  Ace Pro Pro2  Hero13 12 11 10 9 Osm,1,1222.95,Shipment,BENGALURU,Shipment,1222.95,0.0,1,False,
2025-08-23,BOM7-1316,GP47_NEW,B0DRYJZ6VH,yantralay 360  Rotatable Camera Bike Mount Clamp Motorcycle Handlebar Pole Aluminium Mount for Insta360 X5 X4 X3  Ace Pro Pro2  Hero13 12 11 10 9 Osm,1,1315.0,Shipment,KRAL PORA KUPWARA DISTRICT,Shipment,1315.0,0.0,1,False,
2025-08-23,BOM7-1324,GP47_NEW,B0DRYJZ6VH,yantralay 360  Rotatable Camera Bike Mount Clamp Motorcycle Handlebar Pole Aluminium Mount for Insta360 X5 X4 X3  Ace Pro Pro2  Hero13 12 11 10 9 Osm,1,1315.0,Shipment,Palakkad,Shipment,1315.0,0.0,1,False,
2025-08-23,BOM7-1323,CWATCUN_D125-OLIVEGREENN,B0D8HWN2JJ,Cwatcun Camera Backpack Bag Small Fashion DSLR Camera Bag with Tripod Strap Laptop Compartment and Removable Padded Dividers  Green  Small  Fashion,1,3499.0,Shipment,NEW DELHI,Shipment,3499.0,0.0,1,False,
2025-08-23,BOM7-1313,GP47_NEW,B0DRYJZ6VH,yantralay 360  Rotatable Camera Bike Mount Clamp Motorcycle Handlebar Pole Aluminium Mount for Insta360 X5 X4 X3  Ace Pro Pro2  Hero13 12 11 10 9 Osm,1,1315.0,Shipment,NEW DELHI,Shipment,1315.0,0.0,1,False,
2025-08-23,BOM5-1266,TY98_TUYU,B0F7RP62NV,yantralay Motorcycle Windshield Mounting Clamp Aluminum Mount for Insta 360 X5 X4 X3  Go Pro Hero 13 12 11 10 9  D J I Action 5 Pro  4 3 Action Camera,2,3442.86,Shipment,PUNE,Shipment,3442.86,0.0,2,False,
2025-08-23,BOM7-1317,PS5_CC1_BLACK,B0BRJM4R9Q,yantralay PS 5 Carrying Case Bag for PS5 Console Gamepad  Controller  Headset  VR Play Statio n Accessories   Travel Bag   Black,1,2375.53,Shipment,GURUGRAM,Shipment,2375.53,0.0,1,False,
2025-08-23,BOM7-1318,GP10_RS4_STARTRC,B0DB1TQPH3,yantralay Portable Carrying Storage Case for DJ I Ronin RS4   RS4 Pro Gimbal EVA Handbag Travel Handheld Shoulder Bag  Grey,1,2624.82,Shipment,Mumbai,Shipment,2624.82,0.0,1,False,
2025-08-11,BOM7-1211,PS_CDRACK-GREEN,B0DWXXDCX6,yantralay Game Storage Tower for PS5 Xbox Series Switch   Holds 18 Game Discs with 4 Controller Holders   Gaming Desk Organizer   Stand  Green,1,-1745.03,Refund,THANE,Refund,-1745.03,0.0,0,False,
2025-08-23,BOM7-1322,PS5_CC1_GREY,B0BRJMPHKL,yantralay PS5 Carrying Case Bag for PS5 Console Gamepad  Controller  Headset  VR Play Station Accessories   Travel Bag   Grey,1,2375.53,Shipment,CHENNAI,Shipment,2375.53,0.0,1,False,
2025-08-23,BOM7-1321,PS5_CC1_GREY,B0BRJMPHKL,yantralay PS5 Carrying Case Bag for PS5 Console Gamepad  Controller  Headset  VR Play Station Accessories   Travel Bag   Grey,1,2375.53,Shipment,CHENNAI,Shipment,2375.53,0.0,1,False,
2025-08-23,BOM7-1325,PS5_CC1_BLACK,B0BRJM4R9Q,yantralay PS 5 Carrying Case Bag for PS5 Console Gamepad  Controller  Headset  VR Play Statio n Accessories   Travel Bag   Black,1,2375.53,Shipment,NEW DELHI,Shipment,2375.53,0.0,1,False,
2025-08-23,BOM5-1265,GP10KIT_H9_GP18,B0FDBGBJVT,yantralay 63 in 1 Action Camera Accessories Kit for Go Pro Hero 13 12 11 10 9   Waterproof Housing  Silicone Case  3 Way Arm  Head Chest Wrist Strap,1,2552.07,Shipment,PUNE,Shipment,2552.07,0.0,1,False,
2025-08-23,BOM7-1326,CWATCUN_D129N,B0D8HTSVZH,Cwatcun Camera Backpack Hardshell for Photography  2 in1 Shockproof Camera Sling Bag  Waterproof Camera Case Crossbody with Tripod Holder  Rain Cover,1,4369.05,Shipment,BENGALURU,Shipment,4369.05,0.0,1,False,
2025-08-23,BOM5-1269,GP10_RS4_STARTRC,B0DB1TQPH3,yantralay Portable Carrying Storage Case for DJ I Ronin RS4   RS4 Pro Gimbal EVA Handbag Travel Handheld Shoulder Bag  Grey,1,2624.82,Shipment,Kozhikode,Shipment,2624.82,0.0,1,False,
2025-08-23,BOM7-1327,PS5_CC1_GREY,B0BRJMPHKL,yantralay PS5 Carrying Case Bag for PS5 Console Gamepad  Controller  Headset  VR Play Station Accessories   Travel Bag   Grey,1,2375.53,Shipment,Bengaluru,Shipment,2375.53,0.0,1,False,
2025-08-23,BOM5-1270,GP1620_TLS,B08S7D4LKH,yantralay Upgraded Helmet Chin Strap Mount for Hero 13 12 11 10 9 8 7 6 5  SJCAM  Insta 360   DJI Osmo Action 3   4   Adjustable   Secure Camera Moun,1,1164.97,Shipment,PUNE,Shipment,1164.97,0.0,1,False,
2025-08-23,BOM5-1267,GP46-L,B0F91GCRP4,yantralay Double Clamp Mount Bracket with 1 4  Ball Head for Go Pro 13 12 11  Insta 360 X5 X4 X3 Handlebar  Motorcycle  Bicycle  Selfie Stick  Studio,1,1795.47,Shipment,AHMEDABAD,Shipment,1795.47,0.0,1,False,
2025-08-22,BOM7-1311,MP_OA5,B0F9X1YNVL,yantralay Camera Lavalier Clip on Type C Microphone for DJ I Action 3 4 Collar Clip Microphone  Without Need of Mic Adapter  1 5M Cable Length   Black,1,1417.17,Shipment,MUMBAI,Shipment,1417.17,0.0,1,False,
2025-08-23,BOM5-1268,GP1620_TLS,B08S7D4LKH,yantralay Upgraded Helmet Chin Strap Mount for Hero 13 12 11 10 9 8 7 6 5  SJCAM  Insta 360   DJI Osmo Action 3   4   Adjustable   Secure Camera Moun,1,1164.97,Shipment,AHMEDABAD,Shipment,1164.97,0.0,1,False,
2025-08-24,PNQ3-522,GP10_OM7P_STARTRC,B0F2J6Z8WT,yantralay Osmo Mobile 7P Case Portable PU Shoulder Bag for DJI OM 7 Pro 7 Gimbal Stabilizer Travel Case for DJI Osmo Mobile 7 7P,1,1260.03,Shipment,PIRANGUT,Shipment,1260.03,0.0,1,False,
2025-08-24,BOM7-1329,GP47_NEW,B0DRYJZ6VH,yantralay 360  Rotatable Camera Bike Mount Clamp Motorcycle Handlebar Pole Aluminium Mount for Insta360 X5 X4 X3  Ace Pro Pro2  Hero13 12 11 10 9 Osm,1,1315.0,Shipment,MYSURU,Shipment,1315.0,0.0,1,False,
2025-08-24,BOM7-1332,GP47_NEW,B0DRYJZ6VH,nan,1,0.0,Cancel,Mullanpur Dakha,Cancel,0.0,0.0,0,False,
2025-08-24,BOM7-1335,GP47_NEW,B0DRYJZ6VH,nan,1,0.0,Cancel,CHENNAI,Cancel,0.0,0.0,0,False,
2025-08-21,PNQ3-514,PS2_BLUE,B0BL1H24P4,yantralay Controller Gamepad Carry Case   Ultimate Protection Compatible for PS5 PS4 PS3 Switch Pro Xbox Joysticks Waterproof  Scratch Protection  Dur,1,-484.03,Refund,BARARA,Refund,-484.03,0.0,0,False,
2025-08-24,BOM5-1273,PS2_WHITE,B0C46XWQRT,yantralay Controller Gamepad Carry Case   Ultimate Protection Compatible for PS5 PS4 PS3 Switch Pro Xbox Joysticks Waterproof  Scratch Protection  Dur,1,532.53,Shipment,VASAI VIRAR,Shipment,532.53,0.0,1,False,
2025-08-23,BOM7-1328,GP47_NEW,B0DRYJZ6VH,yantralay 360  Rotatable Camera Bike Mount Clamp Motorcycle Handlebar Pole Aluminium Mount for Insta360 X5 X4 X3  Ace Pro Pro2  Hero13 12 11 10 9 Osm,1,1315.0,Shipment,MUMBAI,Shipment,1315.0,0.0,1,False,
2025-08-24,BOM7-1330,PS5_CC1_GREY,B0BRJMPHKL,yantralay PS5 Carrying Case Bag for PS5 Console Gamepad  Controller  Headset  VR Play Station Accessories   Travel Bag   Grey,1,2375.53,Shipment,Hyderabad,Shipment,2375.53,0.0,1,False,
2025-08-24,BOM7-1337,PS5_CC1_GREY,B0BRJMPHKL,yantralay PS5 Carrying Case Bag for PS5 Console Gamepad  Controller  Headset  VR Play Station Accessories   Travel Bag   Grey,1,2375.53,Shipment,SOMVARPET,Shipment,2375.53,0.0,1,False,
2025-08-24,PNQ3-523,PS2_BLUE,B0BL1H24P4,yantralay Controller Gamepad Carry Case   Ultimate Protection Compatible for PS5 PS4 PS3 Switch Pro Xbox Joysticks Waterproof  Scratch Protection  Dur,1,0.0,FreeReplacement,AGRA,FreeReplacement,0.0,0.0,0,True,
2025-08-23,BOM7-1314,GP47_NEW,B0DRYJZ6VH,yantralay 360  Rotatable Camera Bike Mount Clamp Motorcycle Handlebar Pole Aluminium Mount for Insta360 X5 X4 X3  Ace Pro Pro2  Hero13 12 11 10 9 Osm,1,-1315.0,Refund,BENGALURU,Refund,-1315.0,0.0,0,False,
2025-08-23,BOM5-1271,GP28COMBO1_H13,B0DHYCQR66,Yantralay Silicone Lanyard Sleeve Protective Cover   6PCS Tempered Glass Screen Guard with Silicone Lens Cover Compatible with GoPro Hero 9 Black Acti,1,626.62,Shipment,JAMMU,Shipment,626.62,0.0,1,False,
2025-08-24,BOM7-1331,GP47_NEW,B0DRYJZ6VH,yantralay 360  Rotatable Camera Bike Mount Clamp Motorcycle Handlebar Pole Aluminium Mount for Insta360 X5 X4 X3  Ace Pro Pro2  Hero13 12 11 10 9 Osm,1,1315.0,Shipment,CONTAI,Shipment,1315.0,0.0,1,False,
2025-08-24,BOM7-1332,GP47_NEW,B0DRYJZ6VH,yantralay 360  Rotatable Camera Bike Mount Clamp Motorcycle Handlebar Pole Aluminium Mount for Insta360 X5 X4 X3  Ace Pro Pro2  Hero13 12 11 10 9 Osm,1,1315.0,Shipment,Mullanpur Dakha,Shipment,1315.0,0.0,1,False,
2025-08-24,BOM5-1276,MP_OA5,B0F9X1YNVL,yantralay Camera Lavalier Clip on Type C Microphone for DJ I Action 3 4 Collar Clip Microphone  Without Need of Mic Adapter  1 5M Cable Length   Black,1,1496.17,Shipment,NEW DELHI,Shipment,1496.17,0.0,1,False,
2025-08-24,BOM5-1277,GP10_OP3,B0CVQMKG3M,yantralay Protective Carry Case Compatible for DJI OSMO Pocket 3 Camera   Anti Scratch  Wear Resistant   Ideal Travel Accessory for OSMO Pocket 3 Acce,1,806.07,Shipment,GURUGRAM,Shipment,806.07,0.0,1,False,
2025-08-24,BOM5-1275,GP47_NEW,B0DRYJZ6VH,yantralay 360  Rotatable Camera Bike Mount Clamp Motorcycle Handlebar Pole Aluminium Mount for Insta360 X5 X4 X3  Ace Pro Pro2  Hero13 12 11 10 9 Osm,1,1315.0,Shipment,DEHRADUN,Shipment,1315.0,0.0,1,False,
2025-08-24,PNQ3-524,PS1,B0BJBL1XBS,yantralay Polyester Dual Controller Hard Carry Case Compatible With Ps5 Ps4 Xbox Ipega Controllers   3 Layer Protection Travel Carry Case   Grey,1,877.85,Shipment,SANGLI MIRAJ KUPWAD,Shipment,877.85,0.0,1,False,
2025-08-24,BOM7-1338,GP47_NEW,B0DRYJZ6VH,yantralay 360  Rotatable Camera Bike Mount Clamp Motorcycle Handlebar Pole Aluminium Mount for Insta360 X5 X4 X3  Ace Pro Pro2  Hero13 12 11 10 9 Osm,1,1315.0,Shipment,MUMBAI,Shipment,1315.0,0.0,1,False,
2025-08-24,BOM7-1339,PS5_CC1_BLACK,B0BRJM4R9Q,yantralay PS 5 Carrying Case Bag for PS5 Console Gamepad  Controller  Headset  VR Play Statio n Accessories   Travel Bag   Black,1,2375.53,Shipment,GHAZIABAD,Shipment,2375.53,0.0,1,False,
2025-08-24,BOM5-1272,DA34,B0DQQ96VMF,yantralay Handheld Adapter for Wireless Interview with Foam Windshield   Reduce Wind Noise  Compatible with Digite k DWM 101  DJI MIC MIC2  Rode Rode,1,660.57,Shipment,MUMBAI,Shipment,660.57,0.0,1,False,
2025-08-24,BOM7-1340,PS10_PS5PORTALCOMBO,B0DF2Z2X1Q,yantralay 6 in 1 Hard Carrying Case with Protective Cover for Play Station 5 Portal  Non Slip Soft Case Cover   Screen Protectors   Thumb Grips for PS,1,2007.9,Shipment,NEW DELHI,Shipment,2007.9,0.0,1,False,
2025-08-24,BOM7-1337,PS5_CC1_GREY,B0BRJMPHKL,yantralay PS5 Carrying Case Bag for PS5 Console Gamepad  Controller  Headset  VR Play Station Accessories   Travel Bag   Grey,1,-2375.53,Refund,SOMVARPET,Refund,-2375.53,0.0,0,False,
2025-08-24,BOM5-1278,GP46-S,B0F91G6H93,yantralay Double Clamp Mount Bracket with 1 4  Ball Head for GoPro  Insta 360 X2 X3  Action Cameras   Handlebar  Motorcycle  Bicycle  Selfie Stick  St,1,1606.32,Shipment,KHOPOLI,Shipment,1606.32,0.0,1,False,
2025-08-24,BOM5-1280,GP47-SN,B0F91PMBC5,yantralay Action Camera Handlebar Mount with 360  Dual Ball Head   Super Clamp for Go Pro  Insta 360  Mobile  Bike  Motorcycle   Universal Quick Rele,1,1606.32,Shipment,Gurugram,Shipment,1606.32,0.0,1,False,
2025-08-24,BOM5-1274,PS1,B0BJBL1XBS,yantralay Polyester Dual Controller Hard Carry Case Compatible With Ps5 Ps4 Xbox Ipega Controllers   3 Layer Protection Travel Carry Case   Grey,1,877.85,Shipment,MUMBAI,Shipment,877.85,0.0,1,False,
2025-08-24,BOM7-1341,PS5_CC1_GREY,B0BRJMPHKL,yantralay PS5 Carrying Case Bag for PS5 Console Gamepad  Controller  Headset  VR Play Station Accessories   Travel Bag   Grey,1,2375.53,Shipment,NEW DELHI,Shipment,2375.53,0.0,1,False,
2025-08-24,BOM7-1333,PS10_PS5PORTALCOMBO,B0DF2Z2X1Q,yantralay 6 in 1 Hard Carrying Case with Protective Cover for Play Station 5 Portal  Non Slip Soft Case Cover   Screen Protectors   Thumb Grips for PS,1,2007.9,Shipment,Ahmedabad,Shipment,2007.9,0.0,1,False,
2025-08-24,BOM5-1281,GP46-M,B0F91GXT2N,yantralay Double Clamp Mount Bracket with 1 4  Ball Head for GoPro  Insta 360 X2 X3  Action Cameras   Handlebar  Motorcycle  Bicycle  Selfie Stick  St,1,1701.38,Shipment,Mumbai,Shipment,1701.38,0.0,1,False,
2025-08-24,BOM7-1334,GP47_NEW,B0DRYJZ6VH,yantralay 360  Rotatable Camera Bike Mount Clamp Motorcycle Handlebar Pole Aluminium Mount for Insta360 X5 X4 X3  Ace Pro Pro2  Hero13 12 11 10 9 Osm,1,1315.0,Shipment,PONDA,Shipment,1315.0,0.0,1,False,
2025-08-24,BOM5-1282,GP46-S,B0F91G6H93,yantralay Double Clamp Mount Bracket with 1 4  Ball Head for GoPro  Insta 360 X2 X3  Action Cameras   Handlebar  Motorcycle  Bicycle  Selfie Stick  St,1,1606.32,Shipment,KOTTAYAM,Shipment,1606.32,0.0,1,False,
2025-08-24,BOM7-1336,GP49,B0D456N4QM,yantralay Motorcycle Bike Bicycle Handlebar Mount Clamps with 1 4  Screw Compatible 8 35mm for Gopro Hero 13 12 11 10 9 Max Insta360 ONE X5 X4 X3  ONE,1,873.97,Shipment,AMGAON,Shipment,873.97,0.0,1,False,
2025-08-24,BOM7-1343,GP47_NEW,B0DRYJZ6VH,yantralay 360  Rotatable Camera Bike Mount Clamp Motorcycle Handlebar Pole Aluminium Mount for Insta360 X5 X4 X3  Ace Pro Pro2  Hero13 12 11 10 9 Osm,1,1315.0,Shipment,Out,Shipment,1315.0,0.0,1,False,
2025-08-24,BOM7-1345,GP12,B0D7BZ38X8,yantralay Aluminium Car Suction Mount 360  Rotatable for Insta 360 X4 X3 X2  Ace Pro ONE R RS  Hero 13 12 11 10 9 8 7  DJI Osmo Action Series   All O,1,1252.27,Shipment,THANE,Shipment,1252.27,0.0,1,False,
2025-08-24,BOM7-1342,GP10_RS4_STARTRC,B0DB1TQPH3,yantralay Portable Carrying Storage Case for DJ I Ronin RS4   RS4 Pro Gimbal EVA Handbag Travel Handheld Shoulder Bag  Grey,1,2624.82,Shipment,KALYAN,Shipment,2624.82,0.0,1,False,
2025-08-25,BOM7-1346,GP47_NEW,B0DRYJZ6VH,yantralay 360  Rotatable Camera Bike Mount Clamp Motorcycle Handlebar Pole Aluminium Mount for Insta360 X5 X4 X3  Ace Pro Pro2  Hero13 12 11 10 9 Osm,1,1315.0,Shipment,CHANDIGARH,Shipment,1315.0,0.0,1,False,
2025-08-24,BOM7-1344,PS10_PS5PORTALCOMBO,B0DF2Z2X1Q,yantralay 6 in 1 Hard Carrying Case with Protective Cover for Play Station 5 Portal  Non Slip Soft Case Cover   Screen Protectors   Thumb Grips for PS,1,2007.9,Shipment,LUDHIANA,Shipment,2007.9,0.0,1,False,
2025-08-25,BOM5-1283,PS1,B0BJBL1XBS,yantralay Polyester Dual Controller Hard Carry Case Compatible With Ps5 Ps4 Xbox Ipega Controllers   3 Layer Protection Travel Carry Case   Grey,1,877.85,Shipment,INDORE,Shipment,877.85,0.0,1,False,
2025-08-25,BOM7-1350,GP10_RS4MINI_STARTRC,B0DZZFNDHP,yantralay Portable Carrying Storage Case for DJ I Ronin RS4Mini Gimbal EVA Handbag Travel Handheld Shoulder Bag  RS4MINI,1,2552.07,Shipment,NOIDA,Shipment,2552.07,0.0,1,False,
2025-08-25,BOM5-1284,GP46-L,B0F91GCRP4,yantralay Double Clamp Mount Bracket with 1 4  Ball Head for Go Pro 13 12 11  Insta 360 X5 X4 X3 Handlebar  Motorcycle  Bicycle  Selfie Stick  Studio,1,1795.47,Shipment,GURUGRAM,Shipment,1795.47,0.0,1,False,
2025-08-25,PNQ3-526,PS1,B0BJBL1XBS,yantralay Polyester Dual Controller Hard Carry Case Compatible With Ps5 Ps4 Xbox Ipega Controllers   3 Layer Protection Travel Carry Case   Grey,1,877.85,Shipment,MAPUSA,Shipment,877.85,0.0,1,False,
2025-08-25,PNQ3-525,GP46-L,B0F91GCRP4,yantralay Double Clamp Mount Bracket with 1 4  Ball Head for Go Pro 13 12 11  Insta 360 X5 X4 X3 Handlebar  Motorcycle  Bicycle  Selfie Stick  Studio,1,1795.47,Shipment,NAGPUR,Shipment,1795.47,0.0,1,False,
2025-08-24,IN-209,ACCASEONEX5,B0FF2D12YN,Yantralay Invisible Magnetic Dive Case for Insta360 X5   60M Waterproof Underwater Housing for Deep Sea   Snorkeling Shots,1,5673.53,Shipment,JAMSHEDPUR,Shipment,5673.53,0.0,1,False,
2025-08-24,IN-207,SGOLED2,B0FDQL7DFH,yantralay Tempered Glass Screen Protector for Nintendo Switch 2  2025    Ultra Thin HD Clear Film Guard with Rounded Edges for 7 9 Inch Display  1 Pac,1,464.07,Shipment,AHMEDABAD,Shipment,464.07,0.0,1,False,
2025-08-24,IN-208,ACFRAMEONEX5_AL,B0FJG46XCP,Yantralay Accessories for Insta 360 X5   Aluminum Frame  Charger  Lens Guard  Screen Guard  Lens Cap  Silicone Cover  X5 Aluminium Frame,1,4170.03,Shipment,PUNE,Shipment,4170.03,0.0,1,False,
2025-08-23,IN-206,LGONEX5,B0FKYLQ2QZ,Yantralay Accessories for Insta 360 X5   Aluminum Frame  Charger  Lens Guard  Screen Guard  Lens Cap  Silicone Cover  X5 Lens Guard,1,678.03,Shipment,HYDERABAD,Shipment,678.03,0.0,1,False,
2025-08-11,PNQ3-470,GP47_NEW,B0DRYJZ6VH,yantralay 360  Rotatable Camera Bike Mount Clamp Motorcycle Handlebar Pole Aluminium Mount for Insta360 X5 X4 X3  Ace Pro Pro2  Hero13 12 11 10 9 Osm,1,-1308.53,Refund,KARWAR,Refund,-1308.53,0.0,0,False,
2025-08-25,NAN,GP1620_TLS,B08S7D4LKH,nan,1,0.0,Cancel,SITAMARHI,Cancel,0.0,0.0,0,False,
2025-08-25,BOM7-1354,PS5_CC1_GREY,B0BRJMPHKL,yantralay PS5 Carrying Case Bag for PS5 Console Gamepad  Controller  Headset  VR Play Station Accessories   Travel Bag   Grey,1,2375.53,Shipment,Thiruvallur,Shipment,2375.53,0.0,1,False,
2025-08-25,BOM7-1351,PS5_CC1_BLACK,B0BRJM4R9Q,yantralay PS 5 Carrying Case Bag for PS5 Console Gamepad  Controller  Headset  VR Play Statio n Accessories   Travel Bag   Black,1,2375.53,Shipment,Bengaluru,Shipment,2375.53,0.0,1,False,
2025-08-25,BOM7-1353,GP10_RS4_STARTRC,B0DB1TQPH3,yantralay Portable Carrying Storage Case for DJ I Ronin RS4   RS4 Pro Gimbal EVA Handbag Travel Handheld Shoulder Bag  Grey,1,2624.82,Shipment,Mattannur,Shipment,2624.82,0.0,1,False,
2025-08-25,BOM7-1359,GP10_RS4MINI_STARTRC,B0DZZFNDHP,yantralay Portable Carrying Storage Case for DJ I Ronin RS4Mini Gimbal EVA Handbag Travel Handheld Shoulder Bag  RS4MINI,1,2552.07,Shipment,Ernakulam,Shipment,2552.07,0.0,1,False,
2025-08-25,BOM7-1360,GP46-M_GP46-S_GP25_150CMS,B0F99WWGGT,yantralay Motorcycle Handlebar Clamp Kit with Dual Clamp Mounts   Invisible Selfie Stick for Insta 360 X4 X3 X2 One RS GO 3   Bike Action Camera Mount,1,4254.42,Shipment,NEW DELHI,Shipment,4254.42,0.0,1,False,
2025-08-17,BOM5-1217,LM1_OA5,B0F8V1KY4M,yantralay Magnetic Adapter Mount for DJ I Osm o Action 5 Pro 4 3   Quick Release Tripod Adapter with 1 4  Thread   Aluminum Alloy Mount for Vlogging,1,-1795.47,Refund,PUNE,Refund,-1795.47,0.0,0,False,
2025-08-25,BOM7-1355,GP45-M,B0F88CFJN2,yantralay Magnetic Camera Mount for Hero 13 12 11 10 9  Insta360 X5 X4 X3  Action 4 5  Osmo Pocket 3   360  Quick Release Car Holder  Heavy Duty Magn,1,1494.51,Shipment,Mumbai,Shipment,1494.51,0.0,1,False,
2025-08-25,BOM5-1286,SHOTGRIP_TLSN,B0F66YYCTQ,Magnetic Phone Camera Grip  Smartphone Shooting Holder Selfie Handle Snap with Wireless Shutter Button Remote for iPhone 16 15 14 13 12 Pro Max Androi,1,0.0,FreeReplacement,CHENNAI,FreeReplacement,0.0,0.0,0,True,
2025-08-25,BOM5-1288,GP10_OM7P_STARTRC,B0F2J6Z8WT,yantralay Osmo Mobile 7P Case Portable PU Shoulder Bag for DJI OM 7 Pro 7 Gimbal Stabilizer Travel Case for DJI Osmo Mobile 7 7P,1,1260.03,Shipment,BEGUN,Shipment,1260.03,0.0,1,False,
2025-08-25,BOM7-1357,PS5_CC1_BLACK,B0BRJM4R9Q,yantralay PS 5 Carrying Case Bag for PS5 Console Gamepad  Controller  Headset  VR Play Statio n Accessories   Travel Bag   Black,1,2375.53,Shipment,Mumbai,Shipment,2375.53,0.0,1,False,
2025-08-25,BOM7-1348,PS5_CC1_BLACK,B0BRJM4R9Q,yantralay PS 5 Carrying Case Bag for PS5 Console Gamepad  Controller  Headset  VR Play Statio n Accessories   Travel Bag   Black,1,2375.53,Shipment,MUMBAI,Shipment,2375.53,0.0,1,False,
2025-08-25,BOM7-1358,PS5_CC1_BLACK,B0BRJM4R9Q,yantralay PS 5 Carrying Case Bag for PS5 Console Gamepad  Controller  Headset  VR Play Statio n Accessories   Travel Bag   Black,1,2375.53,Shipment,Meerut,Shipment,2375.53,0.0,1,False,
2025-08-25,BOM7-1352,PS5_CC1_BLACK,B0BRJM4R9Q,yantralay PS 5 Carrying Case Bag for PS5 Console Gamepad  Controller  Headset  VR Play Statio n Accessories   Travel Bag   Black,1,0.0,FreeReplacement,BENGALURU,FreeReplacement,0.0,0.0,0,True,
2025-08-25,BOM5-1293,IN28_X5,B0F9KX96CY,yantralay Insta 360 X4 X5 Camera Mount Stand Base   Silicone Non Slip Desktop Bracket for Insta 360 X4   X5   Lightweight  Compact   Stable,1,474.33,Shipment,BENGALURU,Shipment,474.33,0.0,1,False,
2025-08-25,BOM5-1289,GP46-M,B0F91GXT2N,yantralay Double Clamp Mount Bracket with 1 4  Ball Head for GoPro  Insta 360 X2 X3  Action Cameras   Handlebar  Motorcycle  Bicycle  Selfie Stick  St,1,1701.38,Shipment,PUNE,Shipment,1701.38,0.0,1,False,
2025-08-25,BOM5-1287,GP1620_TLS,B08S7D4LKH,yantralay Upgraded Helmet Chin Strap Mount for Hero 13 12 11 10 9 8 7 6 5  SJCAM  Insta 360   DJI Osmo Action 3   4   Adjustable   Secure Camera Moun,1,1164.97,Shipment,SITAMARHI,Shipment,1164.97,0.0,1,False,
2025-08-25,BOM5-1290,GP46-M,B0F91GXT2N,yantralay Double Clamp Mount Bracket with 1 4  Ball Head for GoPro  Insta 360 X2 X3  Action Cameras   Handlebar  Motorcycle  Bicycle  Selfie Stick  St,1,1701.38,Shipment,PIMPRI CHINCHWAD,Shipment,1701.38,0.0,1,False,
2025-08-25,BOM7-1362,GP10_RS4_STARTRC,B0DB1TQPH3,yantralay Portable Carrying Storage Case for DJ I Ronin RS4   RS4 Pro Gimbal EVA Handbag Travel Handheld Shoulder Bag  Grey,1,2624.82,Shipment,goa,Shipment,2624.82,0.0,1,False,
2025-08-25,BOM5-1292,GP47-SN,B0F91PMBC5,yantralay Action Camera Handlebar Mount with 360  Dual Ball Head   Super Clamp for Go Pro  Insta 360  Mobile  Bike  Motorcycle   Universal Quick Rele,1,1606.32,Shipment,KAIMGANJ,Shipment,1606.32,0.0,1,False,
2025-08-25,BOM7-1356,PS5_CC1_BLACK,B0BRJM4R9Q,yantralay PS 5 Carrying Case Bag for PS5 Console Gamepad  Controller  Headset  VR Play Statio n Accessories   Travel Bag   Black,1,2375.53,Shipment,KANPUR,Shipment,2375.53,0.0,1,False,
2025-08-25,BOM7-1361,PS5_CC1_BLACK,B0BRJM4R9Q,yantralay PS 5 Carrying Case Bag for PS5 Console Gamepad  Controller  Headset  VR Play Statio n Accessories   Travel Bag   Black,1,2375.53,Shipment,SHORANUR,Shipment,2375.53,0.0,1,False,
2025-08-25,BOM7-1349,PS1,B0BJBL1XBS,yantralay Polyester Dual Controller Hard Carry Case Compatible With Ps5 Ps4 Xbox Ipega Controllers   3 Layer Protection Travel Carry Case   Grey,1,877.85,Shipment,AHMEDABAD,Shipment,877.85,0.0,1,False,
2025-08-26,BOM5-1295,GP46-L,B0F91GCRP4,yantralay Double Clamp Mount Bracket with 1 4  Ball Head for Go Pro 13 12 11  Insta 360 X5 X4 X3 Handlebar  Motorcycle  Bicycle  Selfie Stick  Studio,1,1795.47,Shipment,GURGAON,Shipment,1795.47,0.0,1,False,
2025-08-26,BOM7-1365,GP10_RS4MINI_STARTRC,B0DZZFNDHP,yantralay Portable Carrying Storage Case for DJ I Ronin RS4Mini Gimbal EVA Handbag Travel Handheld Shoulder Bag  RS4MINI,1,2552.07,Shipment,KHUNTI,Shipment,2552.07,0.0,1,False,
2025-08-26,BOM7-1363,GP10_RS4MINI_STARTRC,B0DZZFNDHP,yantralay Portable Carrying Storage Case for DJ I Ronin RS4Mini Gimbal EVA Handbag Travel Handheld Shoulder Bag  RS4MINI,1,2552.07,Shipment,GOBICHETTIPALAYAM,Shipment,2552.07,0.0,1,False,
2025-08-23,BOM7-1316,GP47_NEW,B0DRYJZ6VH,yantralay 360  Rotatable Camera Bike Mount Clamp Motorcycle Handlebar Pole Aluminium Mount for Insta360 X5 X4 X3  Ace Pro Pro2  Hero13 12 11 10 9 Osm,1,-1315.0,Refund,KRAL PORA KUPWARA DISTRICT,Refund,-1315.0,0.0,0,False,
2025-08-26,BOM5-1294,IN1_AL,B0D4536M61,yantralay 4 in 1 Motorcycle Mount Bundle with Unicorn Helmet Extension Arm Adhesive Kit Compatible for Insta360 One X5 X4 X3 X2  ONE R RS  Hero 13 12,1,1927.39,Shipment,BENGALURU,Shipment,1927.39,0.0,1,False,
2025-08-25,BOM5-1285,GP1620_TLS,B08S7D4LKH,yantralay Upgraded Helmet Chin Strap Mount for Hero 13 12 11 10 9 8 7 6 5  SJCAM  Insta 360   DJI Osmo Action 3   4   Adjustable   Secure Camera Moun,1,1164.97,Shipment,porvorim,Shipment,1164.97,0.0,1,False,
2025-08-26,BOM7-1364,PS5_CC1_GREY,B0BRJMPHKL,yantralay PS5 Carrying Case Bag for PS5 Console Gamepad  Controller  Headset  VR Play Station Accessories   Travel Bag   Grey,1,2375.53,Shipment,LUCKNOW,Shipment,2375.53,0.0,1,False,
2025-08-26,PNQ3-527,PS1,B0BJBL1XBS,yantralay Polyester Dual Controller Hard Carry Case Compatible With Ps5 Ps4 Xbox Ipega Controllers   3 Layer Protection Travel Carry Case   Grey,1,877.85,Shipment,New Delhi,Shipment,877.85,0.0,1,False,
2025-08-25,BOM7-1347,PS_CDRACK-BLACK,B0DWXZ4PH8,yantralay Game Storage Tower for PS5 Xbox Series Switch   Holds 18 Game Discs with 4 Controller Holders   Gaming Desk Organizer   Stand   Black,1,1701.38,Shipment,LUDHIANA,Shipment,1701.38,0.0,1,False,
2025-08-07,BOM7-1152,PS5_CC1_GREY,B0BRJMPHKL,yantralay PS5 Carrying Case Bag for PS5 Console Gamepad  Controller  Headset  VR Play Station Accessories   Travel Bag   Grey,1,-2375.53,Refund,NAHAN,Refund,-2375.53,0.0,0,False,
2025-08-26,BOM7-1366,PS5_CC1_BLACK,B0BRJM4R9Q,yantralay PS 5 Carrying Case Bag for PS5 Console Gamepad  Controller  Headset  VR Play Statio n Accessories   Travel Bag   Black,1,2375.53,Shipment,THIRUVALLA,Shipment,2375.53,0.0,1,False,
2025-08-26,BOM5-1297,GP1620_TLS,B08S7D4LKH,yantralay Upgraded Helmet Chin Strap Mount for Hero 13 12 11 10 9 8 7 6 5  SJCAM  Insta 360   DJI Osmo Action 3   4   Adjustable   Secure Camera Moun,1,1164.97,Shipment,Pune,Shipment,1164.97,0.0,1,False,
2025-08-26,BOM5-1299,GP46-M_GP46-S_GP25_150CMS,B0F99WWGGT,yantralay Motorcycle Handlebar Clamp Kit with Dual Clamp Mounts   Invisible Selfie Stick for Insta 360 X4 X3 X2 One RS GO 3   Bike Action Camera Mount,1,4254.42,Shipment,PRAYAGRAJ,Shipment,4254.42,0.0,1,False,
2025-08-26,BOM7-1368,PS10_PS5PORTALCOMBO,B0DF2Z2X1Q,yantralay 6 in 1 Hard Carrying Case with Protective Cover for Play Station 5 Portal  Non Slip Soft Case Cover   Screen Protectors   Thumb Grips for PS,1,2007.9,Shipment,KOKRAJHAR,Shipment,2007.9,0.0,1,False,
2025-08-26,BOM5-1296,GP45-M,B0F88CFJN2,yantralay Magnetic Camera Mount for Hero 13 12 11 10 9  Insta360 X5 X4 X3  Action 4 5  Osmo Pocket 3   360  Quick Release Car Holder  Heavy Duty Magn,1,1558.79,Shipment,Bengaluru,Shipment,1558.79,0.0,1,False,
2025-08-24,PNQ3-522,GP10_OM7P_STARTRC,B0F2J6Z8WT,yantralay Osmo Mobile 7P Case Portable PU Shoulder Bag for DJI OM 7 Pro 7 Gimbal Stabilizer Travel Case for DJI Osmo Mobile 7 7P,1,-1260.03,Refund,PIRANGUT,Refund,-1260.03,0.0,0,False,
2025-08-27,IN-213,SGOLED2,B0FDQL7DFH,nan,1,0.0,Cancel,AZAMGARH,Cancel,0.0,0.0,0,False,
2025-08-26,BOM5-1297,GP1620_TLS,B08S7D4LKH,yantralay Upgraded Helmet Chin Strap Mount for Hero 13 12 11 10 9 8 7 6 5  SJCAM  Insta 360   DJI Osmo Action 3   4   Adjustable   Secure Camera Moun,1,-1164.97,Refund,Pune,Refund,-1164.97,0.0,0,False,
2025-08-24,CN-37,ACCASEONEX5,B0FF2D12YN,nan,1,0.0,Cancel,JAMSHEDPUR,Cancel,0.0,0.0,0,False,
2025-08-24,IN-209,ACCASEONEX5,B0FF2D12YN,Yantralay Invisible Magnetic Dive Case for Insta360 X5   60M Waterproof Underwater Housing for Deep Sea   Snorkeling Shots,1,-5673.53,Refund,JAMSHEDPUR,Refund,-5673.53,0.0,0,False,
2025-08-26,BOM5-1298,GP46-M_GP46-S_GP25_150CMS,B0F99WWGGT,yantralay Motorcycle Handlebar Clamp Kit with Dual Clamp Mounts   Invisible Selfie Stick for Insta 360 X4 X3 X2 One RS GO 3   Bike Action Camera Mount,1,4254.42,Shipment,MUMBAI,Shipment,4254.42,0.0,1,False,
2025-08-27,NAN,MS_ACFRAMEOP3_PL,B0FJFWVC4N,nan,1,0.0,Cancel,KOLKATA,Cancel,0.0,0.0,0,False,
2025-08-27,BOM7-1371,PS10_PS5PORTAL,B0DVT5SJD2,yantralay Hard Carrying Protective Case for Play Station Portal for PS5 Portal Console  Storage Case Only,1,969.03,Shipment,BENGALURU,Shipment,969.03,0.0,1,False,
2025-08-27,BOM7-1370,PS5_CC1_BLACK,B0BRJM4R9Q,yantralay PS 5 Carrying Case Bag for PS5 Console Gamepad  Controller  Headset  VR Play Statio n Accessories   Travel Bag   Black,1,2375.53,Shipment,PUNE,Shipment,2375.53,0.0,1,False,
2025-08-26,BOM7-1367,GP10_RS4MINI_STARTRC,B0DZZFNDHP,yantralay Portable Carrying Storage Case for DJ I Ronin RS4Mini Gimbal EVA Handbag Travel Handheld Shoulder Bag  RS4MINI,1,2552.07,Shipment,MUMBAI,Shipment,2552.07,0.0,1,False,
2025-08-27,BOM5-1300,GP47-SN,B0F91PMBC5,yantralay Action Camera Handlebar Mount with 360  Dual Ball Head   Super Clamp for Go Pro  Insta 360  Mobile  Bike  Motorcycle   Universal Quick Rele,1,1606.32,Shipment,MOHALI,Shipment,1606.32,0.0,1,False,
2025-08-27,BOM5-1301,TY98_TUYU,B0F7RP62NV,yantralay Motorcycle Windshield Mounting Clamp Aluminum Mount for Insta 360 X5 X4 X3  Go Pro Hero 13 12 11 10 9  D J I Action 5 Pro  4 3 Action Camera,1,1795.47,Shipment,HYDERABAD,Shipment,1795.47,0.0,1,False,
2025-08-27,BOM5-1304,LM17,B0D455L1MN,yantralay Folding Fingers Replacement Magnet Adapter Mount with 1 4 Tripod Connector Port Compatible with Go Pro Hero 13 12 11 11 Mini 10 9 8   Hero M,2,1675.86,Shipment,GURUGRAM,Shipment,1675.86,0.0,2,False,
2025-08-27,PNQ3-528,GP12,B0D7BZ38X8,yantralay Aluminium Car Suction Mount 360  Rotatable for Insta 360 X4 X3 X2  Ace Pro ONE R RS  Hero 13 12 11 10 9 8 7  DJI Osmo Action Series   All O,1,1252.27,Shipment,PUNE,Shipment,1252.27,0.0,1,False,
2025-08-12,BOM5-1132,GP46-M_GP46-S_GP25_150CMS,B0F99WWGGT,yantralay Motorcycle Handlebar Clamp Kit with Dual Clamp Mounts   Invisible Selfie Stick for Insta 360 X4 X3 X2 One RS GO 3   Bike Action Camera Mount,1,-4364.03,Refund,GURUGRAM,Refund,-4364.03,0.0,0,False,
2025-08-27,BOM5-1303,PS1,B0BJBL1XBS,yantralay Polyester Dual Controller Hard Carry Case Compatible With Ps5 Ps4 Xbox Ipega Controllers   3 Layer Protection Travel Carry Case   Grey,1,877.85,Shipment,NAVI MUMBAI,Shipment,877.85,0.0,1,False,
2025-08-27,BOM5-1305,GP46-L,B0F91GCRP4,yantralay Double Clamp Mount Bracket with 1 4  Ball Head for Go Pro 13 12 11  Insta 360 X5 X4 X3 Handlebar  Motorcycle  Bicycle  Selfie Stick  Studio,1,1795.47,Shipment,Ambarnath,Shipment,1795.47,0.0,1,False,
2025-08-27,BOM7-1376,GP10_RS4MINI_STARTRC,B0DZZFNDHP,yantralay Portable Carrying Storage Case for DJ I Ronin RS4Mini Gimbal EVA Handbag Travel Handheld Shoulder Bag  RS4MINI,1,2552.07,Shipment,KUMBAKONAM,Shipment,2552.07,0.0,1,False,
2025-08-27,BOM7-1373,LGONEX4_PREMIUM,B0DZ13Z8RF,yantralay Lens Protector for Insta360 X4  Removable Optical Glass Lens   Anti Scratch  Insta 360 X4 Accessories,1,2457.98,Shipment,WALWA,Shipment,2457.98,0.0,1,False,
2025-08-27,BOM7-1375,ND_MINI4PRO-6_STARTRCN,B0CJJT6WXR,STARTRC Mini 4 Pro Filters  6 Pack UV CPL ND8 ND16 ND32 ND64 Filter Compatible with DJI Mini 4 Pro Drone  Polarizer and Neutral Density Camera Lens Mu,1,4800.53,Shipment,Khunti,Shipment,4800.53,0.0,1,False,
2025-08-27,BOM7-1374,GP10_RS4MINI_STARTRC,B0DZZFNDHP,yantralay Portable Carrying Storage Case for DJ I Ronin RS4Mini Gimbal EVA Handbag Travel Handheld Shoulder Bag  RS4MINI,1,2552.07,Shipment,Khunti,Shipment,2552.07,0.0,1,False,
2025-08-27,IN-217,GP40_GP25,B0CPWLNF5B,nan,1,0.0,Cancel,ALIPURDUAR,Cancel,0.0,0.0,0,False,
2025-08-27,BOM5-1306,ND_OP3-6_STARTRCN,B0CLTTKV97,STARTRAC Magnetic ND   CPL Filters Set for DJI Osmo Pocket 3 Creator Combo   6 Pack CPL  ND 8  16  32  64  256  Ultra Slim Aluminum Frame,1,0.0,FreeReplacement,NEW DELHI,FreeReplacement,0.0,0.0,0,True,
2025-08-22,BOM7-1305,GP12,B0D7BZ38X8,yantralay Aluminium Car Suction Mount 360  Rotatable for Insta 360 X4 X3 X2  Ace Pro ONE R RS  Hero 13 12 11 10 9 8 7  DJI Osmo Action Series   All O,1,-1252.27,Refund,GHAZIABAD,Refund,-1252.27,0.0,0,False,
2025-08-27,BOM7-1372,SHOTGRIP_TLS,B0FCSFYHRJ,yantralay x Teles in ShotGrip   Magnetic Camera Grip with Wireless Shutter for Phone 16 15 14 13  Android  1 4  Tripod Mount Compatible  DSLR Style Cr,1,2362.92,Shipment,ALUVA,Shipment,2362.92,0.0,1,False,
2025-08-22,BOM7-1310,GP47_NEW,B0DRYJZ6VH,yantralay 360  Rotatable Camera Bike Mount Clamp Motorcycle Handlebar Pole Aluminium Mount for Insta360 X5 X4 X3  Ace Pro Pro2  Hero13 12 11 10 9 Osm,1,-1315.0,Refund,BALLEPALLE,Refund,-1315.0,0.0,0,False,
2025-08-27,BOM7-1381,GP10_OM7P_STARTRC,B0F2J6Z8WT,yantralay Osmo Mobile 7P Case Portable PU Shoulder Bag for DJI OM 7 Pro 7 Gimbal Stabilizer Travel Case for DJI Osmo Mobile 7 7P,1,1260.03,Shipment,NAVI MUMBAI,Shipment,1260.03,0.0,1,False,
2025-08-27,BOM7-1379,GP10_RS4MINI_STARTRC,B0DZZFNDHP,yantralay Portable Carrying Storage Case for DJ I Ronin RS4Mini Gimbal EVA Handbag Travel Handheld Shoulder Bag  RS4MINI,1,2552.07,Shipment,MUMBAI,Shipment,2552.07,0.0,1,False,
2025-08-20,IN-198,PS10_OLED_POKEMON_PURPLE,B0FD7NW1WZ,yantralay Pokemon Carry Case for Nintendo Switch OLED   Protective Hard Shell with Game Card Slots and Dual Zipper Design Dustproof  Scratch Resistant,1,-969.03,Refund,CHENNAI,Refund,-969.03,0.0,0,False,
2025-08-28,BOM5-1308,GP46-L,B0F91GCRP4,yantralay Double Clamp Mount Bracket with 1 4  Ball Head for Go Pro 13 12 11  Insta 360 X5 X4 X3 Handlebar  Motorcycle  Bicycle  Selfie Stick  Studio,1,1795.47,Shipment,PANAJI,Shipment,1795.47,0.0,1,False,
2025-08-27,BOM7-1382,PS5_CC1_GREY,B0BRJMPHKL,yantralay PS5 Carrying Case Bag for PS5 Console Gamepad  Controller  Headset  VR Play Station Accessories   Travel Bag   Grey,1,2375.53,Shipment,PUNE,Shipment,2375.53,0.0,1,False,
2025-08-27,BOM7-1380,PS5_CC1_BLACK,B0BRJM4R9Q,yantralay PS 5 Carrying Case Bag for PS5 Console Gamepad  Controller  Headset  VR Play Statio n Accessories   Travel Bag   Black,1,2375.53,Shipment,MUMBAI,Shipment,2375.53,0.0,1,False,
2025-08-28,BOM5-1307,GP1620_TLS,B08S7D4LKH,yantralay Upgraded Helmet Chin Strap Mount for Hero 13 12 11 10 9 8 7 6 5  SJCAM  Insta 360   DJI Osmo Action 3   4   Adjustable   Secure Camera Moun,1,1164.97,Shipment,HYDERABAD,Shipment,1164.97,0.0,1,False,
2025-08-28,BOM7-1389,GP10_RS4_STARTRC,B0DB1TQPH3,yantralay Portable Carrying Storage Case for DJ I Ronin RS4   RS4 Pro Gimbal EVA Handbag Travel Handheld Shoulder Bag  Grey,1,2624.82,Shipment,PERINTHALMANNA,Shipment,2624.82,0.0,1,False,
2025-08-28,BOM7-1390,GP10_RS4_STARTRC,B0DB1TQPH3,yantralay Portable Carrying Storage Case for DJ I Ronin RS4   RS4 Pro Gimbal EVA Handbag Travel Handheld Shoulder Bag  Grey,1,2624.82,Shipment,THENI ALLINAGARAM,Shipment,2624.82,0.0,1,False,
2025-08-28,BOM7-1387,GP10_RS4MINI_STARTRC,B0DZZFNDHP,yantralay Portable Carrying Storage Case for DJ I Ronin RS4Mini Gimbal EVA Handbag Travel Handheld Shoulder Bag  RS4MINI,1,2552.07,Shipment,Mahasamund,Shipment,2552.07,0.0,1,False,
2025-08-27,BOM7-1385,GP10_RS4MINI_STARTRC,B0DZZFNDHP,yantralay Portable Carrying Storage Case for DJ I Ronin RS4Mini Gimbal EVA Handbag Travel Handheld Shoulder Bag  RS4MINI,1,2552.07,Shipment,Rajkot,Shipment,2552.07,0.0,1,False,
2025-08-21,BOM5-1253,GP31,B09MTYMKR1,Yantralay Underwater Snorkel Glasses Diving Mount for Hero 12 11 10 9 8  SJCAM  DJI Osmo Action 3   4   Ideal for Scuba Diving   Underwater Photograph,1,-1163.03,Refund,NEW RAIPUR,Refund,-1163.03,0.0,0,False,
2025-08-28,IN-220,GP40_GP25,B0CPWLNF5B,Yantralay Motorcycle Bike Leg Guard Handlebar Mount Selfie Stick Pole for Insta360 ONE X3 X2  ONER RS  ACE ACE PRO  Hero 13 12 11 10 9 and Other Camer,1,2424.03,Shipment,BENGALURU,Shipment,2424.03,0.0,1,False,
2025-08-28,IN-218,LGONEX5,B0FKYLQ2QZ,yantralay Accessories for Insta 360 X5   Lens Guard Set of 2  Insta 360 X5 Accessories  X5 Lens Guard,1,678.03,Shipment,NEW DELHI,Shipment,678.03,0.0,1,False,
2025-08-27,IN-217,GP40_GP25,B0CPWLNF5B,Yantralay Motorcycle Bike Leg Guard Handlebar Mount Selfie Stick Pole for Insta360 ONE X3 X2  ONER RS  ACE ACE PRO  Hero 13 12 11 10 9 and Other Camer,1,2424.03,Shipment,ALIPURDUAR,Shipment,2424.03,0.0,1,False,
2025-08-27,IN-216,GP40_GP25,B0CPWLNF5B,Yantralay Motorcycle Bike Leg Guard Handlebar Mount Selfie Stick Pole for Insta360 ONE X3 X2  ONER RS  ACE ACE PRO  Hero 13 12 11 10 9 and Other Camer,1,2424.03,Shipment,AHMEDABAD,Shipment,2424.03,0.0,1,False,
2025-08-27,IN-215,ACCASEONEX5,B0FF2D12YN,Yantralay Invisible Magnetic Dive Case for Insta360 X5   60M Waterproof Underwater Housing for Deep Sea   Snorkeling Shots,1,5673.53,Shipment,NAVI MUMBAI,Shipment,5673.53,0.0,1,False,
2025-08-28,IN-219,GP40_GP25,B0CPWLNF5B,Yantralay Motorcycle Bike Leg Guard Handlebar Mount Selfie Stick Pole for Insta360 ONE X3 X2  ONER RS  ACE ACE PRO  Hero 13 12 11 10 9 and Other Camer,1,2424.03,Shipment,Thiruvananthapuram,Shipment,2424.03,0.0,1,False,
2025-08-25,IN-211,MS_ACFRAMEOP3_PL,B0FJFWVC4N,yantralay Magnetic Mount Stand for DJ I Osmo Pocket 3 180  Adjustable Portable Magnet Grip Frame Bracket for Pocket 3 Accessories,1,1405.53,Shipment,NOIDA,Shipment,1405.53,0.0,1,False,
2025-08-26,IN-212,GP43_ONEX3_STARTRC,B0CT5WZTJ7,yantralay Carry Pouch Bag for Insta 360 ONE X3 Camera   Compact   Portable   Excellent Scratch Protection   Ideal for Driving  Hiking  Black,1,629.53,Shipment,BENGALURU,Shipment,629.53,0.0,1,False,
2025-08-27,IN-213,SGOLED2,B0FDQL7DFH,yantralay Tempered Glass Screen Protector for Nintendo Switch 2  2025    Ultra Thin HD Clear Film Guard with Rounded Edges for 7 9 Inch Display  1 Pac,1,484.03,Shipment,AZAMGARH,Shipment,484.03,0.0,1,False,
2025-08-28,BOM7-1392,GP10_RS4_STARTRC,B0DB1TQPH3,yantralay Portable Carrying Storage Case for DJ I Ronin RS4   RS4 Pro Gimbal EVA Handbag Travel Handheld Shoulder Bag  Grey,1,2624.82,Shipment,CHENNITHALA,Shipment,2624.82,0.0,1,False,
2025-08-28,BOM5-1311,PS_CDRACK-GREEN,B0DWXXDCX6,yantralay Game Storage Tower for PS5 Xbox Series Switch   Holds 18 Game Discs with 4 Controller Holders   Gaming Desk Organizer   Stand  Green,1,1701.38,Shipment,GHAZIABAD,Shipment,1701.38,0.0,1,False,
2025-08-28,BOM5-1309,IN_MICMOUNT_X4,B0DZJQ8F1R,yantralay External Microphone Aluminium Auxiliary Mount Compatible With Insta 360 X4 X3 X2  Insta 360 Camera Accessories,1,1426.87,Shipment,FARIDABAD,Shipment,1426.87,0.0,1,False,
2025-08-27,BOM7-1370,PS5_CC1_BLACK,B0BRJM4R9Q,yantralay PS 5 Carrying Case Bag for PS5 Console Gamepad  Controller  Headset  VR Play Statio n Accessories   Travel Bag   Black,1,-2375.53,Refund,PUNE,Refund,-2375.53,0.0,0,False,
2025-08-28,BOM7-1391,PS5_CC1_BLACK,B0BRJM4R9Q,yantralay PS 5 Carrying Case Bag for PS5 Console Gamepad  Controller  Headset  VR Play Statio n Accessories   Travel Bag   Black,1,2375.53,Shipment,Barrackpur Cantonment Civil Township,Shipment,2375.53,0.0,1,False,
2025-08-28,BOM7-1396,PS5_CC1_BLACK,B0BRJM4R9Q,yantralay PS 5 Carrying Case Bag for PS5 Console Gamepad  Controller  Headset  VR Play Statio n Accessories   Travel Bag   Black,1,2375.53,Shipment,Hyderabad,Shipment,2375.53,0.0,1,False,
2025-08-28,BOM7-1386,PS5_CC1_BLACK,B0BRJM4R9Q,yantralay PS 5 Carrying Case Bag for PS5 Console Gamepad  Controller  Headset  VR Play Statio n Accessories   Travel Bag   Black,1,2375.53,Shipment,MUMBAI,Shipment,2375.53,0.0,1,False,
2025-08-28,BOM5-1312,ACCASEONEX4,B0DZZC8YJV,Yantralay Invisible Dive Case for Insta360 X4   Waterproof Diving Housing Cover  Protective PC Sealed Shell with Bracket for Underwater Photography,1,5484.38,Shipment,Ambarnath,Shipment,5484.38,0.0,1,False,
2025-08-28,BOM7-1395,GP10_RS4MINI_STARTRC,B0DZZFNDHP,yantralay Portable Carrying Storage Case for DJ I Ronin RS4Mini Gimbal EVA Handbag Travel Handheld Shoulder Bag  RS4MINI,1,2552.07,Shipment,COIMBATORE,Shipment,2552.07,0.0,1,False,
2025-08-28,BOM5-1310,GP46-L,B0F91GCRP4,yantralay Double Clamp Mount Bracket with 1 4  Ball Head for Go Pro 13 12 11  Insta 360 X5 X4 X3 Handlebar  Motorcycle  Bicycle  Selfie Stick  Studio,1,1795.47,Shipment,NAVI MUMBAI,Shipment,1795.47,0.0,1,False,
2025-08-28,BOM7-1394,GP1620_TLS,B08S7D4LKH,yantralay Upgraded Helmet Chin Strap Mount for Hero 13 12 11 10 9 8 7 6 5  SJCAM  Insta 360   DJI Osmo Action 3   4   Adjustable   Secure Camera Moun,1,1164.97,Shipment,Pune,Shipment,1164.97,0.0,1,False,
2025-08-28,BOM5-1316,PS1,B0BJBL1XBS,yantralay Polyester Dual Controller Hard Carry Case Compatible With Ps5 Ps4 Xbox Ipega Controllers   3 Layer Protection Travel Carry Case   Grey,1,877.85,Shipment,BADLAPUR,Shipment,877.85,0.0,1,False,
2025-08-28,BOM5-1315,ACCHARGERONEX4_3_AMG,B0DWLH6MJ3,Yantralay x amagisn 3 Slot Battery Charger Compatible for Insta360 X4 Camera  Charging Dock for X4 Accessories,1,1381.28,Shipment,BENGALURU,Shipment,1381.28,0.0,1,False,
2025-08-28,BOM5-1313,GP46-M,B0F91GXT2N,yantralay Double Clamp Mount Bracket with 1 4  Ball Head for GoPro  Insta 360 X2 X3  Action Cameras   Handlebar  Motorcycle  Bicycle  Selfie Stick  St,1,1701.38,Shipment,Amritsar,Shipment,1701.38,0.0,1,False,
2025-08-27,BOM7-1377,PS5_CC1_GREY,B0BRJMPHKL,yantralay PS5 Carrying Case Bag for PS5 Console Gamepad  Controller  Headset  VR Play Station Accessories   Travel Bag   Grey,1,0.0,FreeReplacement,Bengaluru,FreeReplacement,0.0,0.0,0,True,
2025-08-20,CN-39,GP47_NEW,B0DRYJZ6VH,nan,1,0.0,Cancel,NOIDA,Cancel,0.0,0.0,0,False,
2025-08-20,IN-203,GP47_NEW,B0DRYJZ6VH,yantralay 360  Rotatable Camera Bike Mount Clamp Motorcycle Handlebar Pole Aluminium Mount for Insta360 X5 X4 X3  Ace Pro Pro2  Hero13 12 11 10 9 Osm,1,-1275.55,Refund,NOIDA,Refund,-1275.55,0.0,0,False,
2025-08-29,BOM7-1399,GP10_RS4MINI_STARTRC,B0DZZFNDHP,yantralay Portable Carrying Storage Case for DJ I Ronin RS4Mini Gimbal EVA Handbag Travel Handheld Shoulder Bag  RS4MINI,1,2552.07,Shipment,SORON,Shipment,2552.07,0.0,1,False,
2025-08-28,BOM7-1397,LED_M42,B0FCXVRGTD,Yantralay M42 Magnetic Double Sided LED Fill Light for iPhone 16 15 14   Dual Color  180  Adjustable Selfie Light with Mirror for Makeup  Vlogging  C,1,1701.38,Shipment,CHENNAI,Shipment,1701.38,0.0,1,False,
2025-08-29,BOM7-1400,XHS_TARION,B0F2W1X1S1,yantralay x TARI ON XHS Hard Shell Camera Case Bag Roll Top Shoulder Sling Bag for Outdoor Photography  DSLR   Mirrorless Cameras  Lenses   Tripod   W,1,4145.78,Shipment,BHAVNAGAR,Shipment,4145.78,0.0,1,False,
2025-08-29,BOM5-1318,GP46-L,B0F91GCRP4,yantralay Double Clamp Mount Bracket with 1 4  Ball Head for Go Pro 13 12 11  Insta 360 X5 X4 X3 Handlebar  Motorcycle  Bicycle  Selfie Stick  Studio,1,1795.47,Shipment,GURUGRAM,Shipment,1795.47,0.0,1,False,
2025-08-27,BOM7-1383,PS2_WHITE,B0C46XWQRT,yantralay Controller Gamepad Carry Case   Ultimate Protection Compatible for PS5 PS4 PS3 Switch Pro Xbox Joysticks Waterproof  Scratch Protection  Dur,1,532.53,Shipment,LAVASA,Shipment,532.53,0.0,1,False,
2025-08-29,PNQ3-531,GP162TELESINN,B07G5XWJJM,TELESIN Motorcycle Helmet Strap Mount Front Chin Mount for GoPro Hero 2018 7 6 5 4 3  Session  SJCAM  AKASO  Campark  Polaroid  YI Action Camera Helme,1,770.18,Shipment,PUNE,Shipment,770.18,0.0,1,False,
2025-08-14,BOM5-1193,PS5SLIM_CC1_BLACK,B0DDQGJB7N,yantralay Carrying case for PS 5 Slim Console Gamepad Controller Headphone VR Travel Bag  Playstatio n 5 Slim Accessories   Grey,1,-2230.03,Refund,BAREILLY,Refund,-2230.03,0.0,0,False,
2025-08-29,BOM7-1401,TR-S-CAMOFLAGUE_TARIONN,B0BM9GT8NT,TARION Camera Sling Bag DSLR Sling Pack for Men Women Photographers with Waterproof Raincover Tripod Holder Sling Backpack Camera Bag Backpack Photogr,1,4727.78,Shipment,HYDERABAD,Shipment,4727.78,0.0,1,False,
2025-08-28,IN-221,ACCHARGERONEX5_3_AMG,B0FKYRJB8C,Yantralay Charging Case for Insta 360 X5   3 Battery Charger Hub with Intelligent Fast Charging  Automatic Pop Up Lid  Simultaneous Charging Station f,1,1454.03,Shipment,BENGALURU,Shipment,1454.03,0.0,1,False,
2025-08-27,IN-214,MS_ACFRAMEOP3_PL,B0FJFWVC4N,yantralay Magnetic Mount Stand for DJ I Osmo Pocket 3 180  Adjustable Portable Magnet Grip Frame Bracket for Pocket 3 Accessories,1,1405.53,Shipment,KOLKATA,Shipment,1405.53,0.0,1,False,
2025-08-24,IN-210,ACFRAMEONEX5_AL,B0FJG46XCP,Yantralay Accessories for Insta 360 X5   Aluminum Frame  Charger  Lens Guard  Screen Guard  Lens Cap  Silicone Cover  X5 Aluminium Frame,1,3998.07,Shipment,Mumbai,Shipment,3998.07,0.0,1,False,
2025-08-28,IN-222,SGOLED2,B0FDQL7DFH,yantralay Tempered Glass Screen Protector for Nintendo Switch 2  2025    Ultra Thin HD Clear Film Guard with Rounded Edges for 7 9 Inch Display  1 Pac,1,484.03,Shipment,CHENNAI,Shipment,484.03,0.0,1,False,
2025-08-29,IN-223,MS_ACFRAMEOP3_PL,B0FJFWVC4N,yantralay Magnetic Mount Stand for DJ I Osmo Pocket 3 180  Adjustable Portable Magnet Grip Frame Bracket for Pocket 3 Accessories,1,1405.53,Shipment,NANDED WAGHALA,Shipment,1405.53,0.0,1,False,
2025-08-29,BOM7-1402,ND_MINI4PRO-6_STARTRCN,B0CJJT6WXR,STARTRC Mini 4 Pro Filters  6 Pack UV CPL ND8 ND16 ND32 ND64 Filter Compatible with DJI Mini 4 Pro Drone  Polarizer and Neutral Density Camera Lens Mu,1,4800.53,Shipment,BHOPAL,Shipment,4800.53,0.0,1,False,
2025-08-28,BOM7-1393,SHOTGRIP_TLS,B0FCSFYHRJ,yantralay x Teles in ShotGrip   Magnetic Camera Grip with Wireless Shutter for Phone 16 15 14 13  Android  1 4  Tripod Mount Compatible  DSLR Style Cr,1,2362.92,Shipment,MALAPPURAM,Shipment,2362.92,0.0,1,False,
2025-08-29,NAN,GP12,B0D7BZ38X8,nan,1,0.0,Cancel,BENGALURU,Cancel,0.0,0.0,0,False,
2025-08-29,PNQ3-530,ACFRAMEOP3_STARTRCN,B0CR1C9243,STARTRC OSMO Pocket 3 360  Rotation Backpack Clip Mount Shoulder Strap Accessories for DJI Pocket 3 OSMO Pocket 3 Action Cameras,1,1710.11,Shipment,BENGALURU,Shipment,1710.11,0.0,1,False,
2025-08-28,PNQ3-529,SGONEX4-2_LGONEX4,B0F8VRR8JY,yantralay Insta 360 X4 Lens Guard   Screen Protector Combo Kit   Lens Covers   Anti Scratch  Tempered Glass Screen   Insta 360 X4 Accessories,1,1228.02,Shipment,PUNE,Shipment,1228.02,0.0,1,False,
2025-08-27,BOM5-1305,GP46-L,B0F91GCRP4,yantralay Double Clamp Mount Bracket with 1 4  Ball Head for Go Pro 13 12 11  Insta 360 X5 X4 X3 Handlebar  Motorcycle  Bicycle  Selfie Stick  Studio,1,-1795.47,Refund,Ambarnath,Refund,-1795.47,0.0,0,False,
2025-08-29,PNQ3-532,GP12,B0D7BZ38X8,yantralay Aluminium Car Suction Mount 360  Rotatable for Insta 360 X4 X3 X2  Ace Pro ONE R RS  Hero 13 12 11 10 9 8 7  DJI Osmo Action Series   All O,1,1252.27,Shipment,BENGALURU,Shipment,1252.27,0.0,1,False,
2025-08-29,BOM5-1319,IN1_AL,B0D4536M61,yantralay 4 in 1 Motorcycle Mount Bundle with Unicorn Helmet Extension Arm Adhesive Kit Compatible for Insta360 One X5 X4 X3 X2  ONE R RS  Hero 13 12,1,1927.39,Shipment,KALYAN,Shipment,1927.39,0.0,1,False,
2025-08-29,BOM5-1320,GP100,B0723FF53T,yantralay 40 in 1 Action Camera Mount Kit for Hero 13 12 11 10 9 8 7 6 5 SJCAM  Osmo Action 3   4  Insta 360   More   with Selfie Monopod  Straps  Mou,1,1104.83,Shipment,MUMBAI,Shipment,1104.83,0.0,1,False,
2025-08-29,BOM7-1404,PS5_CC1_BLACK,B0BRJM4R9Q,yantralay PS 5 Carrying Case Bag for PS5 Console Gamepad  Controller  Headset  VR Play Statio n Accessories   Travel Bag   Black,1,2375.53,Shipment,New Delhi,Shipment,2375.53,0.0,1,False,
2025-08-28,BOM5-1314,GP1620_TLS,B08S7D4LKH,yantralay Upgraded Helmet Chin Strap Mount for Hero 13 12 11 10 9 8 7 6 5  SJCAM  Insta 360   DJI Osmo Action 3   4   Adjustable   Secure Camera Moun,1,1164.97,Shipment,DIBRUGARH,Shipment,1164.97,0.0,1,False,
2025-08-29,BOM7-1403,PS10_PS5PORTALCOMBO,B0DF2Z2X1Q,yantralay 6 in 1 Hard Carrying Case with Protective Cover for Play Station 5 Portal  Non Slip Soft Case Cover   Screen Protectors   Thumb Grips for PS,1,2007.9,Shipment,MUMBAI,Shipment,2007.9,0.0,1,False,
2025-08-29,BOM7-1406,PS5_CC1_GREY,B0BRJMPHKL,yantralay PS5 Carrying Case Bag for PS5 Console Gamepad  Controller  Headset  VR Play Station Accessories   Travel Bag   Grey,1,2375.53,Shipment,AHMEDABAD,Shipment,2375.53,0.0,1,False,
2025-08-29,BOM7-1405,GP10_RS4_STARTRC,B0DB1TQPH3,yantralay Portable Carrying Storage Case for DJ I Ronin RS4   RS4 Pro Gimbal EVA Handbag Travel Handheld Shoulder Bag  Grey,1,2624.82,Shipment,SIKAR,Shipment,2624.82,0.0,1,False,
2025-08-28,BOM7-1398,PS_CDRACK-RED,B0DWXZPTZV,yantralay Game Storage Tower for PS5 Xbox Series Switch   Holds 18 Game Discs with 4 Controller Holders   Gaming Desk Organizer   Stand  Red,1,1701.38,Shipment,HYDERABAD,Shipment,1701.38,0.0,1,False,
2025-08-30,BOM5-1323,GP10KIT_H9_GP18,B0FDBGBJVT,yantralay 63 in 1 Action Camera Accessories Kit for Go Pro Hero 13 12 11 10 9   Waterproof Housing  Silicone Case  3 Way Arm  Head Chest Wrist Strap,1,2552.07,Shipment,NAVI MUMBAI,Shipment,2552.07,0.0,1,False,
2025-08-29,BOM5-1321,GP10_OM7P_STARTRC,B0F2J6Z8WT,yantralay Osmo Mobile 7P Case Portable PU Shoulder Bag for DJI OM 7 Pro 7 Gimbal Stabilizer Travel Case for DJI Osmo Mobile 7 7P,1,1260.03,Shipment,Akola,Shipment,1260.03,0.0,1,False,
2025-08-30,PNQ3-533,GP47_NEW,B0DRYJZ6VH,yantralay 360  Rotatable Camera Bike Mount Clamp Motorcycle Handlebar Pole Aluminium Mount for Insta360 X5 X4 X3  Ace Pro Pro2  Hero13 12 11 10 9 Osm,1,1315.0,Shipment,Pune,Shipment,1315.0,0.0,1,False,
2025-08-29,BOM5-1317,GP46-M_GP46-S_GP25_150CMS,B0F99WWGGT,yantralay Motorcycle Handlebar Clamp Kit with Dual Clamp Mounts   Invisible Selfie Stick for Insta 360 X4 X3 X2 One RS GO 3   Bike Action Camera Mount,1,4254.42,Shipment,KANGRA,Shipment,4254.42,0.0,1,False,
2025-08-30,BOM7-1409,GP10_RS4MINI_STARTRC,B0DZZFNDHP,yantralay Portable Carrying Storage Case for DJ I Ronin RS4Mini Gimbal EVA Handbag Travel Handheld Shoulder Bag  RS4MINI,1,2552.07,Shipment,Avinashi,Shipment,2552.07,0.0,1,False,
2025-08-25,BOM7-1362,GP10_RS4_STARTRC,B0DB1TQPH3,yantralay Portable Carrying Storage Case for DJ I Ronin RS4   RS4 Pro Gimbal EVA Handbag Travel Handheld Shoulder Bag  Grey,1,-2624.82,Refund,goa,Refund,-2624.82,0.0,0,False,
2025-08-29,IN-225,ACFRAMEONEX5_AL,B0FJG46XCP,Yantralay Accessories for Insta 360 X5   Aluminum Frame Mount  Insta 360 X5 Accessories  X5 Aluminium Frame,1,4170.03,Shipment,Bengaluru,Shipment,4170.03,0.0,1,False,
2025-08-29,IN-224,ND_H13_TLS,B0DWT75YDS,Yantralay ND Filter Set Compatible with GoPro Hero13 Circular Polarizing Filters with 3PCS Neutral Density for GoPro Hero 13 Accessories  CPL ND8 ND16,1,2812.03,Shipment,MANGALAGIRI,Shipment,2812.03,0.0,1,False,
2025-08-30,BOM7-1411,SHOTGRIP_TLS,B0FCSFYHRJ,yantralay x Teles in ShotGrip   Magnetic Camera Grip with Wireless Shutter for Phone 16 15 14 13  Android  1 4  Tripod Mount Compatible  DSLR Style Cr,1,2362.92,Shipment,CHENNAI,Shipment,2362.92,0.0,1,False,
2025-08-30,BOM7-1410,GP12,B0D7BZ38X8,yantralay Aluminium Car Suction Mount 360  Rotatable for Insta 360 X4 X3 X2  Ace Pro ONE R RS  Hero 13 12 11 10 9 8 7  DJI Osmo Action Series   All O,1,1252.27,Shipment,Zadeshwar   Bharuch,Shipment,1252.27,0.0,1,False,
2025-08-30,BOM5-1324,GP10KIT_H9_GP18,B0FDBGBJVT,yantralay 63 in 1 Action Camera Accessories Kit for Go Pro Hero 13 12 11 10 9   Waterproof Housing  Silicone Case  3 Way Arm  Head Chest Wrist Strap,1,2552.07,Shipment,BENGALURU,Shipment,2552.07,0.0,1,False,
2025-08-30,IN-226,SGOLED2,B0FDQL7DFH,nan,1,0.0,Cancel,KOLHAPUR,Cancel,0.0,0.0,0,False,
2025-08-30,BOM7-1408,GP47_NEW,B0DRYJZ6VH,yantralay 360  Rotatable Camera Bike Mount Clamp Motorcycle Handlebar Pole Aluminium Mount for Insta360 X5 X4 X3  Ace Pro Pro2  Hero13 12 11 10 9 Osm,1,1315.0,Shipment,KALYAN,Shipment,1315.0,0.0,1,False,
2025-08-30,BOM5-1325,ND_MINI4PRO-6_STARTRCN,B0CJJT6WXR,STARTRC Mini 4 Pro Filters  6 Pack UV CPL ND8 ND16 ND32 ND64 Filter Compatible with DJI Mini 4 Pro Drone  Polarizer and Neutral Density Camera Lens Mu,1,4800.53,Shipment,New Delhi,Shipment,4800.53,0.0,1,False,
2025-08-30,BOM7-1413,PS5_CC1_BLACK,B0BRJM4R9Q,yantralay PS 5 Carrying Case Bag for PS5 Console Gamepad  Controller  Headset  VR Play Statio n Accessories   Travel Bag   Black,1,2375.53,Shipment,New Delhi,Shipment,2375.53,0.0,1,False,
2025-08-29,PNQ3-532,GP12,B0D7BZ38X8,yantralay Aluminium Car Suction Mount 360  Rotatable for Insta 360 X4 X3 X2  Ace Pro ONE R RS  Hero 13 12 11 10 9 8 7  DJI Osmo Action Series   All O,1,-1252.27,Refund,BENGALURU,Refund,-1252.27,0.0,0,False,
2025-08-21,BOM5-1256,GP46-S,B0F91G6H93,yantralay Double Clamp Mount Bracket with 1 4  Ball Head for GoPro  Insta 360 X2 X3  Action Cameras   Handlebar  Motorcycle  Bicycle  Selfie Stick  St,1,-1606.32,Refund,NAGAON,Refund,-1606.32,0.0,0,False,
2025-08-30,BOM7-1412,PS10_PS5PORTALCOMBO,B0DF2Z2X1Q,yantralay 6 in 1 Hard Carrying Case with Protective Cover for Play Station 5 Portal  Non Slip Soft Case Cover   Screen Protectors   Thumb Grips for PS,1,2007.9,Shipment,BENGALURU,Shipment,2007.9,0.0,1,False,
2025-08-14,BOM5-1183,DR_STRAP-1133202,B0CNLDVL42,STARTRC Lanyard Neck Strap for DJI RC Controller  Adjustable for Mini 4 Pro Air 3 Mini 3 Mavic 3 Remote Controller Accessories  Grey,1,-1648.03,Refund,Brahmavara,Refund,-1648.03,0.0,0,False,
2025-08-30,PNQ3-534,PS1,B0BJBL1XBS,yantralay Polyester Dual Controller Hard Carry Case Compatible With Ps5 Ps4 Xbox Ipega Controllers   3 Layer Protection Travel Carry Case   Grey,1,877.85,Shipment,PUNE,Shipment,877.85,0.0,1,False,
2025-08-31,BOM5-1326,GP46-L,B0F91GCRP4,yantralay Double Clamp Mount Bracket with 1 4  Ball Head for Go Pro 13 12 11  Insta 360 X5 X4 X3 Handlebar  Motorcycle  Bicycle  Selfie Stick  Studio,1,1795.47,Shipment,MAHRAJGANJ MAHRAJGANJ DISTRICT,Shipment,1795.47,0.0,1,False,
2025-08-30,BOM7-1414,CADEN_D10N,B07B2SYCRF,CADeN Camera Backpack Professional DSLR Bag with USB Charging Port Rain Cover  Photography Laptop Backpack for Women Men Waterproof  Camera Case Compa,1,3799.05,Shipment,Gandhinagar,Shipment,3799.05,0.0,1,False,
2025-08-31,PNQ3-535,LM1_OA3,B0DRW3QS3C,yantralay Magnet Adapter Mount for DJI Action 5 4 3   Quick Release Tripod Adapter with Secure Claws for Outdoor Use,1,944.78,Shipment,Pune,Shipment,944.78,0.0,1,False,
2025-08-31,BOM5-1329,TR-S-CAMOFLAGUE_TARIONN,B0BM9GT8NT,TARION Camera Sling Bag DSLR Sling Pack for Men Women Photographers with Waterproof Raincover Tripod Holder Sling Backpack Camera Bag Backpack Photogr,1,4806.78,Shipment,KOLKATA,Shipment,4806.78,0.0,1,False,
2025-08-31,BOM5-1327,ACFRAMEGP13_AL,B0F93ZW44W,Yantralay Premium Aluminum Protective Case for Go Pro Hero13 12 11 10 9 Tough Aluminum Cage Maximum Protection with Minimal Weight Accessory,1,2599.6,Shipment,LUCKNOW,Shipment,2599.6,0.0,1,False,
2025-08-31,BOM7-1417,SHOTGRIP_TLS,B0FCSFYHRJ,yantralay x Teles in ShotGrip   Magnetic Camera Grip with Wireless Shutter for Phone 16 15 14 13  Android  1 4  Tripod Mount Compatible  DSLR Style Cr,1,2362.92,Shipment,Noida,Shipment,2362.92,0.0,1,False,
2025-08-31,BOM7-1416,PS5_CC1_BLACK,B0BRJM4R9Q,yantralay PS 5 Carrying Case Bag for PS5 Console Gamepad  Controller  Headset  VR Play Statio n Accessories   Travel Bag   Black,1,2375.53,Shipment,BHOPAL,Shipment,2375.53,0.0,1,False,
2025-08-31,BOM5-1330,GP45-M,B0F88CFJN2,yantralay Magnetic Camera Mount for Hero 13 12 11 10 9  Insta360 X5 X4 X3  Action 4 5  Osmo Pocket 3   360  Quick Release Car Holder  Heavy Duty Magn,1,1558.79,Shipment,BENGALURU,Shipment,1558.79,0.0,1,False,
2025-08-31,BOM7-1418,PS5_CC1_BLACK,B0BRJM4R9Q,yantralay PS 5 Carrying Case Bag for PS5 Console Gamepad  Controller  Headset  VR Play Statio n Accessories   Travel Bag   Black,1,2375.53,Shipment,KOLKATA,Shipment,2375.53,0.0,1,False,
2025-08-31,BOM5-1328,SHOTGRIP_TLSN,B0F66YYCTQ,Magnetic Phone Camera Grip  Smartphone Shooting Holder Selfie Handle Snap with Wireless Shutter Button Remote for iPhone 16 15 14 13 12 Pro Max Androi,1,2375.53,Shipment,PUNE,Shipment,2375.53,0.0,1,False,
2025-08-28,BOM5-1315,ACCHARGERONEX4_3_AMG,B0DWLH6MJ3,Yantralay x amagisn 3 Slot Battery Charger Compatible for Insta360 X4 Camera  Charging Dock for X4 Accessories,1,-1381.28,Refund,BENGALURU,Refund,-1381.28,0.0,0,False,
2025-08-31,BOM7-1419,GP10_RS4MINI_STARTRC,B0DZZFNDHP,yantralay Portable Carrying Storage Case for DJ I Ronin RS4Mini Gimbal EVA Handbag Travel Handheld Shoulder Bag  RS4MINI,1,2552.07,Shipment,NEW DELHI,Shipment,2552.07,0.0,1,False,
2025-08-31,BOM5-1333,GP47-M,B0F91SSVW8,yantralay Action Camera Handlebar Mount with 360  Dual Ball Head   Super Clamp for Go Pro  Insta 360  Mobile  Bike  Motorcycle   Universal Quick Rele,1,1701.38,Shipment,ALAPPUZHA,Shipment,1701.38,0.0,1,False,
2025-08-31,PNQ3-536,SGONEX4-2_LGONEX4,B0F8VRR8JY,yantralay Insta 360 X4 Lens Guard   Screen Protector Combo Kit   Lens Covers   Anti Scratch  Tempered Glass Screen   Insta 360 X4 Accessories,1,1228.02,Shipment,PUNE,Shipment,1228.02,0.0,1,False,
2025-08-31,BOM5-1332,ACCHARGERGP13_3_AMG,B0DZJVT4TX,Yantralay 3 Channel Battery Charger for GoPro Hero 13 Black   Fast Charging Hub  Fully Compatible with Original GoPro Hero 13 Batteries  Portable GoPr,1,1250.33,Shipment,MUMBAI,Shipment,1250.33,0.0,1,False,
2025-08-31,BOM7-1422,PS2_WHITE,B0C46XWQRT,yantralay Controller Gamepad Carry Case   Ultimate Protection Compatible for PS5 PS4 PS3 Switch Pro Xbox Joysticks Waterproof  Scratch Protection  Dur,1,532.53,Shipment,Rawan,Shipment,532.53,0.0,1,False,
2025-08-31,BOM7-1423,GP10_RS4_STARTRC,B0DB1TQPH3,yantralay Portable Carrying Storage Case for DJ I Ronin RS4   RS4 Pro Gimbal EVA Handbag Travel Handheld Shoulder Bag  Grey,1,2624.82,Shipment,Ahmedabad,Shipment,2624.82,0.0,1,False,
2025-08-31,PNQ3-538,GP12,B0D7BZ38X8,yantralay Aluminium Car Suction Mount 360  Rotatable for Insta 360 X4 X3 X2  Ace Pro ONE R RS  Hero 13 12 11 10 9 8 7  DJI Osmo Action Series   All O,1,1252.27,Shipment,PUNE,Shipment,1252.27,0.0,1,False,
2025-08-31,BOM5-1334,GP10_OM7P_STARTRC,B0F2J6Z8WT,yantralay Osmo Mobile 7P Case Portable PU Shoulder Bag for DJI OM 7 Pro 7 Gimbal Stabilizer Travel Case for DJI Osmo Mobile 7 7P,1,0.0,FreeReplacement,PARDI,FreeReplacement,0.0,0.0,0,True,
2025-08-30,IN-228,GP40_GP25,B0CPWLNF5B,nan,1,0.0,Cancel,SHIMLA,Cancel,0.0,0.0,0,False,
2025-08-31,BOM7-1420,GP28COMBO_X3N,B0BY8178B6,PellKing Camera Protective Accessories Kit for Insta360 X3  Inst 360 X3 Bundle Include Lens Guard Silicone Protective Cover Screen Protectors Camera C,1,1086.4,Shipment,NAVI MUMBAI,Shipment,1086.4,0.0,1,False,
2025-08-31,IN-239,ACCASEONEX5,B0FF2D12YN,Yantralay Invisible Magnetic Dive Case for Insta360 X5   60M Waterproof Underwater Housing for Deep Sea   Snorkeling Shots,1,5673.53,Shipment,Mumbai,Shipment,5673.53,0.0,1,False,
2025-08-31,BOM7-1421,ACCASEYTG9,B08NF6HMG6,yantralay YT G9 Vlogging Case with Dual Cold Shoe Mount for Hero 12 11 10 9  Removable 52mm Filter Ring  All in One Kit with Case Door  Lens Protector,1,936.05,Shipment,BADLAPUR,Shipment,936.05,0.0,1,False,
2025-08-30,IN-229,LGOA360,B0FP9LYYWR,yantralay Lens Guard for DJI Osmo 360 Camera   Waterproof Dustproof Snap On Lens Protective Cover  Easy Installation  Osm o Action 360 Accessories,1,1260.03,Shipment,SATARA,Shipment,1260.03,0.0,1,False,
2025-08-30,IN-230,LGOA360,B0FP9LYYWR,yantralay Lens Guard for DJI Osmo 360 Camera   Waterproof Dustproof Snap On Lens Protective Cover  Easy Installation  Osm o Action 360 Accessories,1,1208.07,Shipment,GANDHINAGAR,Shipment,1208.07,0.0,1,False,
2025-08-30,IN-230,ACFRAMEOA360_AL,B0FP9RC1HB,Yantralay Metal Frame Camera Cage with Silicone Lens Protector for DJI Osm o Action 360   Aluminium Protective Cage with 1 4  Threaded Hole   Cold Sho,1,3719.07,Shipment,GANDHINAGAR,Shipment,3719.07,0.0,1,False,
2025-08-31,IN-231,LGOA360,B0FP9LYYWR,yantralay Lens Guard for DJI Osmo 360 Camera   Waterproof Dustproof Snap On Lens Protective Cover  Easy Installation  Osm o Action 360 Accessories,1,1260.03,Shipment,BENGALURU,Shipment,1260.03,0.0,1,False,
2025-08-31,IN-236,LGOA360,B0FP9LYYWR,yantralay Lens Guard for DJI Osmo 360 Camera   Waterproof Dustproof Snap On Lens Protective Cover  Easy Installation  Osm o Action 360 Accessories,1,1260.03,Shipment,PUNE,Shipment,1260.03,0.0,1,False,
2025-08-30,IN-226,SGOLED2,B0FDQL7DFH,yantralay Tempered Glass Screen Protector for Nintendo Switch 2  2025    Ultra Thin HD Clear Film Guard with Rounded Edges for 7 9 Inch Display  1 Pac,1,484.03,Shipment,KOLHAPUR,Shipment,484.03,0.0,1,False,
2025-08-31,IN-232,LGOA360,B0FP9LYYWR,yantralay Lens Guard for DJI Osmo 360 Camera   Waterproof Dustproof Snap On Lens Protective Cover  Easy Installation  Osm o Action 360 Accessories,1,1260.03,Shipment,SRIKAKULAM,Shipment,1260.03,0.0,1,False,
2025-08-30,IN-227,GP40_GP25,B0CPWLNF5B,Yantralay Motorcycle Bike Leg Guard Handlebar Mount Selfie Stick Pole for Insta360 ONE X3 X2  ONER RS  ACE ACE PRO  Hero 13 12 11 10 9 and Other Camer,1,2424.03,Shipment,BENGALURU,Shipment,2424.03,0.0,1,False,
2025-08-31,IN-235,LGOA360,B0FP9LYYWR,yantralay Lens Guard for DJI Osmo 360 Camera   Waterproof Dustproof Snap On Lens Protective Cover  Easy Installation  Osm o Action 360 Accessories,1,1260.03,Shipment,Tronica City,Shipment,1260.03,0.0,1,False,
2025-08-31,IN-233,ACFRAMEOA360_AL,B0FP9RC1HB,Yantralay Metal Frame Camera Cage with Silicone Lens Protector for DJI Osm o Action 360   Aluminium Protective Cage with 1 4  Threaded Hole   Cold Sho,1,3879.03,Shipment,PUNE,Shipment,3879.03,0.0,1,False,
2025-08-31,IN-234,ACCASEONEX5,B0FF2D12YN,Yantralay Invisible Magnetic Dive Case for Insta360 X5   60M Waterproof Underwater Housing for Deep Sea   Snorkeling Shots,1,5439.57,Shipment,BENGALURU,Shipment,5439.57,0.0,1,False,
2025-08-31,IN-234,ACCHARGERONEX5_3_AMG,B0FKYRJB8C,Yantralay Charging Case for Insta 360 X5   3 Battery Charger Hub with Intelligent Fast Charging  Automatic Pop Up Lid  Simultaneous Charging Station f,1,1394.07,Shipment,BENGALURU,Shipment,1394.07,0.0,1,False,
2025-08-31,IN-238,GP40_GP25,B0CPWLNF5B,Yantralay Motorcycle Bike Leg Guard Handlebar Mount Selfie Stick Pole for Insta360 ONE X3 X2  ONER RS  ACE ACE PRO  Hero 13 12 11 10 9 and Other Camer,1,2424.03,Shipment,Aizawl,Shipment,2424.03,0.0,1,False,
2025-08-31,IN-237,LGOA360,B0FP9LYYWR,yantralay Lens Guard for DJI Osmo 360 Camera   Waterproof Dustproof Snap On Lens Protective Cover  Easy Installation  Osm o Action 360 Accessories,1,1260.03,Shipment,MUMBAI,Shipment,1260.03,0.0,1,False,
2025-08-31,PNQ3-537,PS10_OLEDCOMBO_YELLOW,B0DJFL8DBY,yantralay Carry Case Pouch Cover Compatible with Nintendo Switch OLED  OLED 2 with Game Card Slots for Switch Switch OLED OLED 2 Accessories  Video Ga,1,1104.83,Shipment,HYDERABAD,Shipment,1104.83,0.0,1,False,
2025-07-16,BOM7-913,GP10_DJIFLIP_STARTRC,B0F83B4HX3,yantralay x Start rc Pu Material Carrying Case for DJ I Flip Fly More Combo   Waterproof Travel Bag for RC2 RC N3 Remote  Batteries  Charging Hub  65W,1,-1842.03,Refund,BENGALURU,Refund,-1842.03,0.0,0,False,
2025-07-31,BOM7-1081,GP28COMBO_X3N,B0BY8178B6,PellKing Camera Protective Accessories Kit for Insta360 X3  Inst 360 X3 Bundle Include Lens Guard Silicone Protective Cover Screen Protectors Camera C,1,-1032.08,Refund,BENGALURU,Refund,-1032.08,0.0,0,False,
2025-07-21,BOM5-927,DA31,B0CGDMJ882,Yantralay DSLR Battery Pouch   Portable Waterproof Bag for lp e6 e8 e10 e12 en el14 el15 fw50 f550 Batteries   Convenient Access Design   Compact and,1,-484.03,Refund,BENGALURU,Refund,-484.03,0.0,0,False,
2025-07-31,PNQ3-415,GP47_NEW,B0DRYJZ6VH,Yantralay 360  Rotatable Camera Bike Mount Clamp Motorcycle Handlebar Pole Aluminium Mount for Insta360 X4 X3  Ace Pro Pro2  Hero13 12 11 10 9 For Os,1,-1308.53,Refund,KOTA,Refund,-1308.53,0.0,0,False,
2025-07-26,BOM7-1015,PS5_CC1_GREY,B0BRJMPHKL,yantralay PS5 Carrying Case Bag for PS5 Console Gamepad  Controller  Headset  VR Play Station Accessories   Travel Bag   Grey,1,-2449.0,Refund,JAMMU,Refund,-2449.0,0.0,0,False,
2025-07-21,BOM7-968,GP49,B0D456N4QM,yantralay Motorcycle Bike Bicycle Handlebar Mount Clamps with 1 4  Screw Compatible 8 35mm for Gopro Hero 13 12 11 10 9 Max Insta360 ONE X5 X4 X3  ONE,1,-873.97,Refund,AHMEDABAD,Refund,-873.97,0.0,0,False,
2025-07-31,BOM5-1011,ACCASEONEX4,B0DZZC8YJV,Yantralay Invisible Dive Case for Insta360 X4   Waterproof Diving Housing Cover  Protective PC Sealed Shell with Bracket for Underwater Photography,1,-5209.87,Refund,Mumbai,Refund,-5209.87,0.0,0,False,
2025-07-29,BOM5-997,ACCHARGERONEX4_3_AMG,B0DWLH6MJ3,Yantralay x amagisn 3 Slot Battery Charger Compatible for Insta360 X4 Camera  Charging Dock for X4 Accessories,1,-1424.0,Refund,VIMAN NAGAR,Refund,-1424.0,0.0,0,False,
2025-07-28,BOM5-984,LGONEX4,B0F7RT4HGJ,yantralay 2Pcs Lens Guard for Insta 360 X4   Scratch Resistant Protective Lens Cover   High Transparency Optical Coated Cap   Insta 360 X4 Camera Acce,1,-779.0,Refund,IMPHAL,Refund,-779.0,0.0,0,False,
2025-07-29,BOM5-993,GP10KIT_H9_GP17,B0FC2Z4XM3,yantralay Complete Go Pro Hero 12 11 10 9 Accessory Bundle   Waterproof Housing Case  Silicone Protector  Filter   Lens Kit  Tempered Glass Screen Pro,1,-2199.0,Refund,BALAGHAT,Refund,-2199.0,0.0,0,False,
2025-07-25,BOM5-955,PS2_YELLOW,B0BL1HQ3C4,yantralay Controller Gamepad Carry Case   Ultimate Protection Compatible for PS5 PS4 PS3 Switch Pro Xbox Joysticks Waterproof  Scratch Protection  Dur,1,-499.0,Refund,AHMEDABAD,Refund,-499.0,0.0,0,False,
2025-07-27,BOM7-1033,ACCHARGERGP5_3,B08LYVPLR9,Yantralay 3 Channel AHDBT 501 Battery Charger for Hero 5 6 7   8 Black Action Camera   USB Cable Included   Fast Charging Dock,1,-823.0,Refund,TUMAKURU,Refund,-823.0,0.0,0,False,
2025-07-27,BOM7-1035,GP10_OM6_SLF,B0BWWQDCY7,yantralay Polyester Carry Case For Dji Osmo Mobile 6  Om6 Gimbal Accessories   Premium Pu Shockproof Material  Dual Zipper  Portable   Lightweight Har,1,-1234.0,Refund,Khimsar,Refund,-1234.0,0.0,0,False,
2025-07-30,BOM7-1059,SHOTGRIP_TLSN,B0F66YYCTQ,Magnetic Phone Camera Grip  Smartphone Shooting Holder Selfie Handle Snap with Wireless Shutter Button Remote for iPhone 16 15 14 13 12 Pro Max Androi,1,-2375.53,Refund,NAVI MUMBAI,Refund,-2375.53,0.0,0,False,
2025-07-25,BOM5-954,GP10KIT_H9_GP17,B0FC2Z4XM3,yantralay Complete Go Pro Hero 12 11 10 9 Accessory Bundle   Waterproof Housing Case  Silicone Protector  Filter   Lens Kit  Tempered Glass Screen Pro,1,-2199.0,Refund,RAU,Refund,-2199.0,0.0,0,False,
2025-07-24,BOM5-950,PS2_BLACK,B0BL1CYSW6,yantralay Nylon Controller Gamepad Carry Case   Ultimate Protection Compatible for PS5 PS4 PS3 Switch Pro Xbox Joysticks Waterproof  Scratch Protectio,1,-479.0,Refund,PERINAD,Refund,-479.0,0.0,0,False,
2025-07-29,BOM5-992,GP43_OP3_STARTRC,B0CT3TFRJL,yantralay Ethylene Vinyl Acetate  EVA  Portable Carry Case for DJI Osmo Pocket 3 Creator Combo   Protective Bag with Adjustable Shoulder Strap   Large,1,-999.0,Refund,Pune,Refund,-999.0,0.0,0,False,
2025-07-29,BOM7-1055,PS5_CC1_BLACK,B0BRJM4R9Q,yantralay PS 5 Carrying Case Bag for PS5 Console Gamepad  Controller  Headset  VR Play Statio n Accessories   Travel Bag   Black,1,-2375.53,Refund,SITAMARHI,Refund,-2375.53,0.0,0,False,
2025-07-28,BOM7-1046,PS10_PS5PORTALCOMBO,B0DF2Z2X1Q,yantralay 6 in 1 Hard Carrying Case with Protective Cover for Play Station 5 Portal  Non Slip Soft Case Cover   Screen Protectors   Thumb Grips for PS,1,-2070.0,Refund,CHENNAI,Refund,-2070.0,0.0,0,False,
2025-07-22,BOM5-935,DR28_RC2COVER_MP,B0CL9TH14Q,STARTRC Mini 4 Pro Sun Hood for DJI RC 2 Controller 3 IN 1 Sunshade Joysticks Screen Protector for DJI Mini 4 Pro Air 3S Air 3 Accessories Anti Scratc,1,-1756.0,Refund,COIMBATORE,Refund,-1756.0,0.0,0,False,
2025-07-31,BOM7-1076,GP10_DJIFLIP_STARTRC,B0F83B4HX3,yantralay x Start rc Pu Material Carrying Case for DJ I Flip Fly More Combo   Waterproof Travel Bag for RC2 RC N3 Remote  Batteries  Charging Hub  65W,1,-1842.03,Refund,Kolkata,Refund,-1842.03,0.0,0,False,
2025-07-26,BOM5-960,GP46-M,B0F91GXT2N,yantralay Double Clamp Mount Bracket with 1 4  Ball Head for GoPro  Insta 360 X2 X3  Action Cameras   Handlebar  Motorcycle  Bicycle  Selfie Stick  St,1,-1754.0,Refund,CHAKAN,Refund,-1754.0,0.0,0,False,
2025-07-31,CN-31,IN28_X5,B0F9KX96CY,nan,1,0.0,Cancel,Malegon,Cancel,0.0,0.0,0,False,
2025-07-31,IN-161,IN28_X5,B0F9KX96CY,yantralay Insta 360 X4 X5 Camera Mount Stand Base   Silicone Non Slip Desktop Bracket for Insta 360 X4   X5   Lightweight  Compact   Stable,1,-474.33,Refund,Malegon,Refund,-474.33,0.0,0,False,
2025-07-30,BOM7-1065,ACCHARGERONEX4_3_AMG,B0DWLH6MJ3,Yantralay x amagisn 3 Slot Battery Charger Compatible for Insta360 X4 Camera  Charging Dock for X4 Accessories,1,-1381.28,Refund,Huvina Hadagali,Refund,-1381.28,0.0,0,False,
2025-08-01,BLR7-1002,GP43_ONEX4_STARTRC,B0DDXWLJ3D,yantralay Carry Pouch Bag Compatible with Insta 360 ONE X4 Camera Accessories,1,969.03,Shipment,Bengaluru,Shipment,969.03,0.0,1,False,
2025-08-01,BLR7-1003,GP47_NEW,B0DRYJZ6VH,Yantralay 360  Rotatable Camera Bike Mount Clamp Motorcycle Handlebar Pole Aluminium Mount for Insta360 X4 X3  Ace Pro Pro2  Hero13 12 11 10 9 For Os,1,1308.53,Shipment,BENGALURU,Shipment,1308.53,0.0,1,False,
2025-08-01,BLR7-1005,GP47_NEW,B0DRYJZ6VH,Yantralay 360  Rotatable Camera Bike Mount Clamp Motorcycle Handlebar Pole Aluminium Mount for Insta360 X4 X3  Ace Pro Pro2  Hero13 12 11 10 9 For Os,1,1308.53,Shipment,NEW DELHI,Shipment,1308.53,0.0,1,False,
2025-08-01,BLR7-1007,GP10_RS4_STARTRC,B0DB1TQPH3,yantralay Portable Carrying Storage Case for DJ I Ronin RS4   RS4 Pro Gimbal EVA Handbag Travel Handheld Shoulder Bag  Grey,1,2763.53,Shipment,CHENNAI,Shipment,2763.53,0.0,1,False,
2025-08-01,BLR7-1006,GP47_NEW,B0DRYJZ6VH,Yantralay 360  Rotatable Camera Bike Mount Clamp Motorcycle Handlebar Pole Aluminium Mount for Insta360 X4 X3  Ace Pro Pro2  Hero13 12 11 10 9 For Os,1,1308.53,Shipment,ABU ROAD,Shipment,1308.53,0.0,1,False,
2025-08-01,BLR7-1008,GP47_NEW,B0DRYJZ6VH,Yantralay 360  Rotatable Camera Bike Mount Clamp Motorcycle Handlebar Pole Aluminium Mount for Insta360 X4 X3  Ace Pro Pro2  Hero13 12 11 10 9 For Os,1,1308.53,Shipment,HYDERABAD,Shipment,1308.53,0.0,1,False,
2025-08-01,BLR7-1010,GP47_NEW,B0DRYJZ6VH,Yantralay 360  Rotatable Camera Bike Mount Clamp Motorcycle Handlebar Pole Aluminium Mount for Insta360 X4 X3  Ace Pro Pro2  Hero13 12 11 10 9 For Os,1,1308.53,Shipment,BENGALURU,Shipment,1308.53,0.0,1,False,
2025-08-01,BLR7-1004,GP47_NEW,B0DRYJZ6VH,Yantralay 360  Rotatable Camera Bike Mount Clamp Motorcycle Handlebar Pole Aluminium Mount for Insta360 X4 X3  Ace Pro Pro2  Hero13 12 11 10 9 For Os,1,1308.53,Shipment,THENHIPPALAM,Shipment,1308.53,0.0,1,False,
2025-08-01,BLR7-1011,GP47_NEW,B0DRYJZ6VH,Yantralay 360  Rotatable Camera Bike Mount Clamp Motorcycle Handlebar Pole Aluminium Mount for Insta360 X4 X3  Ace Pro Pro2  Hero13 12 11 10 9 For Os,1,1254.57,Shipment,Bengaluru,Shipment,1254.57,0.0,1,False,
2025-08-01,BLR7-1009,LGONEX4_PREMIUM,B0DZ13Z8RF,yantralay Lens Protector for Insta360 X4  Removable Optical Glass Lens   Anti Scratch  Insta 360 X4 Accessories,1,2521.03,Shipment,BENGALURU,Shipment,2521.03,0.0,1,False,
2025-08-01,BLR7-1013,SGONEX4-2_LGONEX4,B0F8VRR8JY,nan,1,0.0,Cancel,BENGALURU,Cancel,0.0,0.0,0,False,
2025-08-02,NAN,PS1,B0BJBL1XBS,nan,1,0.0,Cancel,MYSURU,Cancel,0.0,0.0,0,False,
2025-08-02,BLR7-1017,GP47_NEW,B0DRYJZ6VH,Yantralay 360  Rotatable Camera Bike Mount Clamp Motorcycle Handlebar Pole Aluminium Mount for Insta360 X4 X3  Ace Pro Pro2  Hero13 12 11 10 9 For Os,1,1308.53,Shipment,BENGALURU,Shipment,1308.53,0.0,1,False,
2025-08-02,BLR7-1014,PS10_PS5PORTALCOMBO,B0DF2Z2X1Q,yantralay 6 in 1 Hard Carrying Case with Protective Cover for Play Station 5 Portal  Non Slip Soft Case Cover   Screen Protectors   Thumb Grips for PS,1,1907.02,Shipment,DINDIGUL,Shipment,1907.02,0.0,1,False,
2025-08-02,BLR7-1019,GP47_NEW,B0DRYJZ6VH,Yantralay 360  Rotatable Camera Bike Mount Clamp Motorcycle Handlebar Pole Aluminium Mount for Insta360 X4 X3  Ace Pro Pro2  Hero13 12 11 10 9 For Os,1,1308.53,Shipment,BENGALURU,Shipment,1308.53,0.0,1,False,
2025-08-02,BLR7-1016,PS10_PS5PORTALCOMBO,B0DF2Z2X1Q,yantralay 6 in 1 Hard Carrying Case with Protective Cover for Play Station 5 Portal  Non Slip Soft Case Cover   Screen Protectors   Thumb Grips for PS,1,1907.02,Shipment,Bengaluru,Shipment,1907.02,0.0,1,False,
2025-08-02,BLR7-1018,GP10_OP3,B0CVQMKG3M,yantralay Protective Carry Case Compatible for DJI OSMO Pocket 3 Camera   Anti Scratch  Wear Resistant   Ideal Travel Accessory for OSMO Pocket 3 Acce,1,872.03,Shipment,NORTH 24 PARGANAS,Shipment,872.03,0.0,1,False,
2025-08-02,BLR7-1021,GP47_NEW,B0DRYJZ6VH,nan,1,0.0,Cancel,RANCHI,Cancel,0.0,0.0,0,False,
2025-08-02,BLR7-1021,GP47_NEW,B0DRYJZ6VH,Yantralay 360  Rotatable Camera Bike Mount Clamp Motorcycle Handlebar Pole Aluminium Mount for Insta360 X4 X3  Ace Pro Pro2  Hero13 12 11 10 9 For Os,1,1308.53,Shipment,RANCHI,Shipment,1308.53,0.0,1,False,
2025-08-02,BLR7-1022,PS5SLIM_CC1_BLACK,B0DDQGJB7N,yantralay Carrying case for PS 5 Slim Console Gamepad Controller Headphone VR Travel Bag  Playstatio n 5 Slim Accessories   Grey,1,2230.03,Shipment,HYDERABAD,Shipment,2230.03,0.0,1,False,
2025-08-02,BLR7-1023,PS10_OLEDCOMBO_GREEN,B0DJFLRGQF,yantralay 4 in 1 Carrying Case Pouch with Protective Cover for Nintendo Switch OLED  Non Slip Soft Case Cover  Screen Protectors   Thumb Grips for Swi,1,1163.03,Shipment,CHENNAI,Shipment,1163.03,0.0,1,False,
2025-08-02,BLR7-1020,PS5_VERTICALSTAND,B0DGTZGCNQ,yantralay 2 in 1 Vertical Stand for PS 5   PS 5 Slim Consoles Non Slip Base Mount for PS 5 Accessories  for PS5   PS5 Slim Digital   Disc Version,1,872.03,Shipment,BENGALURU,Shipment,872.03,0.0,1,False,
2025-08-02,BLR7-1015,PS1,B0BJBL1XBS,yantralay Polyester Dual Controller Hard Carry Case Compatible With Ps5 Ps4 Xbox Ipega Controllers   3 Layer Protection Travel Carry Case   Grey,1,833.23,Shipment,MYSURU,Shipment,833.23,0.0,1,False,
2025-08-02,BLR7-1024,GP47_NEW,B0DRYJZ6VH,Yantralay 360  Rotatable Camera Bike Mount Clamp Motorcycle Handlebar Pole Aluminium Mount for Insta360 X4 X3  Ace Pro Pro2  Hero13 12 11 10 9 For Os,1,1308.53,Shipment,Kottayam,Shipment,1308.53,0.0,1,False,
2025-08-03,BLR7-1029,PS1,B0BJBL1XBS,yantralay Polyester Dual Controller Hard Carry Case Compatible With Ps5 Ps4 Xbox Ipega Controllers   3 Layer Protection Travel Carry Case   Grey,1,833.23,Shipment,BENGALURU,Shipment,833.23,0.0,1,False,
2025-08-01,BLR7-1012,GP29L,B08RXBFBG9,yantralay Windshield Car Suction Cup Mount for Hero 10 9 8  SJCAM  Osmo Action 3   4  Insta 360   Flexible  Multi Angle Adjustable   Mount for Smartph,1,610.13,Shipment,CANACONA,Shipment,610.13,0.0,1,False,
2025-08-03,BLR7-1027,GP28COMBO_X3N,B0BY8178B6,PellKing Camera Protective Accessories Kit for Insta360 X3  Inst 360 X3 Bundle Include Lens Guard Silicone Protective Cover Screen Protectors Camera C,1,1032.08,Shipment,BENGALURU,Shipment,1032.08,0.0,1,False,
2025-08-02,BLR7-1025,GP1620_TLS,B08S7D4LKH,yantralay Upgraded Helmet Chin Strap Mount for Hero 13 12 11 10 9 8 7 6 5  SJCAM  Insta 360   DJI Osmo Action 3   4   Adjustable   Secure Camera Moun,1,1106.77,Shipment,RAXAUL BAZAR,Shipment,1106.77,0.0,1,False,
2025-08-03,BLR7-1030,GP47_NEW,B0DRYJZ6VH,Yantralay 360  Rotatable Camera Bike Mount Clamp Motorcycle Handlebar Pole Aluminium Mount for Insta360 X4 X3  Ace Pro Pro2  Hero13 12 11 10 9 For Os,1,1308.53,Shipment,HYDERABAD,Shipment,1308.53,0.0,1,False,
2025-08-03,BLR7-1031,GP10_ONEX4_STARTRC,B0DDXP86FQ,yantralay x Startr c Carrying Case for Insta 360 X4 X5  Portable PU Storage Protective Bag Travel Case for Insta 360 X4 X5 Accessories with Large Capa,1,1628.63,Shipment,AHMEDABAD,Shipment,1628.63,0.0,1,False,
2025-08-03,BLR7-1032,GP47_NEW,B0DRYJZ6VH,Yantralay 360  Rotatable Camera Bike Mount Clamp Motorcycle Handlebar Pole Aluminium Mount for Insta360 X4 X3  Ace Pro Pro2  Hero13 12 11 10 9 For Os,1,1308.53,Shipment,HYDERABAD,Shipment,1308.53,0.0,1,False,
2025-08-03,BLR7-1036,PS5_VERTICALSTAND,B0DGTZGCNQ,yantralay 2 in 1 Vertical Stand for PS 5   PS 5 Slim Consoles Non Slip Base Mount for PS 5 Accessories  for PS5   PS5 Slim Digital   Disc Version,1,872.03,Shipment,BENGALURU,Shipment,872.03,0.0,1,False,
2025-08-03,BLR7-1037,GP47_NEW,B0DRYJZ6VH,Yantralay 360  Rotatable Camera Bike Mount Clamp Motorcycle Handlebar Pole Aluminium Mount for Insta360 X4 X3  Ace Pro Pro2  Hero13 12 11 10 9 For Os,1,1308.53,Shipment,BENGALURU,Shipment,1308.53,0.0,1,False,
2025-08-02,BLR7-1026,GP47_NEW,B0DRYJZ6VH,Yantralay 360  Rotatable Camera Bike Mount Clamp Motorcycle Handlebar Pole Aluminium Mount for Insta360 X4 X3  Ace Pro Pro2  Hero13 12 11 10 9 For Os,1,1308.53,Shipment,SATARA,Shipment,1308.53,0.0,1,False,
2025-08-03,BLR7-1038,PS1,B0BJBL1XBS,yantralay Polyester Dual Controller Hard Carry Case Compatible With Ps5 Ps4 Xbox Ipega Controllers   3 Layer Protection Travel Carry Case   Grey,1,833.23,Shipment,Bengaluru,Shipment,833.23,0.0,1,False,
2025-08-04,BLR7-1043,GP10_RS4MINI_STARTRC,B0DZZFNDHP,yantralay Portable Carrying Storage Case for DJ I Ronin RS4Mini Gimbal EVA Handbag Travel Handheld Shoulder Bag  RS4MINI,1,2618.03,Shipment,NEW DELHI,Shipment,2618.03,0.0,1,False,
2025-08-04,BLR7-1042,GP47_NEW,B0DRYJZ6VH,Yantralay 360  Rotatable Camera Bike Mount Clamp Motorcycle Handlebar Pole Aluminium Mount for Insta360 X4 X3  Ace Pro Pro2  Hero13 12 11 10 9 For Os,1,1308.53,Shipment,PUNE,Shipment,1308.53,0.0,1,False,
2025-08-04,BLR7-1041,GP28COMBO_X3N,B0BY8178B6,PellKing Camera Protective Accessories Kit for Insta360 X3  Inst 360 X3 Bundle Include Lens Guard Silicone Protective Cover Screen Protectors Camera C,1,1032.08,Shipment,Pune,Shipment,1032.08,0.0,1,False,
2025-08-04,BLR7-1045,PS10_PS5PORTALCOMBO,B0DF2Z2X1Q,yantralay 6 in 1 Hard Carrying Case with Protective Cover for Play Station 5 Portal  Non Slip Soft Case Cover   Screen Protectors   Thumb Grips for PS,1,1907.02,Shipment,HYDERABAD,Shipment,1907.02,0.0,1,False,
2025-08-03,BLR7-1033,GP47_NEW,B0DRYJZ6VH,Yantralay 360  Rotatable Camera Bike Mount Clamp Motorcycle Handlebar Pole Aluminium Mount for Insta360 X4 X3  Ace Pro Pro2  Hero13 12 11 10 9 For Os,1,1308.53,Shipment,tumkur,Shipment,1308.53,0.0,1,False,
2025-08-04,BLR7-1044,ACCHARGERGP5_3,B08LYVPLR9,nan,1,0.0,Cancel,BENGALURU,Cancel,0.0,0.0,0,False,
2025-08-03,BLR7-1034,GP47_NEW,B0DRYJZ6VH,Yantralay 360  Rotatable Camera Bike Mount Clamp Motorcycle Handlebar Pole Aluminium Mount for Insta360 X4 X3  Ace Pro Pro2  Hero13 12 11 10 9 For Os,1,1308.53,Shipment,THIRUPUVANAM THANJAVUR DISTRICT,Shipment,1308.53,0.0,1,False,
2025-08-03,BLR7-1028,GP47_NEW,B0DRYJZ6VH,Yantralay 360  Rotatable Camera Bike Mount Clamp Motorcycle Handlebar Pole Aluminium Mount for Insta360 X4 X3  Ace Pro Pro2  Hero13 12 11 10 9 For Os,1,1308.53,Shipment,MURUD,Shipment,1308.53,0.0,1,False,
2025-08-04,BLR7-1044,ACCHARGERGP5_3,B08LYVPLR9,Yantralay 3 Channel AHDBT 501 Battery Charger for Hero 5 6 7   8 Black Action Camera   USB Cable Included   Fast Charging Dock,1,798.31,Shipment,BENGALURU,Shipment,798.31,0.0,1,False,
2025-08-04,BLR7-1050,GP10_ONEX4_STARTRC,B0DDXP86FQ,yantralay x Startr c Carrying Case for Insta 360 X4 X5  Portable PU Storage Protective Bag Travel Case for Insta 360 X4 X5 Accessories with Large Capa,1,1628.63,Shipment,MUMBAI,Shipment,1628.63,0.0,1,False,
2025-08-04,BLR7-1046,GP47_NEW,B0DRYJZ6VH,Yantralay 360  Rotatable Camera Bike Mount Clamp Motorcycle Handlebar Pole Aluminium Mount for Insta360 X4 X3  Ace Pro Pro2  Hero13 12 11 10 9 For Os,1,1308.53,Shipment,BENGALURU,Shipment,1308.53,0.0,1,False,
2025-08-04,BLR7-1049,GP47_NEW,B0DRYJZ6VH,Yantralay 360  Rotatable Camera Bike Mount Clamp Motorcycle Handlebar Pole Aluminium Mount for Insta360 X4 X3  Ace Pro Pro2  Hero13 12 11 10 9 For Os,1,1308.53,Shipment,BENGALURU,Shipment,1308.53,0.0,1,False,
2025-08-04,BLR7-1051,PS1,B0BJBL1XBS,yantralay Polyester Dual Controller Hard Carry Case Compatible With Ps5 Ps4 Xbox Ipega Controllers   3 Layer Protection Travel Carry Case   Grey,1,833.23,Shipment,BENGALURU,Shipment,833.23,0.0,1,False,
2025-08-04,BLR7-1040,GP49,B0D456N4QM,yantralay Motorcycle Bike Bicycle Handlebar Mount Clamps with 1 4  Screw Compatible 8 35mm for Gopro Hero 13 12 11 10 9 Max Insta360 ONE X5 X4 X3  ONE,1,920.53,Shipment,BANGALORE,Shipment,920.53,0.0,1,False,
2025-08-04,BLR7-1056,GP47_NEW,B0DRYJZ6VH,Yantralay 360  Rotatable Camera Bike Mount Clamp Motorcycle Handlebar Pole Aluminium Mount for Insta360 X4 X3  Ace Pro Pro2  Hero13 12 11 10 9 For Os,1,1308.53,Shipment,BENGALURU,Shipment,1308.53,0.0,1,False,
2025-08-05,BLR7-1061,GP47_NEW,B0DRYJZ6VH,nan,1,0.0,Cancel,MYSURU,Cancel,0.0,0.0,0,False,
2025-08-04,BLR7-1054,PS1,B0BJBL1XBS,yantralay Polyester Dual Controller Hard Carry Case Compatible With Ps5 Ps4 Xbox Ipega Controllers   3 Layer Protection Travel Carry Case   Grey,1,833.23,Shipment,ULLAL,Shipment,833.23,0.0,1,False,
2025-08-05,BLR7-1058,MP_OA5,B0F9X1YNVL,yantralay Camera Lavalier Clip on Type C Microphone for DJ I Action 3 4 Collar Clip Microphone  Without Need of Mic Adapter  1 5M Cable Length   Black,1,1533.03,Shipment,New Delhi,Shipment,1533.03,0.0,1,False,
2025-08-05,BLR7-1059,GP47_NEW,B0DRYJZ6VH,Yantralay 360  Rotatable Camera Bike Mount Clamp Motorcycle Handlebar Pole Aluminium Mount for Insta360 X4 X3  Ace Pro Pro2  Hero13 12 11 10 9 For Os,1,1308.53,Shipment,MUMBAI,Shipment,1308.53,0.0,1,False,
2025-08-05,BLR7-1062,GP47_NEW,B0DRYJZ6VH,nan,1,0.0,Cancel,BENGALURU,Cancel,0.0,0.0,0,False,
2025-08-04,BLR7-1048,GP47_NEW,B0DRYJZ6VH,Yantralay 360  Rotatable Camera Bike Mount Clamp Motorcycle Handlebar Pole Aluminium Mount for Insta360 X4 X3  Ace Pro Pro2  Hero13 12 11 10 9 For Os,1,1308.53,Shipment,KATWA,Shipment,1308.53,0.0,1,False,
2025-08-02,BLR7-1017,GP47_NEW,B0DRYJZ6VH,Yantralay 360  Rotatable Camera Bike Mount Clamp Motorcycle Handlebar Pole Aluminium Mount for Insta360 X4 X3  Ace Pro Pro2  Hero13 12 11 10 9 For Os,1,-1308.53,Refund,BENGALURU,Refund,-1308.53,0.0,0,False,
2025-08-05,BLR7-1067,GP47_NEW,B0DRYJZ6VH,Yantralay 360  Rotatable Camera Bike Mount Clamp Motorcycle Handlebar Pole Aluminium Mount for Insta360 X4 X3  Ace Pro Pro2  Hero13 12 11 10 9 For Os,1,1308.53,Shipment,MUMBAI,Shipment,1308.53,0.0,1,False,
2025-08-05,BLR7-1068,GP47_NEW,B0DRYJZ6VH,Yantralay 360  Rotatable Camera Bike Mount Clamp Motorcycle Handlebar Pole Aluminium Mount for Insta360 X4 X3  Ace Pro Pro2  Hero13 12 11 10 9 For Os,1,1308.53,Shipment,BENGALURU,Shipment,1308.53,0.0,1,False,
2025-08-05,BLR7-1071,GP47_NEW,B0DRYJZ6VH,Yantralay 360  Rotatable Camera Bike Mount Clamp Motorcycle Handlebar Pole Aluminium Mount for Insta360 X4 X3  Ace Pro Pro2  Hero13 12 11 10 9 For Os,1,1308.53,Shipment,BANGALORE,Shipment,1308.53,0.0,1,False,
2025-08-05,BLR7-1069,GP10_RS4_STARTRC,B0DB1TQPH3,yantralay Portable Carrying Storage Case for DJ I Ronin RS4   RS4 Pro Gimbal EVA Handbag Travel Handheld Shoulder Bag  Grey,1,2822.53,Shipment,HUBBALLI,Shipment,2822.53,0.0,1,False,
2025-08-05,BLR7-1060,PS1,B0BJBL1XBS,yantralay Polyester Dual Controller Hard Carry Case Compatible With Ps5 Ps4 Xbox Ipega Controllers   3 Layer Protection Travel Carry Case   Grey,1,833.23,Shipment,Bengaluru,Shipment,833.23,0.0,1,False,
2025-08-05,BLR7-1065,GP47_NEW,B0DRYJZ6VH,Yantralay 360  Rotatable Camera Bike Mount Clamp Motorcycle Handlebar Pole Aluminium Mount for Insta360 X4 X3  Ace Pro Pro2  Hero13 12 11 10 9 For Os,1,1308.53,Shipment,MYSURU,Shipment,1308.53,0.0,1,False,
2025-08-04,BLR7-1053,PS10_PS5PORTALCOMBO,B0DF2Z2X1Q,yantralay 6 in 1 Hard Carrying Case with Protective Cover for Play Station 5 Portal  Non Slip Soft Case Cover   Screen Protectors   Thumb Grips for PS,1,1907.02,Shipment,BENGALURU,Shipment,1907.02,0.0,1,False,
2025-08-05,BLR7-1063,GP28_H13,B0DHYDQL5V,Yantralay Silicone Lanyard Sleeve Protective Cover   6PCS Tempered Glass Screen Guard with Silicone Lens Cover Compatible with Go Pro Hero 9 Black Act,1,387.03,Shipment,BENGALURU,Shipment,387.03,0.0,1,False,
2025-08-05,BLR7-1072,GP47_NEW,B0DRYJZ6VH,Yantralay 360  Rotatable Camera Bike Mount Clamp Motorcycle Handlebar Pole Aluminium Mount for Insta360 X4 X3  Ace Pro Pro2  Hero13 12 11 10 9 For Os,1,1308.53,Shipment,BENGALURU,Shipment,1308.53,0.0,1,False,
2025-08-05,BLR7-1064,GP47_NEW,B0DRYJZ6VH,Yantralay 360  Rotatable Camera Bike Mount Clamp Motorcycle Handlebar Pole Aluminium Mount for Insta360 X4 X3  Ace Pro Pro2  Hero13 12 11 10 9 For Os,1,1308.53,Shipment,BENGALURU,Shipment,1308.53,0.0,1,False,
2025-08-04,BLR7-1052,GP10_ONEX4_STARTRC,B0DDXP86FQ,yantralay x Startr c Carrying Case for Insta 360 X4 X5  Portable PU Storage Protective Bag Travel Case for Insta 360 X4 X5 Accessories with Large Capa,1,1628.63,Shipment,Bantwal,Shipment,1628.63,0.0,1,False,
2025-08-04,BLR7-1055,GP47_NEW,B0DRYJZ6VH,Yantralay 360  Rotatable Camera Bike Mount Clamp Motorcycle Handlebar Pole Aluminium Mount for Insta360 X4 X3  Ace Pro Pro2  Hero13 12 11 10 9 For Os,1,1308.53,Shipment,PIMPRI CHINCHWAD,Shipment,1308.53,0.0,1,False,
2025-08-05,BLR7-1074,PS1,B0BJBL1XBS,yantralay Polyester Dual Controller Hard Carry Case Compatible With Ps5 Ps4 Xbox Ipega Controllers   3 Layer Protection Travel Carry Case   Grey,1,833.23,Shipment,BENGALURU,Shipment,833.23,0.0,1,False,
2025-08-05,BLR7-1075,GP47_NEW,B0DRYJZ6VH,Yantralay 360  Rotatable Camera Bike Mount Clamp Motorcycle Handlebar Pole Aluminium Mount for Insta360 X4 X3  Ace Pro Pro2  Hero13 12 11 10 9 For Os,1,1308.53,Shipment,HYDERABAD,Shipment,1308.53,0.0,1,False,
2025-08-05,BLR7-1076,GP47_NEW,B0DRYJZ6VH,Yantralay 360  Rotatable Camera Bike Mount Clamp Motorcycle Handlebar Pole Aluminium Mount for Insta360 X4 X3  Ace Pro Pro2  Hero13 12 11 10 9 For Os,1,1308.53,Shipment,HYDERABAD,Shipment,1308.53,0.0,1,False,
2025-08-05,BLR7-1057,GP47_NEW,B0DRYJZ6VH,Yantralay 360  Rotatable Camera Bike Mount Clamp Motorcycle Handlebar Pole Aluminium Mount for Insta360 X4 X3  Ace Pro Pro2  Hero13 12 11 10 9 For Os,1,1308.53,Shipment,BRAJARAJNAGAR,Shipment,1308.53,0.0,1,False,
2025-08-05,BLR7-1073,GP47_NEW,B0DRYJZ6VH,Yantralay 360  Rotatable Camera Bike Mount Clamp Motorcycle Handlebar Pole Aluminium Mount for Insta360 X4 X3  Ace Pro Pro2  Hero13 12 11 10 9 For Os,1,1308.53,Shipment,JUNAGADH,Shipment,1308.53,0.0,1,False,
2025-08-06,BLR7-1081,GP10_ONEX4_STARTRC,B0DDXP86FQ,yantralay x Startr c Carrying Case for Insta 360 X4 X5  Portable PU Storage Protective Bag Travel Case for Insta 360 X4 X5 Accessories with Large Capa,1,1628.63,Shipment,HYDERABAD,Shipment,1628.63,0.0,1,False,
2025-08-06,BLR7-1085,GP10_ONEX4_STARTRC,B0DDXP86FQ,yantralay x Startr c Carrying Case for Insta 360 X4 X5  Portable PU Storage Protective Bag Travel Case for Insta 360 X4 X5 Accessories with Large Capa,1,1561.47,Shipment,Hyderabad,Shipment,1561.47,0.0,1,False,
2025-08-06,BLR7-1082,GP10_ONEX4_STARTRC,B0DDXP86FQ,yantralay x Startr c Carrying Case for Insta 360 X4 X5  Portable PU Storage Protective Bag Travel Case for Insta 360 X4 X5 Accessories with Large Capa,1,1628.63,Shipment,MADHURAWADA,Shipment,1628.63,0.0,1,False,
2025-08-05,BLR7-1074,PS1,B0BJBL1XBS,yantralay Polyester Dual Controller Hard Carry Case Compatible With Ps5 Ps4 Xbox Ipega Controllers   3 Layer Protection Travel Carry Case   Grey,1,-833.23,Refund,BENGALURU,Refund,-833.23,0.0,0,False,
2025-08-06,BLR7-1080,PS1,B0BJBL1XBS,yantralay Polyester Dual Controller Hard Carry Case Compatible With Ps5 Ps4 Xbox Ipega Controllers   3 Layer Protection Travel Carry Case   Grey,1,833.23,Shipment,BENGALURU,Shipment,833.23,0.0,1,False,
2025-08-05,BLR7-1070,PS5PORTAL_DOCK-BLACKN,B0D8PZZKWK,HONCAM Charging Stand for PlayStation Portal PS Portal Stand with 7 RGB Light Modes  PS5 Portal Portable Charging Dock Station with Magnetic Connector,1,1939.03,Shipment,Punjab,Shipment,1939.03,0.0,1,False,
2025-08-06,BLR7-1086,GP10_RS4MINI_STARTRC,B0DZZFNDHP,yantralay Portable Carrying Storage Case for DJ I Ronin RS4Mini Gimbal EVA Handbag Travel Handheld Shoulder Bag  RS4MINI,1,2618.03,Shipment,NANDI,Shipment,2618.03,0.0,1,False,
2025-08-05,BLR7-1066,GP47_NEW,B0DRYJZ6VH,Yantralay 360  Rotatable Camera Bike Mount Clamp Motorcycle Handlebar Pole Aluminium Mount for Insta360 X4 X3  Ace Pro Pro2  Hero13 12 11 10 9 For Os,1,1308.53,Shipment,Bengaluru,Shipment,1308.53,0.0,1,False,
2025-08-06,BLR7-1087,PB01_TARIONN,B079K8L72H,TARION Pro Pb 01 Camera Backpack Large   Shoulder Camera Case With 15 6  Laptop Compartment Waterproof Rain Cover Travel Hiking Camera Backpack Dslr B,1,17150.03,Shipment,BENGALURU,Shipment,17150.03,0.0,1,False,
2025-08-06,BLR7-1088,PS10_PS5PORTALCOMBO,B0DF2Z2X1Q,yantralay 6 in 1 Hard Carrying Case with Protective Cover for Play Station 5 Portal  Non Slip Soft Case Cover   Screen Protectors   Thumb Grips for PS,1,1907.02,Shipment,BENGALURU,Shipment,1907.02,0.0,1,False,
2025-08-06,BLR7-1079,GP47_NEW,B0DRYJZ6VH,Yantralay 360  Rotatable Camera Bike Mount Clamp Motorcycle Handlebar Pole Aluminium Mount for Insta360 X4 X3  Ace Pro Pro2  Hero13 12 11 10 9 For Os,1,1308.53,Shipment,BENGALURU,Shipment,1308.53,0.0,1,False,
2025-08-05,BLR7-1078,GP47_NEW,B0DRYJZ6VH,Yantralay 360  Rotatable Camera Bike Mount Clamp Motorcycle Handlebar Pole Aluminium Mount for Insta360 X4 X3  Ace Pro Pro2  Hero13 12 11 10 9 For Os,1,1308.53,Shipment,BENGALURU,Shipment,1308.53,0.0,1,False,
2025-08-05,BLR7-1077,GP47_NEW,B0DRYJZ6VH,Yantralay 360  Rotatable Camera Bike Mount Clamp Motorcycle Handlebar Pole Aluminium Mount for Insta360 X4 X3  Ace Pro Pro2  Hero13 12 11 10 9 For Os,1,1308.53,Shipment,Thiruvananthapuram,Shipment,1308.53,0.0,1,False,
2025-08-02,BLR7-1024,GP47_NEW,B0DRYJZ6VH,Yantralay 360  Rotatable Camera Bike Mount Clamp Motorcycle Handlebar Pole Aluminium Mount for Insta360 X4 X3  Ace Pro Pro2  Hero13 12 11 10 9 For Os,1,-1308.53,Refund,Kottayam,Refund,-1308.53,0.0,0,False,
2025-08-06,BLR7-1083,GP47_NEW,B0DRYJZ6VH,Yantralay 360  Rotatable Camera Bike Mount Clamp Motorcycle Handlebar Pole Aluminium Mount for Insta360 X4 X3  Ace Pro Pro2  Hero13 12 11 10 9 For Os,1,1308.53,Shipment,RANGIA,Shipment,1308.53,0.0,1,False,
2025-08-07,BLR7-1091,GP10_RS4MINI_STARTRC,B0DZZFNDHP,yantralay Portable Carrying Storage Case for DJ I Ronin RS4Mini Gimbal EVA Handbag Travel Handheld Shoulder Bag  RS4MINI,1,2618.03,Shipment,Chandor,Shipment,2618.03,0.0,1,False,
2025-08-07,BLR7-1093,GP29L,B08RXBFBG9,yantralay Windshield Car Suction Cup Mount for Hero 10 9 8  SJCAM  Osmo Action 3   4  Insta 360   Flexible  Multi Angle Adjustable   Mount for Smartph,1,610.13,Shipment,KUPPAM,Shipment,610.13,0.0,1,False,
2025-08-07,BLR7-1095,PS10_OLEDCOMBO_GREEN,B0DJFLRGQF,yantralay 4 in 1 Carrying Case Pouch with Protective Cover for Nintendo Switch OLED  Non Slip Soft Case Cover  Screen Protectors   Thumb Grips for Swi,1,1163.03,Shipment,Kozhikode,Shipment,1163.03,0.0,1,False,
2025-08-05,BLR7-1065,GP47_NEW,B0DRYJZ6VH,Yantralay 360  Rotatable Camera Bike Mount Clamp Motorcycle Handlebar Pole Aluminium Mount for Insta360 X4 X3  Ace Pro Pro2  Hero13 12 11 10 9 For Os,1,-1308.53,Refund,MYSURU,Refund,-1308.53,0.0,0,False,
2025-08-07,BLR7-1101,PS10_OLED_GREEN,B0BRY5L26G,yantralay Carry Case Pouch Cover Compatible with Nintendo Switch OLED with Game Card Slots for Switch Switch OLED Accessories  Video Game   Green,1,565.51,Shipment,HYDERABAD,Shipment,565.51,0.0,1,False,
2025-08-07,BLR7-1100,GP29L,B08RXBFBG9,yantralay Windshield Car Suction Cup Mount for Hero 10 9 8  SJCAM  Osmo Action 3   4  Insta 360   Flexible  Multi Angle Adjustable   Mount for Smartph,1,610.13,Shipment,PANAJI,Shipment,610.13,0.0,1,False,
2025-08-06,BLR7-1084,PS1,B0BJBL1XBS,yantralay Polyester Dual Controller Hard Carry Case Compatible With Ps5 Ps4 Xbox Ipega Controllers   3 Layer Protection Travel Carry Case   Grey,1,833.23,Shipment,BENGALURU,Shipment,833.23,0.0,1,False,
2025-08-07,BLR7-1098,PS1,B0BJBL1XBS,yantralay Polyester Dual Controller Hard Carry Case Compatible With Ps5 Ps4 Xbox Ipega Controllers   3 Layer Protection Travel Carry Case   Grey,1,833.23,Shipment,BENGALURU,Shipment,833.23,0.0,1,False,
2025-08-07,BLR7-1097,GP47_NEW,B0DRYJZ6VH,Yantralay 360  Rotatable Camera Bike Mount Clamp Motorcycle Handlebar Pole Aluminium Mount for Insta360 X4 X3  Ace Pro Pro2  Hero13 12 11 10 9 For Os,1,1308.53,Shipment,BENGALURU,Shipment,1308.53,0.0,1,False,
2025-08-07,BLR7-1094,GP47_NEW,B0DRYJZ6VH,Yantralay 360  Rotatable Camera Bike Mount Clamp Motorcycle Handlebar Pole Aluminium Mount for Insta360 X4 X3  Ace Pro Pro2  Hero13 12 11 10 9 For Os,1,1308.53,Shipment,BENGALURU,Shipment,1308.53,0.0,1,False,
2025-08-07,BLR7-1099,GP47_NEW,B0DRYJZ6VH,Yantralay 360  Rotatable Camera Bike Mount Clamp Motorcycle Handlebar Pole Aluminium Mount for Insta360 X4 X3  Ace Pro Pro2  Hero13 12 11 10 9 For Os,1,1308.53,Shipment,BENGALURU,Shipment,1308.53,0.0,1,False,
2025-08-06,BLR7-1090,GP47_NEW,B0DRYJZ6VH,Yantralay 360  Rotatable Camera Bike Mount Clamp Motorcycle Handlebar Pole Aluminium Mount for Insta360 X4 X3  Ace Pro Pro2  Hero13 12 11 10 9 For Os,1,1308.53,Shipment,Secunderabad,Shipment,1308.53,0.0,1,False,
2025-08-08,BLR7-1104,GP29L,B08RXBFBG9,yantralay Windshield Car Suction Cup Mount for Hero 10 9 8  SJCAM  Osmo Action 3   4  Insta 360   Flexible  Multi Angle Adjustable   Mount for Smartph,1,610.13,Shipment,BENGALURU,Shipment,610.13,0.0,1,False,
2025-08-07,BLR7-1092,GP47_NEW,B0DRYJZ6VH,Yantralay 360  Rotatable Camera Bike Mount Clamp Motorcycle Handlebar Pole Aluminium Mount for Insta360 X4 X3  Ace Pro Pro2  Hero13 12 11 10 9 For Os,1,1308.53,Shipment,Thane,Shipment,1308.53,0.0,1,False,
2025-08-08,NAN,GP100,B0723FF53T,nan,1,0.0,Cancel,GUDALUR  THE NILGIRIS,Cancel,0.0,0.0,0,False,
2025-08-06,BLR7-1087,PB01_TARIONN,B079K8L72H,TARION Pro Pb 01 Camera Backpack Large   Shoulder Camera Case With 15 6  Laptop Compartment Waterproof Rain Cover Travel Hiking Camera Backpack Dslr B,1,-17150.03,Refund,BENGALURU,Refund,-17150.03,0.0,0,False,
2025-08-08,BLR7-1106,GP100,B0723FF53T,yantralay 40 in 1 Action Camera Mount Kit for Hero 13 12 11 10 9 8 7 6 5 SJCAM  Osmo Action 3   4  Insta 360   More   with Selfie Monopod  Straps  Mou,1,1055.36,Shipment,GUDALUR  THE NILGIRIS,Shipment,1055.36,0.0,1,False,
2025-08-08,BLR7-1107,GP29L,B08RXBFBG9,nan,1,0.0,Cancel,KUPPAM,Cancel,0.0,0.0,0,False,
2025-08-08,BLR7-1108,DA31,B0CGDMJ882,Yantralay DSLR Battery Pouch   Portable Waterproof Bag for lp e6 e8 e10 e12 en el14 el15 fw50 f550 Batteries   Convenient Access Design   Compact and,1,484.03,Shipment,BANGALORE,Shipment,484.03,0.0,1,False,
2025-08-08,BLR7-1105,GP47_NEW,B0DRYJZ6VH,Yantralay 360  Rotatable Camera Bike Mount Clamp Motorcycle Handlebar Pole Aluminium Mount for Insta360 X4 X3  Ace Pro Pro2  Hero13 12 11 10 9 For Os,1,1308.53,Shipment,Siliguri,Shipment,1308.53,0.0,1,False,
2025-08-08,BLR7-1109,PS5_VERTICALSTAND,B0DGTZGCNQ,yantralay 2 in 1 Vertical Stand for PS 5   PS 5 Slim Consoles Non Slip Base Mount for PS 5 Accessories  for PS5   PS5 Slim Digital   Disc Version,1,872.03,Shipment,Ernakulam,Shipment,872.03,0.0,1,False,
2025-08-09,BLR7-1110,PS5_VERTICALSTAND,B0DGTZGCNQ,yantralay 2 in 1 Vertical Stand for PS 5   PS 5 Slim Consoles Non Slip Base Mount for PS 5 Accessories  for PS5   PS5 Slim Digital   Disc Version,1,872.03,Shipment,BENGALURU,Shipment,872.03,0.0,1,False,
2025-08-07,BLR7-1103,GP47_NEW,B0DRYJZ6VH,Yantralay 360  Rotatable Camera Bike Mount Clamp Motorcycle Handlebar Pole Aluminium Mount for Insta360 X4 X3  Ace Pro Pro2  Hero13 12 11 10 9 For Os,1,1308.53,Shipment,CHAKAN,Shipment,1308.53,0.0,1,False,
2025-08-09,BLR7-1112,DA24,B078DMT8KR,Yantralay Nylon Universal Drone and Quadcopter Landing Pad   Portable   Foldable   Compatible with DJI  Parrot  Syma  Hubsan  Holy Stone  UDI Drones,1,1502.53,Shipment,Siliguri,Shipment,1502.53,0.0,1,False,
2025-08-09,BLR7-1111,PS10_PS5PORTALCOMBO,B0DF2Z2X1Q,yantralay 6 in 1 Hard Carrying Case with Protective Cover for Play Station 5 Portal  Non Slip Soft Case Cover   Screen Protectors   Thumb Grips for PS,1,2113.63,Shipment,VILLUPURAM,Shipment,2113.63,0.0,1,False,
2025-08-09,BLR7-1114,PS1,B0BJBL1XBS,yantralay Polyester Dual Controller Hard Carry Case Compatible With Ps5 Ps4 Xbox Ipega Controllers   3 Layer Protection Travel Carry Case   Grey,1,949.63,Shipment,BENGALURU,Shipment,949.63,0.0,1,False,
2025-08-09,BLR7-1115,PS5_VERTICALSTAND,B0DGTZGCNQ,yantralay 2 in 1 Vertical Stand for PS 5   PS 5 Slim Consoles Non Slip Base Mount for PS 5 Accessories  for PS5   PS5 Slim Digital   Disc Version,1,872.03,Shipment,Bengaluru,Shipment,872.03,0.0,1,False,
2025-08-09,BLR7-1113,GP10_ONEX4_STARTRC,B0DDXP86FQ,yantralay x Startr c Carrying Case for Insta 360 X4 X5  Portable PU Storage Protective Bag Travel Case for Insta 360 X4 X5 Accessories with Large Capa,1,1628.63,Shipment,BANGALORE,Shipment,1628.63,0.0,1,False,
2025-08-09,BLR7-1117,PS10_OLED_YELLOW,B0BRY5GJ5Y,yantralay Carry Case Pouch Cover Compatible with Nintendo Switch OLED with Game Card Slots for Switch Switch OLED Accessories  Video Game   Yellow,1,629.53,Shipment,BENGALURU,Shipment,629.53,0.0,1,False,
2025-08-10,BLR7-1122,GP29L,B08RXBFBG9,nan,1,0.0,Cancel,CHENNAI,Cancel,0.0,0.0,0,False,
2025-08-10,BLR7-1123,GP29L,B08RXBFBG9,yantralay Windshield Car Suction Cup Mount for Hero 10 9 8  SJCAM  Osmo Action 3   4  Insta 360   Flexible  Multi Angle Adjustable   Mount for Smartph,1,610.13,Shipment,CHENNAI,Shipment,610.13,0.0,1,False,
2025-08-10,BLR7-1121,GP28_H13,B0DHYDQL5V,Yantralay Silicone Lanyard Sleeve Protective Cover   6PCS Tempered Glass Screen Guard with Silicone Lens Cover Compatible with Go Pro Hero 9 Black Act,1,387.03,Shipment,BENGALURU,Shipment,387.03,0.0,1,False,
2025-08-10,BLR7-1125,GP28_H13,B0DHYDQL5V,nan,1,0.0,Cancel,KALAMASSERY,Cancel,0.0,0.0,0,False,
2025-08-10,BLR7-1119,GP47_NEW,B0DRYJZ6VH,yantralay 360  Rotatable Camera Bike Mount Clamp Motorcycle Handlebar Pole Aluminium Mount for Insta360 X5 X4 X3  Ace Pro Pro2  Hero13 12 11 10 9 Osm,1,1308.53,Shipment,BENGALURU,Shipment,1308.53,0.0,1,False,
2025-08-05,BLR7-1077,GP47_NEW,B0DRYJZ6VH,Yantralay 360  Rotatable Camera Bike Mount Clamp Motorcycle Handlebar Pole Aluminium Mount for Insta360 X4 X3  Ace Pro Pro2  Hero13 12 11 10 9 For Os,1,-1308.53,Refund,Thiruvananthapuram,Refund,-1308.53,0.0,0,False,
2025-08-10,BLR7-1126,GP28_H13,B0DHYDQL5V,Yantralay Silicone Lanyard Sleeve Protective Cover   6PCS Tempered Glass Screen Guard with Silicone Lens Cover Compatible with Go Pro Hero 9 Black Act,1,387.03,Shipment,KALAMASSERY,Shipment,387.03,0.0,1,False,
2025-08-10,BLR7-1124,GP10_ONEX4_STARTRC,B0DDXP86FQ,yantralay x Startr c Carrying Case for Insta 360 X4 X5  Portable PU Storage Protective Bag Travel Case for Insta 360 X4 X5 Accessories with Large Capa,1,1628.63,Shipment,BENGALURU,Shipment,1628.63,0.0,1,False,
2025-08-10,BLR7-1127,GP10_ONEX4_STARTRC,B0DDXP86FQ,yantralay x Startr c Carrying Case for Insta 360 X4 X5  Portable PU Storage Protective Bag Travel Case for Insta 360 X4 X5 Accessories with Large Capa,1,1628.63,Shipment,Bengaluru,Shipment,1628.63,0.0,1,False,
2025-08-10,BLR7-1118,ACFRAMEOP3_PL,B0D813N881,yantralay Osm o Pocket 3 Expansion Frame Adapter Protective Bracket   Action Camera Adapter Compatible for DJI Osm o Pocket 3 Accessories with 1 4 Col,1,823.53,Shipment,BENGALURU,Shipment,823.53,0.0,1,False,
2025-08-11,BLR7-1129,PS10_PS5PORTALCOMBO,B0DF2Z2X1Q,yantralay 6 in 1 Hard Carrying Case with Protective Cover for Play Station 5 Portal  Non Slip Soft Case Cover   Screen Protectors   Thumb Grips for PS,1,2113.63,Shipment,Noida,Shipment,2113.63,0.0,1,False,
2025-08-11,BLR7-1128,GP47_NEW,B0DRYJZ6VH,nan,1,0.0,Cancel,Shivamogga,Cancel,0.0,0.0,0,False,
2025-08-11,BLR7-1128,GP47_NEW,B0DRYJZ6VH,yantralay 360  Rotatable Camera Bike Mount Clamp Motorcycle Handlebar Pole Aluminium Mount for Insta360 X5 X4 X3  Ace Pro Pro2  Hero13 12 11 10 9 Osm,1,1308.53,Shipment,Shivamogga,Shipment,1308.53,0.0,1,False,
2025-08-04,BLR7-1050,GP10_ONEX4_STARTRC,B0DDXP86FQ,yantralay x Startr c Carrying Case for Insta 360 X4 X5  Portable PU Storage Protective Bag Travel Case for Insta 360 X4 X5 Accessories with Large Capa,1,-1628.63,Refund,MUMBAI,Refund,-1628.63,0.0,0,False,
2025-08-11,BLR7-1130,DA24,B078DMT8KR,Yantralay Nylon Universal Drone and Quadcopter Landing Pad   Portable   Foldable   Compatible with DJI  Parrot  Syma  Hubsan  Holy Stone  UDI Drones,1,1502.53,Shipment,MEDINIPUR,Shipment,1502.53,0.0,1,False,
2025-08-11,BLR7-1133,GP29L,B08RXBFBG9,nan,1,0.0,Cancel,CHENNAI,Cancel,0.0,0.0,0,False,
2025-08-11,BLR7-1131,PS1,B0BJBL1XBS,yantralay Polyester Dual Controller Hard Carry Case Compatible With Ps5 Ps4 Xbox Ipega Controllers   3 Layer Protection Travel Carry Case   Grey,1,949.63,Shipment,BENGALURU,Shipment,949.63,0.0,1,False,
2025-08-11,BLR7-1132,PS10_PS5PORTALCOMBO,B0DF2Z2X1Q,yantralay 6 in 1 Hard Carrying Case with Protective Cover for Play Station 5 Portal  Non Slip Soft Case Cover   Screen Protectors   Thumb Grips for PS,1,2113.63,Shipment,Bengaluru,Shipment,2113.63,0.0,1,False,
2025-08-02,BLR7-1021,GP47_NEW,B0DRYJZ6VH,Yantralay 360  Rotatable Camera Bike Mount Clamp Motorcycle Handlebar Pole Aluminium Mount for Insta360 X4 X3  Ace Pro Pro2  Hero13 12 11 10 9 For Os,1,-1308.53,Refund,RANCHI,Refund,-1308.53,0.0,0,False,
2025-08-10,BLR7-1120,GP10_RS4_STARTRC,B0DB1TQPH3,yantralay Portable Carrying Storage Case for DJ I Ronin RS4   RS4 Pro Gimbal EVA Handbag Travel Handheld Shoulder Bag  Grey,1,2763.53,Shipment,BENGALURU,Shipment,2763.53,0.0,1,False,
2025-08-12,BLR7-1134,MP_OA5,B0F9X1YNVL,yantralay Camera Lavalier Clip on Type C Microphone for DJ I Action 3 4 Collar Clip Microphone  Without Need of Mic Adapter  1 5M Cable Length   Black,1,1454.03,Shipment,MYSURU,Shipment,1454.03,0.0,1,False,
2025-08-12,BLR7-1137,GP29L,B08RXBFBG9,yantralay Windshield Car Suction Cup Mount for Hero 10 9 8  SJCAM  Osmo Action 3   4  Insta 360   Flexible  Multi Angle Adjustable   Mount for Smartph,1,0.0,FreeReplacement,CHENNAI,FreeReplacement,0.0,0.0,0,True,
2025-08-10,BLR7-1126,GP28_H13,B0DHYDQL5V,Yantralay Silicone Lanyard Sleeve Protective Cover   6PCS Tempered Glass Screen Guard with Silicone Lens Cover Compatible with Go Pro Hero 9 Black Act,1,-387.03,Refund,KALAMASSERY,Refund,-387.03,0.0,0,False,
2025-08-12,BLR7-1138,GP29L,B08RXBFBG9,yantralay Windshield Car Suction Cup Mount for Hero 10 9 8  SJCAM  Osmo Action 3   4  Insta 360   Flexible  Multi Angle Adjustable   Mount for Smartph,1,610.13,Shipment,HYDERABAD,Shipment,610.13,0.0,1,False,
2025-08-12,BLR7-1135,GP47_NEW,B0DRYJZ6VH,yantralay 360  Rotatable Camera Bike Mount Clamp Motorcycle Handlebar Pole Aluminium Mount for Insta360 X5 X4 X3  Ace Pro Pro2  Hero13 12 11 10 9 Osm,1,1308.53,Shipment,Kelambakkam,Shipment,1308.53,0.0,1,False,
2025-08-12,BLR7-1136,GP47_NEW,B0DRYJZ6VH,yantralay 360  Rotatable Camera Bike Mount Clamp Motorcycle Handlebar Pole Aluminium Mount for Insta360 X5 X4 X3  Ace Pro Pro2  Hero13 12 11 10 9 Osm,1,1308.53,Shipment,BENGALURU,Shipment,1308.53,0.0,1,False,
2025-08-12,BLR7-1140,GP29L,B08RXBFBG9,yantralay Windshield Car Suction Cup Mount for Hero 10 9 8  SJCAM  Osmo Action 3   4  Insta 360   Flexible  Multi Angle Adjustable   Mount for Smartph,1,610.13,Shipment,BENGALURU,Shipment,610.13,0.0,1,False,
2025-08-12,BLR7-1139,PS5_VERTICALSTAND,B0DGTZGCNQ,yantralay 2 in 1 Vertical Stand for PS 5   PS 5 Slim Consoles Non Slip Base Mount for PS 5 Accessories  for PS5   PS5 Slim Digital   Disc Version,1,0.0,FreeReplacement,Ernakulam,FreeReplacement,0.0,0.0,0,True,
2025-08-13,BLR7-1141,PS10_OLEDCOMBO_GREEN,B0DJFLRGQF,yantralay 4 in 1 Carrying Case Pouch with Protective Cover for Nintendo Switch OLED  Non Slip Soft Case Cover  Screen Protectors   Thumb Grips for Swi,1,1163.03,Shipment,NAGPUR,Shipment,1163.03,0.0,1,False,
2025-08-13,BLR7-1143,GP10_RS4_STARTRC,B0DB1TQPH3,yantralay Portable Carrying Storage Case for DJ I Ronin RS4   RS4 Pro Gimbal EVA Handbag Travel Handheld Shoulder Bag  Grey,1,2763.53,Shipment,MAHBUBNAGAR,Shipment,2763.53,0.0,1,False,
2025-08-13,BLR7-1144,GP29L,B08RXBFBG9,yantralay Windshield Car Suction Cup Mount for Hero 10 9 8  SJCAM  Osmo Action 3   4  Insta 360   Flexible  Multi Angle Adjustable   Mount for Smartph,1,610.13,Shipment,BANGALORE,Shipment,610.13,0.0,1,False,
2025-08-13,BLR7-1142,PS2_BLUE,B0BL1H24P4,yantralay Controller Gamepad Carry Case   Ultimate Protection Compatible for PS5 PS4 PS3 Switch Pro Xbox Joysticks Waterproof  Scratch Protection  Dur,1,464.07,Shipment,BENGALURU,Shipment,464.07,0.0,1,False,
2025-08-13,BLR7-1142,PS2_YELLOW,B0BL1HQ3C4,yantralay Controller Gamepad Carry Case   Ultimate Protection Compatible for PS5 PS4 PS3 Switch Pro Xbox Joysticks Waterproof  Scratch Protection  Dur,1,464.07,Shipment,BENGALURU,Shipment,464.07,0.0,1,False,
2025-08-14,BLR7-1147,PS10_PS5PORTALCOMBO,B0DF2Z2X1Q,yantralay 6 in 1 Hard Carrying Case with Protective Cover for Play Station 5 Portal  Non Slip Soft Case Cover   Screen Protectors   Thumb Grips for PS,1,2113.63,Shipment,Kunnathunad,Shipment,2113.63,0.0,1,False,
2025-08-14,BLR7-1146,PS1,B0BJBL1XBS,yantralay Polyester Dual Controller Hard Carry Case Compatible With Ps5 Ps4 Xbox Ipega Controllers   3 Layer Protection Travel Carry Case   Grey,1,949.63,Shipment,BHATKAL,Shipment,949.63,0.0,1,False,
2025-08-14,BLR7-1145,PS10_OLEDCOMBO_GREEN,B0DJFLRGQF,yantralay 4 in 1 Carrying Case Pouch with Protective Cover for Nintendo Switch OLED  Non Slip Soft Case Cover  Screen Protectors   Thumb Grips for Swi,1,1163.03,Shipment,Bengaluru,Shipment,1163.03,0.0,1,False,
2025-08-14,BLR7-1149,PS1,B0BJBL1XBS,yantralay Polyester Dual Controller Hard Carry Case Compatible With Ps5 Ps4 Xbox Ipega Controllers   3 Layer Protection Travel Carry Case   Grey,1,949.63,Shipment,BENGALURU,Shipment,949.63,0.0,1,False,
2025-08-10,BLR7-1120,GP10_RS4_STARTRC,B0DB1TQPH3,yantralay Portable Carrying Storage Case for DJ I Ronin RS4   RS4 Pro Gimbal EVA Handbag Travel Handheld Shoulder Bag  Grey,1,-2763.53,Refund,BENGALURU,Refund,-2763.53,0.0,0,False,
2025-08-14,BLR7-1148,PS1,B0BJBL1XBS,yantralay Polyester Dual Controller Hard Carry Case Compatible With Ps5 Ps4 Xbox Ipega Controllers   3 Layer Protection Travel Carry Case   Grey,1,1008.63,Shipment,HYDERABAD,Shipment,1008.63,0.0,1,False,
2025-08-14,BLR7-1152,GP162TELESINN,B07G5XWJJM,TELESIN Motorcycle Helmet Strap Mount Front Chin Mount for GoPro Hero 2018 7 6 5 4 3  Session  SJCAM  AKASO  Campark  Polaroid  YI Action Camera Helme,1,770.18,Shipment,Bengaluru,Shipment,770.18,0.0,1,False,
2025-08-14,BLR7-1153,GP162TELESINN,B07G5XWJJM,TELESIN Motorcycle Helmet Strap Mount Front Chin Mount for GoPro Hero 2018 7 6 5 4 3  Session  SJCAM  AKASO  Campark  Polaroid  YI Action Camera Helme,1,770.18,Shipment,VISAKHAPATNAM,Shipment,770.18,0.0,1,False,
2025-08-14,BLR7-1151,PS1,B0BJBL1XBS,yantralay Polyester Dual Controller Hard Carry Case Compatible With Ps5 Ps4 Xbox Ipega Controllers   3 Layer Protection Travel Carry Case   Grey,1,949.63,Shipment,BENGALURU,Shipment,949.63,0.0,1,False,
2025-08-14,BLR7-1150,PS1,B0BJBL1XBS,yantralay Polyester Dual Controller Hard Carry Case Compatible With Ps5 Ps4 Xbox Ipega Controllers   3 Layer Protection Travel Carry Case   Grey,1,949.63,Shipment,Bengaluru,Shipment,949.63,0.0,1,False,
2025-08-07,BLR7-1103,GP47_NEW,B0DRYJZ6VH,Yantralay 360  Rotatable Camera Bike Mount Clamp Motorcycle Handlebar Pole Aluminium Mount for Insta360 X4 X3  Ace Pro Pro2  Hero13 12 11 10 9 For Os,1,-1308.53,Refund,CHAKAN,Refund,-1308.53,0.0,0,False,
2025-08-15,BLR7-1154,PS10_PS5PORTALCOMBO,B0DF2Z2X1Q,yantralay 6 in 1 Hard Carrying Case with Protective Cover for Play Station 5 Portal  Non Slip Soft Case Cover   Screen Protectors   Thumb Grips for PS,1,2113.63,Shipment,CHENNAI,Shipment,2113.63,0.0,1,False,
2025-08-15,BLR7-1155,GP162TELESINN,B07G5XWJJM,TELESIN Motorcycle Helmet Strap Mount Front Chin Mount for GoPro Hero 2018 7 6 5 4 3  Session  SJCAM  AKASO  Campark  Polaroid  YI Action Camera Helme,1,770.18,Shipment,BENGALURU,Shipment,770.18,0.0,1,False,
2025-08-16,BLR7-1158,GP49,B0D456N4QM,yantralay Motorcycle Bike Bicycle Handlebar Mount Clamps with 1 4  Screw Compatible 8 35mm for Gopro Hero 13 12 11 10 9 Max Insta360 ONE X5 X4 X3  ONE,1,873.97,Shipment,SILIGURI,Shipment,873.97,0.0,1,False,
2025-08-16,BLR7-1161,PS10_OLEDCOMBO_GREEN,B0DJFLRGQF,yantralay 4 in 1 Carrying Case Pouch with Protective Cover for Nintendo Switch OLED  Non Slip Soft Case Cover  Screen Protectors   Thumb Grips for Swi,1,1104.83,Shipment,BENGALURU,Shipment,1104.83,0.0,1,False,
2025-08-16,BLR7-1160,PS10_PS5PORTALCOMBO,B0DF2Z2X1Q,yantralay 6 in 1 Hard Carrying Case with Protective Cover for Play Station 5 Portal  Non Slip Soft Case Cover   Screen Protectors   Thumb Grips for PS,1,2007.9,Shipment,BENGALURU,Shipment,2007.9,0.0,1,False,
2025-08-16,BLR7-1159,GP47_NEW,B0DRYJZ6VH,yantralay 360  Rotatable Camera Bike Mount Clamp Motorcycle Handlebar Pole Aluminium Mount for Insta360 X5 X4 X3  Ace Pro Pro2  Hero13 12 11 10 9 Osm,1,1275.55,Shipment,CHENNAI,Shipment,1275.55,0.0,1,False,
2025-08-17,BLR7-1165,PS2_RED,B0BL1HF4NJ,yantralay Nylon Controller Gamepad Carry Case   Ultimate Protection Compatible For PS5 PS4 PS3 Switch Pro Xbox Joysticks Waterproof  Scratch Protectio,1,484.03,Shipment,BENGALURU,Shipment,484.03,0.0,1,False,
2025-08-17,BLR7-1164,PS1,B0BJBL1XBS,yantralay Polyester Dual Controller Hard Carry Case Compatible With Ps5 Ps4 Xbox Ipega Controllers   3 Layer Protection Travel Carry Case   Grey,1,877.85,Shipment,BENGALURU,Shipment,877.85,0.0,1,False,
2025-08-17,BLR7-1163,PS1,B0BJBL1XBS,yantralay Polyester Dual Controller Hard Carry Case Compatible With Ps5 Ps4 Xbox Ipega Controllers   3 Layer Protection Travel Carry Case   Grey,1,877.85,Shipment,BENGALURU,Shipment,877.85,0.0,1,False,
2025-08-12,BLR7-1134,MP_OA5,B0F9X1YNVL,yantralay Camera Lavalier Clip on Type C Microphone for DJ I Action 3 4 Collar Clip Microphone  Without Need of Mic Adapter  1 5M Cable Length   Black,1,-1454.03,Refund,MYSURU,Refund,-1454.03,0.0,0,False,
2025-08-18,BLR7-1167,PS10_OLEDCOMBO_GREEN,B0DJFLRGQF,yantralay 4 in 1 Carrying Case Pouch with Protective Cover for Nintendo Switch OLED  Non Slip Soft Case Cover  Screen Protectors   Thumb Grips for Swi,1,1104.83,Shipment,Akola lahane umri,Shipment,1104.83,0.0,1,False,
2025-08-17,BLR7-1162,PS5SLIM_CC1_BLACK,B0DDQGJB7N,yantralay Carrying case for PS 5 Slim Console Gamepad Controller Headphone VR Travel Bag  Playstatio n 5 Slim Accessories   Grey,1,2173.77,Shipment,NEW DELHI,Shipment,2173.77,0.0,1,False,
2025-08-16,BLR7-1157,GP12,B0D7BZ38X8,yantralay Aluminium Car Suction Mount 360  Rotatable for Insta 360 X4 X3 X2  Ace Pro ONE R RS  Hero 13 12 11 10 9 8 7  DJI Osmo Action Series   All O,1,1318.23,Shipment,KANNUR,Shipment,1318.23,0.0,1,False,
2025-08-18,BLR7-1168,PS5SLIM_CC1_BLACK,B0DDQGJB7N,yantralay Carrying case for PS 5 Slim Console Gamepad Controller Headphone VR Travel Bag  Playstatio n 5 Slim Accessories   Grey,1,2173.77,Shipment,BENGALURU,Shipment,2173.77,0.0,1,False,
2025-08-18,BLR7-1169,PS5SLIM_CC1_BLACK,B0DDQGJB7N,yantralay Carrying case for PS 5 Slim Console Gamepad Controller Headphone VR Travel Bag  Playstatio n 5 Slim Accessories   Grey,1,2173.77,Shipment,HYDERABAD,Shipment,2173.77,0.0,1,False,
2025-08-18,BLR7-1170,PS10_PS5PORTALCOMBO,B0DF2Z2X1Q,yantralay 6 in 1 Hard Carrying Case with Protective Cover for Play Station 5 Portal  Non Slip Soft Case Cover   Screen Protectors   Thumb Grips for PS,1,2007.9,Shipment,NANDIVARAM GUDUVANCHERI,Shipment,2007.9,0.0,1,False,
2025-08-18,BLR7-1171,DITTOPRO-GREEN_DIVOOMN,B0811XB8VB,Divoom Ditoo 10 Watt Wireless Bluetooth Speaker,1,14799.0,Shipment,CHENNAI,Shipment,14799.0,0.0,1,False,
2025-08-18,BLR7-1172,GP28COMBO_X3N,B0BY8178B6,nan,1,0.0,Cancel,BENGALURU,Cancel,0.0,0.0,0,False,
2025-08-18,BLR7-1174,PS1,B0BJBL1XBS,yantralay Polyester Dual Controller Hard Carry Case Compatible With Ps5 Ps4 Xbox Ipega Controllers   3 Layer Protection Travel Carry Case   Grey,1,877.85,Shipment,Bengaluru,Shipment,877.85,0.0,1,False,
2025-08-18,BLR7-1173,GP28COMBO_X3N,B0BY8178B6,PellKing Camera Protective Accessories Kit for Insta360 X3  Inst 360 X3 Bundle Include Lens Guard Silicone Protective Cover Screen Protectors Camera C,1,1086.4,Shipment,BENGALURU,Shipment,1086.4,0.0,1,False,
2025-08-19,BLR7-1175,GP49,B0D456N4QM,yantralay Motorcycle Bike Bicycle Handlebar Mount Clamps with 1 4  Screw Compatible 8 35mm for Gopro Hero 13 12 11 10 9 Max Insta360 ONE X5 X4 X3  ONE,1,873.97,Shipment,GUWAHATI,Shipment,873.97,0.0,1,False,
2025-08-19,BLR7-1176,PS5SLIM_CC1_BLACK,B0DDQGJB7N,yantralay Carrying case for PS 5 Slim Console Gamepad Controller Headphone VR Travel Bag  Playstatio n 5 Slim Accessories   Grey,1,2173.77,Shipment,GURUGRAM,Shipment,2173.77,0.0,1,False,
2025-08-19,BLR7-1179,PS2_RED,B0BL1HF4NJ,yantralay Nylon Controller Gamepad Carry Case   Ultimate Protection Compatible For PS5 PS4 PS3 Switch Pro Xbox Joysticks Waterproof  Scratch Protectio,1,484.03,Shipment,ARSIKERE,Shipment,484.03,0.0,1,False,
2025-08-19,BLR7-1180,PS5SLIM_CC1_BLACK,B0DDQGJB7N,yantralay Carrying case for PS 5 Slim Console Gamepad Controller Headphone VR Travel Bag  Playstatio n 5 Slim Accessories   Grey,1,2173.77,Shipment,PIMPRI CHINCHWAD,Shipment,2173.77,0.0,1,False,
2025-08-19,BLR7-1177,GP29L,B08RXBFBG9,yantralay Windshield Car Suction Cup Mount for Hero 10 9 8  SJCAM  Osmo Action 3   4  Insta 360   Flexible  Multi Angle Adjustable   Mount for Smartph,1,579.09,Shipment,BENGALURU,Shipment,579.09,0.0,1,False,
2025-08-19,BLR7-1178,GP29L,B08RXBFBG9,yantralay Windshield Car Suction Cup Mount for Hero 10 9 8  SJCAM  Osmo Action 3   4  Insta 360   Flexible  Multi Angle Adjustable   Mount for Smartph,1,579.09,Shipment,MUMBAI,Shipment,579.09,0.0,1,False,
2025-08-20,BLR7-1181,MP_OA5,B0F9X1YNVL,yantralay Camera Lavalier Clip on Type C Microphone for DJ I Action 3 4 Collar Clip Microphone  Without Need of Mic Adapter  1 5M Cable Length   Black,1,1417.17,Shipment,BENGALURU,Shipment,1417.17,0.0,1,False,
2025-08-20,BLR7-1182,PS10_PS5PORTALCOMBO,B0DF2Z2X1Q,yantralay 6 in 1 Hard Carrying Case with Protective Cover for Play Station 5 Portal  Non Slip Soft Case Cover   Screen Protectors   Thumb Grips for PS,1,2007.9,Shipment,Tirur,Shipment,2007.9,0.0,1,False,
2025-08-20,BLR7-1184,LGONEX4,B0F7RT4HGJ,yantralay 2Pcs Lens Guard for Insta 360 X4   Scratch Resistant Protective Lens Cover   High Transparency Optical Coated Cap   Insta 360 X4 Camera Acce,1,724.47,Shipment,BENGALURU,Shipment,724.47,0.0,1,False,
2025-08-20,BLR7-1183,GP29L,B08RXBFBG9,yantralay Windshield Car Suction Cup Mount for Hero 10 9 8  SJCAM  Osmo Action 3   4  Insta 360   Flexible  Multi Angle Adjustable   Mount for Smartph,1,579.09,Shipment,Bengaluru,Shipment,579.09,0.0,1,False,
2025-08-20,BLR7-1185,PS1,B0BJBL1XBS,yantralay Polyester Dual Controller Hard Carry Case Compatible With Ps5 Ps4 Xbox Ipega Controllers   3 Layer Protection Travel Carry Case   Grey,1,877.85,Shipment,BENGALURU,Shipment,877.85,0.0,1,False,
2025-08-20,BLR7-1187,PS10_PS5PORTALCOMBO,B0DF2Z2X1Q,nan,1,0.0,Cancel,BENGALURU,Cancel,0.0,0.0,0,False,
2025-08-20,BLR7-1188,PS10_PS5PORTALCOMBO,B0DF2Z2X1Q,nan,1,0.0,Cancel,BENGALURU,Cancel,0.0,0.0,0,False,
2025-08-16,BLR7-1159,GP47_NEW,B0DRYJZ6VH,yantralay 360  Rotatable Camera Bike Mount Clamp Motorcycle Handlebar Pole Aluminium Mount for Insta360 X5 X4 X3  Ace Pro Pro2  Hero13 12 11 10 9 Osm,1,-1275.55,Refund,CHENNAI,Refund,-1275.55,0.0,0,False,
2025-08-20,BLR7-1190,PS10_PS5PORTALCOMBO,B0DF2Z2X1Q,yantralay 6 in 1 Hard Carrying Case with Protective Cover for Play Station 5 Portal  Non Slip Soft Case Cover   Screen Protectors   Thumb Grips for PS,1,2007.9,Shipment,Tiruchirappalli,Shipment,2007.9,0.0,1,False,
2025-08-20,BLR7-1189,GP29L,B08RXBFBG9,yantralay Windshield Car Suction Cup Mount for Hero 10 9 8  SJCAM  Osmo Action 3   4  Insta 360   Flexible  Multi Angle Adjustable   Mount for Smartph,1,579.09,Shipment,HYDERABAD,Shipment,579.09,0.0,1,False,
2025-08-20,BLR7-1186,LED_T1,B0F2GHS85S,Yantralay 2 Pack Dimmable 5600K USB LED Video Light with Adjustable Tripod Stand   Color Filters   Perfect for Tabletop Photography  Low Angle Shootin,1,2118.48,Shipment,SRINAGAR,Shipment,2118.48,0.0,1,False,
2025-08-21,BLR7-1191,PS10_OLEDCOMBO_GREEN,B0DJFLRGQF,yantralay Carry Case Pouch Cover Compatible with Nintendo Switch OLED  OLED 2 with Game Card Slots for Switch Switch OLED OLED 2 Accessories  Video Ga,1,1104.83,Shipment,Mumbai,Shipment,1104.83,0.0,1,False,
2025-08-21,BLR7-1192,PS1,B0BJBL1XBS,yantralay Polyester Dual Controller Hard Carry Case Compatible With Ps5 Ps4 Xbox Ipega Controllers   3 Layer Protection Travel Carry Case   Grey,1,877.85,Shipment,KARUR,Shipment,877.85,0.0,1,False,
2025-08-21,BLR7-1193,GP10_OP3,B0CVQMKG3M,yantralay Protective Carry Case Compatible for DJI OSMO Pocket 3 Camera   Anti Scratch  Wear Resistant   Ideal Travel Accessory for OSMO Pocket 3 Acce,1,806.07,Shipment,AHMEDABAD,Shipment,806.07,0.0,1,False,
2025-08-21,BLR7-1194,ULANZI_VL49RGB,B08QJSZWHR,Yantralay VL49 Professional Magnetic RGB LED Light with 2 Color Modes for LiveStreaming  Photo Shoot with 3 Hot Shoe Mounts Compatible with All Camera,1,1939.03,Shipment,HYDERABAD,Shipment,1939.03,0.0,1,False,
2025-08-22,BLR7-1195,PS5SLIM_CC1_BLACK,B0DDQGJB7N,yantralay Carrying case for PS 5 Slim Console Gamepad Controller Headphone VR Travel Bag  Playstatio n 5 Slim Accessories   Grey,1,2173.77,Shipment,GHAZIABAD,Shipment,2173.77,0.0,1,False,
2025-08-22,BLR7-1197,PS5SLIM_CC1_BLACK,B0DDQGJB7N,nan,1,0.0,Cancel,GHAZIABAD,Cancel,0.0,0.0,0,False,
2025-08-22,BLR7-1196,PS10_PS5PORTALCOMBO,B0DF2Z2X1Q,yantralay 6 in 1 Hard Carrying Case with Protective Cover for Play Station 5 Portal  Non Slip Soft Case Cover   Screen Protectors   Thumb Grips for PS,1,2007.9,Shipment,KOTLA NIHANG,Shipment,2007.9,0.0,1,False,
2025-08-22,BLR7-1197,PS5SLIM_CC1_BLACK,B0DDQGJB7N,yantralay Carrying case for PS 5 Slim Console Gamepad Controller Headphone VR Travel Bag  Playstatio n 5 Slim Accessories   Grey,1,2173.77,Shipment,GHAZIABAD,Shipment,2173.77,0.0,1,False,
2025-08-22,BLR7-1198,MP_ONEX4,B0F9X132RD,yantralay Camera Lavalier Clip on Type C Microphone for Insta 360 X4 Collar Clip Microphone  Without Need of Mic Adapter  1 5M Cable Length   Black  I,1,1417.17,Shipment,HYDERABAD,Shipment,1417.17,0.0,1,False,
2025-08-11,BLR7-1129,PS10_PS5PORTALCOMBO,B0DF2Z2X1Q,yantralay 6 in 1 Hard Carrying Case with Protective Cover for Play Station 5 Portal  Non Slip Soft Case Cover   Screen Protectors   Thumb Grips for PS,1,-2113.63,Refund,Noida,Refund,-2113.63,0.0,0,False,
2025-08-22,BLR7-1199,PS5SLIM_CC1_BLACK,B0DDQGJB7N,yantralay Carrying case for PS 5 Slim Console Gamepad Controller Headphone VR Travel Bag  Playstatio n 5 Slim Accessories   Grey,1,2173.77,Shipment,KOLKATA,Shipment,2173.77,0.0,1,False,
2025-08-23,BLR7-1201,PS10_OLEDCOMBO_YELLOW,B0DJFL8DBY,yantralay Carry Case Pouch Cover Compatible with Nintendo Switch OLED  OLED 2 with Game Card Slots for Switch Switch OLED OLED 2 Accessories  Video Ga,1,1203.83,Shipment,BENGALURU,Shipment,1203.83,0.0,1,False,
2025-08-22,BLR7-1200,LED_T1,B0F2GHS85S,Yantralay 2 Pack Dimmable 5600K USB LED Video Light with Adjustable Tripod Stand   Color Filters   Perfect for Tabletop Photography  Low Angle Shootin,1,2118.48,Shipment,CHENNAI,Shipment,2118.48,0.0,1,False,
2025-08-23,BLR7-1202,SGONEX4-2_LGONEX4,B0F8VRR8JY,yantralay Insta 360 X4 Lens Guard   Screen Protector Combo Kit   Lens Covers   Anti Scratch  Tempered Glass Screen   Insta 360 X4 Accessories,1,1228.02,Shipment,BENGALURU,Shipment,1228.02,0.0,1,False,
2025-08-23,BLR7-1203,PS10_PS5PORTALCOMBO,B0DF2Z2X1Q,yantralay 6 in 1 Hard Carrying Case with Protective Cover for Play Station 5 Portal  Non Slip Soft Case Cover   Screen Protectors   Thumb Grips for PS,1,2007.9,Shipment,BENGALURU,Shipment,2007.9,0.0,1,False,
2025-08-24,BLR7-1204,PS1,B0BJBL1XBS,yantralay Polyester Dual Controller Hard Carry Case Compatible With Ps5 Ps4 Xbox Ipega Controllers   3 Layer Protection Travel Carry Case   Grey,1,877.85,Shipment,Bengaluru,Shipment,877.85,0.0,1,False,
2025-08-22,BLR7-1198,MP_ONEX4,B0F9X132RD,yantralay Camera Lavalier Clip on Type C Microphone for Insta 360 X4 Collar Clip Microphone  Without Need of Mic Adapter  1 5M Cable Length   Black  I,1,-1417.17,Refund,HYDERABAD,Refund,-1417.17,0.0,0,False,
2025-08-25,BLR7-1205,GP10_OP3,B0CVQMKG3M,yantralay Protective Carry Case Compatible for DJI OSMO Pocket 3 Camera   Anti Scratch  Wear Resistant   Ideal Travel Accessory for OSMO Pocket 3 Acce,1,806.07,Shipment,Badlapur,Shipment,806.07,0.0,1,False,
2025-08-25,BLR7-1206,GP162TELESINN,B07G5XWJJM,TELESIN Motorcycle Helmet Strap Mount Front Chin Mount for GoPro Hero 2018 7 6 5 4 3  Session  SJCAM  AKASO  Campark  Polaroid  YI Action Camera Helme,1,0.0,FreeReplacement,Bengaluru,FreeReplacement,0.0,0.0,0,True,
2025-08-25,BLR7-1207,GP10_OP3,B0CVQMKG3M,yantralay Protective Carry Case Compatible for DJI OSMO Pocket 3 Camera   Anti Scratch  Wear Resistant   Ideal Travel Accessory for OSMO Pocket 3 Acce,1,806.07,Shipment,SILCHAR,Shipment,806.07,0.0,1,False,
2025-08-25,BLR7-1208,PS5_VERTICALSTAND,B0DGTZGCNQ,yantralay 2 in 1 Vertical Stand for PS 5   PS 5 Slim Consoles Non Slip Base Mount for PS 5 Accessories  for PS5   PS5 Slim Digital   Disc Version,1,872.03,Shipment,COIMBATORE,Shipment,872.03,0.0,1,False,
2025-08-25,BLR7-1209,SGONEX4-2_LGONEX4,B0F8VRR8JY,yantralay Insta 360 X4 Lens Guard   Screen Protector Combo Kit   Lens Covers   Anti Scratch  Tempered Glass Screen   Insta 360 X4 Accessories,1,1228.02,Shipment,BENGALURU,Shipment,1228.02,0.0,1,False,
2025-08-26,BLR7-1210,PS10_OLEDCOMBO_GREEN,B0DJFLRGQF,yantralay Carry Case Pouch Cover Compatible with Nintendo Switch OLED  OLED 2 with Game Card Slots for Switch Switch OLED OLED 2 Accessories  Video Ga,1,1104.83,Shipment,Pune,Shipment,1104.83,0.0,1,False,
2025-08-26,BLR7-1213,LED_T1,B0F2GHS85S,Yantralay 2 Pack Dimmable 5600K USB LED Video Light with Adjustable Tripod Stand   Color Filters   Perfect for Tabletop Photography  Low Angle Shootin,1,2118.48,Shipment,JAIPUR,Shipment,2118.48,0.0,1,False,
2025-08-26,BLR7-1211,PS1,B0BJBL1XBS,yantralay Polyester Dual Controller Hard Carry Case Compatible With Ps5 Ps4 Xbox Ipega Controllers   3 Layer Protection Travel Carry Case   Grey,1,877.85,Shipment,MADURAI,Shipment,877.85,0.0,1,False,
2025-08-26,BLR7-1214,CWATCUN_D125-WHITEN,B0DGPBN9ZM,Cwatcun Camera Backpack Bag Small Fashion DSLR Camera Bag with Tripod Strap Laptop Compartment and Removable Padded Dividers  White  Small  Fashion,1,3324.05,Shipment,Calicut,Shipment,3324.05,0.0,1,False,
2025-08-26,BLR7-1212,S13,B07MG832T8,yantralay Universal 360  Rotating Vertical Mobile Tripod Monopod Mount for Smartphones up to 4 1  Width   Compatible with Samsung  iPhone  Xiaomi  On,1,241.53,Shipment,DEVANAHALLI,Shipment,241.53,0.0,1,False,
2025-08-16,BLR7-1158,GP49,B0D456N4QM,yantralay Motorcycle Bike Bicycle Handlebar Mount Clamps with 1 4  Screw Compatible 8 35mm for Gopro Hero 13 12 11 10 9 Max Insta360 ONE X5 X4 X3  ONE,1,-873.97,Refund,SILIGURI,Refund,-873.97,0.0,0,False,
2025-08-26,BLR7-1215,GP10_OP3,B0CVQMKG3M,yantralay Protective Carry Case Compatible for DJI OSMO Pocket 3 Camera   Anti Scratch  Wear Resistant   Ideal Travel Accessory for OSMO Pocket 3 Acce,1,806.07,Shipment,Bengaluru,Shipment,806.07,0.0,1,False,
2025-08-26,BLR7-1217,GP28COMBO1_H13,B0DHYCQR66,Yantralay Silicone Lanyard Sleeve Protective Cover   6PCS Tempered Glass Screen Guard with Silicone Lens Cover Compatible with GoPro Hero 9 Black Acti,1,626.62,Shipment,BENGALURU,Shipment,626.62,0.0,1,False,
2025-08-27,BLR7-1218,GP10_OM6_STARTRC,B0C55JFPKR,yantralay Waterproof Storage Case for DJI Osmo Mobile 6 with Ultimate Protection for Gimbal  Tripod  Phone Clamp  and Accessories   Includes Shoulder,1,1228.02,Shipment,KUNNAMKULAM,Shipment,1228.02,0.0,1,False,
2025-08-26,BLR7-1216,PS1,B0BJBL1XBS,yantralay Polyester Dual Controller Hard Carry Case Compatible With Ps5 Ps4 Xbox Ipega Controllers   3 Layer Protection Travel Carry Case   Grey,1,956.85,Shipment,PUDUPAKKAM,Shipment,956.85,0.0,1,False,
2025-08-27,BLR7-1219,GP10_OP3,B0CVQMKG3M,yantralay Protective Carry Case Compatible for DJI OSMO Pocket 3 Camera   Anti Scratch  Wear Resistant   Ideal Travel Accessory for OSMO Pocket 3 Acce,1,806.07,Shipment,ULIYAZHATHURA,Shipment,806.07,0.0,1,False,
2025-08-19,BLR7-1176,PS5SLIM_CC1_BLACK,B0DDQGJB7N,yantralay Carrying case for PS 5 Slim Console Gamepad Controller Headphone VR Travel Bag  Playstatio n 5 Slim Accessories   Grey,1,-2173.77,Refund,GURUGRAM,Refund,-2173.77,0.0,0,False,
2025-08-27,BLR7-1220,TE-TSB-001_TLSN,B0B292K9X4,Triple Suction Camera Mount Car Holder  Heavy Duty Tripod Window Windshield Dash Dashboard Inside Outside Sucking Cup Attach Accessories for GoPro Ins,1,6190.0,Shipment,KOLKATA,Shipment,6190.0,0.0,1,False,
2025-08-26,BLR7-1210,PS10_OLEDCOMBO_GREEN,B0DJFLRGQF,yantralay Carry Case Pouch Cover Compatible with Nintendo Switch OLED  OLED 2 with Game Card Slots for Switch Switch OLED OLED 2 Accessories  Video Ga,1,-1104.83,Refund,Pune,Refund,-1104.83,0.0,0,False,
2025-08-27,BLR7-1221,PS10_OLEDCOMBO_YELLOW,B0DJFL8DBY,yantralay Carry Case Pouch Cover Compatible with Nintendo Switch OLED  OLED 2 with Game Card Slots for Switch Switch OLED OLED 2 Accessories  Video Ga,1,1104.83,Shipment,BENGALURU,Shipment,1104.83,0.0,1,False,
2025-08-28,BLR7-1222,PS10_PS5PORTALCOMBO,B0DF2Z2X1Q,yantralay 6 in 1 Hard Carrying Case with Protective Cover for Play Station 5 Portal  Non Slip Soft Case Cover   Screen Protectors   Thumb Grips for PS,1,2007.9,Shipment,BENGALURU,Shipment,2007.9,0.0,1,False,
2025-08-27,BLR7-1220,TE-TSB-001_TLSN,B0B292K9X4,Triple Suction Camera Mount Car Holder  Heavy Duty Tripod Window Windshield Dash Dashboard Inside Outside Sucking Cup Attach Accessories for GoPro Ins,1,-6190.0,Refund,KOLKATA,Refund,-6190.0,0.0,0,False,
2025-08-29,NAN,ULANZI_VL49RGB,B08QJSZWHR,nan,1,0.0,Cancel,Hyderabad,Cancel,0.0,0.0,0,False,
2025-08-29,NAN,ULANZI_VL49RGB,B08QJSZWHR,nan,1,0.0,Cancel,Hyderabad,Cancel,0.0,0.0,0,False,
2025-08-30,BLR7-1225,LED_T1,B0F2GHS85S,Yantralay 2 Pack Dimmable 5600K USB LED Video Light with Adjustable Tripod Stand   Color Filters   Perfect for Tabletop Photography  Low Angle Shootin,1,2118.48,Shipment,SAWAI MADHOPUR,Shipment,2118.48,0.0,1,False,
2025-08-30,BLR7-1226,GP10_OP3,B0CVQMKG3M,yantralay Protective Carry Case Compatible for DJI OSMO Pocket 3 Camera   Anti Scratch  Wear Resistant   Ideal Travel Accessory for OSMO Pocket 3 Acce,1,806.07,Shipment,BENGALURU,Shipment,806.07,0.0,1,False,
2025-08-30,BLR7-1224,PS1,B0BJBL1XBS,yantralay Polyester Dual Controller Hard Carry Case Compatible With Ps5 Ps4 Xbox Ipega Controllers   3 Layer Protection Travel Carry Case   Grey,1,877.85,Shipment,BENGALURU,Shipment,877.85,0.0,1,False,
2025-08-30,BLR7-1227,PS1,B0BJBL1XBS,yantralay Polyester Dual Controller Hard Carry Case Compatible With Ps5 Ps4 Xbox Ipega Controllers   3 Layer Protection Travel Carry Case   Grey,1,877.85,Shipment,PUNE,Shipment,877.85,0.0,1,False,
2025-08-26,BLR7-1213,LED_T1,B0F2GHS85S,Yantralay 2 Pack Dimmable 5600K USB LED Video Light with Adjustable Tripod Stand   Color Filters   Perfect for Tabletop Photography  Low Angle Shootin,1,-2118.48,Refund,JAIPUR,Refund,-2118.48,0.0,0,False,
2025-07-29,BLR7-983,GP29L,B08RXBFBG9,yantralay Windshield Car Suction Cup Mount for Hero 10 9 8  SJCAM  Osmo Action 3   4  Insta 360   Flexible  Multi Angle Adjustable   Mount for Smartph,1,-579.09,Refund,BENGALURU,Refund,-579.09,0.0,0,False,
2025-07-29,BLR7-982,IN1_AL,B0D4536M61,yantralay 4 in 1 Motorcycle Mount Bundle with Unicorn Helmet Extension Arm Adhesive Kit Compatible for Insta360 One X5 X4 X3 X2  ONE R RS  Hero 13 12,1,-1927.39,Refund,PUNE,Refund,-1927.39,0.0,0,False,
2025-07-30,BLR7-987,GP29L,B08RXBFBG9,yantralay Windshield Car Suction Cup Mount for Hero 10 9 8  SJCAM  Osmo Action 3   4  Insta 360   Flexible  Multi Angle Adjustable   Mount for Smartph,1,-579.09,Refund,HYDERABAD,Refund,-579.09,0.0,0,False,
2025-08-01,MAA4-407,TR-S-CAMOFLAGUE_TARIONN,B0BM9GT8NT,TARION Camera Sling Bag DSLR Sling Pack for Men Women Photographers with Waterproof Raincover Tripod Holder Sling Backpack Camera Bag Backpack Photogr,1,4849.03,Shipment,BENGALURU,Shipment,4849.03,0.0,1,False,
2025-08-01,MAA4-410,GP47_NEW,B0DRYJZ6VH,nan,1,0.0,Cancel,CHENNAI,Cancel,0.0,0.0,0,False,
2025-08-01,MAA4-409,GP47_NEW,B0DRYJZ6VH,Yantralay 360  Rotatable Camera Bike Mount Clamp Motorcycle Handlebar Pole Aluminium Mount for Insta360 X4 X3  Ace Pro Pro2  Hero13 12 11 10 9 For Os,1,1407.53,Shipment,CHENNAI,Shipment,1407.53,0.0,1,False,
2025-08-01,CJB1-290,GP10_RS4_STARTRC,B0DB1TQPH3,yantralay Portable Carrying Storage Case for DJ I Ronin RS4   RS4 Pro Gimbal EVA Handbag Travel Handheld Shoulder Bag  Grey,1,2763.53,Shipment,ADOOR,Shipment,2763.53,0.0,1,False,
2025-08-01,MAA4-412,GP28COMBO_X3N,B0BY8178B6,PellKing Camera Protective Accessories Kit for Insta360 X3  Inst 360 X3 Bundle Include Lens Guard Silicone Protective Cover Screen Protectors Camera C,1,1032.08,Shipment,HYDERABAD,Shipment,1032.08,0.0,1,False,
2025-08-01,MAA4-413,DA31,B0CGDMJ882,Yantralay DSLR Battery Pouch   Portable Waterproof Bag for lp e6 e8 e10 e12 en el14 el15 fw50 f550 Batteries   Convenient Access Design   Compact and,1,484.03,Shipment,Bengaluru,Shipment,484.03,0.0,1,False,
2025-08-01,MAA4-411,GP47_NEW,B0DRYJZ6VH,Yantralay 360  Rotatable Camera Bike Mount Clamp Motorcycle Handlebar Pole Aluminium Mount for Insta360 X4 X3  Ace Pro Pro2  Hero13 12 11 10 9 For Os,1,1308.53,Shipment,PUDUCHERRY,Shipment,1308.53,0.0,1,False,
2025-08-01,MAA4-410,GP47_NEW,B0DRYJZ6VH,Yantralay 360  Rotatable Camera Bike Mount Clamp Motorcycle Handlebar Pole Aluminium Mount for Insta360 X4 X3  Ace Pro Pro2  Hero13 12 11 10 9 For Os,1,1308.53,Shipment,CHENNAI,Shipment,1308.53,0.0,1,False,
2025-08-02,MAA4-414,GP28COMBO_X3N,B0BY8178B6,PellKing Camera Protective Accessories Kit for Insta360 X3  Inst 360 X3 Bundle Include Lens Guard Silicone Protective Cover Screen Protectors Camera C,1,989.52,Shipment,Bengaluru,Shipment,989.52,0.0,1,False,
2025-08-01,MAA4-408,GP47_NEW,B0DRYJZ6VH,Yantralay 360  Rotatable Camera Bike Mount Clamp Motorcycle Handlebar Pole Aluminium Mount for Insta360 X4 X3  Ace Pro Pro2  Hero13 12 11 10 9 For Os,1,1308.53,Shipment,ARAKKONAM,Shipment,1308.53,0.0,1,False,
2025-08-02,MAA4-417,GP28COMBO_X3N,B0BY8178B6,PellKing Camera Protective Accessories Kit for Insta360 X3  Inst 360 X3 Bundle Include Lens Guard Silicone Protective Cover Screen Protectors Camera C,1,1032.08,Shipment,CHENNAI,Shipment,1032.08,0.0,1,False,
2025-08-03,MAA4-420,GP47_NEW,B0DRYJZ6VH,nan,1,0.0,Cancel,BENGALURU,Cancel,0.0,0.0,0,False,
2025-08-02,MAA4-419,ACFRAMEOP3_STARTRCN,B0CR1C9243,STARTRC OSMO Pocket 3 360  Rotation Backpack Clip Mount Shoulder Strap Accessories for DJI Pocket 3 OSMO Pocket 3 Action Cameras,1,1710.11,Shipment,BENGALURU,Shipment,1710.11,0.0,1,False,
2025-08-03,MAA4-422,GP47_NEW,B0DRYJZ6VH,Yantralay 360  Rotatable Camera Bike Mount Clamp Motorcycle Handlebar Pole Aluminium Mount for Insta360 X4 X3  Ace Pro Pro2  Hero13 12 11 10 9 For Os,1,1308.53,Shipment,VELLORE,Shipment,1308.53,0.0,1,False,
2025-08-03,MAA4-421,PS2_BLUE,B0BL1H24P4,yantralay Controller Gamepad Carry Case   Ultimate Protection Compatible for PS5 PS4 PS3 Switch Pro Xbox Joysticks Waterproof  Scratch Protection  Dur,1,484.03,Shipment,GUWAHATI,Shipment,484.03,0.0,1,False,
2025-08-02,CJB1-291,GP10_RS4MINI_STARTRC,B0DZZFNDHP,yantralay Portable Carrying Storage Case for DJ I Ronin RS4Mini Gimbal EVA Handbag Travel Handheld Shoulder Bag  RS4MINI,1,2618.03,Shipment,OTHUKKUNGAL,Shipment,2618.03,0.0,1,False,
2025-08-02,MAA4-416,GP47_NEW,B0DRYJZ6VH,Yantralay 360  Rotatable Camera Bike Mount Clamp Motorcycle Handlebar Pole Aluminium Mount for Insta360 X4 X3  Ace Pro Pro2  Hero13 12 11 10 9 For Os,1,1308.53,Shipment,CHENNAI,Shipment,1308.53,0.0,1,False,
2025-08-02,MAA4-415,GP28COMBO_X3N,B0BY8178B6,PellKing Camera Protective Accessories Kit for Insta360 X3  Inst 360 X3 Bundle Include Lens Guard Silicone Protective Cover Screen Protectors Camera C,1,1032.08,Shipment,NEW DELHI,Shipment,1032.08,0.0,1,False,
2025-08-02,MAA4-418,GP47_NEW,B0DRYJZ6VH,Yantralay 360  Rotatable Camera Bike Mount Clamp Motorcycle Handlebar Pole Aluminium Mount for Insta360 X4 X3  Ace Pro Pro2  Hero13 12 11 10 9 For Os,1,1308.53,Shipment,HASTINAPUR,Shipment,1308.53,0.0,1,False,
2025-08-03,MAA4-423,GP47_NEW,B0DRYJZ6VH,Yantralay 360  Rotatable Camera Bike Mount Clamp Motorcycle Handlebar Pole Aluminium Mount for Insta360 X4 X3  Ace Pro Pro2  Hero13 12 11 10 9 For Os,1,1308.53,Shipment,KORATLA,Shipment,1308.53,0.0,1,False,
2025-08-04,MAA4-426,GP47_NEW,B0DRYJZ6VH,Yantralay 360  Rotatable Camera Bike Mount Clamp Motorcycle Handlebar Pole Aluminium Mount for Insta360 X4 X3  Ace Pro Pro2  Hero13 12 11 10 9 For Os,1,1308.53,Shipment,CHENNAI,Shipment,1308.53,0.0,1,False,
2025-08-04,MAA4-427,PS1,B0BJBL1XBS,yantralay Polyester Dual Controller Hard Carry Case Compatible With Ps5 Ps4 Xbox Ipega Controllers   3 Layer Protection Travel Carry Case   Grey,1,833.23,Shipment,PUDUCHERRY,Shipment,833.23,0.0,1,False,
2025-08-03,MAA4-425,GP28COMBO_X3N,B0BY8178B6,PellKing Camera Protective Accessories Kit for Insta360 X3  Inst 360 X3 Bundle Include Lens Guard Silicone Protective Cover Screen Protectors Camera C,2,1979.04,Shipment,BENGALURU,Shipment,1979.04,0.0,2,False,
2025-08-04,MAA4-428,GP47_NEW,B0DRYJZ6VH,Yantralay 360  Rotatable Camera Bike Mount Clamp Motorcycle Handlebar Pole Aluminium Mount for Insta360 X4 X3  Ace Pro Pro2  Hero13 12 11 10 9 For Os,1,1308.53,Shipment,HYDERABAD,Shipment,1308.53,0.0,1,False,
2025-08-03,MAA4-424,GP28COMBO_X3N,B0BY8178B6,PellKing Camera Protective Accessories Kit for Insta360 X3  Inst 360 X3 Bundle Include Lens Guard Silicone Protective Cover Screen Protectors Camera C,1,1032.08,Shipment,RISHIKESH,Shipment,1032.08,0.0,1,False,
2025-08-04,MAA4-430,GP47_NEW,B0DRYJZ6VH,Yantralay 360  Rotatable Camera Bike Mount Clamp Motorcycle Handlebar Pole Aluminium Mount for Insta360 X4 X3  Ace Pro Pro2  Hero13 12 11 10 9 For Os,1,1308.53,Shipment,GURUGRAM,Shipment,1308.53,0.0,1,False,
2025-08-04,MAA4-429,GP47_NEW,B0DRYJZ6VH,Yantralay 360  Rotatable Camera Bike Mount Clamp Motorcycle Handlebar Pole Aluminium Mount for Insta360 X4 X3  Ace Pro Pro2  Hero13 12 11 10 9 For Os,1,1308.53,Shipment,AMRITSAR,Shipment,1308.53,0.0,1,False,
2025-08-04,MAA4-433,GP1620_TLS,B08S7D4LKH,yantralay Upgraded Helmet Chin Strap Mount for Hero 13 12 11 10 9 8 7 6 5  SJCAM  Insta 360   DJI Osmo Action 3   4   Adjustable   Secure Camera Moun,1,1061.13,Shipment,BENGALURU,Shipment,1061.13,0.0,1,False,
2025-08-04,MAA4-433,GP47_NEW,B0DRYJZ6VH,Yantralay 360  Rotatable Camera Bike Mount Clamp Motorcycle Handlebar Pole Aluminium Mount for Insta360 X4 X3  Ace Pro Pro2  Hero13 12 11 10 9 For Os,1,1254.57,Shipment,BENGALURU,Shipment,1254.57,0.0,1,False,
2025-08-04,MAA4-432,GP28COMBO_X3N,B0BY8178B6,nan,1,0.0,Cancel,PUNE,Cancel,0.0,0.0,0,False,
2025-08-03,MAA4-422,GP47_NEW,B0DRYJZ6VH,Yantralay 360  Rotatable Camera Bike Mount Clamp Motorcycle Handlebar Pole Aluminium Mount for Insta360 X4 X3  Ace Pro Pro2  Hero13 12 11 10 9 For Os,1,-1308.53,Refund,VELLORE,Refund,-1308.53,0.0,0,False,
2025-08-02,MAA4-419,ACFRAMEOP3_STARTRCN,B0CR1C9243,STARTRC OSMO Pocket 3 360  Rotation Backpack Clip Mount Shoulder Strap Accessories for DJI Pocket 3 OSMO Pocket 3 Action Cameras,1,-1710.11,Refund,BENGALURU,Refund,-1710.11,0.0,0,False,
2025-08-04,MAA4-431,GP10KIT_H9_GP17,B0FC2Z4XM3,yantralay Complete Go Pro Hero 12 11 10 9 Accessory Bundle   Waterproof Housing Case  Silicone Protector  Filter   Lens Kit  Tempered Glass Screen Pro,1,2133.03,Shipment,SHIVAMOGGA,Shipment,2133.03,0.0,1,False,
2025-08-05,MAA4-435,GP47_NEW,B0DRYJZ6VH,Yantralay 360  Rotatable Camera Bike Mount Clamp Motorcycle Handlebar Pole Aluminium Mount for Insta360 X4 X3  Ace Pro Pro2  Hero13 12 11 10 9 For Os,1,1308.53,Shipment,JAIPUR,Shipment,1308.53,0.0,1,False,
2025-08-05,MAA4-434,LED_T2,B0F2GKLDXR,Yantralay Slab Key Light for Video Shooting   Content Creation   Adjustable Photography Fill Light   5 Color Temperatures  3200K 5600K    1455 Lumens,1,1842.03,Shipment,Bengaluru,Shipment,1842.03,0.0,1,False,
2025-08-05,MAA4-441,PS1,B0BJBL1XBS,nan,1,0.0,Cancel,CHENNAI,Cancel,0.0,0.0,0,False,
2025-08-05,MAA4-438,GP47_NEW,B0DRYJZ6VH,Yantralay 360  Rotatable Camera Bike Mount Clamp Motorcycle Handlebar Pole Aluminium Mount for Insta360 X4 X3  Ace Pro Pro2  Hero13 12 11 10 9 For Os,1,1308.53,Shipment,NEW DELHI,Shipment,1308.53,0.0,1,False,
2025-08-05,MAA4-439,GP47_NEW,B0DRYJZ6VH,Yantralay 360  Rotatable Camera Bike Mount Clamp Motorcycle Handlebar Pole Aluminium Mount for Insta360 X4 X3  Ace Pro Pro2  Hero13 12 11 10 9 For Os,1,1308.53,Shipment,DOIWALA,Shipment,1308.53,0.0,1,False,
2025-08-05,MAA4-436,PS10_PS5PORTALCOMBO,B0DF2Z2X1Q,yantralay 6 in 1 Hard Carrying Case with Protective Cover for Play Station 5 Portal  Non Slip Soft Case Cover   Screen Protectors   Thumb Grips for PS,1,1907.02,Shipment,CHENNAI,Shipment,1907.02,0.0,1,False,
2025-08-05,MAA4-437,ACFRAMEOP3_PL,B0D813N881,yantralay Osm o Pocket 3 Expansion Frame Adapter Protective Bracket   Action Camera Adapter Compatible for DJI Osm o Pocket 3 Accessories with 1 4 Col,1,823.53,Shipment,Mohali,Shipment,823.53,0.0,1,False,
2025-08-05,MAA4-440,GP28COMBO_X3N,B0BY8178B6,PellKing Camera Protective Accessories Kit for Insta360 X3  Inst 360 X3 Bundle Include Lens Guard Silicone Protective Cover Screen Protectors Camera C,1,1032.08,Shipment,Baruipur,Shipment,1032.08,0.0,1,False,
2025-08-06,MAA4-444,GP47_NEW,B0DRYJZ6VH,Yantralay 360  Rotatable Camera Bike Mount Clamp Motorcycle Handlebar Pole Aluminium Mount for Insta360 X4 X3  Ace Pro Pro2  Hero13 12 11 10 9 For Os,1,1308.53,Shipment,PUNE,Shipment,1308.53,0.0,1,False,
2025-08-06,MAA4-442,PS1,B0BJBL1XBS,yantralay Polyester Dual Controller Hard Carry Case Compatible With Ps5 Ps4 Xbox Ipega Controllers   3 Layer Protection Travel Carry Case   Grey,1,833.23,Shipment,CHENNAI,Shipment,833.23,0.0,1,False,
2025-08-06,MAA4-443,LGONEX4,B0F7RT4HGJ,yantralay 2Pcs Lens Guard for Insta 360 X4   Scratch Resistant Protective Lens Cover   High Transparency Optical Coated Cap   Insta 360 X4 Camera Acce,1,775.03,Shipment,VILLIANUR TALUK,Shipment,775.03,0.0,1,False,
2025-08-06,MAA4-446,GP47_NEW,B0DRYJZ6VH,Yantralay 360  Rotatable Camera Bike Mount Clamp Motorcycle Handlebar Pole Aluminium Mount for Insta360 X4 X3  Ace Pro Pro2  Hero13 12 11 10 9 For Os,1,1387.53,Shipment,CHENNAI,Shipment,1387.53,0.0,1,False,
2025-08-06,CJB1-292,GP47_NEW,B0DRYJZ6VH,Yantralay 360  Rotatable Camera Bike Mount Clamp Motorcycle Handlebar Pole Aluminium Mount for Insta360 X4 X3  Ace Pro Pro2  Hero13 12 11 10 9 For Os,1,1308.53,Shipment,MUMBAI,Shipment,1308.53,0.0,1,False,
2025-08-06,MAA4-447,GP47_NEW,B0DRYJZ6VH,Yantralay 360  Rotatable Camera Bike Mount Clamp Motorcycle Handlebar Pole Aluminium Mount for Insta360 X4 X3  Ace Pro Pro2  Hero13 12 11 10 9 For Os,1,1308.53,Shipment,KADAPA,Shipment,1308.53,0.0,1,False,
2025-08-06,MAA4-445,GP28COMBO_X3N,B0BY8178B6,PellKing Camera Protective Accessories Kit for Insta360 X3  Inst 360 X3 Bundle Include Lens Guard Silicone Protective Cover Screen Protectors Camera C,1,1032.08,Shipment,tinsukia,Shipment,1032.08,0.0,1,False,
2025-08-06,MAA4-448,GP28COMBO_X3N,B0BY8178B6,PellKing Camera Protective Accessories Kit for Insta360 X3  Inst 360 X3 Bundle Include Lens Guard Silicone Protective Cover Screen Protectors Camera C,1,1032.08,Shipment,AGRA,Shipment,1032.08,0.0,1,False,
2025-08-07,MAA4-452,GP10_ONEX4_STARTRC,B0DDXP86FQ,nan,1,0.0,Cancel,CHENNAI,Cancel,0.0,0.0,0,False,
2025-08-07,CJB1-293,GP10_ONEX4_STARTRC,B0DDXP86FQ,yantralay x Startr c Carrying Case for Insta 360 X4 X5  Portable PU Storage Protective Bag Travel Case for Insta 360 X4 X5 Accessories with Large Capa,1,1628.63,Shipment,BENGALURU,Shipment,1628.63,0.0,1,False,
2025-08-07,MAA4-452,GP10_ONEX4_STARTRC,B0DDXP86FQ,yantralay x Startr c Carrying Case for Insta 360 X4 X5  Portable PU Storage Protective Bag Travel Case for Insta 360 X4 X5 Accessories with Large Capa,1,1628.63,Shipment,CHENNAI,Shipment,1628.63,0.0,1,False,
2025-08-06,MAA4-449,PS1,B0BJBL1XBS,yantralay Polyester Dual Controller Hard Carry Case Compatible With Ps5 Ps4 Xbox Ipega Controllers   3 Layer Protection Travel Carry Case   Grey,1,833.23,Shipment,CHENNAI,Shipment,833.23,0.0,1,False,
2025-08-07,MAA4-451,GP28COMBO_X3N,B0BY8178B6,PellKing Camera Protective Accessories Kit for Insta360 X3  Inst 360 X3 Bundle Include Lens Guard Silicone Protective Cover Screen Protectors Camera C,1,1032.08,Shipment,MUMBAI,Shipment,1032.08,0.0,1,False,
2025-08-07,MAA4-455,GP28COMBO_X3N,B0BY8178B6,PellKing Camera Protective Accessories Kit for Insta360 X3  Inst 360 X3 Bundle Include Lens Guard Silicone Protective Cover Screen Protectors Camera C,1,1032.08,Shipment,Chennai,Shipment,1032.08,0.0,1,False,
2025-08-08,MAA4-457,S13,B07MG832T8,yantralay Universal 360  Rotating Vertical Mobile Tripod Monopod Mount for Smartphones up to 4 1  Width   Compatible with Samsung  iPhone  Xiaomi  On,1,241.53,Shipment,Paschim Medinipur,Shipment,241.53,0.0,1,False,
2025-08-08,CJB1-295,MP_OA5,B0F9X1YNVL,yantralay Camera Lavalier Clip on Type C Microphone for DJ I Action 3 4 Collar Clip Microphone  Without Need of Mic Adapter  1 5M Cable Length   Black,1,1533.03,Shipment,MOONNIYUR,Shipment,1533.03,0.0,1,False,
2025-08-08,CJB1-297,GP10_RS4MINI_STARTRC,B0DZZFNDHP,yantralay Portable Carrying Storage Case for DJ I Ronin RS4Mini Gimbal EVA Handbag Travel Handheld Shoulder Bag  RS4MINI,1,2618.03,Shipment,HOJAI,Shipment,2618.03,0.0,1,False,
2025-08-07,MAA4-453,GP49,B0D456N4QM,yantralay Motorcycle Bike Bicycle Handlebar Mount Clamps with 1 4  Screw Compatible 8 35mm for Gopro Hero 13 12 11 10 9 Max Insta360 ONE X5 X4 X3  ONE,1,920.53,Shipment,BENGALURU,Shipment,920.53,0.0,1,False,
2025-08-08,CJB1-296,GP10_RS4MINI_STARTRC,B0DZZFNDHP,yantralay Portable Carrying Storage Case for DJ I Ronin RS4Mini Gimbal EVA Handbag Travel Handheld Shoulder Bag  RS4MINI,1,2618.03,Shipment,ARIYUR,Shipment,2618.03,0.0,1,False,
2025-08-08,MAA4-460,GP47_NEW,B0DRYJZ6VH,nan,1,0.0,Cancel,ANANTNAG,Cancel,0.0,0.0,0,False,
2025-08-08,MAA4-461,PS1,B0BJBL1XBS,nan,1,0.0,Cancel,NEW DELHI,Cancel,0.0,0.0,0,False,
2025-08-08,CJB1-294,PS1,B0BJBL1XBS,yantralay Polyester Dual Controller Hard Carry Case Compatible With Ps5 Ps4 Xbox Ipega Controllers   3 Layer Protection Travel Carry Case   Grey,1,833.23,Shipment,TIRUPPUR,Shipment,833.23,0.0,1,False,
2025-08-08,MAA4-456,GP49,B0D456N4QM,yantralay Motorcycle Bike Bicycle Handlebar Mount Clamps with 1 4  Screw Compatible 8 35mm for Gopro Hero 13 12 11 10 9 Max Insta360 ONE X5 X4 X3  ONE,1,920.53,Shipment,CHENNAI,Shipment,920.53,0.0,1,False,
2025-08-07,MAA4-454,GP43_ONEX4_STARTRC,B0DDXWLJ3D,yantralay Carry Pouch Bag Compatible with Insta 360 ONE X4 Camera Accessories,1,929.07,Shipment,NOIDA,Shipment,929.07,0.0,1,False,
2025-08-08,MAA4-459,PS1,B0BJBL1XBS,yantralay Polyester Dual Controller Hard Carry Case Compatible With Ps5 Ps4 Xbox Ipega Controllers   3 Layer Protection Travel Carry Case   Grey,1,949.63,Shipment,CHENNAI,Shipment,949.63,0.0,1,False,
2025-08-08,MAA4-458,GP28COMBO_X3N,B0BY8178B6,PellKing Camera Protective Accessories Kit for Insta360 X3  Inst 360 X3 Bundle Include Lens Guard Silicone Protective Cover Screen Protectors Camera C,1,1032.08,Shipment,MUMBAI,Shipment,1032.08,0.0,1,False,
2025-08-03,MAA4-423,GP47_NEW,B0DRYJZ6VH,Yantralay 360  Rotatable Camera Bike Mount Clamp Motorcycle Handlebar Pole Aluminium Mount for Insta360 X4 X3  Ace Pro Pro2  Hero13 12 11 10 9 For Os,1,-1308.53,Refund,KORATLA,Refund,-1308.53,0.0,0,False,
2025-08-08,CJB1-299,GP47_NEW,B0DRYJZ6VH,yantralay 360  Rotatable Camera Bike Mount Clamp Motorcycle Handlebar Pole Aluminium Mount for Insta360 X5 X4 X3  Ace Pro Pro2  Hero13 12 11 10 9 Osm,1,1308.53,Shipment,CHENNAI,Shipment,1308.53,0.0,1,False,
2025-08-08,CJB1-298,GP47_NEW,B0DRYJZ6VH,yantralay 360  Rotatable Camera Bike Mount Clamp Motorcycle Handlebar Pole Aluminium Mount for Insta360 X5 X4 X3  Ace Pro Pro2  Hero13 12 11 10 9 Osm,1,1308.53,Shipment,TIRUCHIRAPPALLI,Shipment,1308.53,0.0,1,False,
2025-08-09,CJB1-300,GP47_NEW,B0DRYJZ6VH,yantralay 360  Rotatable Camera Bike Mount Clamp Motorcycle Handlebar Pole Aluminium Mount for Insta360 X5 X4 X3  Ace Pro Pro2  Hero13 12 11 10 9 Osm,1,1308.53,Shipment,BENGALURU,Shipment,1308.53,0.0,1,False,
2025-08-09,MAA4-463,PS1,B0BJBL1XBS,yantralay Polyester Dual Controller Hard Carry Case Compatible With Ps5 Ps4 Xbox Ipega Controllers   3 Layer Protection Travel Carry Case   Grey,1,949.63,Shipment,TIRUVALLUR,Shipment,949.63,0.0,1,False,
2025-08-09,CJB1-302,SGONEX4-2_LGONEX4,B0F8VRR8JY,yantralay Insta 360 X4 Lens Guard   Screen Protector Combo Kit   Lens Covers   Anti Scratch  Tempered Glass Screen   Insta 360 X4 Accessories,1,1260.03,Shipment,COIMBATORE,Shipment,1260.03,0.0,1,False,
2025-08-09,CJB1-303,GP47_NEW,B0DRYJZ6VH,yantralay 360  Rotatable Camera Bike Mount Clamp Motorcycle Handlebar Pole Aluminium Mount for Insta360 X5 X4 X3  Ace Pro Pro2  Hero13 12 11 10 9 Osm,1,1308.53,Shipment,KUNNATHUNAD,Shipment,1308.53,0.0,1,False,
2025-08-10,MAA4-466,GP47_NEW,B0DRYJZ6VH,yantralay 360  Rotatable Camera Bike Mount Clamp Motorcycle Handlebar Pole Aluminium Mount for Insta360 X5 X4 X3  Ace Pro Pro2  Hero13 12 11 10 9 Osm,1,1308.53,Shipment,BENGALURU,Shipment,1308.53,0.0,1,False,
2025-08-10,CJB1-305,GP47_NEW,B0DRYJZ6VH,yantralay 360  Rotatable Camera Bike Mount Clamp Motorcycle Handlebar Pole Aluminium Mount for Insta360 X5 X4 X3  Ace Pro Pro2  Hero13 12 11 10 9 Osm,1,1308.53,Shipment,MUDBIDRI,Shipment,1308.53,0.0,1,False,
2025-08-10,MAA4-469,GP48-L,B0FDX3LQT2,Yantralay Suction Jaw Clamp Mount Bracket with Ball Head of 360 Degree Rotation for Insta 360 X5 X4 X3,1,1357.03,Shipment,Matunga,Shipment,1357.03,0.0,1,False,
2025-08-10,CJB1-304,ACCASEONEX5,B0FF2D12YN,Yantralay Invisible Magnetic Dive Case for Insta360 X5   60M Waterproof Underwater Housing for Deep Sea   Snorkeling Shots,1,5819.03,Shipment,BENGALURU,Shipment,5819.03,0.0,1,False,
2025-08-09,CJB1-301,GP47_NEW,B0DRYJZ6VH,yantralay 360  Rotatable Camera Bike Mount Clamp Motorcycle Handlebar Pole Aluminium Mount for Insta360 X5 X4 X3  Ace Pro Pro2  Hero13 12 11 10 9 Osm,1,1308.53,Shipment,BENGALORE,Shipment,1308.53,0.0,1,False,
2025-08-08,MAA4-462,GP290XL_AL,B0F7Y3T6JV,yantralay Triple Suction Aluminium Mount with 1 4  Standard Screw Mount Compatible for Hero 12 11 10 9  Insta 360 ONE X3 X2 ONER RS ACE PRO   All Othe,1,2618.03,Shipment,Koratty,Shipment,2618.03,0.0,1,False,
2025-08-05,MAA4-435,GP47_NEW,B0DRYJZ6VH,Yantralay 360  Rotatable Camera Bike Mount Clamp Motorcycle Handlebar Pole Aluminium Mount for Insta360 X4 X3  Ace Pro Pro2  Hero13 12 11 10 9 For Os,1,-1308.53,Refund,JAIPUR,Refund,-1308.53,0.0,0,False,
2025-08-10,CJB1-306,PS2_YELLOW,B0BL1HQ3C4,yantralay Controller Gamepad Carry Case   Ultimate Protection Compatible for PS5 PS4 PS3 Switch Pro Xbox Joysticks Waterproof  Scratch Protection  Dur,1,484.03,Shipment,COIMBATORE,Shipment,484.03,0.0,1,False,
2025-08-10,MAA4-468,GP46-S,B0F91G6H93,yantralay Double Clamp Mount Bracket with 1 4  Ball Head for GoPro  Insta 360 X2 X3  Action Cameras   Handlebar  Motorcycle  Bicycle  Selfie Stick  St,1,1580.07,Shipment,BENGALURU,Shipment,1580.07,0.0,1,False,
2025-08-10,MAA4-468,GP46-M,B0F91GXT2N,yantralay Double Clamp Mount Bracket with 1 4  Ball Head for GoPro  Insta 360 X2 X3  Action Cameras   Handlebar  Motorcycle  Bicycle  Selfie Stick  St,1,1673.07,Shipment,BENGALURU,Shipment,1673.07,0.0,1,False,
2025-08-10,MAA4-467,GP46-L,B0F91GCRP4,yantralay Double Clamp Mount Bracket with 1 4  Ball Head for Go Pro 13 12 11  Insta 360 X5 X4 X3 Handlebar  Motorcycle  Bicycle  Selfie Stick  Studio,1,1842.03,Shipment,Bengaluru,Shipment,1842.03,0.0,1,False,
2025-08-10,MAA4-471,LM1_OA3,B0DRW3QS3C,yantralay Magnet Adapter Mount for DJI Action 5 4 3   Quick Release Tripod Adapter with Secure Claws for Outdoor Use,1,969.03,Shipment,Bengaluru,Shipment,969.03,0.0,1,False,
2025-08-10,CJB1-307,GP28_H13,B0DHYDQL5V,Yantralay Silicone Lanyard Sleeve Protective Cover   6PCS Tempered Glass Screen Guard with Silicone Lens Cover Compatible with Go Pro Hero 9 Black Act,1,387.03,Shipment,TIRUPPUR,Shipment,387.03,0.0,1,False,
2025-08-10,CJB1-308,GP10_RS4_STARTRC,B0DB1TQPH3,yantralay Portable Carrying Storage Case for DJ I Ronin RS4   RS4 Pro Gimbal EVA Handbag Travel Handheld Shoulder Bag  Grey,1,2763.53,Shipment,KALAMASSERY,Shipment,2763.53,0.0,1,False,
2025-08-09,MAA4-464,LED_T2,B0F2GKLDXR,Yantralay Slab Key Light for Video Shooting   Content Creation   Adjustable Photography Fill Light   5 Color Temperatures  3200K 5600K    1455 Lumens,1,1842.03,Shipment,JAGRAON,Shipment,1842.03,0.0,1,False,
2025-08-11,MAA4-473,PS1,B0BJBL1XBS,yantralay Polyester Dual Controller Hard Carry Case Compatible With Ps5 Ps4 Xbox Ipega Controllers   3 Layer Protection Travel Carry Case   Grey,1,949.63,Shipment,CHENNAI,Shipment,949.63,0.0,1,False,
2025-08-10,MAA4-470,S13,B07MG832T8,yantralay Universal 360  Rotating Vertical Mobile Tripod Monopod Mount for Smartphones up to 4 1  Width   Compatible with Samsung  iPhone  Xiaomi  On,1,281.53,Shipment,Bengaluru,Shipment,281.53,0.0,1,False,
2025-08-11,MAA4-474,PS1,B0BJBL1XBS,yantralay Polyester Dual Controller Hard Carry Case Compatible With Ps5 Ps4 Xbox Ipega Controllers   3 Layer Protection Travel Carry Case   Grey,1,949.63,Shipment,CHENNAI,Shipment,949.63,0.0,1,False,
2025-08-09,MAA4-465,S13,B07MG832T8,yantralay Universal 360  Rotating Vertical Mobile Tripod Monopod Mount for Smartphones up to 4 1  Width   Compatible with Samsung  iPhone  Xiaomi  On,1,241.53,Shipment,ALAPPUZHA,Shipment,241.53,0.0,1,False,
2025-08-11,CJB1-309,GP49,B0D456N4QM,yantralay Motorcycle Bike Bicycle Handlebar Mount Clamps with 1 4  Screw Compatible 8 35mm for Gopro Hero 13 12 11 10 9 Max Insta360 ONE X5 X4 X3  ONE,1,920.53,Shipment,KARUPPUR,Shipment,920.53,0.0,1,False,
2025-08-11,MAA4-475,PS1,B0BJBL1XBS,yantralay Polyester Dual Controller Hard Carry Case Compatible With Ps5 Ps4 Xbox Ipega Controllers   3 Layer Protection Travel Carry Case   Grey,1,949.63,Shipment,Chennai,Shipment,949.63,0.0,1,False,
2025-08-08,CJB1-295,MP_OA5,B0F9X1YNVL,yantralay Camera Lavalier Clip on Type C Microphone for DJ I Action 3 4 Collar Clip Microphone  Without Need of Mic Adapter  1 5M Cable Length   Black,0,-79.0,Refund,MOONNIYUR,Refund,-79.0,0.0,0,False,
2025-08-10,MAA4-472,GP12,B0D7BZ38X8,yantralay Aluminium Car Suction Mount 360  Rotatable for Insta 360 X4 X3 X2  Ace Pro ONE R RS  Hero 13 12 11 10 9 8 7  DJI Osmo Action Series   All O,1,1318.23,Shipment,BANGALORE,Shipment,1318.23,0.0,1,False,
2025-08-11,MAA4-476,ACCASEONEX4,B0DZZC8YJV,Yantralay Invisible Dive Case for Insta360 X4   Waterproof Diving Housing Cover  Protective PC Sealed Shell with Bracket for Underwater Photography,1,5625.03,Shipment,BENGALURU,Shipment,5625.03,0.0,1,False,
2025-08-11,MAA4-477,GP47_NEW,B0DRYJZ6VH,yantralay 360  Rotatable Camera Bike Mount Clamp Motorcycle Handlebar Pole Aluminium Mount for Insta360 X5 X4 X3  Ace Pro Pro2  Hero13 12 11 10 9 Osm,1,1308.53,Shipment,KANCHEEPURAM,Shipment,1308.53,0.0,1,False,
2025-08-12,MAA4-479,S13,B07MG832T8,yantralay Universal 360  Rotating Vertical Mobile Tripod Monopod Mount for Smartphones up to 4 1  Width   Compatible with Samsung  iPhone  Xiaomi  On,1,281.53,Shipment,KESINGA,Shipment,281.53,0.0,1,False,
2025-08-12,MAA4-480,PS5_VERTICALSTAND,B0DGTZGCNQ,yantralay 2 in 1 Vertical Stand for PS 5   PS 5 Slim Consoles Non Slip Base Mount for PS 5 Accessories  for PS5   PS5 Slim Digital   Disc Version,1,872.03,Shipment,CHENNAI,Shipment,872.03,0.0,1,False,
2025-08-10,CJB1-306,PS2_YELLOW,B0BL1HQ3C4,yantralay Controller Gamepad Carry Case   Ultimate Protection Compatible for PS5 PS4 PS3 Switch Pro Xbox Joysticks Waterproof  Scratch Protection  Dur,1,-484.03,Refund,COIMBATORE,Refund,-484.03,0.0,0,False,
2025-08-12,CJB1-310,GP47_NEW,B0DRYJZ6VH,yantralay 360  Rotatable Camera Bike Mount Clamp Motorcycle Handlebar Pole Aluminium Mount for Insta360 X5 X4 X3  Ace Pro Pro2  Hero13 12 11 10 9 Osm,1,1308.53,Shipment,VADIPATTI,Shipment,1308.53,0.0,1,False,
2025-08-12,CJB1-311,ACFRAMEOP3_STARTRCN,B0CR1C9243,STARTRC OSMO Pocket 3 360  Rotation Backpack Clip Mount Shoulder Strap Accessories for DJI Pocket 3 OSMO Pocket 3 Action Cameras,1,1710.11,Shipment,MECHERI,Shipment,1710.11,0.0,1,False,
2025-08-12,MAA4-481,GP47_NEW,B0DRYJZ6VH,yantralay 360  Rotatable Camera Bike Mount Clamp Motorcycle Handlebar Pole Aluminium Mount for Insta360 X5 X4 X3  Ace Pro Pro2  Hero13 12 11 10 9 Osm,1,1308.53,Shipment,KASARAGOD,Shipment,1308.53,0.0,1,False,
2025-08-13,MAA4-482,S13,B07MG832T8,nan,1,0.0,Cancel,KESINGA,Cancel,0.0,0.0,0,False,
2025-08-13,MAA4-483,S13,B07MG832T8,yantralay Universal 360  Rotating Vertical Mobile Tripod Monopod Mount for Smartphones up to 4 1  Width   Compatible with Samsung  iPhone  Xiaomi  On,1,241.53,Shipment,KESINGA,Shipment,241.53,0.0,1,False,
2025-08-13,CJB1-312,GP49,B0D456N4QM,yantralay Motorcycle Bike Bicycle Handlebar Mount Clamps with 1 4  Screw Compatible 8 35mm for Gopro Hero 13 12 11 10 9 Max Insta360 ONE X5 X4 X3  ONE,1,920.53,Shipment,BENGALURU,Shipment,920.53,0.0,1,False,
2025-08-12,MAA4-479,S13,B07MG832T8,yantralay Universal 360  Rotating Vertical Mobile Tripod Monopod Mount for Smartphones up to 4 1  Width   Compatible with Samsung  iPhone  Xiaomi  On,1,-281.53,Refund,KESINGA,Refund,-281.53,0.0,0,False,
2025-08-07,MAA4-452,GP10_ONEX4_STARTRC,B0DDXP86FQ,yantralay x Startr c Carrying Case for Insta 360 X4 X5  Portable PU Storage Protective Bag Travel Case for Insta 360 X4 X5 Accessories with Large Capa,1,-1628.63,Refund,CHENNAI,Refund,-1628.63,0.0,0,False,
2025-08-13,MAA4-484,PS5_VERTICALSTAND,B0DGTZGCNQ,yantralay 2 in 1 Vertical Stand for PS 5   PS 5 Slim Consoles Non Slip Base Mount for PS 5 Accessories  for PS5   PS5 Slim Digital   Disc Version,1,872.03,Shipment,CHENNAI,Shipment,872.03,0.0,1,False,
2025-08-13,MAA4-483,S13,B07MG832T8,yantralay Universal 360  Rotating Vertical Mobile Tripod Monopod Mount for Smartphones up to 4 1  Width   Compatible with Samsung  iPhone  Xiaomi  On,1,-241.53,Refund,KESINGA,Refund,-241.53,0.0,0,False,
2025-08-13,MAA4-485,GP48-L,B0FDX3LQT2,Yantralay Suction Jaw Clamp Mount Bracket with Ball Head of 360 Degree Rotation for Insta 360 X5 X4 X3,1,1357.03,Shipment,BANGALORE,Shipment,1357.03,0.0,1,False,
2025-08-08,CJB1-299,GP47_NEW,B0DRYJZ6VH,yantralay 360  Rotatable Camera Bike Mount Clamp Motorcycle Handlebar Pole Aluminium Mount for Insta360 X5 X4 X3  Ace Pro Pro2  Hero13 12 11 10 9 Osm,1,-1308.53,Refund,CHENNAI,Refund,-1308.53,0.0,0,False,
2025-08-14,CJB1-313,GP46-L,B0F91GCRP4,yantralay Double Clamp Mount Bracket with 1 4  Ball Head for Go Pro 13 12 11  Insta 360 X5 X4 X3 Handlebar  Motorcycle  Bicycle  Selfie Stick  Studio,1,1842.03,Shipment,Keralapuram,Shipment,1842.03,0.0,1,False,
2025-08-14,CJB1-314,PS1,B0BJBL1XBS,yantralay Polyester Dual Controller Hard Carry Case Compatible With Ps5 Ps4 Xbox Ipega Controllers   3 Layer Protection Travel Carry Case   Grey,1,949.63,Shipment,Perumanallur,Shipment,949.63,0.0,1,False,
2025-08-14,CJB1-316,GP47_NEW,B0DRYJZ6VH,nan,1,0.0,Cancel,RASIPURAM,Cancel,0.0,0.0,0,False,
2025-08-14,MAA4-486,PS1,B0BJBL1XBS,yantralay Polyester Dual Controller Hard Carry Case Compatible With Ps5 Ps4 Xbox Ipega Controllers   3 Layer Protection Travel Carry Case   Grey,1,949.63,Shipment,VELLORE,Shipment,949.63,0.0,1,False,
2025-08-04,MAA4-430,GP47_NEW,B0DRYJZ6VH,Yantralay 360  Rotatable Camera Bike Mount Clamp Motorcycle Handlebar Pole Aluminium Mount for Insta360 X4 X3  Ace Pro Pro2  Hero13 12 11 10 9 For Os,1,-1308.53,Refund,GURUGRAM,Refund,-1308.53,0.0,0,False,
2025-08-14,CJB1-315,GP46-M,B0F91GXT2N,yantralay Double Clamp Mount Bracket with 1 4  Ball Head for GoPro  Insta 360 X2 X3  Action Cameras   Handlebar  Motorcycle  Bicycle  Selfie Stick  St,1,1745.03,Shipment,Kumbidi,Shipment,1745.03,0.0,1,False,
2025-08-15,CJB1-317,GP46-L,B0F91GCRP4,yantralay Double Clamp Mount Bracket with 1 4  Ball Head for Go Pro 13 12 11  Insta 360 X5 X4 X3 Handlebar  Motorcycle  Bicycle  Selfie Stick  Studio,1,1842.03,Shipment,HARUR,Shipment,1842.03,0.0,1,False,
2025-08-15,CJB1-318,GP49,B0D456N4QM,yantralay Motorcycle Bike Bicycle Handlebar Mount Clamps with 1 4  Screw Compatible 8 35mm for Gopro Hero 13 12 11 10 9 Max Insta360 ONE X5 X4 X3  ONE,1,920.53,Shipment,SHIKARPUR,Shipment,920.53,0.0,1,False,
2025-08-16,CJB1-321,GP46-S,B0F91G6H93,yantralay Double Clamp Mount Bracket with 1 4  Ball Head for GoPro  Insta 360 X2 X3  Action Cameras   Handlebar  Motorcycle  Bicycle  Selfie Stick  St,1,1606.32,Shipment,KUNNATHUNAD,Shipment,1606.32,0.0,1,False,
2025-08-15,CJB1-319,GP47_NEW,B0DRYJZ6VH,yantralay 360  Rotatable Camera Bike Mount Clamp Motorcycle Handlebar Pole Aluminium Mount for Insta360 X5 X4 X3  Ace Pro Pro2  Hero13 12 11 10 9 Osm,1,1308.53,Shipment,KRAL PORA KUPWARA DISTRICT,Shipment,1308.53,0.0,1,False,
2025-08-09,MAA4-464,LED_T2,B0F2GKLDXR,Yantralay Slab Key Light for Video Shooting   Content Creation   Adjustable Photography Fill Light   5 Color Temperatures  3200K 5600K    1455 Lumens,1,-1842.03,Refund,JAGRAON,Refund,-1842.03,0.0,0,False,
2025-08-17,CJB1-322,GP29L,B08RXBFBG9,yantralay Windshield Car Suction Cup Mount for Hero 10 9 8  SJCAM  Osmo Action 3   4  Insta 360   Flexible  Multi Angle Adjustable   Mount for Smartph,1,579.09,Shipment,GREATER NOIDA,Shipment,579.09,0.0,1,False,
2025-08-17,MAA4-488,GP47_NEW,B0DRYJZ6VH,yantralay 360  Rotatable Camera Bike Mount Clamp Motorcycle Handlebar Pole Aluminium Mount for Insta360 X5 X4 X3  Ace Pro Pro2  Hero13 12 11 10 9 Osm,1,1275.55,Shipment,Dommasandra  BANGALORE,Shipment,1275.55,0.0,1,False,
2025-08-17,MAA4-489,GP10_ONEX4_STARTRC,B0DDXP86FQ,yantralay x Startr c Carrying Case for Insta 360 X4 X5  Portable PU Storage Protective Bag Travel Case for Insta 360 X4 X5 Accessories with Large Capa,1,1587.89,Shipment,HOSUR,Shipment,1587.89,0.0,1,False,
2025-08-15,MAA4-487,S13,B07MG832T8,yantralay Universal 360  Rotating Vertical Mobile Tripod Monopod Mount for Smartphones up to 4 1  Width   Compatible with Samsung  iPhone  Xiaomi  On,1,281.53,Shipment,HYDERABAD,Shipment,281.53,0.0,1,False,
2025-08-17,CJB1-323,GP46-S,B0F91G6H93,yantralay Double Clamp Mount Bracket with 1 4  Ball Head for GoPro  Insta 360 X2 X3  Action Cameras   Handlebar  Motorcycle  Bicycle  Selfie Stick  St,1,1606.32,Shipment,Sivakasi,Shipment,1606.32,0.0,1,False,
2025-08-17,MAA4-492,GP100,B0723FF53T,yantralay 40 in 1 Action Camera Mount Kit for Hero 13 12 11 10 9 8 7 6 5 SJCAM  Osmo Action 3   4  Insta 360   More   with Selfie Monopod  Straps  Mou,1,1104.83,Shipment,NELLORE,Shipment,1104.83,0.0,1,False,
2025-08-17,CJB1-324,GP12,B0D7BZ38X8,yantralay Aluminium Car Suction Mount 360  Rotatable for Insta 360 X4 X3 X2  Ace Pro ONE R RS  Hero 13 12 11 10 9 8 7  DJI Osmo Action Series   All O,1,1252.27,Shipment,MADANAPALLE,Shipment,1252.27,0.0,1,False,
2025-08-17,MAA4-491,GP12,B0D7BZ38X8,yantralay Aluminium Car Suction Mount 360  Rotatable for Insta 360 X4 X3 X2  Ace Pro ONE R RS  Hero 13 12 11 10 9 8 7  DJI Osmo Action Series   All O,1,1252.27,Shipment,BENGALURU,Shipment,1252.27,0.0,1,False,
2025-08-17,CJB1-325,GP12,B0D7BZ38X8,yantralay Aluminium Car Suction Mount 360  Rotatable for Insta 360 X4 X3 X2  Ace Pro ONE R RS  Hero 13 12 11 10 9 8 7  DJI Osmo Action Series   All O,1,1252.27,Shipment,COIMBATORE,Shipment,1252.27,0.0,1,False,
2025-08-17,MAA4-493,PS1,B0BJBL1XBS,yantralay Polyester Dual Controller Hard Carry Case Compatible With Ps5 Ps4 Xbox Ipega Controllers   3 Layer Protection Travel Carry Case   Grey,1,877.85,Shipment,CHENNAI,Shipment,877.85,0.0,1,False,
2025-08-17,MAA4-490,LGONEX4,B0F7RT4HGJ,yantralay 2Pcs Lens Guard for Insta 360 X4   Scratch Resistant Protective Lens Cover   High Transparency Optical Coated Cap   Insta 360 X4 Camera Acce,3,2229.21,Shipment,UDUMBANCHOLA,Shipment,2229.21,0.0,3,False,
2025-08-18,MAA4-494,S13,B07MG832T8,yantralay Universal 360  Rotating Vertical Mobile Tripod Monopod Mount for Smartphones up to 4 1  Width   Compatible with Samsung  iPhone  Xiaomi  On,1,241.53,Shipment,KARAIKKUDI,Shipment,241.53,0.0,1,False,
2025-08-10,MAA4-469,GP48-L,B0FDX3LQT2,Yantralay Suction Jaw Clamp Mount Bracket with Ball Head of 360 Degree Rotation for Insta 360 X5 X4 X3,1,-1357.03,Refund,Matunga,Refund,-1357.03,0.0,0,False,
2025-08-12,MAA4-481,GP47_NEW,B0DRYJZ6VH,yantralay 360  Rotatable Camera Bike Mount Clamp Motorcycle Handlebar Pole Aluminium Mount for Insta360 X5 X4 X3  Ace Pro Pro2  Hero13 12 11 10 9 Osm,1,-1308.53,Refund,KASARAGOD,Refund,-1308.53,0.0,0,False,
2025-08-18,CJB1-328,GP12,B0D7BZ38X8,yantralay Aluminium Car Suction Mount 360  Rotatable for Insta 360 X4 X3 X2  Ace Pro ONE R RS  Hero 13 12 11 10 9 8 7  DJI Osmo Action Series   All O,1,1252.27,Shipment,KALAMASSERY,Shipment,1252.27,0.0,1,False,
2025-08-18,CJB1-326,SGONEX4-2_LGONEX4,B0F8VRR8JY,yantralay Insta 360 X4 Lens Guard   Screen Protector Combo Kit   Lens Covers   Anti Scratch  Tempered Glass Screen   Insta 360 X4 Accessories,1,1228.02,Shipment,Adoor,Shipment,1228.02,0.0,1,False,
2025-08-18,CJB1-327,GP49,B0D456N4QM,yantralay Motorcycle Bike Bicycle Handlebar Mount Clamps with 1 4  Screw Compatible 8 35mm for Gopro Hero 13 12 11 10 9 Max Insta360 ONE X5 X4 X3  ONE,1,952.97,Shipment,VIRALIMALAI,Shipment,952.97,0.0,1,False,
2025-08-18,CJB1-329,LGONEX4,B0F7RT4HGJ,yantralay 2Pcs Lens Guard for Insta 360 X4   Scratch Resistant Protective Lens Cover   High Transparency Optical Coated Cap   Insta 360 X4 Camera Acce,1,755.63,Shipment,Kakkanad,Shipment,755.63,0.0,1,False,
2025-08-18,MAA4-496,GP28COMBO_X3N,B0BY8178B6,PellKing Camera Protective Accessories Kit for Insta360 X3  Inst 360 X3 Bundle Include Lens Guard Silicone Protective Cover Screen Protectors Camera C,1,1086.4,Shipment,HINDUPUR,Shipment,1086.4,0.0,1,False,
2025-08-18,MAA4-495,GP28COMBO_X3N,B0BY8178B6,PellKing Camera Protective Accessories Kit for Insta360 X3  Inst 360 X3 Bundle Include Lens Guard Silicone Protective Cover Screen Protectors Camera C,1,1086.4,Shipment,BANGALORE,Shipment,1086.4,0.0,1,False,
2025-08-18,MAA4-498,LGONEX4,B0F7RT4HGJ,yantralay 2Pcs Lens Guard for Insta 360 X4   Scratch Resistant Protective Lens Cover   High Transparency Optical Coated Cap   Insta 360 X4 Camera Acce,1,755.63,Shipment,BENGALURU,Shipment,755.63,0.0,1,False,
2025-08-18,MAA4-497,GP46-L,B0F91GCRP4,yantralay Double Clamp Mount Bracket with 1 4  Ball Head for Go Pro 13 12 11  Insta 360 X5 X4 X3 Handlebar  Motorcycle  Bicycle  Selfie Stick  Studio,1,1795.47,Shipment,MARAIMALAINAGAR,Shipment,1795.47,0.0,1,False,
2025-08-18,CJB1-330,GP29L,B08RXBFBG9,yantralay Windshield Car Suction Cup Mount for Hero 10 9 8  SJCAM  Osmo Action 3   4  Insta 360   Flexible  Multi Angle Adjustable   Mount for Smartph,1,579.09,Shipment,VALLACHIRA  Thrissur Dist,Shipment,579.09,0.0,1,False,
2025-08-19,MAA4-499,SGONEX4-2_LGONEX4,B0F8VRR8JY,yantralay Insta 360 X4 Lens Guard   Screen Protector Combo Kit   Lens Covers   Anti Scratch  Tempered Glass Screen   Insta 360 X4 Accessories,1,1228.02,Shipment,Chennai,Shipment,1228.02,0.0,1,False,
2025-08-19,MAA4-500,GP28COMBO_X3N,B0BY8178B6,PellKing Camera Protective Accessories Kit for Insta360 X3  Inst 360 X3 Bundle Include Lens Guard Silicone Protective Cover Screen Protectors Camera C,1,1086.4,Shipment,THIRUVANANTHAPURAM,Shipment,1086.4,0.0,1,False,
2025-08-19,MAA4-501,ACFRAMEOA5_AL,B0F882DN17,Yantralay Premium Aluminum Protective Case for Action 5Pro 4 3  Supports Horizontal and Vertical Shooting Tough Aluminum Cage Maximum Protection with,1,2599.6,Shipment,CHIKNAYAKANHALLI,Shipment,2599.6,0.0,1,False,
2025-08-19,MAA4-502,GP46-M_GP46-S_GP25_150CMS,B0F99WWGGT,yantralay Motorcycle Handlebar Clamp Kit with Dual Clamp Mounts   Invisible Selfie Stick for Insta 360 X4 X3 X2 One RS GO 3   Bike Action Camera Mount,1,4254.42,Shipment,KALABURGI,Shipment,4254.42,0.0,1,False,
2025-08-19,CJB1-331,GP49,B0D456N4QM,yantralay Motorcycle Bike Bicycle Handlebar Mount Clamps with 1 4  Screw Compatible 8 35mm for Gopro Hero 13 12 11 10 9 Max Insta360 ONE X5 X4 X3  ONE,1,873.97,Shipment,BENGALURU,Shipment,873.97,0.0,1,False,
2025-08-10,MAA4-471,LM1_OA3,B0DRW3QS3C,yantralay Magnet Adapter Mount for DJI Action 5 4 3   Quick Release Tripod Adapter with Secure Claws for Outdoor Use,1,-969.03,Refund,Bengaluru,Refund,-969.03,0.0,0,False,
2025-08-19,CJB1-332,GP12,B0D7BZ38X8,yantralay Aluminium Car Suction Mount 360  Rotatable for Insta 360 X4 X3 X2  Ace Pro ONE R RS  Hero 13 12 11 10 9 8 7  DJI Osmo Action Series   All O,1,1252.27,Shipment,TIRUNELVELI,Shipment,1252.27,0.0,1,False,
2025-08-19,MAA4-503,S13,B07MG832T8,yantralay Universal 360  Rotating Vertical Mobile Tripod Monopod Mount for Smartphones up to 4 1  Width   Compatible with Samsung  iPhone  Xiaomi  On,1,241.53,Shipment,Bengaluru,Shipment,241.53,0.0,1,False,
2025-08-15,CJB1-319,GP47_NEW,B0DRYJZ6VH,yantralay 360  Rotatable Camera Bike Mount Clamp Motorcycle Handlebar Pole Aluminium Mount for Insta360 X5 X4 X3  Ace Pro Pro2  Hero13 12 11 10 9 Osm,1,-1308.53,Refund,KRAL PORA KUPWARA DISTRICT,Refund,-1308.53,0.0,0,False,
2025-08-20,CJB1-333,LGONEX4,B0F7RT4HGJ,yantralay 2Pcs Lens Guard for Insta 360 X4   Scratch Resistant Protective Lens Cover   High Transparency Optical Coated Cap   Insta 360 X4 Camera Acce,1,834.63,Shipment,Aluva,Shipment,834.63,0.0,1,False,
2025-08-20,MAA4-505,S13,B07MG832T8,yantralay Universal 360  Rotating Vertical Mobile Tripod Monopod Mount for Smartphones up to 4 1  Width   Compatible with Samsung  iPhone  Xiaomi  On,1,281.53,Shipment,PARTUR,Shipment,281.53,0.0,1,False,
2025-08-20,CJB1-334,PS1,B0BJBL1XBS,yantralay Polyester Dual Controller Hard Carry Case Compatible With Ps5 Ps4 Xbox Ipega Controllers   3 Layer Protection Travel Carry Case   Grey,1,877.85,Shipment,CHENNAI,Shipment,877.85,0.0,1,False,
2025-08-20,MAA4-504,GP1620_TLS,B08S7D4LKH,yantralay Upgraded Helmet Chin Strap Mount for Hero 13 12 11 10 9 8 7 6 5  SJCAM  Insta 360   DJI Osmo Action 3   4   Adjustable   Secure Camera Moun,1,1164.97,Shipment,CHENNAI,Shipment,1164.97,0.0,1,False,
2025-08-20,MAA4-506,GP46-L,B0F91GCRP4,yantralay Double Clamp Mount Bracket with 1 4  Ball Head for Go Pro 13 12 11  Insta 360 X5 X4 X3 Handlebar  Motorcycle  Bicycle  Selfie Stick  Studio,1,1795.47,Shipment,PUDUPAKKAM,Shipment,1795.47,0.0,1,False,
2025-08-20,CJB1-335,DA24,B078DMT8KR,Yantralay Nylon Universal Drone and Quadcopter Landing Pad   Portable   Foldable   Compatible with DJI  Parrot  Syma  Hubsan  Holy Stone  UDI Drones,1,1502.53,Shipment,COCHIN,Shipment,1502.53,0.0,1,False,
2025-08-20,MAA4-507,GP28COMBO1_H13,B0DHYCQR66,Yantralay Silicone Lanyard Sleeve Protective Cover   6PCS Tempered Glass Screen Guard with Silicone Lens Cover Compatible with GoPro Hero 9 Black Acti,1,626.62,Shipment,VISAKHAPATNAM,Shipment,626.62,0.0,1,False,
2025-08-20,CJB1-336,ACFRAMEOP3_STARTRCN,B0CR1C9243,STARTRC OSMO Pocket 3 360  Rotation Backpack Clip Mount Shoulder Strap Accessories for DJI Pocket 3 OSMO Pocket 3 Action Cameras,1,1710.11,Shipment,NANNAMBRA,Shipment,1710.11,0.0,1,False,
2025-08-21,MAA4-508,GP10_OM7P_STARTRC,B0F2J6Z8WT,yantralay Osmo Mobile 7P Case Portable PU Shoulder Bag for DJI OM 7 Pro 7 Gimbal Stabilizer Travel Case for DJI Osmo Mobile 7 7P,1,1260.03,Shipment,KARWAR,Shipment,1260.03,0.0,1,False,
2025-08-21,MAA4-510,PS2_WHITE,B0C46XWQRT,yantralay Controller Gamepad Carry Case   Ultimate Protection Compatible for PS5 PS4 PS3 Switch Pro Xbox Joysticks Waterproof  Scratch Protection  Dur,1,532.53,Shipment,BENGALURU,Shipment,532.53,0.0,1,False,
2025-08-21,MAA4-512,DR28_RC2COVER_MP,B0CL9TH14Q,STARTRC Mini 4 Pro Sun Hood for DJI RC 2 Controller  3 IN 1 Sunshade Joysticks Screen Protector  Anti Scratch Soft Microfiber Lining Cover,1,1685.76,Shipment,BENGALURU,Shipment,1685.76,0.0,1,False,
2025-08-21,CJB1-337,GP49,B0D456N4QM,yantralay Motorcycle Bike Bicycle Handlebar Mount Clamps with 1 4  Screw Compatible 8 35mm for Gopro Hero 13 12 11 10 9 Max Insta360 ONE X5 X4 X3  ONE,1,873.97,Shipment,THRISSUR,Shipment,873.97,0.0,1,False,
2025-08-21,CJB1-338,GP28_H13,B0DHYDQL5V,Yantralay Silicone Lanyard Sleeve Protective Cover   6PCS Tempered Glass Screen Guard with Silicone Lens Cover Compatible with Go Pro Hero 9 Black Act,1,427.03,Shipment,KOLLAM,Shipment,427.03,0.0,1,False,
2025-08-21,MAA4-511,MP_OA5,B0F9X1YNVL,yantralay Camera Lavalier Clip on Type C Microphone for DJ I Action 3 4 Collar Clip Microphone  Without Need of Mic Adapter  1 5M Cable Length   Black,1,1417.17,Shipment,Trivandrum,Shipment,1417.17,0.0,1,False,
2025-08-22,MAA4-513,GP12,B0D7BZ38X8,yantralay Aluminium Car Suction Mount 360  Rotatable for Insta 360 X4 X3 X2  Ace Pro ONE R RS  Hero 13 12 11 10 9 8 7  DJI Osmo Action Series   All O,1,1252.27,Shipment,NANDIVARAM GUDUVANCHERI,Shipment,1252.27,0.0,1,False,
2025-08-22,CJB1-339,GP28COMBO1_H13,B0DHYCQR66,Yantralay Silicone Lanyard Sleeve Protective Cover   6PCS Tempered Glass Screen Guard with Silicone Lens Cover Compatible with GoPro Hero 9 Black Acti,1,626.62,Shipment,TIRUCHIRAPPALLI,Shipment,626.62,0.0,1,False,
2025-08-23,MAA4-514,GP47_NEW,B0DRYJZ6VH,yantralay 360  Rotatable Camera Bike Mount Clamp Motorcycle Handlebar Pole Aluminium Mount for Insta360 X5 X4 X3  Ace Pro Pro2  Hero13 12 11 10 9 Osm,1,1315.0,Shipment,BENGALURU,Shipment,1315.0,0.0,1,False,
2025-08-22,CJB1-339,GP28COMBO1_H13,B0DHYCQR66,Yantralay Silicone Lanyard Sleeve Protective Cover   6PCS Tempered Glass Screen Guard with Silicone Lens Cover Compatible with GoPro Hero 9 Black Acti,1,-626.62,Refund,TIRUCHIRAPPALLI,Refund,-626.62,0.0,0,False,
2025-08-23,MAA4-515,GP28COMBO1_H13,B0DHYCQR66,nan,2,0.0,Cancel,BENGALURU,Cancel,0.0,0.0,0,False,
2025-08-23,CJB1-341,PS1,B0BJBL1XBS,yantralay Polyester Dual Controller Hard Carry Case Compatible With Ps5 Ps4 Xbox Ipega Controllers   3 Layer Protection Travel Carry Case   Grey,1,877.85,Shipment,Kochi,Shipment,877.85,0.0,1,False,
2025-08-23,MAA4-516,GP12,B0D7BZ38X8,yantralay Aluminium Car Suction Mount 360  Rotatable for Insta 360 X4 X3 X2  Ace Pro ONE R RS  Hero 13 12 11 10 9 8 7  DJI Osmo Action Series   All O,1,1252.27,Shipment,ERNAKULAM,Shipment,1252.27,0.0,1,False,
2025-08-23,CJB1-342,PS1,B0BJBL1XBS,yantralay Polyester Dual Controller Hard Carry Case Compatible With Ps5 Ps4 Xbox Ipega Controllers   3 Layer Protection Travel Carry Case   Grey,1,877.85,Shipment,Eloor North,Shipment,877.85,0.0,1,False,
2025-08-19,MAA4-501,ACFRAMEOA5_AL,B0F882DN17,Yantralay Premium Aluminum Protective Case for Action 5Pro 4 3  Supports Horizontal and Vertical Shooting Tough Aluminum Cage Maximum Protection with,1,-2599.6,Refund,CHIKNAYAKANHALLI,Refund,-2599.6,0.0,0,False,
2025-08-24,CJB1-344,GP28COMBO1_H13,B0DHYCQR66,Yantralay Silicone Lanyard Sleeve Protective Cover   6PCS Tempered Glass Screen Guard with Silicone Lens Cover Compatible with GoPro Hero 9 Black Acti,1,626.62,Shipment,GURUGRAM,Shipment,626.62,0.0,1,False,
2025-08-24,CJB1-343,GP46-M,B0F91GXT2N,yantralay Double Clamp Mount Bracket with 1 4  Ball Head for GoPro  Insta 360 X2 X3  Action Cameras   Handlebar  Motorcycle  Bicycle  Selfie Stick  St,1,1701.38,Shipment,HYDERABAD,Shipment,1701.38,0.0,1,False,
2025-08-24,CJB1-346,GP10_OM7P_STARTRC,B0F2J6Z8WT,yantralay Osmo Mobile 7P Case Portable PU Shoulder Bag for DJI OM 7 Pro 7 Gimbal Stabilizer Travel Case for DJI Osmo Mobile 7 7P,1,1260.03,Shipment,BALLARI,Shipment,1260.03,0.0,1,False,
2025-08-24,CJB1-345,GP10_OM7P_STARTRC,B0F2J6Z8WT,yantralay Osmo Mobile 7P Case Portable PU Shoulder Bag for DJI OM 7 Pro 7 Gimbal Stabilizer Travel Case for DJI Osmo Mobile 7 7P,1,1260.03,Shipment,ALAMCODE MALAPPURAM DISTRICT,Shipment,1260.03,0.0,1,False,
2025-08-24,CJB1-347,GP28COMBO1_H13,B0DHYCQR66,Yantralay Silicone Lanyard Sleeve Protective Cover   6PCS Tempered Glass Screen Guard with Silicone Lens Cover Compatible with GoPro Hero 9 Black Acti,1,626.62,Shipment,Ramanathapuram,Shipment,626.62,0.0,1,False,
2025-08-24,MAA4-517,GP28COMBO1_H13,B0DHYCQR66,Yantralay Silicone Lanyard Sleeve Protective Cover   6PCS Tempered Glass Screen Guard with Silicone Lens Cover Compatible with GoPro Hero 9 Black Acti,1,626.62,Shipment,BENGALURU,Shipment,626.62,0.0,1,False,
2025-08-24,CJB1-348,GP28COMBO1_H13,B0DHYCQR66,Yantralay Silicone Lanyard Sleeve Protective Cover   6PCS Tempered Glass Screen Guard with Silicone Lens Cover Compatible with GoPro Hero 9 Black Acti,1,626.62,Shipment,THIRUVANANTHAPURAM,Shipment,626.62,0.0,1,False,
2025-08-21,MAA4-512,DR28_RC2COVER_MP,B0CL9TH14Q,STARTRC Mini 4 Pro Sun Hood for DJI RC 2 Controller  3 IN 1 Sunshade Joysticks Screen Protector  Anti Scratch Soft Microfiber Lining Cover,1,-1685.76,Refund,BENGALURU,Refund,-1685.76,0.0,0,False,
2025-08-25,MAA4-518,GP47_NEW,B0DRYJZ6VH,nan,1,0.0,Cancel,CHENNAI,Cancel,0.0,0.0,0,False,
2025-08-25,MAA4-518,GP47_NEW,B0DRYJZ6VH,yantralay 360  Rotatable Camera Bike Mount Clamp Motorcycle Handlebar Pole Aluminium Mount for Insta360 X5 X4 X3  Ace Pro Pro2  Hero13 12 11 10 9 Osm,1,1315.0,Shipment,CHENNAI,Shipment,1315.0,0.0,1,False,
2025-08-25,MAA4-519,GP1620_TLS,B08S7D4LKH,yantralay Upgraded Helmet Chin Strap Mount for Hero 13 12 11 10 9 8 7 6 5  SJCAM  Insta 360   DJI Osmo Action 3   4   Adjustable   Secure Camera Moun,1,1243.97,Shipment,BENGALURU,Shipment,1243.97,0.0,1,False,
2025-08-25,CJB1-349,GP28COMBO1_H13,B0DHYCQR66,Yantralay Silicone Lanyard Sleeve Protective Cover   6PCS Tempered Glass Screen Guard with Silicone Lens Cover Compatible with GoPro Hero 9 Black Acti,1,0.0,FreeReplacement,GURUGRAM,FreeReplacement,0.0,0.0,0,True,
2025-08-27,MAA4-521,GP47_NEW,B0DRYJZ6VH,yantralay 360  Rotatable Camera Bike Mount Clamp Motorcycle Handlebar Pole Aluminium Mount for Insta360 X5 X4 X3  Ace Pro Pro2  Hero13 12 11 10 9 Osm,1,1315.0,Shipment,BENGALURU,Shipment,1315.0,0.0,1,False,
2025-08-27,MAA4-522,GP10_OM7P_STARTRC,B0F2J6Z8WT,yantralay Osmo Mobile 7P Case Portable PU Shoulder Bag for DJI OM 7 Pro 7 Gimbal Stabilizer Travel Case for DJI Osmo Mobile 7 7P,1,1260.03,Shipment,PHILLAUR,Shipment,1260.03,0.0,1,False,
2025-08-24,CJB1-345,GP10_OM7P_STARTRC,B0F2J6Z8WT,yantralay Osmo Mobile 7P Case Portable PU Shoulder Bag for DJI OM 7 Pro 7 Gimbal Stabilizer Travel Case for DJI Osmo Mobile 7 7P,1,-1260.03,Refund,ALAMCODE MALAPPURAM DISTRICT,Refund,-1260.03,0.0,0,False,
2025-08-27,MAA4-520,SGONEX4-2_LGONEX4,B0F8VRR8JY,yantralay Insta 360 X4 Lens Guard   Screen Protector Combo Kit   Lens Covers   Anti Scratch  Tempered Glass Screen   Insta 360 X4 Accessories,1,1228.02,Shipment,BENGALURU,Shipment,1228.02,0.0,1,False,
2025-08-24,CJB1-346,GP10_OM7P_STARTRC,B0F2J6Z8WT,yantralay Osmo Mobile 7P Case Portable PU Shoulder Bag for DJI OM 7 Pro 7 Gimbal Stabilizer Travel Case for DJI Osmo Mobile 7 7P,1,-1260.03,Refund,BALLARI,Refund,-1260.03,0.0,0,False,
2025-08-28,CJB1-351,GP28COMBO1_H13,B0DHYCQR66,Yantralay Silicone Lanyard Sleeve Protective Cover   6PCS Tempered Glass Screen Guard with Silicone Lens Cover Compatible with GoPro Hero 9 Black Acti,1,626.62,Shipment,THIRUVANANTHAPURAM,Shipment,626.62,0.0,1,False,
2025-08-28,MAA4-524,GP46-L,B0F91GCRP4,nan,1,0.0,Cancel,BENGALURU,Cancel,0.0,0.0,0,False,
2025-08-27,CJB1-350,GP10_ONEX4_STARTRC,B0DDXP86FQ,yantralay x Startr c Carrying Case for Insta 360 X4 X5  Portable PU Storage Protective Bag Travel Case for Insta 360 X4 X5 Accessories with Large Capa,1,1587.89,Shipment,THRISSUR,Shipment,1587.89,0.0,1,False,
2025-08-17,CJB1-322,GP29L,B08RXBFBG9,yantralay Windshield Car Suction Cup Mount for Hero 10 9 8  SJCAM  Osmo Action 3   4  Insta 360   Flexible  Multi Angle Adjustable   Mount for Smartph,1,-579.09,Refund,GREATER NOIDA,Refund,-579.09,0.0,0,False,
2025-08-28,CJB1-352,LM17,B0D455L1MN,yantralay Folding Fingers Replacement Magnet Adapter Mount with 1 4 Tripod Connector Port Compatible with Go Pro Hero 13 12 11 11 Mini 10 9 8   Hero M,1,873.97,Shipment,MANGALURU,Shipment,873.97,0.0,1,False,
2025-08-28,MAA4-524,GP46-L,B0F91GCRP4,yantralay Double Clamp Mount Bracket with 1 4  Ball Head for Go Pro 13 12 11  Insta 360 X5 X4 X3 Handlebar  Motorcycle  Bicycle  Selfie Stick  Studio,1,1874.47,Shipment,BENGALURU,Shipment,1874.47,0.0,1,False,
2025-08-29,CJB1-353,GP28COMBO1_H13,B0DHYCQR66,Yantralay Silicone Lanyard Sleeve Protective Cover   6PCS Tempered Glass Screen Guard with Silicone Lens Cover Compatible with GoPro Hero 9 Black Acti,1,626.62,Shipment,BENGALURU,Shipment,626.62,0.0,1,False,
2025-08-29,MAA4-525,ULANZI_VL49RGB,B08QJSZWHR,nan,1,0.0,Cancel,Hyderabad,Cancel,0.0,0.0,0,False,
2025-08-29,MAA4-525,ULANZI_VL49RGB,B08QJSZWHR,Yantralay VL49 Professional Magnetic RGB LED Light with 2 Color Modes for LiveStreaming  Photo Shoot with 3 Hot Shoe Mounts Compatible with All Camera,1,1939.03,Shipment,Hyderabad,Shipment,1939.03,0.0,1,False,
2025-08-29,MAA4-526,GP28COMBO_X3N,B0BY8178B6,PellKing Camera Protective Accessories Kit for Insta360 X3  Inst 360 X3 Bundle Include Lens Guard Silicone Protective Cover Screen Protectors Camera C,1,1086.4,Shipment,Chandor,Shipment,1086.4,0.0,1,False,
2025-08-24,CJB1-344,GP28COMBO1_H13,B0DHYCQR66,Yantralay Silicone Lanyard Sleeve Protective Cover   6PCS Tempered Glass Screen Guard with Silicone Lens Cover Compatible with GoPro Hero 9 Black Acti,1,-626.62,Refund,GURUGRAM,Refund,-626.62,0.0,0,False,
2025-08-31,CJB1-355,GP46-M_GP46-S_GP25_150CMS,B0F99WWGGT,yantralay Motorcycle Handlebar Clamp Kit with Dual Clamp Mounts   Invisible Selfie Stick for Insta 360 X4 X3 X2 One RS GO 3   Bike Action Camera Mount,1,4254.42,Shipment,NEW DELHI,Shipment,4254.42,0.0,1,False,
2025-08-31,CJB1-354,PS1,B0BJBL1XBS,yantralay Polyester Dual Controller Hard Carry Case Compatible With Ps5 Ps4 Xbox Ipega Controllers   3 Layer Protection Travel Carry Case   Grey,1,877.85,Shipment,BENGALURU,Shipment,877.85,0.0,1,False,
2025-07-31,CJB1-289,GP46-M,B0F91GXT2N,yantralay Double Clamp Mount Bracket with 1 4  Ball Head for GoPro  Insta 360 X2 X3  Action Cameras   Handlebar  Motorcycle  Bicycle  Selfie Stick  St,1,-1745.03,Refund,NEW DELHI,Refund,-1745.03,0.0,0,False,
2025-07-30,MAA4-401,GP47_NEW,B0DRYJZ6VH,Yantralay 360  Rotatable Camera Bike Mount Clamp Motorcycle Handlebar Pole Aluminium Mount for Insta360 X4 X3  Ace Pro Pro2  Hero13 12 11 10 9 For Os,1,-1308.53,Refund,PHILLAUR,Refund,-1308.53,0.0,0,False,
2025-07-30,CJB1-283,GP47_NEW,B0DRYJZ6VH,Yantralay 360  Rotatable Camera Bike Mount Clamp Motorcycle Handlebar Pole Aluminium Mount for Insta360 X4 X3  Ace Pro Pro2  Hero13 12 11 10 9 For Os,1,-1308.53,Refund,KARIVELLUR,Refund,-1308.53,0.0,0,False,
2025-07-21,MAA4-364,DR28_RC2COVER_MP,B0CL9TH14Q,STARTRC Mini 4 Pro Sun Hood for DJI RC 2 Controller 3 IN 1 Sunshade Joysticks Screen Protector for DJI Mini 4 Pro Air 3S Air 3 Accessories Anti Scratc,1,-1756.0,Refund,GUDIVADA KRISHNA DISTRICT,Refund,-1756.0,0.0,0,False,
2025-08-01,HYD3-750,GP28COMBO_X3N,B0BY8178B6,PellKing Camera Protective Accessories Kit for Insta360 X3  Inst 360 X3 Bundle Include Lens Guard Silicone Protective Cover Screen Protectors Camera C,1,1032.08,Shipment,SECUNDERABAD,Shipment,1032.08,0.0,1,False,
2025-08-01,HYD3-751,GP47_NEW,B0DRYJZ6VH,Yantralay 360  Rotatable Camera Bike Mount Clamp Motorcycle Handlebar Pole Aluminium Mount for Insta360 X4 X3  Ace Pro Pro2  Hero13 12 11 10 9 For Os,1,1308.53,Shipment,HYDERABAD,Shipment,1308.53,0.0,1,False,
2025-08-01,HYD8-299,ACCHARGERGP5_3,B08LYVPLR9,Yantralay 3 Channel AHDBT 501 Battery Charger for Hero 5 6 7   8 Black Action Camera   USB Cable Included   Fast Charging Dock,1,798.31,Shipment,Tirupati,Shipment,798.31,0.0,1,False,
2025-08-01,HYD8-298,PS2_BLACK,B0BL1CYSW6,yantralay Nylon Controller Gamepad Carry Case   Ultimate Protection Compatible for PS5 PS4 PS3 Switch Pro Xbox Joysticks Waterproof  Scratch Protectio,1,464.63,Shipment,PUNE,Shipment,464.63,0.0,1,False,
2025-08-01,HYD3-752,GP28COMBO_X3N,B0BY8178B6,PellKing Camera Protective Accessories Kit for Insta360 X3  Inst 360 X3 Bundle Include Lens Guard Silicone Protective Cover Screen Protectors Camera C,1,1032.08,Shipment,KHAMMAM,Shipment,1032.08,0.0,1,False,
2025-08-01,HYD3-753,GP10_ONEX4_STARTRC,B0DDXP86FQ,yantralay x Startr c Carrying Case for Insta 360 X4 X5  Portable PU Storage Protective Bag Travel Case for Insta 360 X4 X5 Accessories with Large Capa,1,1707.63,Shipment,Vijayawada,Shipment,1707.63,0.0,1,False,
2025-08-01,HYD3-754,IN_MICMOUNT_X4,B0DZJQ8F1R,yantralay External Microphone Aluminium Mount Compatible with Insta 360 X4 X3 X2  Insta 360 Camera Accessories,1,1561.53,Shipment,Srikakulam,Shipment,1561.53,0.0,1,False,
2025-08-02,HYD3-756,PS1,B0BJBL1XBS,yantralay Polyester Dual Controller Hard Carry Case Compatible With Ps5 Ps4 Xbox Ipega Controllers   3 Layer Protection Travel Carry Case   Grey,1,833.23,Shipment,HYDERABAD,Shipment,833.23,0.0,1,False,
2025-08-02,HYD3-755,PS2_WHITE,B0C46XWQRT,yantralay Controller Gamepad Carry Case   Ultimate Protection Compatible for PS5 PS4 PS3 Switch Pro Xbox Joysticks Waterproof  Scratch Protection  Dur,1,532.53,Shipment,BENGALURU,Shipment,532.53,0.0,1,False,
2025-08-03,NAN,IN1_AL,B0D4536M61,nan,1,0.0,Cancel,Hyderabad,Cancel,0.0,0.0,0,False,
2025-08-02,HYD3-757,DA31,B0CGDMJ882,Yantralay DSLR Battery Pouch   Portable Waterproof Bag for lp e6 e8 e10 e12 en el14 el15 fw50 f550 Batteries   Convenient Access Design   Compact and,1,484.03,Shipment,Bengaluru,Shipment,484.03,0.0,1,False,
2025-08-03,HYD3-761,DA34,B0DQQ96VMF,yantralay Handheld Adapter for Wireless Interview with Foam Windshield   Reduce Wind Noise  Compatible with Digite k DWM 101  DJI MIC MIC2  Rode Rode,1,678.03,Shipment,hyderabad,Shipment,678.03,0.0,1,False,
2025-08-03,HYD3-758,IN1_AL,B0D4536M61,yantralay 4 in 1 Motorcycle Mount Bundle with Unicorn Helmet Extension Arm Adhesive Kit Compatible for Insta360 One X5 X4 X3 X2  ONE R RS  Hero 13 12,1,2084.53,Shipment,Hyderabad,Shipment,2084.53,0.0,1,False,
2025-08-03,HYD3-759,PS5_VERTICALSTAND,B0DGTZGCNQ,yantralay 2 in 1 Vertical Stand for PS 5   PS 5 Slim Consoles Non Slip Base Mount for PS 5 Accessories  for PS5   PS5 Slim Digital   Disc Version,1,872.03,Shipment,HYDERABAD,Shipment,872.03,0.0,1,False,
2025-08-03,HYD3-762,DR_STRAP-1133202,B0CNLDVL42,STARTRC Lanyard Neck Strap for DJI RC Controller  Adjustable for Mini 4 Pro Air 3 Mini 3 Mavic 3 Remote Controller Accessories  Grey,1,1487.01,Shipment,BENGALURU,Shipment,1487.01,0.0,1,False,
2025-08-02,HYD8-300,GP47_NEW,B0DRYJZ6VH,Yantralay 360  Rotatable Camera Bike Mount Clamp Motorcycle Handlebar Pole Aluminium Mount for Insta360 X4 X3  Ace Pro Pro2  Hero13 12 11 10 9 For Os,1,1308.53,Shipment,RAIGARH,Shipment,1308.53,0.0,1,False,
2025-08-04,HYD3-763,DA35,B0F9FM9XHJ,nan,1,0.0,Cancel,Secunderabad,Cancel,0.0,0.0,0,False,
2025-08-03,HYD8-302,GP29L,B08RXBFBG9,yantralay Windshield Car Suction Cup Mount for Hero 10 9 8  SJCAM  Osmo Action 3   4  Insta 360   Flexible  Multi Angle Adjustable   Mount for Smartph,1,0.0,FreeReplacement,HYDERABAD,FreeReplacement,0.0,0.0,0,True,
2025-08-04,HYD3-764,PS10_OLED_GREEN,B0BRY5L26G,yantralay Carry Case Pouch Cover Compatible with Nintendo Switch OLED with Game Card Slots for Switch Switch OLED Accessories  Video Game   Green,1,565.51,Shipment,BENGALURU,Shipment,565.51,0.0,1,False,
2025-08-04,HYD3-763,DA35,B0F9FM9XHJ,Yantralay Professional 360  Rotating Metal Tripod Ball Head   Quick Release Plate with Bubble Level   8kg Load Capacity   1 4  Screw for DSLR  Camera,1,1890.53,Shipment,Secunderabad,Shipment,1890.53,0.0,1,False,
2025-08-03,HYD8-301,GP47_NEW,B0DRYJZ6VH,Yantralay 360  Rotatable Camera Bike Mount Clamp Motorcycle Handlebar Pole Aluminium Mount for Insta360 X4 X3  Ace Pro Pro2  Hero13 12 11 10 9 For Os,1,1308.53,Shipment,VARANASI,Shipment,1308.53,0.0,1,False,
2025-08-04,HYD8-304,LED_T2,B0F2GKLDXR,Yantralay Slab Key Light for Video Shooting   Content Creation   Adjustable Photography Fill Light   5 Color Temperatures  3200K 5600K    1455 Lumens,1,1842.03,Shipment,HYDERABAD,Shipment,1842.03,0.0,1,False,
2025-08-04,HYD8-303,PS1,B0BJBL1XBS,yantralay Polyester Dual Controller Hard Carry Case Compatible With Ps5 Ps4 Xbox Ipega Controllers   3 Layer Protection Travel Carry Case   Grey,1,833.23,Shipment,HYDERABAD,Shipment,833.23,0.0,1,False,
2025-08-04,HYD3-765,LGONEX4_PREMIUM,B0DZ13Z8RF,yantralay Lens Protector for Insta360 X4  Removable Optical Glass Lens   Anti Scratch  Insta 360 X4 Accessories,1,2521.03,Shipment,NANDIVARAM GUDUVANCHERI,Shipment,2521.03,0.0,1,False,
2025-08-04,HYD8-305,PS10_OLEDCOMBO_YELLOW,B0DJFL8DBY,yantralay 4 in 1 Carrying Case Pouch with Protective Cover for Nintendo Switch OLED  Non Slip Soft Case Cover  Screen Protectors   Thumb Grips for Swi,1,1163.03,Shipment,HYDERABAD,Shipment,1163.03,0.0,1,False,
2025-08-04,HYD3-767,ND_MINI4PRO-6_STARTRCN,B0CJJT6WXR,STARTRC Mini 4 Pro Filters  6 Pack UV CPL ND8 ND16 ND32 ND64 Filter Compatible with DJI Mini 4 Pro Drone  Polarizer and Neutral Density Camera Lens Mu,1,4800.53,Shipment,NEW DELHI,Shipment,4800.53,0.0,1,False,
2025-08-05,HYD8-306,PS1,B0BJBL1XBS,yantralay Polyester Dual Controller Hard Carry Case Compatible With Ps5 Ps4 Xbox Ipega Controllers   3 Layer Protection Travel Carry Case   Grey,1,833.23,Shipment,NOIDA,Shipment,833.23,0.0,1,False,
2025-08-04,HYD3-766,GP10KIT_H9_GP17,B0FC2Z4XM3,yantralay Complete Go Pro Hero 12 11 10 9 Accessory Bundle   Waterproof Housing Case  Silicone Protector  Filter   Lens Kit  Tempered Glass Screen Pro,1,2133.03,Shipment,noida,Shipment,2133.03,0.0,1,False,
2025-08-04,HYD3-764,PS10_OLED_GREEN,B0BRY5L26G,yantralay Carry Case Pouch Cover Compatible with Nintendo Switch OLED with Game Card Slots for Switch Switch OLED Accessories  Video Game   Green,1,-565.51,Refund,BENGALURU,Refund,-565.51,0.0,0,False,
2025-08-05,HYD3-768,GP100,B0723FF53T,yantralay 40 in 1 Action Camera Mount Kit for Hero 13 12 11 10 9 8 7 6 5 SJCAM  Osmo Action 3   4  Insta 360   More   with Selfie Monopod  Straps  Mou,1,1055.36,Shipment,NAGPUR,Shipment,1055.36,0.0,1,False,
2025-08-06,HYD3-769,GP49,B0D456N4QM,yantralay Motorcycle Bike Bicycle Handlebar Mount Clamps with 1 4  Screw Compatible 8 35mm for Gopro Hero 13 12 11 10 9 Max Insta360 ONE X5 X4 X3  ONE,1,920.53,Shipment,BENGALURU,Shipment,920.53,0.0,1,False,
2025-08-07,HYD3-771,GP10_RS4_STARTRC,B0DB1TQPH3,yantralay Portable Carrying Storage Case for DJ I Ronin RS4   RS4 Pro Gimbal EVA Handbag Travel Handheld Shoulder Bag  Grey,1,2763.53,Shipment,NASHIK,Shipment,2763.53,0.0,1,False,
2025-08-06,HYD3-770,GP10_RS4_STARTRC,B0DB1TQPH3,yantralay Portable Carrying Storage Case for DJ I Ronin RS4   RS4 Pro Gimbal EVA Handbag Travel Handheld Shoulder Bag  Grey,1,2763.53,Shipment,RAJAHMUNDRY,Shipment,2763.53,0.0,1,False,
2025-08-06,HYD8-307,GP47_NEW,B0DRYJZ6VH,Yantralay 360  Rotatable Camera Bike Mount Clamp Motorcycle Handlebar Pole Aluminium Mount for Insta360 X4 X3  Ace Pro Pro2  Hero13 12 11 10 9 For Os,1,1308.53,Shipment,Bira,Shipment,1308.53,0.0,1,False,
2025-08-07,HYD8-308,TY98_TUYU,B0F7RP62NV,yantralay Motorcycle Windshield Mounting Clamp Aluminum Mount for Go Pro Hero 13 12 11 10 9 Insta 360 X3 DJ I Action 3 Action Camera Accessories,1,1842.03,Shipment,HYDERABAD,Shipment,1842.03,0.0,1,False,
2025-08-07,HYD3-772,GP45-M,B0F88CFJN2,yantralay Magnetic Camera Mount for Hero 13 12 11 10 9  Insta360 X5 X4 X3  Action 4 5  Osmo Pocket 3   360  Quick Release Car Holder  Heavy Duty Magn,1,1599.53,Shipment,HYDERABAD,Shipment,1599.53,0.0,1,False,
2025-08-07,HYD3-774,GP46-L,B0F91GCRP4,nan,1,0.0,Cancel,HYDERABAD,Cancel,0.0,0.0,0,False,
2025-08-07,HYD8-309,PS1,B0BJBL1XBS,yantralay Polyester Dual Controller Hard Carry Case Compatible With Ps5 Ps4 Xbox Ipega Controllers   3 Layer Protection Travel Carry Case   Grey,1,833.23,Shipment,Bela,Shipment,833.23,0.0,1,False,
2025-08-08,HYD3-776,GP47_NEW,B0DRYJZ6VH,yantralay 360  Rotatable Camera Bike Mount Clamp Motorcycle Handlebar Pole Aluminium Mount for Insta360 X5 X4 X3  Ace Pro Pro2  Hero13 12 11 10 9 Osm,1,1308.53,Shipment,BENGALURU,Shipment,1308.53,0.0,1,False,
2025-08-07,HYD3-775,GP47_NEW,B0DRYJZ6VH,Yantralay 360  Rotatable Camera Bike Mount Clamp Motorcycle Handlebar Pole Aluminium Mount for Insta360 X4 X3  Ace Pro Pro2  Hero13 12 11 10 9 For Os,1,1308.53,Shipment,HOJAI,Shipment,1308.53,0.0,1,False,
2025-08-07,HYD3-773,GP45-M,B0F88CFJN2,yantralay Magnetic Camera Mount for Hero 13 12 11 10 9  Insta360 X5 X4 X3  Action 4 5  Osmo Pocket 3   360  Quick Release Car Holder  Heavy Duty Magn,1,1599.53,Shipment,CHENNAI,Shipment,1599.53,0.0,1,False,
2025-08-08,HYD3-777,GP46-L,B0F91GCRP4,yantralay Double Clamp Mount Bracket with 1 4  Ball Head for Go Pro 13 12 11  Insta 360 X5 X4 X3 Handlebar  Motorcycle  Bicycle  Selfie Stick  Studio,1,1766.07,Shipment,NEW TOWN,Shipment,1766.07,0.0,1,False,
2025-08-08,HYD3-778,GP46-S,B0F91G6H93,yantralay Double Clamp Mount Bracket with 1 4  Ball Head for GoPro  Insta 360 X2 X3  Action Cameras   Handlebar  Motorcycle  Bicycle  Selfie Stick  St,1,1580.07,Shipment,NEW TOWN,Shipment,1580.07,0.0,1,False,
2025-08-08,HYD3-779,GP47_NEW,B0DRYJZ6VH,yantralay 360  Rotatable Camera Bike Mount Clamp Motorcycle Handlebar Pole Aluminium Mount for Insta360 X5 X4 X3  Ace Pro Pro2  Hero13 12 11 10 9 Osm,1,1308.53,Shipment,KHAMMAM,Shipment,1308.53,0.0,1,False,
2025-08-08,HYD3-781,GP47_NEW,B0DRYJZ6VH,yantralay 360  Rotatable Camera Bike Mount Clamp Motorcycle Handlebar Pole Aluminium Mount for Insta360 X5 X4 X3  Ace Pro Pro2  Hero13 12 11 10 9 Osm,1,1308.53,Shipment,Dehradun,Shipment,1308.53,0.0,1,False,
2025-08-08,HYD3-782,GP47_NEW,B0DRYJZ6VH,Yantralay 360  Rotatable Camera Bike Mount Clamp Motorcycle Handlebar Pole Aluminium Mount for Insta360 X4 X3  Ace Pro Pro2  Hero13 12 11 10 9 For Os,1,1308.53,Shipment,VISAKHAPATNAM,Shipment,1308.53,0.0,1,False,
2025-08-09,HYD3-784,GP46-S,B0F91G6H93,nan,1,0.0,Cancel,CHENNAI,Cancel,0.0,0.0,0,False,
2025-08-09,HYD3-786,DA24,B078DMT8KR,Yantralay Nylon Universal Drone and Quadcopter Landing Pad   Portable   Foldable   Compatible with DJI  Parrot  Syma  Hubsan  Holy Stone  UDI Drones,1,1502.53,Shipment,Visakhapatnam,Shipment,1502.53,0.0,1,False,
2025-08-09,HYD8-314,GP47_NEW,B0DRYJZ6VH,yantralay 360  Rotatable Camera Bike Mount Clamp Motorcycle Handlebar Pole Aluminium Mount for Insta360 X5 X4 X3  Ace Pro Pro2  Hero13 12 11 10 9 Osm,1,1308.53,Shipment,RAJNANDGAON,Shipment,1308.53,0.0,1,False,
2025-08-08,HYD8-310,PS1,B0BJBL1XBS,yantralay Polyester Dual Controller Hard Carry Case Compatible With Ps5 Ps4 Xbox Ipega Controllers   3 Layer Protection Travel Carry Case   Grey,1,833.23,Shipment,HYDERABAD,Shipment,833.23,0.0,1,False,
2025-08-09,HYD8-313,PS10_OLED_YELLOW,B0BRY5GJ5Y,yantralay Carry Case Pouch Cover Compatible with Nintendo Switch OLED with Game Card Slots for Switch Switch OLED Accessories  Video Game   Yellow,1,629.53,Shipment,HYDERABAD,Shipment,629.53,0.0,1,False,
2025-08-09,HYD3-783,GP46-M,B0F91GXT2N,yantralay Double Clamp Mount Bracket with 1 4  Ball Head for GoPro  Insta 360 X2 X3  Action Cameras   Handlebar  Motorcycle  Bicycle  Selfie Stick  St,1,1745.03,Shipment,CHENNAI,Shipment,1745.03,0.0,1,False,
2025-08-09,HYD3-788,GP47_NEW,B0DRYJZ6VH,yantralay 360  Rotatable Camera Bike Mount Clamp Motorcycle Handlebar Pole Aluminium Mount for Insta360 X5 X4 X3  Ace Pro Pro2  Hero13 12 11 10 9 Osm,1,1308.53,Shipment,KARIMNAGAR,Shipment,1308.53,0.0,1,False,
2025-08-09,HYD3-785,GP46-M,B0F91GXT2N,yantralay Double Clamp Mount Bracket with 1 4  Ball Head for GoPro  Insta 360 X2 X3  Action Cameras   Handlebar  Motorcycle  Bicycle  Selfie Stick  St,1,1745.03,Shipment,Khardah,Shipment,1745.03,0.0,1,False,
2025-08-10,HYD8-317,LED_T1,B0F2GHS85S,Yantralay 2 Pack Dimmable 5600K USB LED Video Light with Adjustable Tripod Stand   Color Filters   Perfect for Tabletop Photography  Low Angle Shootin,1,2230.03,Shipment,PUNE,Shipment,2230.03,0.0,1,False,
2025-08-09,HYD3-787,GP49,B0D456N4QM,yantralay Motorcycle Bike Bicycle Handlebar Mount Clamps with 1 4  Screw Compatible 8 35mm for Gopro Hero 13 12 11 10 9 Max Insta360 ONE X5 X4 X3  ONE,1,920.53,Shipment,HYDERABAD,Shipment,920.53,0.0,1,False,
2025-08-04,HYD3-763,DA35,B0F9FM9XHJ,Yantralay Professional 360  Rotating Metal Tripod Ball Head   Quick Release Plate with Bubble Level   8kg Load Capacity   1 4  Screw for DSLR  Camera,1,-1890.53,Refund,Secunderabad,Refund,-1890.53,0.0,0,False,
2025-08-08,HYD8-312,GP47_NEW,B0DRYJZ6VH,Yantralay 360  Rotatable Camera Bike Mount Clamp Motorcycle Handlebar Pole Aluminium Mount for Insta360 X4 X3  Ace Pro Pro2  Hero13 12 11 10 9 For Os,1,1308.53,Shipment,CHINSURAH,Shipment,1308.53,0.0,1,False,
2025-08-10,HYD3-789,GP46-L,B0F91GCRP4,yantralay Double Clamp Mount Bracket with 1 4  Ball Head for Go Pro 13 12 11  Insta 360 X5 X4 X3 Handlebar  Motorcycle  Bicycle  Selfie Stick  Studio,1,1842.03,Shipment,BENGALURU,Shipment,1842.03,0.0,1,False,
2025-08-10,HYD8-315,DA31,B0CGDMJ882,Yantralay DSLR Battery Pouch   Portable Waterproof Bag for lp e6 e8 e10 e12 en el14 el15 fw50 f550 Batteries   Convenient Access Design   Compact and,1,484.03,Shipment,BANGALORE,Shipment,484.03,0.0,1,False,
2025-08-10,HYD3-790,GP47_NEW,B0DRYJZ6VH,yantralay 360  Rotatable Camera Bike Mount Clamp Motorcycle Handlebar Pole Aluminium Mount for Insta360 X5 X4 X3  Ace Pro Pro2  Hero13 12 11 10 9 Osm,1,1308.53,Shipment,VASCO DA GAMA,Shipment,1308.53,0.0,1,False,
2025-08-10,HYD3-791,GP12,B0D7BZ38X8,yantralay Aluminium Car Suction Mount 360  Rotatable for Insta 360 X4 X3 X2  Ace Pro ONE R RS  Hero 13 12 11 10 9 8 7  DJI Osmo Action Series   All O,1,1318.23,Shipment,Margao,Shipment,1318.23,0.0,1,False,
2025-08-10,HYD3-792,GP46-L,B0F91GCRP4,yantralay Double Clamp Mount Bracket with 1 4  Ball Head for Go Pro 13 12 11  Insta 360 X5 X4 X3 Handlebar  Motorcycle  Bicycle  Selfie Stick  Studio,1,1842.03,Shipment,KOLKATA,Shipment,1842.03,0.0,1,False,
2025-08-10,HYD8-316,ACCASEONEX5,B0FF2D12YN,Yantralay Invisible Magnetic Dive Case for Insta360 X5   60M Waterproof Underwater Housing for Deep Sea   Snorkeling Shots,1,5819.03,Shipment,DOMBIVLI,Shipment,5819.03,0.0,1,False,
2025-08-11,HYD3-793,GP10_OP3,B0CVQMKG3M,yantralay Protective Carry Case Compatible for DJI OSMO Pocket 3 Camera   Anti Scratch  Wear Resistant   Ideal Travel Accessory for OSMO Pocket 3 Acce,1,872.03,Shipment,GURUGRAM,Shipment,872.03,0.0,1,False,
2025-08-11,HYD3-795,PS1,B0BJBL1XBS,nan,1,0.0,Cancel,MUMBAI,Cancel,0.0,0.0,0,False,
2025-08-11,HYD3-794,GP47-L_TLS,B0DJ9S3SY7,yantralay Camera Clamp Mount   360  Ball Joint Handlebar Holder for Go Pro Hero 13 12 11 10 9  Insta360 X4 X3 X2  ONE R RS  DJI Osmo Action 5 4 3   B,1,1842.03,Shipment,GURUGRAM,Shipment,1842.03,0.0,1,False,
2025-08-11,HYD3-797,GP46-M_GP46-S_GP25_150CMS,B0F99WWGGT,nan,1,0.0,Cancel,BIDAR,Cancel,0.0,0.0,0,False,
2025-08-11,HYD3-797,GP46-M_GP46-S_GP25_150CMS,B0F99WWGGT,yantralay Motorcycle Handlebar Clamp Kit with Dual Clamp Mounts   Invisible Selfie Stick for Insta 360 X4 X3 X2 One RS GO 3   Bike Action Camera Mount,1,4364.03,Shipment,BIDAR,Shipment,4364.03,0.0,1,False,
2025-08-11,HYD3-796,GP47_NEW,B0DRYJZ6VH,yantralay 360  Rotatable Camera Bike Mount Clamp Motorcycle Handlebar Pole Aluminium Mount for Insta360 X5 X4 X3  Ace Pro Pro2  Hero13 12 11 10 9 Osm,1,1308.53,Shipment,BENGALURU,Shipment,1308.53,0.0,1,False,
2025-08-12,HYD3-799,GP47_NEW,B0DRYJZ6VH,nan,1,0.0,Cancel,SECUNDERABAD,Cancel,0.0,0.0,0,False,
2025-08-08,HYD3-781,GP47_NEW,B0DRYJZ6VH,yantralay 360  Rotatable Camera Bike Mount Clamp Motorcycle Handlebar Pole Aluminium Mount for Insta360 X5 X4 X3  Ace Pro Pro2  Hero13 12 11 10 9 Osm,1,-1308.53,Refund,Dehradun,Refund,-1308.53,0.0,0,False,
2025-08-12,HYD3-800,GP47_NEW,B0DRYJZ6VH,yantralay 360  Rotatable Camera Bike Mount Clamp Motorcycle Handlebar Pole Aluminium Mount for Insta360 X5 X4 X3  Ace Pro Pro2  Hero13 12 11 10 9 Osm,1,1308.53,Shipment,SECUNDERABAD,Shipment,1308.53,0.0,1,False,
2025-08-12,HYD3-798,GP47_NEW,B0DRYJZ6VH,yantralay 360  Rotatable Camera Bike Mount Clamp Motorcycle Handlebar Pole Aluminium Mount for Insta360 X5 X4 X3  Ace Pro Pro2  Hero13 12 11 10 9 Osm,1,1308.53,Shipment,DEHRADUN,Shipment,1308.53,0.0,1,False,
2025-08-10,HYD3-792,GP46-L,B0F91GCRP4,yantralay Double Clamp Mount Bracket with 1 4  Ball Head for Go Pro 13 12 11  Insta 360 X5 X4 X3 Handlebar  Motorcycle  Bicycle  Selfie Stick  Studio,1,-1842.03,Refund,KOLKATA,Refund,-1842.03,0.0,0,False,
2025-08-12,HYD3-801,GP49,B0D456N4QM,yantralay Motorcycle Bike Bicycle Handlebar Mount Clamps with 1 4  Screw Compatible 8 35mm for Gopro Hero 13 12 11 10 9 Max Insta360 ONE X5 X4 X3  ONE,1,999.53,Shipment,NEW TOWN,Shipment,999.53,0.0,1,False,
2025-08-12,HYD8-318,GP47_NEW,B0DRYJZ6VH,yantralay 360  Rotatable Camera Bike Mount Clamp Motorcycle Handlebar Pole Aluminium Mount for Insta360 X5 X4 X3  Ace Pro Pro2  Hero13 12 11 10 9 Osm,1,1308.53,Shipment,HYDERABAD,Shipment,1308.53,0.0,1,False,
2025-08-13,HYD8-319,ACFRAMEONEX4_HZ_AL,B0DZZ6M6F2,yantralay Horizontal Vertical Mount Bracket for Insta360 ONE X4   90  Aluminum Vertical Frame Adapter  Durable   Lightweight Insta360 X4 Accessory fo,1,1648.03,Shipment,Aurangabad,Shipment,1648.03,0.0,1,False,
2025-08-13,HYD3-802,ACCASEONEX4,B0DZZC8YJV,Yantralay Invisible Dive Case for Insta360 X4   Waterproof Diving Housing Cover  Protective PC Sealed Shell with Bracket for Underwater Photography,1,5625.03,Shipment,Hyderabad,Shipment,5625.03,0.0,1,False,
2025-08-11,HYD3-797,GP46-M_GP46-S_GP25_150CMS,B0F99WWGGT,yantralay Motorcycle Handlebar Clamp Kit with Dual Clamp Mounts   Invisible Selfie Stick for Insta 360 X4 X3 X2 One RS GO 3   Bike Action Camera Mount,1,-4364.03,Refund,BIDAR,Refund,-4364.03,0.0,0,False,
2025-08-13,HYD8-322,PS1,B0BJBL1XBS,yantralay Polyester Dual Controller Hard Carry Case Compatible With Ps5 Ps4 Xbox Ipega Controllers   3 Layer Protection Travel Carry Case   Grey,1,949.63,Shipment,HYDERABAD,Shipment,949.63,0.0,1,False,
2025-08-13,HYD3-803,DA31,B0CGDMJ882,Yantralay DSLR Battery Pouch   Portable Waterproof Bag for lp e6 e8 e10 e12 en el14 el15 fw50 f550 Batteries   Convenient Access Design   Compact and,1,484.03,Shipment,GUNTUR,Shipment,484.03,0.0,1,False,
2025-08-13,HYD8-321,GP100,B0723FF53T,yantralay 40 in 1 Action Camera Mount Kit for Hero 13 12 11 10 9 8 7 6 5 SJCAM  Osmo Action 3   4  Insta 360   More   with Selfie Monopod  Straps  Mou,1,1104.83,Shipment,HYDERABAD,Shipment,1104.83,0.0,1,False,
2025-08-13,HYD3-804,GP290XL_AL,B0F7Y3T6JV,yantralay Triple Suction Aluminium Mount with 1 4  Standard Screw Mount Compatible for Hero 12 11 10 9  Insta 360 ONE X3 X2 ONER RS ACE PRO   All Othe,1,2618.03,Shipment,NOIDA,Shipment,2618.03,0.0,1,False,
2025-08-13,HYD8-320,CG5,B0DW9FS3FL,yantralay 40 Cms 16 inch Monitor Light  Touch Control USB Powered LED Lamp for Computer  10 Level Dimmable with 3 Color Modes  IP44 Waterproof e Readi,1,2424.03,Shipment,THANE,Shipment,2424.03,0.0,1,False,
2025-08-14,HYD3-805,GP46-S,B0F91G6H93,yantralay Double Clamp Mount Bracket with 1 4  Ball Head for GoPro  Insta 360 X2 X3  Action Cameras   Handlebar  Motorcycle  Bicycle  Selfie Stick  St,1,1648.03,Shipment,KOLKATA,Shipment,1648.03,0.0,1,False,
2025-08-10,HYD3-791,GP12,B0D7BZ38X8,yantralay Aluminium Car Suction Mount 360  Rotatable for Insta 360 X4 X3 X2  Ace Pro ONE R RS  Hero 13 12 11 10 9 8 7  DJI Osmo Action Series   All O,1,-1318.23,Refund,Margao,Refund,-1318.23,0.0,0,False,
2025-08-15,HYD3-806,PS1,B0BJBL1XBS,yantralay Polyester Dual Controller Hard Carry Case Compatible With Ps5 Ps4 Xbox Ipega Controllers   3 Layer Protection Travel Carry Case   Grey,1,949.63,Shipment,HYDERABAD,Shipment,949.63,0.0,1,False,
2025-08-15,HYD3-807,GP45-S,B0F88FL4CN,yantralay Magnetic Camera Mount for Hero 13 12 11 10 9  Insta360 X5 X4 X3  Action 4 5  Osmo Pocket 3   360  Quick Release Car Holder  Heavy Duty Magn,1,1502.53,Shipment,Mangalagiri,Shipment,1502.53,0.0,1,False,
2025-08-15,HYD3-806,PS1,B0BJBL1XBS,yantralay Polyester Dual Controller Hard Carry Case Compatible With Ps5 Ps4 Xbox Ipega Controllers   3 Layer Protection Travel Carry Case   Grey,1,-949.63,Refund,HYDERABAD,Refund,-949.63,0.0,0,False,
2025-08-16,HYD8-325,PS1,B0BJBL1XBS,yantralay Polyester Dual Controller Hard Carry Case Compatible With Ps5 Ps4 Xbox Ipega Controllers   3 Layer Protection Travel Carry Case   Grey,1,949.63,Shipment,HYDERABAD,Shipment,949.63,0.0,1,False,
2025-08-16,HYD8-326,GP100,B0723FF53T,yantralay 40 in 1 Action Camera Mount Kit for Hero 13 12 11 10 9 8 7 6 5 SJCAM  Osmo Action 3   4  Insta 360   More   with Selfie Monopod  Straps  Mou,1,1104.83,Shipment,HYDERABAD,Shipment,1104.83,0.0,1,False,
2025-08-15,HYD3-808,ND_MINI4PRO-6_STARTRCN,B0CJJT6WXR,STARTRC Mini 4 Pro Filters  6 Pack UV CPL ND8 ND16 ND32 ND64 Filter Compatible with DJI Mini 4 Pro Drone  Polarizer and Neutral Density Camera Lens Mu,1,4751.04,Shipment,VISAKHAPATNAM,Shipment,4751.04,0.0,1,False,
2025-08-16,HYD3-812,GP45-S,B0F88FL4CN,nan,1,0.0,Cancel,HYDERABAD,Cancel,0.0,0.0,0,False,
2025-08-15,HYD3-809,LGONEX4,B0F7RT4HGJ,yantralay 2Pcs Lens Guard for Insta 360 X4   Scratch Resistant Protective Lens Cover   High Transparency Optical Coated Cap   Insta 360 X4 Camera Acce,1,775.03,Shipment,VELLORE,Shipment,775.03,0.0,1,False,
2025-08-16,HYD8-324,PS10_OLED_GREEN,B0BRY5L26G,yantralay Carry Case Pouch Cover Compatible with Nintendo Switch OLED with Game Card Slots for Switch Switch OLED Accessories  Video Game   Green,1,629.53,Shipment,HYDERABAD,Shipment,629.53,0.0,1,False,
2025-08-16,HYD3-813,LGONEX4,B0F7RT4HGJ,yantralay 2Pcs Lens Guard for Insta 360 X4   Scratch Resistant Protective Lens Cover   High Transparency Optical Coated Cap   Insta 360 X4 Camera Acce,1,755.63,Shipment,HYDERABAD,Shipment,755.63,0.0,1,False,
2025-08-16,HYD3-814,DR_STRAP-1133202,B0CNLDVL42,STARTRC Lanyard Neck Strap for DJI RC Controller  Adjustable for Mini 4 Pro Air 3 Mini 3 Mavic 3 Remote Controller Accessories  Grey,1,1565.58,Shipment,DOWLESWARAM,Shipment,1565.58,0.0,1,False,
2025-08-16,HYD3-811,LGONEX4,B0F7RT4HGJ,yantralay 2Pcs Lens Guard for Insta 360 X4   Scratch Resistant Protective Lens Cover   High Transparency Optical Coated Cap   Insta 360 X4 Camera Acce,1,775.03,Shipment,JAIPUR,Shipment,775.03,0.0,1,False,
2025-08-15,HYD8-323,GP49,B0D456N4QM,yantralay Motorcycle Bike Bicycle Handlebar Mount Clamps with 1 4  Screw Compatible 8 35mm for Gopro Hero 13 12 11 10 9 Max Insta360 ONE X5 X4 X3  ONE,1,920.53,Shipment,BHUBANESWAR,Shipment,920.53,0.0,1,False,
2025-08-16,HYD3-810,GP10_OM7P_STARTRC,B0F2J6Z8WT,yantralay Osmo Mobile 7P Case Portable PU Shoulder Bag for DJI OM 7 Pro 7 Gimbal Stabilizer Travel Case for DJI Osmo Mobile 7 7P,1,1260.03,Shipment,DOOM DOOMA,Shipment,1260.03,0.0,1,False,
2025-08-09,HYD3-787,GP49,B0D456N4QM,yantralay Motorcycle Bike Bicycle Handlebar Mount Clamps with 1 4  Screw Compatible 8 35mm for Gopro Hero 13 12 11 10 9 Max Insta360 ONE X5 X4 X3  ONE,1,-920.53,Refund,HYDERABAD,Refund,-920.53,0.0,0,False,
2025-08-18,HYD8-327,GP1620_TLSNK,B08MSR2SNJ,TELESIN Upgraded Motorcycle Helmet Chin Mount for GoPro Max Hero 10 9 8 7 One R One X DJI Osmo Action Pocket Cellphone   More Action Camera with Go Pr,1,1131.02,Shipment,NEBADHAI DUTTAPUKUR,Shipment,1131.02,0.0,1,False,
2025-08-18,HYD3-816,GP28COMBO_X3N,B0BY8178B6,PellKing Camera Protective Accessories Kit for Insta360 X3  Inst 360 X3 Bundle Include Lens Guard Silicone Protective Cover Screen Protectors Camera C,1,1086.4,Shipment,HYDERABAD,Shipment,1086.4,0.0,1,False,
2025-08-18,HYD3-817,GP28COMBO_X3N,B0BY8178B6,PellKing Camera Protective Accessories Kit for Insta360 X3  Inst 360 X3 Bundle Include Lens Guard Silicone Protective Cover Screen Protectors Camera C,1,1086.4,Shipment,HYDERABAD,Shipment,1086.4,0.0,1,False,
2025-08-18,HYD8-329,GP162TELESINN,B07G5XWJJM,TELESIN Motorcycle Helmet Strap Mount Front Chin Mount for GoPro Hero 2018 7 6 5 4 3  Session  SJCAM  AKASO  Campark  Polaroid  YI Action Camera Helme,1,762.24,Shipment,WARANGAL,Shipment,762.24,0.0,1,False,
2025-08-18,HYD8-330,PS1,B0BJBL1XBS,yantralay Polyester Dual Controller Hard Carry Case Compatible With Ps5 Ps4 Xbox Ipega Controllers   3 Layer Protection Travel Carry Case   Grey,1,877.85,Shipment,greater noida,Shipment,877.85,0.0,1,False,
2025-08-18,HYD3-818,GP10_ONEX4_STARTRC,B0DDXP86FQ,yantralay x Startr c Carrying Case for Insta 360 X4 X5  Portable PU Storage Protective Bag Travel Case for Insta 360 X4 X5 Accessories with Large Capa,1,1587.89,Shipment,HYDERABAD,Shipment,1587.89,0.0,1,False,
2025-08-18,HYD3-815,PS5_VERTICALSTAND,B0DGTZGCNQ,yantralay 2 in 1 Vertical Stand for PS 5   PS 5 Slim Consoles Non Slip Base Mount for PS 5 Accessories  for PS5   PS5 Slim Digital   Disc Version,1,872.03,Shipment,HYDERABAD,Shipment,872.03,0.0,1,False,
2025-08-18,HYD8-328,GP10_RS4_STARTRC,B0DB1TQPH3,yantralay Portable Carrying Storage Case for DJ I Ronin RS4   RS4 Pro Gimbal EVA Handbag Travel Handheld Shoulder Bag  Grey,1,2624.82,Shipment,CHERTHALA,Shipment,2624.82,0.0,1,False,
2025-08-19,HYD8-331,IN_MICMOUNT_X4,B0DZJQ8F1R,nan,1,0.0,Cancel,JANAI,Cancel,0.0,0.0,0,False,
2025-08-18,HYD3-819,GP28COMBO_X3N,B0BY8178B6,PellKing Camera Protective Accessories Kit for Insta360 X3  Inst 360 X3 Bundle Include Lens Guard Silicone Protective Cover Screen Protectors Camera C,1,1086.4,Shipment,INDORE,Shipment,1086.4,0.0,1,False,
2025-08-18,HYD3-820,SGONEX4-2_LGONEX4,B0F8VRR8JY,yantralay Insta 360 X4 Lens Guard   Screen Protector Combo Kit   Lens Covers   Anti Scratch  Tempered Glass Screen   Insta 360 X4 Accessories,1,1228.02,Shipment,HYDERABAD,Shipment,1228.02,0.0,1,False,
2025-08-19,HYD3-822,GP28COMBO_X3N,B0BY8178B6,PellKing Camera Protective Accessories Kit for Insta360 X3  Inst 360 X3 Bundle Include Lens Guard Silicone Protective Cover Screen Protectors Camera C,1,1086.4,Shipment,GURUGRAM,Shipment,1086.4,0.0,1,False,
2025-08-19,HYD3-821,GP46-L,B0F91GCRP4,yantralay Double Clamp Mount Bracket with 1 4  Ball Head for Go Pro 13 12 11  Insta 360 X5 X4 X3 Handlebar  Motorcycle  Bicycle  Selfie Stick  Studio,1,1795.47,Shipment,VASCO DA GAMA,Shipment,1795.47,0.0,1,False,
2025-08-20,HYD3-824,GP28COMBO_X3N,B0BY8178B6,PellKing Camera Protective Accessories Kit for Insta360 X3  Inst 360 X3 Bundle Include Lens Guard Silicone Protective Cover Screen Protectors Camera C,1,1086.4,Shipment,Parbhani,Shipment,1086.4,0.0,1,False,
2025-08-18,HYD3-818,GP10_ONEX4_STARTRC,B0DDXP86FQ,yantralay x Startr c Carrying Case for Insta 360 X4 X5  Portable PU Storage Protective Bag Travel Case for Insta 360 X4 X5 Accessories with Large Capa,1,-1587.89,Refund,HYDERABAD,Refund,-1587.89,0.0,0,False,
2025-08-20,HYD3-823,GP45-S,B0F88FL4CN,yantralay Magnetic Camera Mount for Hero 13 12 11 10 9  Insta360 X5 X4 X3  Action 4 5  Osmo Pocket 3   360  Quick Release Car Holder  Heavy Duty Magn,1,1502.53,Shipment,BANGALORE,Shipment,1502.53,0.0,1,False,
2025-08-20,HYD8-332,PS1,B0BJBL1XBS,yantralay Polyester Dual Controller Hard Carry Case Compatible With Ps5 Ps4 Xbox Ipega Controllers   3 Layer Protection Travel Carry Case   Grey,1,877.85,Shipment,DELHI,Shipment,877.85,0.0,1,False,
2025-08-20,HYD3-826,PS10_PS5PORTALCOMBO,B0DF2Z2X1Q,yantralay 6 in 1 Hard Carrying Case with Protective Cover for Play Station 5 Portal  Non Slip Soft Case Cover   Screen Protectors   Thumb Grips for PS,1,2007.9,Shipment,BENGALURU,Shipment,2007.9,0.0,1,False,
2025-08-20,HYD3-827,GP49,B0D456N4QM,yantralay Motorcycle Bike Bicycle Handlebar Mount Clamps with 1 4  Screw Compatible 8 35mm for Gopro Hero 13 12 11 10 9 Max Insta360 ONE X5 X4 X3  ONE,1,873.97,Shipment,Hyderabad,Shipment,873.97,0.0,1,False,
2025-08-14,HYD3-805,GP46-S,B0F91G6H93,yantralay Double Clamp Mount Bracket with 1 4  Ball Head for GoPro  Insta 360 X2 X3  Action Cameras   Handlebar  Motorcycle  Bicycle  Selfie Stick  St,1,-1648.03,Refund,KOLKATA,Refund,-1648.03,0.0,0,False,
2025-08-21,HYD3-828,GP46-L,B0F91GCRP4,yantralay Double Clamp Mount Bracket with 1 4  Ball Head for Go Pro 13 12 11  Insta 360 X5 X4 X3 Handlebar  Motorcycle  Bicycle  Selfie Stick  Studio,1,1795.47,Shipment,Vijayawada,Shipment,1795.47,0.0,1,False,
2025-08-21,HYD3-829,CWATCUN_D129N,B0D8HTSVZH,Cwatcun Camera Backpack Hardshell for Photography  2 in1 Shockproof Camera Sling Bag  Waterproof Camera Case Crossbody with Tripod Holder  Rain Cover,1,4369.05,Shipment,HYDERABAD,Shipment,4369.05,0.0,1,False,
2025-08-05,HYD3-768,GP100,B0723FF53T,yantralay 40 in 1 Action Camera Mount Kit for Hero 13 12 11 10 9 8 7 6 5 SJCAM  Osmo Action 3   4  Insta 360   More   with Selfie Monopod  Straps  Mou,1,-1055.36,Refund,NAGPUR,Refund,-1055.36,0.0,0,False,
2025-08-22,HYD3-830,GP10_OM7P_STARTRC,B0F2J6Z8WT,yantralay Osmo Mobile 7P Case Portable PU Shoulder Bag for DJI OM 7 Pro 7 Gimbal Stabilizer Travel Case for DJI Osmo Mobile 7 7P,1,1260.03,Shipment,VIJAPURA,Shipment,1260.03,0.0,1,False,
2025-08-22,HYD3-831,GP10_OM7P_STARTRC,B0F2J6Z8WT,yantralay Osmo Mobile 7P Case Portable PU Shoulder Bag for DJI OM 7 Pro 7 Gimbal Stabilizer Travel Case for DJI Osmo Mobile 7 7P,1,1260.03,Shipment,DHANA,Shipment,1260.03,0.0,1,False,
2025-08-22,HYD3-832,DA31,B0CGDMJ882,Yantralay DSLR Battery Pouch   Portable Waterproof Bag for lp e6 e8 e10 e12 en el14 el15 fw50 f550 Batteries   Convenient Access Design   Compact and,1,484.03,Shipment,OOTY,Shipment,484.03,0.0,1,False,
2025-08-22,HYD3-833,GP28COMBO_X3N,B0BY8178B6,PellKing Camera Protective Accessories Kit for Insta360 X3  Inst 360 X3 Bundle Include Lens Guard Silicone Protective Cover Screen Protectors Camera C,1,1086.4,Shipment,Arthamuru,Shipment,1086.4,0.0,1,False,
2025-08-23,HYD3-836,PS1,B0BJBL1XBS,yantralay Polyester Dual Controller Hard Carry Case Compatible With Ps5 Ps4 Xbox Ipega Controllers   3 Layer Protection Travel Carry Case   Grey,1,877.85,Shipment,Hyderabad,Shipment,877.85,0.0,1,False,
2025-08-23,HYD3-835,GP12,B0D7BZ38X8,yantralay Aluminium Car Suction Mount 360  Rotatable for Insta 360 X4 X3 X2  Ace Pro ONE R RS  Hero 13 12 11 10 9 8 7  DJI Osmo Action Series   All O,1,1252.27,Shipment,delhi,Shipment,1252.27,0.0,1,False,
2025-08-23,HYD3-837,GP28COMBO1_H13,B0DHYCQR66,Yantralay Silicone Lanyard Sleeve Protective Cover   6PCS Tempered Glass Screen Guard with Silicone Lens Cover Compatible with GoPro Hero 9 Black Acti,1,626.62,Shipment,HYDERABAD,Shipment,626.62,0.0,1,False,
2025-08-23,HYD3-839,GP10_RS4_STARTRC,B0DB1TQPH3,yantralay Portable Carrying Storage Case for DJ I Ronin RS4   RS4 Pro Gimbal EVA Handbag Travel Handheld Shoulder Bag  Grey,1,2624.82,Shipment,DEHRADUN,Shipment,2624.82,0.0,1,False,
2025-08-23,HYD3-838,GP28COMBO_X3N,B0BY8178B6,PellKing Camera Protective Accessories Kit for Insta360 X3  Inst 360 X3 Bundle Include Lens Guard Silicone Protective Cover Screen Protectors Camera C,1,1086.4,Shipment,Kolkata,Shipment,1086.4,0.0,1,False,
2025-08-22,HYD3-830,GP10_OM7P_STARTRC,B0F2J6Z8WT,yantralay Osmo Mobile 7P Case Portable PU Shoulder Bag for DJI OM 7 Pro 7 Gimbal Stabilizer Travel Case for DJI Osmo Mobile 7 7P,1,-1260.03,Refund,VIJAPURA,Refund,-1260.03,0.0,0,False,
2025-08-22,HYD3-831,GP10_OM7P_STARTRC,B0F2J6Z8WT,yantralay Osmo Mobile 7P Case Portable PU Shoulder Bag for DJI OM 7 Pro 7 Gimbal Stabilizer Travel Case for DJI Osmo Mobile 7 7P,1,-1260.03,Refund,DHANA,Refund,-1260.03,0.0,0,False,
2025-08-24,HYD3-840,PS10_PS5PORTALCOMBO,B0DF2Z2X1Q,yantralay 6 in 1 Hard Carrying Case with Protective Cover for Play Station 5 Portal  Non Slip Soft Case Cover   Screen Protectors   Thumb Grips for PS,1,2007.9,Shipment,BHUBANESWAR,Shipment,2007.9,0.0,1,False,
2025-08-24,HYD3-842,PS10_PS5PORTALCOMBO,B0DF2Z2X1Q,yantralay 6 in 1 Hard Carrying Case with Protective Cover for Play Station 5 Portal  Non Slip Soft Case Cover   Screen Protectors   Thumb Grips for PS,1,1925.1,Shipment,AHMEDABAD,Shipment,1925.1,0.0,1,False,
2025-08-24,HYD8-334,GP47_NEW,B0DRYJZ6VH,nan,1,0.0,Cancel,CHENNAI,Cancel,0.0,0.0,0,False,
2025-08-24,HYD3-844,GP10_ONEX4_STARTRC,B0DDXP86FQ,yantralay x Startr c Carrying Case for Insta 360 X4 X5  Portable PU Storage Protective Bag Travel Case for Insta 360 X4 X5 Accessories with Large Capa,1,1587.89,Shipment,NOIDA,Shipment,1587.89,0.0,1,False,
2025-08-20,HYD3-827,GP49,B0D456N4QM,yantralay Motorcycle Bike Bicycle Handlebar Mount Clamps with 1 4  Screw Compatible 8 35mm for Gopro Hero 13 12 11 10 9 Max Insta360 ONE X5 X4 X3  ONE,1,-873.97,Refund,Hyderabad,Refund,-873.97,0.0,0,False,
2025-08-24,HYD3-843,GP10_OM7P_STARTRC,B0F2J6Z8WT,yantralay Osmo Mobile 7P Case Portable PU Shoulder Bag for DJI OM 7 Pro 7 Gimbal Stabilizer Travel Case for DJI Osmo Mobile 7 7P,1,1260.03,Shipment,MUMBAI,Shipment,1260.03,0.0,1,False,
2025-08-24,HYD8-333,GP100,B0723FF53T,yantralay 40 in 1 Action Camera Mount Kit for Hero 13 12 11 10 9 8 7 6 5 SJCAM  Osmo Action 3   4  Insta 360   More   with Selfie Monopod  Straps  Mou,1,1104.83,Shipment,BELLAMPALLE,Shipment,1104.83,0.0,1,False,
2025-08-12,HYD3-801,GP49,B0D456N4QM,yantralay Motorcycle Bike Bicycle Handlebar Mount Clamps with 1 4  Screw Compatible 8 35mm for Gopro Hero 13 12 11 10 9 Max Insta360 ONE X5 X4 X3  ONE,1,-999.53,Refund,NEW TOWN,Refund,-999.53,0.0,0,False,
2025-08-24,HYD3-841,PS10_OLEDCOMBO_GREEN,B0DJFLRGQF,yantralay Carry Case Pouch Cover Compatible with Nintendo Switch OLED  OLED 2 with Game Card Slots for Switch Switch OLED OLED 2 Accessories  Video Ga,1,1104.83,Shipment,BHARUCH,Shipment,1104.83,0.0,1,False,
2025-08-25,HYD8-336,GP47_NEW,B0DRYJZ6VH,yantralay 360  Rotatable Camera Bike Mount Clamp Motorcycle Handlebar Pole Aluminium Mount for Insta360 X5 X4 X3  Ace Pro Pro2  Hero13 12 11 10 9 Osm,1,1315.0,Shipment,HYDERABAD,Shipment,1315.0,0.0,1,False,
2025-08-25,HYD3-846,ACFRAMEOP3_STARTRCN,B0CR1C9243,STARTRC OSMO Pocket 3 360  Rotation Backpack Clip Mount Shoulder Strap Accessories for DJI Pocket 3 OSMO Pocket 3 Action Cameras,1,1710.11,Shipment,HYDERABAD,Shipment,1710.11,0.0,1,False,
2025-08-25,HYD3-848,ND_MINI4PRO-6_STARTRCN,B0CJJT6WXR,STARTRC Mini 4 Pro Filters  6 Pack UV CPL ND8 ND16 ND32 ND64 Filter Compatible with DJI Mini 4 Pro Drone  Polarizer and Neutral Density Camera Lens Mu,1,4800.53,Shipment,KOLKATA,Shipment,4800.53,0.0,1,False,
2025-08-25,HYD3-849,TR-S-CAMOFLAGUE_TARIONN,B0BM9GT8NT,TARION Camera Sling Bag DSLR Sling Pack for Men Women Photographers with Waterproof Raincover Tripod Holder Sling Backpack Camera Bag Backpack Photogr,1,4727.78,Shipment,MUMBAI,Shipment,4727.78,0.0,1,False,
2025-08-25,HYD3-851,GP10_OM7P_STARTRC,B0F2J6Z8WT,yantralay Osmo Mobile 7P Case Portable PU Shoulder Bag for DJI OM 7 Pro 7 Gimbal Stabilizer Travel Case for DJI Osmo Mobile 7 7P,1,1260.03,Shipment,MUMBAI,Shipment,1260.03,0.0,1,False,
2025-08-25,HYD3-847,ND_OP3-6_STARTRCN,B0CLTTKV97,STARTRAC Magnetic ND   CPL Filters Set for DJI Osmo Pocket 3 Creator Combo   6 Pack CPL  ND 8  16  32  64  256  Ultra Slim Aluminum Frame,1,3782.03,Shipment,NEW DELHI,Shipment,3782.03,0.0,1,False,
2025-08-24,HYD8-335,GP47_NEW,B0DRYJZ6VH,yantralay 360  Rotatable Camera Bike Mount Clamp Motorcycle Handlebar Pole Aluminium Mount for Insta360 X5 X4 X3  Ace Pro Pro2  Hero13 12 11 10 9 Osm,1,1315.0,Shipment,BENGALURU,Shipment,1315.0,0.0,1,False,
2025-08-24,HYD3-845,PS10_OLED_GREEN,B0BRY5L26G,yantralay Carry Case Pouch Cover Compatible with Nintendo Switch OLED  OLED 2 with Game Card Slots for Switch Switch OLED OLED 2 Accessories  Video Ga,1,597.52,Shipment,VARKALA,Shipment,597.52,0.0,1,False,
2025-08-25,HYD3-850,TR-S-CAMOFLAGUE_TARIONN,B0BM9GT8NT,TARION Camera Sling Bag DSLR Sling Pack for Men Women Photographers with Waterproof Raincover Tripod Holder Sling Backpack Camera Bag Backpack Photogr,1,4727.78,Shipment,BANGAON,Shipment,4727.78,0.0,1,False,
2025-08-21,HYD3-828,GP46-L,B0F91GCRP4,yantralay Double Clamp Mount Bracket with 1 4  Ball Head for Go Pro 13 12 11  Insta 360 X5 X4 X3 Handlebar  Motorcycle  Bicycle  Selfie Stick  Studio,1,-1795.47,Refund,Vijayawada,Refund,-1795.47,0.0,0,False,
2025-08-25,HYD3-854,GP47_NEW,B0DRYJZ6VH,yantralay 360  Rotatable Camera Bike Mount Clamp Motorcycle Handlebar Pole Aluminium Mount for Insta360 X5 X4 X3  Ace Pro Pro2  Hero13 12 11 10 9 Osm,1,1315.0,Shipment,hyderabad,Shipment,1315.0,0.0,1,False,
2025-08-25,HYD3-852,GP28COMBO1_H13,B0DHYCQR66,Yantralay Silicone Lanyard Sleeve Protective Cover   6PCS Tempered Glass Screen Guard with Silicone Lens Cover Compatible with GoPro Hero 9 Black Acti,1,626.62,Shipment,DEHRADUN,Shipment,626.62,0.0,1,False,
2025-08-25,HYD3-853,GP10_OM7P_STARTRC,B0F2J6Z8WT,yantralay Osmo Mobile 7P Case Portable PU Shoulder Bag for DJI OM 7 Pro 7 Gimbal Stabilizer Travel Case for DJI Osmo Mobile 7 7P,1,1260.03,Shipment,SURAT,Shipment,1260.03,0.0,1,False,
2025-08-26,HYD3-856,GP28COMBO_X3N,B0BY8178B6,PellKing Camera Protective Accessories Kit for Insta360 X3  Inst 360 X3 Bundle Include Lens Guard Silicone Protective Cover Screen Protectors Camera C,1,1086.4,Shipment,NADIAD,Shipment,1086.4,0.0,1,False,
2025-08-24,HYD8-333,GP100,B0723FF53T,yantralay 40 in 1 Action Camera Mount Kit for Hero 13 12 11 10 9 8 7 6 5 SJCAM  Osmo Action 3   4  Insta 360   More   with Selfie Monopod  Straps  Mou,1,-1104.83,Refund,BELLAMPALLE,Refund,-1104.83,0.0,0,False,
2025-08-26,HYD8-337,PS1,B0BJBL1XBS,yantralay Polyester Dual Controller Hard Carry Case Compatible With Ps5 Ps4 Xbox Ipega Controllers   3 Layer Protection Travel Carry Case   Grey,1,877.85,Shipment,HYDERABAD,Shipment,877.85,0.0,1,False,
2025-08-25,HYD3-855,GP10_OM7P_STARTRC,B0F2J6Z8WT,yantralay Osmo Mobile 7P Case Portable PU Shoulder Bag for DJI OM 7 Pro 7 Gimbal Stabilizer Travel Case for DJI Osmo Mobile 7 7P,1,1260.03,Shipment,ANAND,Shipment,1260.03,0.0,1,False,
2025-08-26,HYD3-859,GP162TELESINN,B07G5XWJJM,TELESIN Motorcycle Helmet Strap Mount Front Chin Mount for GoPro Hero 2018 7 6 5 4 3  Session  SJCAM  AKASO  Campark  Polaroid  YI Action Camera Helme,1,770.18,Shipment,HYDERABAD,Shipment,770.18,0.0,1,False,
2025-08-26,HYD3-861,GP10_OM7P_STARTRC,B0F2J6Z8WT,yantralay Osmo Mobile 7P Case Portable PU Shoulder Bag for DJI OM 7 Pro 7 Gimbal Stabilizer Travel Case for DJI Osmo Mobile 7 7P,1,1260.03,Shipment,WARANGAL,Shipment,1260.03,0.0,1,False,
2025-08-26,HYD3-862,GP45-S,B0F88FL4CN,yantralay Magnetic Camera Mount for Hero 13 12 11 10 9  Insta360 X5 X4 X3  Action 4 5  Osmo Pocket 3   360  Quick Release Car Holder  Heavy Duty Magn,1,1502.53,Shipment,BANGALORE,Shipment,1502.53,0.0,1,False,
2025-08-27,HYD3-863,TR-S-CAMOFLAGUE_TARIONN,B0BM9GT8NT,TARION Camera Sling Bag DSLR Sling Pack for Men Women Photographers with Waterproof Raincover Tripod Holder Sling Backpack Camera Bag Backpack Photogr,1,4727.78,Shipment,BOLPUR,Shipment,4727.78,0.0,1,False,
2025-08-26,HYD3-857,GP10_OM7P_STARTRC,B0F2J6Z8WT,yantralay Osmo Mobile 7P Case Portable PU Shoulder Bag for DJI OM 7 Pro 7 Gimbal Stabilizer Travel Case for DJI Osmo Mobile 7 7P,1,1260.03,Shipment,BASTAR,Shipment,1260.03,0.0,1,False,
2025-08-27,HYD3-864,GP28COMBO_X3N,B0BY8178B6,PellKing Camera Protective Accessories Kit for Insta360 X3  Inst 360 X3 Bundle Include Lens Guard Silicone Protective Cover Screen Protectors Camera C,1,1086.4,Shipment,AHMEDABAD,Shipment,1086.4,0.0,1,False,
2025-08-26,HYD3-860,GP10_OM7P_STARTRC,B0F2J6Z8WT,yantralay Osmo Mobile 7P Case Portable PU Shoulder Bag for DJI OM 7 Pro 7 Gimbal Stabilizer Travel Case for DJI Osmo Mobile 7 7P,1,1260.03,Shipment,PARDI,Shipment,1260.03,0.0,1,False,
2025-08-28,HYD8-340,GP10_OM7P_STARTRC,B0F2J6Z8WT,yantralay Osmo Mobile 7P Case Portable PU Shoulder Bag for DJI OM 7 Pro 7 Gimbal Stabilizer Travel Case for DJI Osmo Mobile 7 7P,1,1260.03,Shipment,THIRUVALLA,Shipment,1260.03,0.0,1,False,
2025-08-28,HYD3-865,GP28COMBO_X3N,B0BY8178B6,PellKing Camera Protective Accessories Kit for Insta360 X3  Inst 360 X3 Bundle Include Lens Guard Silicone Protective Cover Screen Protectors Camera C,1,1086.4,Shipment,GURUGRAM,Shipment,1086.4,0.0,1,False,
2025-08-28,HYD8-339,GP12,B0D7BZ38X8,yantralay Aluminium Car Suction Mount 360  Rotatable for Insta 360 X4 X3 X2  Ace Pro ONE R RS  Hero 13 12 11 10 9 8 7  DJI Osmo Action Series   All O,1,1252.27,Shipment,HYDERABAD,Shipment,1252.27,0.0,1,False,
2025-08-18,HYD8-328,GP10_RS4_STARTRC,B0DB1TQPH3,yantralay Portable Carrying Storage Case for DJ I Ronin RS4   RS4 Pro Gimbal EVA Handbag Travel Handheld Shoulder Bag  Grey,1,-2624.82,Refund,CHERTHALA,Refund,-2624.82,0.0,0,False,
2025-08-21,HYD3-829,CWATCUN_D129N,B0D8HTSVZH,Cwatcun Camera Backpack Hardshell for Photography  2 in1 Shockproof Camera Sling Bag  Waterproof Camera Case Crossbody with Tripod Holder  Rain Cover,1,-4369.05,Refund,HYDERABAD,Refund,-4369.05,0.0,0,False,
2025-08-26,HYD3-861,GP10_OM7P_STARTRC,B0F2J6Z8WT,yantralay Osmo Mobile 7P Case Portable PU Shoulder Bag for DJI OM 7 Pro 7 Gimbal Stabilizer Travel Case for DJI Osmo Mobile 7 7P,1,-1260.03,Refund,WARANGAL,Refund,-1260.03,0.0,0,False,
2025-08-29,HYD8-341,PS2_YELLOW,B0BL1HQ3C4,yantralay Controller Gamepad Carry Case   Ultimate Protection Compatible for PS5 PS4 PS3 Switch Pro Xbox Joysticks Waterproof  Scratch Protection  Dur,1,484.03,Shipment,HYDERABAD,Shipment,484.03,0.0,1,False,
2025-08-30,HYD8-342,GP49,B0D456N4QM,yantralay Motorcycle Bike Bicycle Handlebar Mount Clamps with 1 4  Screw Compatible 8 35mm for Gopro Hero 13 12 11 10 9 Max Insta360 ONE X5 X4 X3  ONE,1,873.97,Shipment,Bidhan Nagar,Shipment,873.97,0.0,1,False,
2025-08-25,HYD3-850,TR-S-CAMOFLAGUE_TARIONN,B0BM9GT8NT,TARION Camera Sling Bag DSLR Sling Pack for Men Women Photographers with Waterproof Raincover Tripod Holder Sling Backpack Camera Bag Backpack Photogr,1,-4727.78,Refund,BANGAON,Refund,-4727.78,0.0,0,False,
2025-08-31,HYD8-343,PS1,B0BJBL1XBS,yantralay Polyester Dual Controller Hard Carry Case Compatible With Ps5 Ps4 Xbox Ipega Controllers   3 Layer Protection Travel Carry Case   Grey,1,877.85,Shipment,NEW DELHI,Shipment,877.85,0.0,1,False,
2025-08-31,HYD3-866,GP28COMBO1_H13,B0DHYCQR66,Yantralay Silicone Lanyard Sleeve Protective Cover   6PCS Tempered Glass Screen Guard with Silicone Lens Cover Compatible with GoPro Hero 9 Black Acti,1,626.62,Shipment,Greater Noida,Shipment,626.62,0.0,1,False,
2025-08-31,HYD8-344,LM1_OA5,B0F8V1KY4M,yantralay Magnetic Adapter Mount for DJ I Osm o Action 5 Pro 4 3   Quick Release Tripod Adapter with 1 4  Thread   Aluminum Alloy Mount for Vlogging,1,1795.47,Shipment,MUMBAI,Shipment,1795.47,0.0,1,False,
2025-07-27,HYD3-721,GP100,B0723FF53T,yantralay 40 in 1 Action Camera Mount Kit for Hero 13 12 11 10 9 8 7 6 5 SJCAM  Osmo Action 3   4  Insta 360   More   with Selfie Monopod  Straps  Mou,1,-1139.0,Refund,nagercoil,Refund,-1139.0,0.0,0,False,
2025-07-30,HYD8-295,GP10_ONEX4_STARTRC,B0DDXP86FQ,yantralay x Startr c Carrying Case for Insta 360 X4 X5  Portable PU Storage Protective Bag Travel Case for Insta 360 X4 X5 Accessories with Large Capa,1,-1587.89,Refund,HYDERABAD,Refund,-1587.89,0.0,0,False,
2025-07-30,HYD3-745,TR-S-CAMOFLAGUE_TARIONN,B0BM9GT8NT,TARION Camera Sling Bag DSLR Sling Pack for Men Women Photographers with Waterproof Raincover Tripod Holder Sling Backpack Camera Bag Backpack Photogr,1,-4849.03,Refund,PONDA,Refund,-4849.03,0.0,0,False,
2025-07-25,HYD3-715,PS5SLIM_CC1_BLACK,B0DDQGJB7N,yantralay Carrying case for PS5 Slim Console Gamepad Controller Headphone VR Travel Bag  Playstatio n 5 Slim Accessories   Black,1,-2241.0,Refund,NEW DELHI,Refund,-2241.0,0.0,0,False,
2025-07-29,HYD3-739,IN_MICMOUNT_X4,B0DZJQ8F1R,yantralay External Microphone Aluminium Mount Compatible with Insta 360 X4 X3 X2  Insta 360 Camera Accessories,1,-1530.0,Refund,Srikakulam,Refund,-1530.0,0.0,0,False,
2025-07-18,HYD3-656,ACFRAMEONEX4_HZ_AL,B0DZZ6M6F2,yantralay Horizontal Vertical Mount Bracket for Insta360 ONE X4   90  Aluminum Vertical Frame Adapter  Durable   Lightweight Insta360 X4 Accessory fo,1,-1648.03,Refund,Mumbai,Refund,-1648.03,0.0,0,False,
2025-07-15,HYD8-242,DR28_RC2COVER_MP,B0CL9TH14Q,STARTRC Mini 4 Pro Sun Hood for DJI RC 2 Controller 3 IN 1 Sunshade Joysticks Screen Protector for DJI Mini 4 Pro Air 3S Air 3 Accessories Anti Scratc,1,-1703.32,Refund,GOALPOKHAR I,Refund,-1703.32,0.0,0,False,
