Invoice Date,Invoice Number,Sku,Asin,Item Description,Quantity,Invoice Amount,Transaction Type,Ship To City,transaction_type,revenue_calc,shipping_loss_calc,units_sold_calc,needs_estimation,month_tag
2025-07-01,PNQ2-214,ACCASEYTG9,B08NF6HMG6,yantralay YT G9 Vlogging Case with Dual Cold Shoe Mount for Hero 12 11 10 9  Removable 52mm Filter Ring  All in One Kit with Case Door  Lens Protector,1,1044.0,Shipment,SIRSA,Shipment,1044.0,0.0,1,False,
2025-07-01,PNQ2-215,GP10_RS4MINI_STARTRC,B0DZZFNDHP,yantralay Portable Carrying Storage Case for DJ I Ronin RS4Mini Gimbal EVA Handbag Travel Handheld Shoulder Bag  RS4MINI,1,2699.0,Shipment,SRINAGAR,Shipment,2699.0,0.0,1,False,
2025-07-02,PNQ2-218,GP47_NEW,B0DRYJZ6VH,Yantralay 360  Rotatable Camera Bike Mount Clamp Motorcycle Handlebar Pole Aluminium Mount for Insta360 X4 X3  Ace Pro Pro2  Hero13 12 11 10 9 For Os,1,1349.0,Shipment,Gurugram,Shipment,1349.0,0.0,1,False,
2025-07-01,PNQ2-217,GP47_NEW,B0DRYJZ6VH,Yantralay 360  Rotatable Camera Bike Mount Clamp Motorcycle Handlebar Pole Aluminium Mount for Insta360 X4 X3  Ace Pro Pro2  Hero13 12 11 10 9 For Os,2,2698.0,Shipment,DEHRADUN,Shipment,2698.0,0.0,2,False,
2025-07-02,PNQ2-219,PS1,B0BJBL1XBS,yantralay Polyester Dual Controller Hard Carry Case Compatible With Ps5 Ps4 Xbox Ipega Controllers   3 Layer Protection Travel Carry Case   Grey,1,905.0,Shipment,MEERUT,Shipment,905.0,0.0,1,False,
2025-07-02,PNQ2-220,IN_MICMOUNT_X4,B0DZJQ8F1R,yantralay External Microphone Aluminium Mount Compatible with Insta 360 X4 X3 X2  Insta 360 Camera Accessories,1,1471.0,Shipment,Kanpur,Shipment,1471.0,0.0,1,False,
2025-07-01,PNQ2-214,ACCASEYTG9,B08NF6HMG6,yantralay YT G9 Vlogging Case with Dual Cold Shoe Mount for Hero 12 11 10 9  Removable 52mm Filter Ring  All in One Kit with Case Door  Lens Protector,1,-1044.0,Refund,SIRSA,Refund,-1044.0,0.0,0,False,
2025-07-02,PNQ2-222,GP47_NEW,B0DRYJZ6VH,Yantralay 360  Rotatable Camera Bike Mount Clamp Motorcycle Handlebar Pole Aluminium Mount for Insta360 X4 X3  Ace Pro Pro2  Hero13 12 11 10 9 For Os,1,1349.0,Shipment,Prayagraj,Shipment,1349.0,0.0,1,False,
2025-07-02,PNQ2-224,PS1,B0BJBL1XBS,yantralay Polyester Dual Controller Hard Carry Case Compatible With Ps5 Ps4 Xbox Ipega Controllers   3 Layer Protection Travel Carry Case   Grey,1,905.0,Shipment,NOIDA,Shipment,905.0,0.0,1,False,
2025-07-02,PNQ2-221,MS_GP34,B0DG2LBC8V,yantralay Magnetic Neck Mount   2 in 1 Flexible Holder for Phones and Action Cameras   Adjustable Neck Strap  Secure Magnetic Magsaf Mounts  for Gopro,1,1999.0,Shipment,ANJANGAON SURJI,Shipment,1999.0,0.0,1,False,
2025-07-02,PNQ2-223,MS_GP34,B0DG2LBC8V,yantralay Magnetic Neck Mount   2 in 1 Flexible Holder for Phones and Action Cameras   Adjustable Neck Strap  Secure Magnetic Magsaf Mounts  for Gopro,1,2078.0,Shipment,GURUGRAM,Shipment,2078.0,0.0,1,False,
2025-07-02,PNQ2-225,GP49,B0D456N4QM,yantralay Motorcycle Bike Bicycle Handlebar Mount Clamps with 1 4  Screw Compatible 8 35mm for Gopro Hero 13 12 11 10 9 Max Insta360 ONE X5 X4 X3  ONE,1,901.0,Shipment,Oodlabari,Shipment,901.0,0.0,1,False,
2025-07-02,PNQ2-226,MS_GP34,B0DG2LBC8V,yantralay Magnetic Neck Mount   2 in 1 Flexible Holder for Phones and Action Cameras   Adjustable Neck Strap  Secure Magnetic Magsaf Mounts  for Gopro,1,1999.0,Shipment,Central Delhi,Shipment,1999.0,0.0,1,False,
2025-07-03,PNQ2-227,GP12,B0D7BZ38X8,yantralay Aluminium Car Suction Mount 360  Rotatable for Insta 360 X4 X3 X2  Ace Pro ONE R RS  Hero 13 12 11 10 9 8 7  DJI Osmo Action Series   All O,1,1291.0,Shipment,FARIDABAD,Shipment,1291.0,0.0,1,False,
2025-07-03,PNQ2-230,GP47_NEW,B0DRYJZ6VH,Yantralay 360  Rotatable Camera Bike Mount Clamp Motorcycle Handlebar Pole Aluminium Mount for Insta360 X4 X3  Ace Pro Pro2  Hero13 12 11 10 9 For Os,1,1349.0,Shipment,NEW DELHI,Shipment,1349.0,0.0,1,False,
2025-07-03,PNQ2-228,GP49,B0D456N4QM,yantralay Motorcycle Bike Bicycle Handlebar Mount Clamps with 1 4  Screw Compatible 8 35mm for Gopro Hero 13 12 11 10 9 Max Insta360 ONE X5 X4 X3  ONE,1,901.0,Shipment,TEZPUR  DIST  SONITPUR,Shipment,901.0,0.0,1,False,
2025-07-03,PNQ2-232,GP12,B0D7BZ38X8,yantralay Aluminium Car Suction Mount 360  Rotatable for Insta 360 X4 X3 X2  Ace Pro ONE R RS  Hero 13 12 11 10 9 8 7  DJI Osmo Action Series   All O,1,1291.0,Shipment,BENGALURU,Shipment,1291.0,0.0,1,False,
2025-07-03,PNQ2-231,PS2_BLACK,B0BL1CYSW6,yantralay Nylon Controller Gamepad Carry Case   Ultimate Protection Compatible for PS5 PS4 PS3 Switch Pro Xbox Joysticks Waterproof  Scratch Protectio,2,958.0,Shipment,NOIDA,Shipment,958.0,0.0,2,False,
2025-07-03,PNQ2-229,MS_GP34,B0DG2LBC8V,yantralay Magnetic Neck Mount   2 in 1 Flexible Holder for Phones and Action Cameras   Adjustable Neck Strap  Secure Magnetic Magsaf Mounts  for Gopro,1,1999.0,Shipment,Bangalore,Shipment,1999.0,0.0,1,False,
2025-07-03,PNQ2-236,GP47_NEW,B0DRYJZ6VH,Yantralay 360  Rotatable Camera Bike Mount Clamp Motorcycle Handlebar Pole Aluminium Mount for Insta360 X4 X3  Ace Pro Pro2  Hero13 12 11 10 9 For Os,1,1308.53,Shipment,NEW DELHI,Shipment,1308.53,0.0,1,False,
2025-07-03,PNQ2-234,GP47_NEW,B0DRYJZ6VH,Yantralay 360  Rotatable Camera Bike Mount Clamp Motorcycle Handlebar Pole Aluminium Mount for Insta360 X4 X3  Ace Pro Pro2  Hero13 12 11 10 9 For Os,1,1349.0,Shipment,NEW DELHI,Shipment,1349.0,0.0,1,False,
2025-07-03,PNQ2-238,PS10_OLEDCOMBO_YELLOW,B0DJFL8DBY,yantralay 4 in 1 Carrying Case Pouch with Protective Cover for Nintendo Switch OLED  Non Slip Soft Case Cover  Screen Protectors   Thumb Grips for Swi,1,1104.83,Shipment,PHAGWARa,Shipment,1104.83,0.0,1,False,
2025-07-03,PNQ2-237,ACCHARGERGP5_3,B08LYVPLR9,Yantralay 3 Channel AHDBT 501 Battery Charger for Hero 5 6 7   8 Black Action Camera   USB Cable Included   Fast Charging Dock,1,798.31,Shipment,KOTDWARA,Shipment,798.31,0.0,1,False,
2025-07-04,PNQ2-239,GP47_NEW,B0DRYJZ6VH,Yantralay 360  Rotatable Camera Bike Mount Clamp Motorcycle Handlebar Pole Aluminium Mount for Insta360 X4 X3  Ace Pro Pro2  Hero13 12 11 10 9 For Os,1,1308.53,Shipment,GURUGRAM,Shipment,1308.53,0.0,1,False,
2025-07-03,PNQ2-235,GP10_RS4MINI_STARTRC,B0DZZFNDHP,yantralay Portable Carrying Storage Case for DJ I Ronin RS4Mini Gimbal EVA Handbag Travel Handheld Shoulder Bag  RS4MINI,1,2552.07,Shipment,ANAND,Shipment,2552.07,0.0,1,False,
2025-07-04,PNQ2-240,GP47_NEW,B0DRYJZ6VH,Yantralay 360  Rotatable Camera Bike Mount Clamp Motorcycle Handlebar Pole Aluminium Mount for Insta360 X4 X3  Ace Pro Pro2  Hero13 12 11 10 9 For Os,1,1308.53,Shipment,Noida,Shipment,1308.53,0.0,1,False,
2025-07-02,PNQ2-224,PS1,B0BJBL1XBS,yantralay Polyester Dual Controller Hard Carry Case Compatible With Ps5 Ps4 Xbox Ipega Controllers   3 Layer Protection Travel Carry Case   Grey,1,-905.0,Refund,NOIDA,Refund,-905.0,0.0,0,False,
2025-07-03,PNQ2-233,GP1620_TLS,B08S7D4LKH,yantralay Upgraded Helmet Chin Strap Mount for Hero 13 12 11 10 9 8 7 6 5  SJCAM  Insta 360   DJI Osmo Action 3   4   Adjustable   Secure Camera Moun,2,2402.0,Shipment,BENGALURU,Shipment,2402.0,0.0,2,False,
2025-07-01,PNQ2-216,S13,B07MG832T8,yantralay Universal 360  Rotating Vertical Mobile Tripod Monopod Mount for Smartphones up to 4 1  Width   Compatible with Samsung  iPhone  Xiaomi  On,1,249.0,Shipment,GYALSHING,Shipment,249.0,0.0,1,False,
2025-07-04,PNQ2-241,GP47_NEW,B0DRYJZ6VH,Yantralay 360  Rotatable Camera Bike Mount Clamp Motorcycle Handlebar Pole Aluminium Mount for Insta360 X4 X3  Ace Pro Pro2  Hero13 12 11 10 9 For Os,1,1308.53,Shipment,PIMPRI CHINCHWAD,Shipment,1308.53,0.0,1,False,
2025-07-04,PNQ2-242,GP10_RS4MINI_STARTRC,B0DZZFNDHP,yantralay Portable Carrying Storage Case for DJ I Ronin RS4Mini Gimbal EVA Handbag Travel Handheld Shoulder Bag  RS4MINI,1,2552.07,Shipment,DEHRADUN,Shipment,2552.07,0.0,1,False,
2025-07-04,PNQ2-244,GP10_RS4MINI_STARTRC,B0DZZFNDHP,yantralay Portable Carrying Storage Case for DJ I Ronin RS4Mini Gimbal EVA Handbag Travel Handheld Shoulder Bag  RS4MINI,1,2552.07,Shipment,FARIDABAD,Shipment,2552.07,0.0,1,False,
2025-07-04,PNQ2-243,GP47_NEW,B0DRYJZ6VH,Yantralay 360  Rotatable Camera Bike Mount Clamp Motorcycle Handlebar Pole Aluminium Mount for Insta360 X4 X3  Ace Pro Pro2  Hero13 12 11 10 9 For Os,1,1308.53,Shipment,NEW DELHI,Shipment,1308.53,0.0,1,False,
2025-07-05,PNQ2-246,S13,B07MG832T8,yantralay Universal 360  Rotating Vertical Mobile Tripod Monopod Mount for Smartphones up to 4 1  Width   Compatible with Samsung  iPhone  Xiaomi  On,1,241.53,Shipment,Ranikhet,Shipment,241.53,0.0,1,False,
2025-07-05,PNQ2-245,GP1620_TLS,B08S7D4LKH,yantralay Upgraded Helmet Chin Strap Mount for Hero 13 12 11 10 9 8 7 6 5  SJCAM  Insta 360   DJI Osmo Action 3   4   Adjustable   Secure Camera Moun,1,1164.97,Shipment,Salooni,Shipment,1164.97,0.0,1,False,
2025-07-05,PNQ2-247,GP12,B0D7BZ38X8,yantralay Aluminium Car Suction Mount 360  Rotatable for Insta 360 X4 X3 X2  Ace Pro ONE R RS  Hero 13 12 11 10 9 8 7  DJI Osmo Action Series   All O,1,1252.27,Shipment,GUWAHATI,Shipment,1252.27,0.0,1,False,
2025-07-05,PNQ2-248,S13,B07MG832T8,yantralay Universal 360  Rotating Vertical Mobile Tripod Monopod Mount for Smartphones up to 4 1  Width   Compatible with Samsung  iPhone  Xiaomi  On,1,281.53,Shipment,ANAKAPALLE,Shipment,281.53,0.0,1,False,
2025-07-05,PNQ2-253,PS1,B0BJBL1XBS,yantralay Polyester Dual Controller Hard Carry Case Compatible With Ps5 Ps4 Xbox Ipega Controllers   3 Layer Protection Travel Carry Case   Grey,1,877.85,Shipment,NEW DELHI,Shipment,877.85,0.0,1,False,
2025-07-05,PNQ2-249,PS2_BLACK,B0BL1CYSW6,yantralay Nylon Controller Gamepad Carry Case   Ultimate Protection Compatible for PS5 PS4 PS3 Switch Pro Xbox Joysticks Waterproof  Scratch Protectio,1,464.63,Shipment,MUZAFFARNAGAR,Shipment,464.63,0.0,1,False,
2025-07-05,PNQ2-250,PS2_RED,B0BL1HF4NJ,yantralay Nylon Controller Gamepad Carry Case   Ultimate Protection Compatible For PS5 PS4 PS3 Switch Pro Xbox Joysticks Waterproof  Scratch Protectio,1,484.03,Shipment,MUZAFFARNAGAR,Shipment,484.03,0.0,1,False,
2025-07-05,PNQ2-251,PS2_BLACK,B0BL1CYSW6,yantralay Nylon Controller Gamepad Carry Case   Ultimate Protection Compatible for PS5 PS4 PS3 Switch Pro Xbox Joysticks Waterproof  Scratch Protectio,1,464.63,Shipment,Shantigram,Shipment,464.63,0.0,1,False,
2025-07-05,PNQ2-254,GP47_NEW,B0DRYJZ6VH,Yantralay 360  Rotatable Camera Bike Mount Clamp Motorcycle Handlebar Pole Aluminium Mount for Insta360 X4 X3  Ace Pro Pro2  Hero13 12 11 10 9 For Os,1,1308.53,Shipment,NOIDA,Shipment,1308.53,0.0,1,False,
2025-07-05,PNQ2-255,GP47_NEW,B0DRYJZ6VH,Yantralay 360  Rotatable Camera Bike Mount Clamp Motorcycle Handlebar Pole Aluminium Mount for Insta360 X4 X3  Ace Pro Pro2  Hero13 12 11 10 9 For Os,1,1308.53,Shipment,Rewari,Shipment,1308.53,0.0,1,False,
2025-07-05,PNQ2-252,GP1620_TLS,B08S7D4LKH,yantralay Upgraded Helmet Chin Strap Mount for Hero 13 12 11 10 9 8 7 6 5  SJCAM  Insta 360   DJI Osmo Action 3   4   Adjustable   Secure Camera Moun,1,1164.97,Shipment,Bengaluru,Shipment,1164.97,0.0,1,False,
2025-07-06,PNQ2-256,GP47_NEW,B0DRYJZ6VH,Yantralay 360  Rotatable Camera Bike Mount Clamp Motorcycle Handlebar Pole Aluminium Mount for Insta360 X4 X3  Ace Pro Pro2  Hero13 12 11 10 9 For Os,1,1308.53,Shipment,BENGALURU,Shipment,1308.53,0.0,1,False,
2025-07-06,PNQ2-258,GP47_NEW,B0DRYJZ6VH,Yantralay 360  Rotatable Camera Bike Mount Clamp Motorcycle Handlebar Pole Aluminium Mount for Insta360 X4 X3  Ace Pro Pro2  Hero13 12 11 10 9 For Os,1,1254.57,Shipment,GUMLA,Shipment,1254.57,0.0,1,False,
2025-07-06,PNQ2-258,GP12,B0D7BZ38X8,yantralay Aluminium Car Suction Mount 360  Rotatable for Insta 360 X4 X3 X2  Ace Pro ONE R RS  Hero 13 12 11 10 9 8 7  DJI Osmo Action Series   All O,1,1200.63,Shipment,GUMLA,Shipment,1200.63,0.0,1,False,
2025-07-06,PNQ2-257,ACCHARGERGP5_3,B08LYVPLR9,Yantralay 3 Channel AHDBT 501 Battery Charger for Hero 5 6 7   8 Black Action Camera   USB Cable Included   Fast Charging Dock,1,798.31,Shipment,LEH,Shipment,798.31,0.0,1,False,
2025-07-07,PNQ2-262,GP47_NEW,B0DRYJZ6VH,Yantralay 360  Rotatable Camera Bike Mount Clamp Motorcycle Handlebar Pole Aluminium Mount for Insta360 X4 X3  Ace Pro Pro2  Hero13 12 11 10 9 For Os,1,1308.53,Shipment,ROHTAK,Shipment,1308.53,0.0,1,False,
2025-07-07,PNQ2-263,GP47_NEW,B0DRYJZ6VH,Yantralay 360  Rotatable Camera Bike Mount Clamp Motorcycle Handlebar Pole Aluminium Mount for Insta360 X4 X3  Ace Pro Pro2  Hero13 12 11 10 9 For Os,1,1308.53,Shipment,LUDHIANA,Shipment,1308.53,0.0,1,False,
2025-07-07,PNQ2-265,GP12,B0D7BZ38X8,yantralay Aluminium Car Suction Mount 360  Rotatable for Insta 360 X4 X3 X2  Ace Pro ONE R RS  Hero 13 12 11 10 9 8 7  DJI Osmo Action Series   All O,1,1252.27,Shipment,GUWAHATI,Shipment,1252.27,0.0,1,False,
2025-07-06,PNQ2-260,GP1620_TLS,B08S7D4LKH,yantralay Upgraded Helmet Chin Strap Mount for Hero 13 12 11 10 9 8 7 6 5  SJCAM  Insta 360   DJI Osmo Action 3   4   Adjustable   Secure Camera Moun,1,1164.97,Shipment,BHOPAL,Shipment,1164.97,0.0,1,False,
2025-07-07,PNQ2-264,GP47_NEW,B0DRYJZ6VH,Yantralay 360  Rotatable Camera Bike Mount Clamp Motorcycle Handlebar Pole Aluminium Mount for Insta360 X4 X3  Ace Pro Pro2  Hero13 12 11 10 9 For Os,1,1308.53,Shipment,BENGALURU,Shipment,1308.53,0.0,1,False,
2025-07-07,PNQ2-266,PS2_BLACK,B0BL1CYSW6,yantralay Nylon Controller Gamepad Carry Case   Ultimate Protection Compatible for PS5 PS4 PS3 Switch Pro Xbox Joysticks Waterproof  Scratch Protectio,1,464.63,Shipment,NEW DELHI,Shipment,464.63,0.0,1,False,
2025-07-02,PNQ2-220,IN_MICMOUNT_X4,B0DZJQ8F1R,yantralay External Microphone Aluminium Mount Compatible with Insta 360 X4 X3 X2  Insta 360 Camera Accessories,1,-1471.0,Refund,Kanpur,Refund,-1471.0,0.0,0,False,
2025-07-07,PNQ2-267,PS2_BLACK,B0BL1CYSW6,yantralay Nylon Controller Gamepad Carry Case   Ultimate Protection Compatible for PS5 PS4 PS3 Switch Pro Xbox Joysticks Waterproof  Scratch Protectio,1,0.0,FreeReplacement,MUZAFFARNAGAR,FreeReplacement,0.0,0.0,0,True,
2025-07-06,PNQ2-259,GP1620_TLS,B08S7D4LKH,yantralay Upgraded Helmet Chin Strap Mount for Hero 13 12 11 10 9 8 7 6 5  SJCAM  Insta 360   DJI Osmo Action 3   4   Adjustable   Secure Camera Moun,1,1164.97,Shipment,Mumbai,Shipment,1164.97,0.0,1,False,
2025-07-05,PNQ2-251,PS2_BLACK,B0BL1CYSW6,yantralay Nylon Controller Gamepad Carry Case   Ultimate Protection Compatible for PS5 PS4 PS3 Switch Pro Xbox Joysticks Waterproof  Scratch Protectio,1,-464.63,Refund,Shantigram,Refund,-464.63,0.0,0,False,
2025-07-08,PNQ2-268,ACCASEYTG9,B08NF6HMG6,yantralay YT G9 Vlogging Case with Dual Cold Shoe Mount for Hero 12 11 10 9  Removable 52mm Filter Ring  All in One Kit with Case Door  Lens Protector,1,1044.0,Shipment,MOHAMMADI,Shipment,1044.0,0.0,1,False,
2025-07-08,PNQ2-269,PS2_YELLOW,B0BL1HQ3C4,yantralay Controller Gamepad Carry Case   Ultimate Protection Compatible for PS5 PS4 PS3 Switch Pro Xbox Joysticks Waterproof  Scratch Protection  Dur,1,499.0,Shipment,GHAZIABAD,Shipment,499.0,0.0,1,False,
2025-07-08,PNQ2-269,PS2_BLACK,B0BL1CYSW6,yantralay Nylon Controller Gamepad Carry Case   Ultimate Protection Compatible for PS5 PS4 PS3 Switch Pro Xbox Joysticks Waterproof  Scratch Protectio,1,479.0,Shipment,GHAZIABAD,Shipment,479.0,0.0,1,False,
2025-07-08,PNQ2-271,GP10_RS4MINI_STARTRC,B0DZZFNDHP,yantralay Portable Carrying Storage Case for DJ I Ronin RS4Mini Gimbal EVA Handbag Travel Handheld Shoulder Bag  RS4MINI,1,2710.0,Shipment,New Delhi,Shipment,2710.0,0.0,1,False,
2025-07-08,PNQ2-272,GP1620_TLS,B08S7D4LKH,yantralay Upgraded Helmet Chin Strap Mount for Hero 13 12 11 10 9 8 7 6 5  SJCAM  Insta 360   DJI Osmo Action 3   4   Adjustable   Secure Camera Moun,1,1201.0,Shipment,MADHYAMGRAM,Shipment,1201.0,0.0,1,False,
2025-07-08,PNQ2-270,PS2_BLUE,B0BL1H24P4,yantralay Controller Gamepad Carry Case   Ultimate Protection Compatible for PS5 PS4 PS3 Switch Pro Xbox Joysticks Waterproof  Scratch Protection  Dur,1,499.0,Shipment,AMBALA,Shipment,499.0,0.0,1,False,
2025-07-08,PNQ2-270,PS2_RED,B0BL1HF4NJ,yantralay Nylon Controller Gamepad Carry Case   Ultimate Protection Compatible For PS5 PS4 PS3 Switch Pro Xbox Joysticks Waterproof  Scratch Protectio,1,499.0,Shipment,AMBALA,Shipment,499.0,0.0,1,False,
2025-07-08,PNQ2-273,IN1_AL,B0D4536M61,yantralay 4 in 1 Motorcycle Mount Bundle with Unicorn Helmet Extension Arm Adhesive Kit Compatible for Insta360 One X4 X3 X2  ONE R RS  Hero 13 12 11,1,1987.0,Shipment,NEW DELHI,Shipment,1987.0,0.0,1,False,
2025-07-09,PNQ2-278,GP12,B0D7BZ38X8,yantralay Aluminium Car Suction Mount 360  Rotatable for Insta 360 X4 X3 X2  Ace Pro ONE R RS  Hero 13 12 11 10 9 8 7  DJI Osmo Action Series   All O,1,1291.0,Shipment,THANE,Shipment,1291.0,0.0,1,False,
2025-07-09,PNQ2-277,GP47_NEW,B0DRYJZ6VH,Yantralay 360  Rotatable Camera Bike Mount Clamp Motorcycle Handlebar Pole Aluminium Mount for Insta360 X4 X3  Ace Pro Pro2  Hero13 12 11 10 9 For Os,1,1349.0,Shipment,BENGALURU,Shipment,1349.0,0.0,1,False,
2025-07-09,PNQ2-276,GP47_NEW,B0DRYJZ6VH,Yantralay 360  Rotatable Camera Bike Mount Clamp Motorcycle Handlebar Pole Aluminium Mount for Insta360 X4 X3  Ace Pro Pro2  Hero13 12 11 10 9 For Os,1,1349.0,Shipment,KANNAUJ,Shipment,1349.0,0.0,1,False,
2025-07-06,PNQ2-258,GP47_NEW,B0DRYJZ6VH,Yantralay 360  Rotatable Camera Bike Mount Clamp Motorcycle Handlebar Pole Aluminium Mount for Insta360 X4 X3  Ace Pro Pro2  Hero13 12 11 10 9 For Os,1,-1254.57,Refund,GUMLA,Refund,-1254.57,0.0,0,False,
2025-07-06,PNQ2-258,GP12,B0D7BZ38X8,yantralay Aluminium Car Suction Mount 360  Rotatable for Insta 360 X4 X3 X2  Ace Pro ONE R RS  Hero 13 12 11 10 9 8 7  DJI Osmo Action Series   All O,1,-1200.63,Refund,GUMLA,Refund,-1200.63,0.0,0,False,
2025-07-08,PNQ2-275,GP1620_TLS,B08S7D4LKH,yantralay Upgraded Helmet Chin Strap Mount for Hero 13 12 11 10 9 8 7 6 5  SJCAM  Insta 360   DJI Osmo Action 3   4   Adjustable   Secure Camera Moun,1,1201.0,Shipment,SISWA BAZAR,Shipment,1201.0,0.0,1,False,
2025-07-09,PNQ2-279,GP10_RS4MINI_STARTRC,B0DZZFNDHP,yantralay Portable Carrying Storage Case for DJ I Ronin RS4Mini Gimbal EVA Handbag Travel Handheld Shoulder Bag  RS4MINI,1,2631.0,Shipment,BENGALURU,Shipment,2631.0,0.0,1,False,
2025-07-09,PNQ2-280,PS1,B0BJBL1XBS,yantralay Polyester Dual Controller Hard Carry Case Compatible With Ps5 Ps4 Xbox Ipega Controllers   3 Layer Protection Travel Carry Case   Grey,1,905.0,Shipment,FARIDABAD,Shipment,905.0,0.0,1,False,
2025-07-08,PNQ2-274,GP12,B0D7BZ38X8,yantralay Aluminium Car Suction Mount 360  Rotatable for Insta 360 X4 X3 X2  Ace Pro ONE R RS  Hero 13 12 11 10 9 8 7  DJI Osmo Action Series   All O,1,1291.0,Shipment,HYDERABAD,Shipment,1291.0,0.0,1,False,
2025-07-10,PNQ2-282,GP12,B0D7BZ38X8,yantralay Aluminium Car Suction Mount 360  Rotatable for Insta 360 X4 X3 X2  Ace Pro ONE R RS  Hero 13 12 11 10 9 8 7  DJI Osmo Action Series   All O,1,1291.0,Shipment,MUMBAI,Shipment,1291.0,0.0,1,False,
2025-07-10,PNQ2-284,GP12,B0D7BZ38X8,yantralay Aluminium Car Suction Mount 360  Rotatable for Insta 360 X4 X3 X2  Ace Pro ONE R RS  Hero 13 12 11 10 9 8 7  DJI Osmo Action Series   All O,1,0.0,FreeReplacement,Greater Noida,FreeReplacement,0.0,0.0,0,True,
2025-07-10,PNQ2-285,GP12,B0D7BZ38X8,nan,1,0.0,Cancel,GURUGRAM,Cancel,0.0,0.0,0,False,
2025-07-10,PNQ2-287,ACCHARGERGP5_3,B08LYVPLR9,Yantralay 3 Channel AHDBT 501 Battery Charger for Hero 5 6 7   8 Black Action Camera   USB Cable Included   Fast Charging Dock,1,823.0,Shipment,BENGALURU,Shipment,823.0,0.0,1,False,
2025-07-10,PNQ2-283,GP1620_TLS,B08S7D4LKH,yantralay Upgraded Helmet Chin Strap Mount for Hero 13 12 11 10 9 8 7 6 5  SJCAM  Insta 360   DJI Osmo Action 3   4   Adjustable   Secure Camera Moun,1,1201.0,Shipment,BENGALURU,Shipment,1201.0,0.0,1,False,
2025-07-10,PNQ2-286,GP12,B0D7BZ38X8,yantralay Aluminium Car Suction Mount 360  Rotatable for Insta 360 X4 X3 X2  Ace Pro ONE R RS  Hero 13 12 11 10 9 8 7  DJI Osmo Action Series   All O,1,1291.0,Shipment,GURUGRAM,Shipment,1291.0,0.0,1,False,
2025-07-10,PNQ2-288,GP12,B0D7BZ38X8,yantralay Aluminium Car Suction Mount 360  Rotatable for Insta 360 X4 X3 X2  Ace Pro ONE R RS  Hero 13 12 11 10 9 8 7  DJI Osmo Action Series   All O,1,1291.0,Shipment,NEW DELHI,Shipment,1291.0,0.0,1,False,
2025-07-03,PNQ2-233,GP1620_TLS,B08S7D4LKH,yantralay Upgraded Helmet Chin Strap Mount for Hero 13 12 11 10 9 8 7 6 5  SJCAM  Insta 360   DJI Osmo Action 3   4   Adjustable   Secure Camera Moun,2,-2402.0,Refund,BENGALURU,Refund,-2402.0,0.0,0,False,
2025-07-09,PNQ2-281,GP1620_TLS,B08S7D4LKH,yantralay Upgraded Helmet Chin Strap Mount for Hero 13 12 11 10 9 8 7 6 5  SJCAM  Insta 360   DJI Osmo Action 3   4   Adjustable   Secure Camera Moun,1,1201.0,Shipment,PUNE,Shipment,1201.0,0.0,1,False,
2025-07-10,PNQ2-289,GP1620_TLS,B08S7D4LKH,yantralay Upgraded Helmet Chin Strap Mount for Hero 13 12 11 10 9 8 7 6 5  SJCAM  Insta 360   DJI Osmo Action 3   4   Adjustable   Secure Camera Moun,1,1201.0,Shipment,JAMMU,Shipment,1201.0,0.0,1,False,
2025-07-11,PNQ2-291,GP12,B0D7BZ38X8,yantralay Aluminium Car Suction Mount 360  Rotatable for Insta 360 X4 X3 X2  Ace Pro ONE R RS  Hero 13 12 11 10 9 8 7  DJI Osmo Action Series   All O,1,1291.0,Shipment,NOIDA,Shipment,1291.0,0.0,1,False,
2025-07-02,PNQ2-223,MS_GP34,B0DG2LBC8V,yantralay Magnetic Neck Mount   2 in 1 Flexible Holder for Phones and Action Cameras   Adjustable Neck Strap  Secure Magnetic Magsaf Mounts  for Gopro,1,-2078.0,Refund,GURUGRAM,Refund,-2078.0,0.0,0,False,
2025-07-11,PNQ2-293,IN_MICMOUNT_X4,B0DZJQ8F1R,yantralay External Microphone Aluminium Mount Compatible with Insta 360 X4 X3 X2  Insta 360 Camera Accessories,1,1471.0,Shipment,Prayagraj,Shipment,1471.0,0.0,1,False,
2025-07-11,PNQ2-290,PS10_OLED_YELLOW,B0BRY5GJ5Y,yantralay Carry Case Pouch Cover Compatible with Nintendo Switch OLED with Game Card Slots for Switch Switch OLED Accessories  Video Game   Yellow,1,616.0,Shipment,NEW DELHI,Shipment,616.0,0.0,1,False,
2025-07-11,PNQ2-294,GP12,B0D7BZ38X8,yantralay Aluminium Car Suction Mount 360  Rotatable for Insta 360 X4 X3 X2  Ace Pro ONE R RS  Hero 13 12 11 10 9 8 7  DJI Osmo Action Series   All O,1,1291.0,Shipment,WARDHA,Shipment,1291.0,0.0,1,False,
2025-07-11,PNQ2-298,GP12,B0D7BZ38X8,yantralay Aluminium Car Suction Mount 360  Rotatable for Insta 360 X4 X3 X2  Ace Pro ONE R RS  Hero 13 12 11 10 9 8 7  DJI Osmo Action Series   All O,1,1291.0,Shipment,Pune,Shipment,1291.0,0.0,1,False,
2025-07-11,PNQ2-297,GP1620_TLS,B08S7D4LKH,yantralay Upgraded Helmet Chin Strap Mount for Hero 13 12 11 10 9 8 7 6 5  SJCAM  Insta 360   DJI Osmo Action 3   4   Adjustable   Secure Camera Moun,1,1201.0,Shipment,Bulandshahr,Shipment,1201.0,0.0,1,False,
2025-07-11,PNQ2-296,GP49,B0D456N4QM,yantralay Motorcycle Bike Bicycle Handlebar Mount Clamps with 1 4  Screw Compatible 8 35mm for Gopro Hero 13 12 11 10 9 Max Insta360 ONE X5 X4 X3  ONE,1,901.0,Shipment,Digboi,Shipment,901.0,0.0,1,False,
2025-07-12,PNQ2-300,GP12,B0D7BZ38X8,yantralay Aluminium Car Suction Mount 360  Rotatable for Insta 360 X4 X3 X2  Ace Pro ONE R RS  Hero 13 12 11 10 9 8 7  DJI Osmo Action Series   All O,1,1291.0,Shipment,HYDERABAD,Shipment,1291.0,0.0,1,False,
2025-07-12,PNQ2-299,GP12,B0D7BZ38X8,yantralay Aluminium Car Suction Mount 360  Rotatable for Insta 360 X4 X3 X2  Ace Pro ONE R RS  Hero 13 12 11 10 9 8 7  DJI Osmo Action Series   All O,1,1291.0,Shipment,Nagpur,Shipment,1291.0,0.0,1,False,
2025-07-12,PNQ2-301,GP29L,B08RXBFBG9,yantralay Windshield Car Suction Cup Mount for Hero 10 9 8  SJCAM  Osmo Action 3   4  Insta 360   Flexible  Multi Angle Adjustable   Mount for Smartph,1,629.0,Shipment,NEW DELHI,Shipment,629.0,0.0,1,False,
2025-07-12,PNQ2-304,GP29L,B08RXBFBG9,yantralay Windshield Car Suction Cup Mount for Hero 10 9 8  SJCAM  Osmo Action 3   4  Insta 360   Flexible  Multi Angle Adjustable   Mount for Smartph,1,567.0,Shipment,Gurugram,Shipment,567.0,0.0,1,False,
2025-07-12,PNQ2-302,GP1620_TLS,B08S7D4LKH,yantralay Upgraded Helmet Chin Strap Mount for Hero 13 12 11 10 9 8 7 6 5  SJCAM  Insta 360   DJI Osmo Action 3   4   Adjustable   Secure Camera Moun,1,1172.0,Shipment,HYDERABAD,Shipment,1172.0,0.0,1,False,
2025-07-05,PNQ2-247,GP12,B0D7BZ38X8,yantralay Aluminium Car Suction Mount 360  Rotatable for Insta 360 X4 X3 X2  Ace Pro ONE R RS  Hero 13 12 11 10 9 8 7  DJI Osmo Action Series   All O,1,-1252.27,Refund,GUWAHATI,Refund,-1252.27,0.0,0,False,
2025-07-11,PNQ2-295,GP10_RS4MINI_STARTRC,B0DZZFNDHP,yantralay Portable Carrying Storage Case for DJ I Ronin RS4Mini Gimbal EVA Handbag Travel Handheld Shoulder Bag  RS4MINI,1,2631.0,Shipment,PATNA,Shipment,2631.0,0.0,1,False,
2025-07-12,PNQ2-303,GP1620_TLS,B08S7D4LKH,yantralay Upgraded Helmet Chin Strap Mount for Hero 13 12 11 10 9 8 7 6 5  SJCAM  Insta 360   DJI Osmo Action 3   4   Adjustable   Secure Camera Moun,1,1201.0,Shipment,East Delhi,Shipment,1201.0,0.0,1,False,
2025-07-11,PNQ2-292,GP1620_TLS,B08S7D4LKH,yantralay Upgraded Helmet Chin Strap Mount for Hero 13 12 11 10 9 8 7 6 5  SJCAM  Insta 360   DJI Osmo Action 3   4   Adjustable   Secure Camera Moun,1,1201.0,Shipment,NAVI MUMBAI,Shipment,1201.0,0.0,1,False,
2025-07-12,NAN,PS2_BLACK,B0BL1CYSW6,nan,1,0.0,Cancel,NEW DELHI,Cancel,0.0,0.0,0,False,
2025-07-12,PNQ2-307,PS1,B0BJBL1XBS,yantralay Polyester Dual Controller Hard Carry Case Compatible With Ps5 Ps4 Xbox Ipega Controllers   3 Layer Protection Travel Carry Case   Grey,1,906.0,Shipment,New Delhi,Shipment,906.0,0.0,1,False,
2025-07-12,PNQ2-310,PS2_BLACK,B0BL1CYSW6,yantralay Nylon Controller Gamepad Carry Case   Ultimate Protection Compatible for PS5 PS4 PS3 Switch Pro Xbox Joysticks Waterproof  Scratch Protectio,1,479.0,Shipment,NEW DELHI,Shipment,479.0,0.0,1,False,
2025-07-12,PNQ2-305,GP10_RS4MINI_STARTRC,B0DZZFNDHP,yantralay Portable Carrying Storage Case for DJ I Ronin RS4Mini Gimbal EVA Handbag Travel Handheld Shoulder Bag  RS4MINI,1,2631.0,Shipment,NOIDA,Shipment,2631.0,0.0,1,False,
2025-07-12,PNQ2-314,GP49,B0D456N4QM,yantralay Motorcycle Bike Bicycle Handlebar Mount Clamps with 1 4  Screw Compatible 8 35mm for Gopro Hero 13 12 11 10 9 Max Insta360 ONE X5 X4 X3  ONE,1,920.53,Shipment,Vadodara,Shipment,920.53,0.0,1,False,
2025-07-13,PNQ2-316,ACCHARGERGP5_3,B08LYVPLR9,nan,1,0.0,Cancel,Noida,Cancel,0.0,0.0,0,False,
2025-07-12,PNQ2-315,PS10_OLEDCOMBO_YELLOW,B0DJFL8DBY,yantralay 4 in 1 Carrying Case Pouch with Protective Cover for Nintendo Switch OLED  Non Slip Soft Case Cover  Screen Protectors   Thumb Grips for Swi,1,1104.83,Shipment,Alipur Duar,Shipment,1104.83,0.0,1,False,
2025-07-12,PNQ2-305,GP10_RS4MINI_STARTRC,B0DZZFNDHP,yantralay Portable Carrying Storage Case for DJ I Ronin RS4Mini Gimbal EVA Handbag Travel Handheld Shoulder Bag  RS4MINI,1,-2631.0,Refund,NOIDA,Refund,-2631.0,0.0,0,False,
2025-07-12,PNQ2-313,GP10KIT_KIT2,B0FBS5Q11T,nan,1,0.0,Cancel,BODA,Cancel,0.0,0.0,0,False,
2025-07-13,PNQ2-317,GP1620_TLS,B08S7D4LKH,yantralay Upgraded Helmet Chin Strap Mount for Hero 13 12 11 10 9 8 7 6 5  SJCAM  Insta 360   DJI Osmo Action 3   4   Adjustable   Secure Camera Moun,1,969.03,Shipment,Mira road  Thane,Shipment,969.03,0.0,1,False,
2025-07-13,PNQ2-320,S13,B07MG832T8,yantralay Universal 360  Rotating Vertical Mobile Tripod Monopod Mount for Smartphones up to 4 1  Width   Compatible with Samsung  iPhone  Xiaomi  On,1,281.53,Shipment,KOLKATA,Shipment,281.53,0.0,1,False,
2025-07-13,PNQ2-319,GP49,B0D456N4QM,yantralay Motorcycle Bike Bicycle Handlebar Mount Clamps with 1 4  Screw Compatible 8 35mm for Gopro Hero 13 12 11 10 9 Max Insta360 ONE X5 X4 X3  ONE,1,920.53,Shipment,BHAVNAGAR,Shipment,920.53,0.0,1,False,
2025-07-13,PNQ2-323,PS10_OLED_YELLOW,B0BRY5GJ5Y,nan,1,0.0,Cancel,ROHTAK,Cancel,0.0,0.0,0,False,
2025-07-13,PNQ2-316,ACCHARGERGP5_3,B08LYVPLR9,Yantralay 3 Channel AHDBT 501 Battery Charger for Hero 5 6 7   8 Black Action Camera   USB Cable Included   Fast Charging Dock,1,798.31,Shipment,Noida,Shipment,798.31,0.0,1,False,
2025-07-13,PNQ2-318,GP1620_TLS,B08S7D4LKH,yantralay Upgraded Helmet Chin Strap Mount for Hero 13 12 11 10 9 8 7 6 5  SJCAM  Insta 360   DJI Osmo Action 3   4   Adjustable   Secure Camera Moun,1,1260.03,Shipment,NOIDA,Shipment,1260.03,0.0,1,False,
2025-07-13,PNQ2-321,GP1620_TLS,B08S7D4LKH,yantralay Upgraded Helmet Chin Strap Mount for Hero 13 12 11 10 9 8 7 6 5  SJCAM  Insta 360   DJI Osmo Action 3   4   Adjustable   Secure Camera Moun,1,1136.84,Shipment,Mumbai,Shipment,1136.84,0.0,1,False,
2025-07-13,PNQ2-323,PS10_OLED_YELLOW,B0BRY5GJ5Y,yantralay Carry Case Pouch Cover Compatible with Nintendo Switch OLED with Game Card Slots for Switch Switch OLED Accessories  Video Game   Yellow,1,629.53,Shipment,ROHTAK,Shipment,629.53,0.0,1,False,
2025-07-13,PNQ2-324,GP10_RS4MINI_STARTRC,B0DZZFNDHP,yantralay Portable Carrying Storage Case for DJ I Ronin RS4Mini Gimbal EVA Handbag Travel Handheld Shoulder Bag  RS4MINI,1,2618.03,Shipment,Delhi,Shipment,2618.03,0.0,1,False,
2025-07-13,PNQ2-325,PS1,B0BJBL1XBS,yantralay Polyester Dual Controller Hard Carry Case Compatible With Ps5 Ps4 Xbox Ipega Controllers   3 Layer Protection Travel Carry Case   Grey,1,822.56,Shipment,MORADABAD,Shipment,822.56,0.0,1,False,
2025-07-13,PNQ2-322,GP1620_TLS,B08S7D4LKH,yantralay Upgraded Helmet Chin Strap Mount for Hero 13 12 11 10 9 8 7 6 5  SJCAM  Insta 360   DJI Osmo Action 3   4   Adjustable   Secure Camera Moun,1,1136.84,Shipment,NEW DELHI,Shipment,1136.84,0.0,1,False,
2025-07-12,PNQ2-306,GP46-L_GP46-S_GP25_150CMS_TUYU,B0FCYMLQ95,yantralay Aluminium Dual Clamp Handlebar Mount Kit for Action Cameras   Invisible Selfie Stick Setup   Compatible with Insta 360 X5 X4  Go Pro 13 12 1,1,4999.0,Shipment,SIBSAGAR,Shipment,4999.0,0.0,1,False,
2025-07-13,PNQ2-327,ACCHARGERGP5_3,B08LYVPLR9,Yantralay 3 Channel AHDBT 501 Battery Charger for Hero 5 6 7   8 Black Action Camera   USB Cable Included   Fast Charging Dock,1,798.31,Shipment,BENGALURU,Shipment,798.31,0.0,1,False,
2025-07-13,PNQ2-326,ACCHARGERGP5_3,B08LYVPLR9,Yantralay 3 Channel AHDBT 501 Battery Charger for Hero 5 6 7   8 Black Action Camera   USB Cable Included   Fast Charging Dock,1,798.31,Shipment,noida,Shipment,798.31,0.0,1,False,
2025-07-14,PNQ2-331,PS1,B0BJBL1XBS,yantralay Polyester Dual Controller Hard Carry Case Compatible With Ps5 Ps4 Xbox Ipega Controllers   3 Layer Protection Travel Carry Case   Grey,1,822.56,Shipment,NEW DELHI,Shipment,822.56,0.0,1,False,
2025-07-14,PNQ2-330,GP10KIT_KIT2,B0FBS5Q11T,yantralay 61 in 1 Action Camera Accessories Kit Compatible with Go Pro Hero 13 12 11 10 9  Action 5 4 3  Action  Insta 360 X5 X4 X3   All Other Action,1,1648.03,Shipment,KOLKATA,Shipment,1648.03,0.0,1,False,
2025-07-12,PNQ2-309,ACCASEYTG9,B08NF6HMG6,yantralay YT G9 Vlogging Case with Dual Cold Shoe Mount for Hero 12 11 10 9  Removable 52mm Filter Ring  All in One Kit with Case Door  Lens Protector,1,1044.0,Shipment,Rewari,Shipment,1044.0,0.0,1,False,
2025-07-14,NAN,GP29L,B08RXBFBG9,nan,1,0.0,Cancel,NEW DELHI,Cancel,0.0,0.0,0,False,
2025-07-02,PNQ2-226,MS_GP34,B0DG2LBC8V,yantralay Magnetic Neck Mount   2 in 1 Flexible Holder for Phones and Action Cameras   Adjustable Neck Strap  Secure Magnetic Magsaf Mounts  for Gopro,1,-1999.0,Refund,Central Delhi,Refund,-1999.0,0.0,0,False,
2025-07-14,PNQ2-336,GP29L,B08RXBFBG9,yantralay Windshield Car Suction Cup Mount for Hero 10 9 8  SJCAM  Osmo Action 3   4  Insta 360   Flexible  Multi Angle Adjustable   Mount for Smartph,1,549.99,Shipment,NEW DELHI,Shipment,549.99,0.0,1,False,
2025-07-14,PNQ2-334,PS1,B0BJBL1XBS,yantralay Polyester Dual Controller Hard Carry Case Compatible With Ps5 Ps4 Xbox Ipega Controllers   3 Layer Protection Travel Carry Case   Grey,1,822.56,Shipment,NEW DELHI,Shipment,822.56,0.0,1,False,
2025-07-14,PNQ2-329,PS1,B0BJBL1XBS,yantralay Polyester Dual Controller Hard Carry Case Compatible With Ps5 Ps4 Xbox Ipega Controllers   3 Layer Protection Travel Carry Case   Grey,1,822.56,Shipment,MOHALI,Shipment,822.56,0.0,1,False,
2025-07-14,PNQ2-338,PS2_BLACK,B0BL1CYSW6,yantralay Nylon Controller Gamepad Carry Case   Ultimate Protection Compatible for PS5 PS4 PS3 Switch Pro Xbox Joysticks Waterproof  Scratch Protectio,1,464.63,Shipment,KHAMANO,Shipment,464.63,0.0,1,False,
2025-07-14,PNQ2-335,GP29L,B08RXBFBG9,yantralay Windshield Car Suction Cup Mount for Hero 10 9 8  SJCAM  Osmo Action 3   4  Insta 360   Flexible  Multi Angle Adjustable   Mount for Smartph,1,0.0,FreeReplacement,NEW DELHI,FreeReplacement,0.0,0.0,0,True,
2025-07-14,PNQ2-339,PS1,B0BJBL1XBS,yantralay Polyester Dual Controller Hard Carry Case Compatible With Ps5 Ps4 Xbox Ipega Controllers   3 Layer Protection Travel Carry Case   Grey,1,822.56,Shipment,Gurugram,Shipment,822.56,0.0,1,False,
2025-07-14,PNQ2-337,PS1,B0BJBL1XBS,yantralay Polyester Dual Controller Hard Carry Case Compatible With Ps5 Ps4 Xbox Ipega Controllers   3 Layer Protection Travel Carry Case   Grey,1,822.56,Shipment,EAST DELHI,Shipment,822.56,0.0,1,False,
2025-07-14,PNQ2-342,GP49,B0D456N4QM,yantralay Motorcycle Bike Bicycle Handlebar Mount Clamps with 1 4  Screw Compatible 8 35mm for Gopro Hero 13 12 11 10 9 Max Insta360 ONE X5 X4 X3  ONE,1,920.53,Shipment,Thane,Shipment,920.53,0.0,1,False,
2025-07-14,PNQ2-328,IN1_AL,B0D4536M61,yantralay 4 in 1 Motorcycle Mount Bundle with Unicorn Helmet Extension Arm Adhesive Kit Compatible for Insta360 One X4 X3 X2  ONE R RS  Hero 13 12 11,1,2084.53,Shipment,LEH,Shipment,2084.53,0.0,1,False,
2025-07-14,PNQ2-340,GP10KIT_KIT2,B0FBS5Q11T,yantralay 61 in 1 Action Camera Accessories Kit Compatible with Go Pro Hero 13 12 11 10 9  Action 5 4 3  Action  Insta 360 X5 X4 X3   All Other Action,1,1648.03,Shipment,HYDERABAD,Shipment,1648.03,0.0,1,False,
2025-07-14,PNQ2-341,GP10KIT_KIT2,B0FBS5Q11T,nan,1,0.0,Cancel,HYDERABAD,Cancel,0.0,0.0,0,False,
2025-07-14,PNQ2-338,PS2_BLACK,B0BL1CYSW6,yantralay Nylon Controller Gamepad Carry Case   Ultimate Protection Compatible for PS5 PS4 PS3 Switch Pro Xbox Joysticks Waterproof  Scratch Protectio,1,-464.63,Refund,KHAMANO,Refund,-464.63,0.0,0,False,
2025-07-14,PNQ2-333,PS1,B0BJBL1XBS,yantralay Polyester Dual Controller Hard Carry Case Compatible With Ps5 Ps4 Xbox Ipega Controllers   3 Layer Protection Travel Carry Case   Grey,1,822.56,Shipment,NOIDA,Shipment,822.56,0.0,1,False,
2025-07-15,PNQ2-343,PS1,B0BJBL1XBS,yantralay Polyester Dual Controller Hard Carry Case Compatible With Ps5 Ps4 Xbox Ipega Controllers   3 Layer Protection Travel Carry Case   Grey,1,822.56,Shipment,NOIDA,Shipment,822.56,0.0,1,False,
2025-07-15,PNQ2-346,PS1,B0BJBL1XBS,yantralay Polyester Dual Controller Hard Carry Case Compatible With Ps5 Ps4 Xbox Ipega Controllers   3 Layer Protection Travel Carry Case   Grey,1,0.0,FreeReplacement,NEW DELHI,FreeReplacement,0.0,0.0,0,True,
2025-07-15,PNQ2-345,PS2_BLACK,B0BL1CYSW6,yantralay Nylon Controller Gamepad Carry Case   Ultimate Protection Compatible for PS5 PS4 PS3 Switch Pro Xbox Joysticks Waterproof  Scratch Protectio,2,890.94,Shipment,AMRITSAR,Shipment,890.94,0.0,2,False,
2025-07-15,PNQ2-344,GP46-L_GP46-S_GP25_150CMS_TUYU,B0FCYMLQ95,yantralay Aluminium Dual Clamp Handlebar Mount Kit for Action Cameras   Invisible Selfie Stick Setup   Compatible with Insta 360 X5 X4  Go Pro 13 12 1,1,4849.03,Shipment,N KAWNPUI,Shipment,4849.03,0.0,1,False,
2025-07-16,PNQ2-347,PS2_BLACK,B0BL1CYSW6,yantralay Nylon Controller Gamepad Carry Case   Ultimate Protection Compatible for PS5 PS4 PS3 Switch Pro Xbox Joysticks Waterproof  Scratch Protectio,1,464.63,Shipment,Patiala,Shipment,464.63,0.0,1,False,
2025-07-17,PNQ2-349,GP49,B0D456N4QM,yantralay Motorcycle Bike Bicycle Handlebar Mount Clamps with 1 4  Screw Compatible 8 35mm for Gopro Hero 13 12 11 10 9 Max Insta360 ONE X5 X4 X3  ONE,1,920.53,Shipment,NEW DELHI,Shipment,920.53,0.0,1,False,
2025-07-17,PNQ2-348,PS1,B0BJBL1XBS,yantralay Polyester Dual Controller Hard Carry Case Compatible With Ps5 Ps4 Xbox Ipega Controllers   3 Layer Protection Travel Carry Case   Grey,1,822.56,Shipment,FARIDABAD,Shipment,822.56,0.0,1,False,
2025-07-11,PNQ2-296,GP49,B0D456N4QM,yantralay Motorcycle Bike Bicycle Handlebar Mount Clamps with 1 4  Screw Compatible 8 35mm for Gopro Hero 13 12 11 10 9 Max Insta360 ONE X5 X4 X3  ONE,1,-901.0,Refund,Digboi,Refund,-901.0,0.0,0,False,
2025-07-11,PNQ2-290,PS10_OLED_YELLOW,B0BRY5GJ5Y,yantralay Carry Case Pouch Cover Compatible with Nintendo Switch OLED with Game Card Slots for Switch Switch OLED Accessories  Video Game   Yellow,1,-616.0,Refund,NEW DELHI,Refund,-616.0,0.0,0,False,
2025-07-09,PNQ2-279,GP10_RS4MINI_STARTRC,B0DZZFNDHP,yantralay Portable Carrying Storage Case for DJ I Ronin RS4Mini Gimbal EVA Handbag Travel Handheld Shoulder Bag  RS4MINI,1,-2631.0,Refund,BENGALURU,Refund,-2631.0,0.0,0,False,
2025-07-17,PNQ2-350,PS1,B0BJBL1XBS,yantralay Polyester Dual Controller Hard Carry Case Compatible With Ps5 Ps4 Xbox Ipega Controllers   3 Layer Protection Travel Carry Case   Grey,1,822.56,Shipment,Noida,Shipment,822.56,0.0,1,False,
2025-07-12,PNQ2-301,GP29L,B08RXBFBG9,yantralay Windshield Car Suction Cup Mount for Hero 10 9 8  SJCAM  Osmo Action 3   4  Insta 360   Flexible  Multi Angle Adjustable   Mount for Smartph,1,-629.0,Refund,NEW DELHI,Refund,-629.0,0.0,0,False,
2025-07-18,PNQ2-351,IN1_AL,B0D4536M61,yantralay 4 in 1 Motorcycle Mount Bundle with Unicorn Helmet Extension Arm Adhesive Kit Compatible for Insta360 One X4 X3 X2  ONE R RS  Hero 13 12 11,1,2084.53,Shipment,JAYGAON,Shipment,2084.53,0.0,1,False,
2025-07-18,PNQ2-352,GP10KIT_KIT2,B0FBS5Q11T,yantralay 61 in 1 Action Camera Accessories Kit Compatible with Go Pro Hero 13 12 11 10 9  Action 5 4 3  Action  Insta 360 X5 X4 X3   All Other Action,1,1648.03,Shipment,ETAWAH,Shipment,1648.03,0.0,1,False,
2025-07-20,PNQ2-353,PS1,B0BJBL1XBS,yantralay Polyester Dual Controller Hard Carry Case Compatible With Ps5 Ps4 Xbox Ipega Controllers   3 Layer Protection Travel Carry Case   Grey,1,877.85,Shipment,NEW DELHI,Shipment,877.85,0.0,1,False,
2025-07-21,PNQ2-356,PS2_BLACK,B0BL1CYSW6,yantralay Nylon Controller Gamepad Carry Case   Ultimate Protection Compatible for PS5 PS4 PS3 Switch Pro Xbox Joysticks Waterproof  Scratch Protectio,1,479.0,Shipment,NEW DELHI,Shipment,479.0,0.0,1,False,
2025-07-21,PNQ2-354,ACCASEONEX5,B0FF2D12YN,Yantralay Invisible Magnetic Dive Case for Insta360 X5   60M Waterproof Underwater Housing for Deep Sea   Snorkeling Shots,1,5819.03,Shipment,MOHALI,Shipment,5819.03,0.0,1,False,
2025-07-21,PNQ2-355,PS2_BLACK,B0BL1CYSW6,yantralay Nylon Controller Gamepad Carry Case   Ultimate Protection Compatible for PS5 PS4 PS3 Switch Pro Xbox Joysticks Waterproof  Scratch Protectio,1,464.63,Shipment,LUDHIANA,Shipment,464.63,0.0,1,False,
2025-07-21,PNQ2-357,GP29L,B08RXBFBG9,yantralay Windshield Car Suction Cup Mount for Hero 10 9 8  SJCAM  Osmo Action 3   4  Insta 360   Flexible  Multi Angle Adjustable   Mount for Smartph,1,0.0,FreeReplacement,Tura,FreeReplacement,0.0,0.0,0,True,
2025-07-18,PNQ2-352,GP10KIT_KIT2,B0FBS5Q11T,yantralay 61 in 1 Action Camera Accessories Kit Compatible with Go Pro Hero 13 12 11 10 9  Action 5 4 3  Action  Insta 360 X5 X4 X3   All Other Action,1,-1648.03,Refund,ETAWAH,Refund,-1648.03,0.0,0,False,
2025-07-21,PNQ2-358,GP49,B0D456N4QM,yantralay Motorcycle Bike Bicycle Handlebar Mount Clamps with 1 4  Screw Compatible 8 35mm for Gopro Hero 13 12 11 10 9 Max Insta360 ONE X5 X4 X3  ONE,1,901.0,Shipment,Rohini,Shipment,901.0,0.0,1,False,
2025-07-22,PNQ2-360,GP49,B0D456N4QM,yantralay Motorcycle Bike Bicycle Handlebar Mount Clamps with 1 4  Screw Compatible 8 35mm for Gopro Hero 13 12 11 10 9 Max Insta360 ONE X5 X4 X3  ONE,1,901.0,Shipment,BANGALORE,Shipment,901.0,0.0,1,False,
2025-07-22,PNQ2-364,ACCASEYTG9,B08NF6HMG6,yantralay YT G9 Vlogging Case with Dual Cold Shoe Mount for Hero 12 11 10 9  Removable 52mm Filter Ring  All in One Kit with Case Door  Lens Protector,1,965.0,Shipment,LUDHIANA,Shipment,965.0,0.0,1,False,
2025-07-22,PNQ2-362,GP46-L_GP46-S_GP25_150CMS_TUYU,B0FCYMLQ95,yantralay Aluminium Dual Clamp Handlebar Mount Kit for Action Cameras   Invisible Selfie Stick Setup   Compatible with Insta 360 X5 X4  Go Pro 13 12 1,1,4999.0,Shipment,Pune,Shipment,4999.0,0.0,1,False,
2025-07-22,PNQ2-363,GP46-L_GP46-S_GP25_150CMS_TUYU,B0FCYMLQ95,yantralay Aluminium Dual Clamp Handlebar Mount Kit for Action Cameras   Invisible Selfie Stick Setup   Compatible with Insta 360 X5 X4  Go Pro 13 12 1,1,4999.0,Shipment,MUMBAI,Shipment,4999.0,0.0,1,False,
2025-07-22,PNQ2-361,GP10KIT_KIT2,B0FBS5Q11T,yantralay 61 in 1 Action Camera Accessories Kit Compatible with Go Pro Hero 13 12 11 10 9  Action 5 4 3  Action  Insta 360 X5 X4 X3   All Other Action,1,1699.0,Shipment,LUCKNOW,Shipment,1699.0,0.0,1,False,
2025-07-22,PNQ2-359,PS2_BLACK,B0BL1CYSW6,yantralay Nylon Controller Gamepad Carry Case   Ultimate Protection Compatible for PS5 PS4 PS3 Switch Pro Xbox Joysticks Waterproof  Scratch Protectio,1,479.0,Shipment,Bengaluru,Shipment,479.0,0.0,1,False,
2025-07-23,PNQ2-365,GP29L,B08RXBFBG9,yantralay Windshield Car Suction Cup Mount for Hero 10 9 8  SJCAM  Osmo Action 3   4  Insta 360   Flexible  Multi Angle Adjustable   Mount for Smartph,1,597.0,Shipment,FIROZABAD,Shipment,597.0,0.0,1,False,
2025-07-23,PNQ2-366,PS2_BLUE,B0BL1H24P4,yantralay Controller Gamepad Carry Case   Ultimate Protection Compatible for PS5 PS4 PS3 Switch Pro Xbox Joysticks Waterproof  Scratch Protection  Dur,1,499.0,Shipment,New Delhi,Shipment,499.0,0.0,1,False,
2025-07-23,PNQ2-367,PS2_BLACK,B0BL1CYSW6,yantralay Nylon Controller Gamepad Carry Case   Ultimate Protection Compatible for PS5 PS4 PS3 Switch Pro Xbox Joysticks Waterproof  Scratch Protectio,1,479.0,Shipment,NEW DELHI,Shipment,479.0,0.0,1,False,
2025-07-24,PNQ2-368,GP29L,B08RXBFBG9,yantralay Windshield Car Suction Cup Mount for Hero 10 9 8  SJCAM  Osmo Action 3   4  Insta 360   Flexible  Multi Angle Adjustable   Mount for Smartph,1,597.0,Shipment,NOIDA,Shipment,597.0,0.0,1,False,
2025-07-24,PNQ2-369,PS2_BLACK,B0BL1CYSW6,yantralay Nylon Controller Gamepad Carry Case   Ultimate Protection Compatible for PS5 PS4 PS3 Switch Pro Xbox Joysticks Waterproof  Scratch Protectio,1,479.0,Shipment,BENGALURU,Shipment,479.0,0.0,1,False,
2025-07-24,PNQ2-371,GP49,B0D456N4QM,yantralay Motorcycle Bike Bicycle Handlebar Mount Clamps with 1 4  Screw Compatible 8 35mm for Gopro Hero 13 12 11 10 9 Max Insta360 ONE X5 X4 X3  ONE,1,901.0,Shipment,VARANASI,Shipment,901.0,0.0,1,False,
2025-07-13,PNQ2-327,ACCHARGERGP5_3,B08LYVPLR9,Yantralay 3 Channel AHDBT 501 Battery Charger for Hero 5 6 7   8 Black Action Camera   USB Cable Included   Fast Charging Dock,1,-798.31,Refund,BENGALURU,Refund,-798.31,0.0,0,False,
2025-07-24,PNQ2-370,GP10KIT_KIT2,B0FBS5Q11T,yantralay 61 in 1 Action Camera Accessories Kit Compatible with Go Pro Hero 13 12 11 10 9  Action 5 4 3  Action  Insta 360 X5 X4 X3   All Other Action,1,1699.0,Shipment,HYDERABAD,Shipment,1699.0,0.0,1,False,
2025-07-25,PNQ2-373,PS1,B0BJBL1XBS,yantralay Polyester Dual Controller Hard Carry Case Compatible With Ps5 Ps4 Xbox Ipega Controllers   3 Layer Protection Travel Carry Case   Grey,1,905.0,Shipment,NEW DELHI,Shipment,905.0,0.0,1,False,
2025-07-25,PNQ2-372,GP46-L_GP46-S_GP25_150CMS_TUYU,B0FCYMLQ95,yantralay Aluminium Dual Clamp Handlebar Mount Kit for Action Cameras   Invisible Selfie Stick Setup   Compatible with Insta 360 X5 X4  Go Pro 13 12 1,1,4999.0,Shipment,BHANDARA,Shipment,4999.0,0.0,1,False,
2025-07-26,PNQ2-374,ACCASEYTG9,B08NF6HMG6,yantralay YT G9 Vlogging Case with Dual Cold Shoe Mount for Hero 12 11 10 9  Removable 52mm Filter Ring  All in One Kit with Case Door  Lens Protector,1,965.0,Shipment,JALANDHAR,Shipment,965.0,0.0,1,False,
2025-07-26,PNQ2-375,S13,B07MG832T8,yantralay Universal 360  Rotating Vertical Mobile Tripod Monopod Mount for Smartphones up to 4 1  Width   Compatible with Samsung  iPhone  Xiaomi  On,1,249.0,Shipment,JAIPUR,Shipment,249.0,0.0,1,False,
2025-07-26,PNQ2-376,PS2_BLACK,B0BL1CYSW6,yantralay Nylon Controller Gamepad Carry Case   Ultimate Protection Compatible for PS5 PS4 PS3 Switch Pro Xbox Joysticks Waterproof  Scratch Protectio,1,479.0,Shipment,BENGALURU,Shipment,479.0,0.0,1,False,
2025-07-27,PNQ2-378,GP29L,B08RXBFBG9,yantralay Windshield Car Suction Cup Mount for Hero 10 9 8  SJCAM  Osmo Action 3   4  Insta 360   Flexible  Multi Angle Adjustable   Mount for Smartph,1,597.0,Shipment,NEW DELHI,Shipment,597.0,0.0,1,False,
2025-07-26,PNQ2-377,ACCHARGERGP5_3,B08LYVPLR9,Yantralay 3 Channel AHDBT 501 Battery Charger for Hero 5 6 7   8 Black Action Camera   USB Cable Included   Fast Charging Dock,1,823.0,Shipment,Batasi,Shipment,823.0,0.0,1,False,
2025-07-27,PNQ2-380,GP43_OP3_STARTRC,B0CT3TFRJL,nan,1,0.0,Cancel,Kolkata,Cancel,0.0,0.0,0,False,
2025-07-24,PNQ2-369,PS2_BLACK,B0BL1CYSW6,yantralay Nylon Controller Gamepad Carry Case   Ultimate Protection Compatible for PS5 PS4 PS3 Switch Pro Xbox Joysticks Waterproof  Scratch Protectio,1,-479.0,Refund,BENGALURU,Refund,-479.0,0.0,0,False,
2025-07-27,PNQ2-381,GP43_OP3_STARTRC,B0CT3TFRJL,yantralay Ethylene Vinyl Acetate  EVA  Portable Carry Case for DJI Osmo Pocket 3 Creator Combo   Protective Bag with Adjustable Shoulder Strap   Large,1,999.0,Shipment,Kolkata,Shipment,999.0,0.0,1,False,
2025-07-27,PNQ2-379,DR_STRAP-1133202,B0CNLDVL42,STARTRC Lanyard Neck Strap for DJI RC Controller  Adjustable for Mini 4 Pro Air 3 Mini 3 Mavic 3 Remote Controller Accessories  Grey,1,1614.0,Shipment,SRINAGAR,Shipment,1614.0,0.0,1,False,
2025-07-29,PNQ2-383,GP49,B0D456N4QM,yantralay Motorcycle Bike Bicycle Handlebar Mount Clamps with 1 4  Screw Compatible 8 35mm for Gopro Hero 13 12 11 10 9 Max Insta360 ONE X5 X4 X3  ONE,1,901.0,Shipment,Noida,Shipment,901.0,0.0,1,False,
2025-07-28,PNQ2-382,GP1620_TLS,B08S7D4LKH,yantralay Upgraded Helmet Chin Strap Mount for Hero 13 12 11 10 9 8 7 6 5  SJCAM  Insta 360   DJI Osmo Action 3   4   Adjustable   Secure Camera Moun,1,1201.0,Shipment,MURADNAGAR,Shipment,1201.0,0.0,1,False,
2025-07-26,PNQ2-377,ACCHARGERGP5_3,B08LYVPLR9,Yantralay 3 Channel AHDBT 501 Battery Charger for Hero 5 6 7   8 Black Action Camera   USB Cable Included   Fast Charging Dock,1,-823.0,Refund,Batasi,Refund,-823.0,0.0,0,False,
2025-07-30,PNQ2-385,ACCHARGERGP5_3,B08LYVPLR9,Yantralay 3 Channel AHDBT 501 Battery Charger for Hero 5 6 7   8 Black Action Camera   USB Cable Included   Fast Charging Dock,1,798.31,Shipment,KAPURTHALA,Shipment,798.31,0.0,1,False,
2025-07-31,PNQ2-386,ACCHARGERGP5_3,B08LYVPLR9,Yantralay 3 Channel AHDBT 501 Battery Charger for Hero 5 6 7   8 Black Action Camera   USB Cable Included   Fast Charging Dock,1,798.31,Shipment,Chennai,Shipment,798.31,0.0,1,False,
2025-07-30,PNQ2-384,ACCASEYTG9,B08NF6HMG6,yantralay YT G9 Vlogging Case with Dual Cold Shoe Mount for Hero 12 11 10 9  Removable 52mm Filter Ring  All in One Kit with Case Door  Lens Protector,1,936.05,Shipment,Ahmedabad,Shipment,936.05,0.0,1,False,
2025-07-31,PNQ2-388,PS1,B0BJBL1XBS,yantralay Polyester Dual Controller Hard Carry Case Compatible With Ps5 Ps4 Xbox Ipega Controllers   3 Layer Protection Travel Carry Case   Grey,1,833.23,Shipment,NEW DELHI,Shipment,833.23,0.0,1,False,
2025-07-31,PNQ2-387,GP49,B0D456N4QM,yantralay Motorcycle Bike Bicycle Handlebar Mount Clamps with 1 4  Screw Compatible 8 35mm for Gopro Hero 13 12 11 10 9 Max Insta360 ONE X5 X4 X3  ONE,1,920.53,Shipment,GAYA,Shipment,920.53,0.0,1,False,
2025-06-30,PNQ2-213,ACCASEYTG9,B08NF6HMG6,yantralay YT G9 Vlogging Case with Dual Cold Shoe Mount for Hero 12 11 10 9  Removable 52mm Filter Ring  All in One Kit with Case Door  Lens Protector,1,-1103.0,Refund,GURUGRAM,Refund,-1103.0,0.0,0,False,
2025-06-29,PNQ2-206,GP12,B0D7BZ38X8,yantralay Aluminium Car Suction Mount 360  Rotatable for Insta 360 X4 X3 X2  Ace Pro ONE R RS  Hero 13 12 11 10 9 8 7  DJI Osmo Action Series   All O,1,-1329.0,Refund,NEW DELHI,Refund,-1329.0,0.0,0,False,
2025-05-15,PNQ2-179,GP1620_TLS,B08S7D4LKH,yantralay Upgraded Helmet Chin Strap Mount for Hero 13 12 11 10 9 8 7 6 5  SJCAM  Insta 360   DJI Osmo Action 3   4   Adjustable   Secure Camera Moun,1,-1299.0,Refund,Mohali,Refund,-1299.0,0.0,0,False,
2025-07-01,LKO1-273,CWATCUN_D128-M-BLACKN,B0D8HVVY42,Cwatcun Canvas Camera Bag  DSLR SLR Camera Backpack for Photographers with Waterproof Rain Cover  Camera Case with 16  Laptop Compartment   Tripod Hol,1,5999.0,Shipment,ahmedabad,Shipment,5999.0,0.0,1,False,
2025-07-01,LKO1-274,GP12,B0D7BZ38X8,yantralay Aluminium Car Suction Mount 360  Rotatable for Insta 360 X4 X3 X2  Ace Pro ONE R RS  Hero 13 12 11 10 9 8 7  DJI Osmo Action Series   All O,1,1359.0,Shipment,Greater Noida,Shipment,1359.0,0.0,1,False,
2025-07-01,LKO1-275,PS10_OLEDCOMBO_GREEN,B0DJFLRGQF,yantralay 4 in 1 Carrying Case Pouch with Protective Cover for Nintendo Switch OLED  Non Slip Soft Case Cover  Screen Protectors   Thumb Grips for Swi,1,1199.0,Shipment,GREATER NOIDA,Shipment,1199.0,0.0,1,False,
2025-07-01,LKO1-272,PS5_VERTICALSTAND,B0DGTZGCNQ,yantralay 2 in 1 Vertical Stand for PS 5   PS 5 Slim Consoles Non Slip Base Mount for PS 5 Accessories  for PS5   PS5 Slim Digital   Disc Version,1,899.0,Shipment,PATNA,Shipment,899.0,0.0,1,False,
2025-07-01,LKO1-276,GP47_NEW,B0DRYJZ6VH,Yantralay 360  Rotatable Camera Bike Mount Clamp Motorcycle Handlebar Pole Aluminium Mount for Insta360 X4 X3  Ace Pro Pro2  Hero13 12 11 10 9 For Os,1,1349.0,Shipment,LUDHIANA,Shipment,1349.0,0.0,1,False,
2025-07-02,LKO1-278,GP49,B0D456N4QM,yantralay Motorcycle Bike Bicycle Handlebar Mount Clamps with 1 4  Screw Compatible 8 35mm for Gopro Hero 13 12 11 10 9 Max Insta360 ONE X5 X4 X3  ONE,1,901.0,Shipment,LUCKNOW,Shipment,901.0,0.0,1,False,
2025-07-02,LKO1-279,GP49,B0D456N4QM,yantralay Motorcycle Bike Bicycle Handlebar Mount Clamps with 1 4  Screw Compatible 8 35mm for Gopro Hero 13 12 11 10 9 Max Insta360 ONE X5 X4 X3  ONE,1,901.0,Shipment,NAGLA,Shipment,901.0,0.0,1,False,
2025-07-02,LKO1-277,GP47_NEW,B0DRYJZ6VH,Yantralay 360  Rotatable Camera Bike Mount Clamp Motorcycle Handlebar Pole Aluminium Mount for Insta360 X4 X3  Ace Pro Pro2  Hero13 12 11 10 9 For Os,1,1349.0,Shipment,NEW DELHI,Shipment,1349.0,0.0,1,False,
2025-07-02,LKO1-280,MS_GP34,B0DG2LBC8V,yantralay Magnetic Neck Mount   2 in 1 Flexible Holder for Phones and Action Cameras   Adjustable Neck Strap  Secure Magnetic Magsaf Mounts  for Gopro,1,1999.0,Shipment,Jaipur,Shipment,1999.0,0.0,1,False,
2025-07-03,LKO1-281,GP28COMBO1_H13,B0DHYCQR66,Yantralay Silicone Lanyard Sleeve Protective Cover   6PCS Tempered Glass Screen Guard with Silicone Lens Cover Compatible with GoPro Hero 9 Black Acti,1,646.0,Shipment,FAIZABAD,Shipment,646.0,0.0,1,False,
2025-07-03,LKO1-284,GP43_OP3_STARTRC,B0CT3TFRJL,yantralay Ethylene Vinyl Acetate  EVA  Portable Carry Case for DJI Osmo Pocket 3 Creator Combo   Protective Bag with Adjustable Shoulder Strap   Large,1,999.0,Shipment,GORAKHPUR,Shipment,999.0,0.0,1,False,
2025-07-03,LKO1-285,PS1,B0BJBL1XBS,yantralay Polyester Dual Controller Hard Carry Case Compatible With Ps5 Ps4 Xbox Ipega Controllers   3 Layer Protection Travel Carry Case   Grey,1,905.0,Shipment,MEERUT,Shipment,905.0,0.0,1,False,
2025-07-03,LKO1-283,GP47-L_TLSNK,B0BBVGXFZ2,Camera Bike Mount Motorcycle Handlebar Clamp Holder for GoPro Insta360 Accessories  TELESIN 360    Rotating Bicycle Cycling Attachment Accessory for,1,1849.0,Shipment,RATNAGIRI,Shipment,1849.0,0.0,1,False,
2025-07-04,LKO1-286,GP28_H13,B0DHYDQL5V,Yantralay Silicone Lanyard Sleeve Protective Cover   6PCS Tempered Glass Screen Guard with Silicone Lens Cover Compatible with Go Pro Hero 9 Black Act,1,387.03,Shipment,DERA BASSI INDUSTRIAL AREA,Shipment,387.03,0.0,1,False,
2025-07-04,LKO1-287,PS5_VERTICALSTAND,B0DGTZGCNQ,yantralay 2 in 1 Vertical Stand for PS 5   PS 5 Slim Consoles Non Slip Base Mount for PS 5 Accessories  for PS5   PS5 Slim Digital   Disc Version,1,0.0,FreeReplacement,PATNA,FreeReplacement,0.0,0.0,0,True,
2025-07-05,LKO1-288,PS5_VERTICALSTAND,B0DGTZGCNQ,yantralay 2 in 1 Vertical Stand for PS 5   PS 5 Slim Consoles Non Slip Base Mount for PS 5 Accessories  for PS5   PS5 Slim Digital   Disc Version,1,872.03,Shipment,Ludhiana,Shipment,872.03,0.0,1,False,
2025-07-05,LKO1-289,DR28_RC2COVER_MP,B0CL9TH14Q,STARTRC Mini 4 Pro Sun Hood for DJI RC 2 Controller 3 IN 1 Sunshade Joysticks Screen Protector for DJI Mini 4 Pro Air 3S Air 3 Accessories Anti Scratc,1,1703.32,Shipment,NEW DELHI,Shipment,1703.32,0.0,1,False,
2025-07-05,LKO1-290,PS1,B0BJBL1XBS,yantralay Polyester Dual Controller Hard Carry Case Compatible With Ps5 Ps4 Xbox Ipega Controllers   3 Layer Protection Travel Carry Case   Grey,1,877.85,Shipment,Kanpur,Shipment,877.85,0.0,1,False,
2025-07-05,LKO1-291,PS1,B0BJBL1XBS,yantralay Polyester Dual Controller Hard Carry Case Compatible With Ps5 Ps4 Xbox Ipega Controllers   3 Layer Protection Travel Carry Case   Grey,1,877.85,Shipment,LUCKNOW,Shipment,877.85,0.0,1,False,
2025-07-05,LKO1-292,LGONEX4,B0F7RT4HGJ,yantralay 2Pcs Lens Guard for Insta 360 X4   Scratch Resistant Protective Lens Cover   High Transparency Optical Coated Cap   Insta 360 X4 Camera Acce,1,755.63,Shipment,KANPUR,Shipment,755.63,0.0,1,False,
2025-07-06,LKO1-295,GP28COMBO1_H13,B0DHYCQR66,Yantralay Silicone Lanyard Sleeve Protective Cover   6PCS Tempered Glass Screen Guard with Silicone Lens Cover Compatible with GoPro Hero 9 Black Acti,1,626.62,Shipment,JAISALMER,Shipment,626.62,0.0,1,False,
2025-07-06,LKO1-293,PS5_VERTICALSTAND,B0DGTZGCNQ,yantralay 2 in 1 Vertical Stand for PS 5   PS 5 Slim Consoles Non Slip Base Mount for PS 5 Accessories  for PS5   PS5 Slim Digital   Disc Version,1,872.03,Shipment,GURUGRAM,Shipment,872.03,0.0,1,False,
2025-07-06,LKO1-296,CADEN_D17N,B0829MQ79Z,CADeN D17 Camera Shoulder Backpack,1,2999.0,Shipment,GURUGRAM,Shipment,2999.0,0.0,1,False,
2025-07-06,LKO1-297,PS10_OLEDCOMBO_GREEN,B0DJFLRGQF,yantralay 4 in 1 Carrying Case Pouch with Protective Cover for Nintendo Switch OLED  Non Slip Soft Case Cover  Screen Protectors   Thumb Grips for Swi,1,0.0,FreeReplacement,UTTAM NAGAR,FreeReplacement,0.0,0.0,0,True,
2025-07-01,LKO1-273,CWATCUN_D128-M-BLACKN,B0D8HVVY42,Cwatcun Canvas Camera Bag  DSLR SLR Camera Backpack for Photographers with Waterproof Rain Cover  Camera Case with 16  Laptop Compartment   Tripod Hol,1,-5999.0,Refund,ahmedabad,Refund,-5999.0,0.0,0,False,
2025-07-07,LKO1-299,ACFRAMEOA5_AL,B0F882DN17,Yantralay Premium Aluminum Protective Case for Action 5Pro 4 3  Supports Horizontal and Vertical Shooting Tough Aluminum Cage Maximum Protection with,1,2599.6,Shipment,NEW DELHI,Shipment,2599.6,0.0,1,False,
2025-07-08,LKO1-300,ACFRAMEOP3_STARTRCN,B0CR1C9243,STARTRC OSMO Pocket 3 360  Rotation Backpack Clip Mount Shoulder Strap Accessories for DJI Pocket 3 OSMO Pocket 3 Action Cameras,1,1763.0,Shipment,HSIIDC SOHNA,Shipment,1763.0,0.0,1,False,
2025-07-08,LKO1-301,DA35,B0F9FM9XHJ,Yantralay Professional 360  Rotating Metal Tripod Ball Head   Quick Release Plate with Bubble Level   8kg Load Capacity   1 4  Screw for DSLR  Camera,1,1900.0,Shipment,BENGALURU,Shipment,1900.0,0.0,1,False,
2025-07-08,LKO1-302,LGONEX4,B0F7RT4HGJ,yantralay 2Pcs Lens Guard for Insta 360 X4   Scratch Resistant Protective Lens Cover   High Transparency Optical Coated Cap   Insta 360 X4 Camera Acce,1,755.63,Shipment,BENGALURU,Shipment,755.63,0.0,1,False,
2025-07-08,LKO1-303,GP47_NEW,B0DRYJZ6VH,Yantralay 360  Rotatable Camera Bike Mount Clamp Motorcycle Handlebar Pole Aluminium Mount for Insta360 X4 X3  Ace Pro Pro2  Hero13 12 11 10 9 For Os,1,1349.0,Shipment,PRAYAGRAJ,Shipment,1349.0,0.0,1,False,
2025-07-09,LKO1-304,PS1,B0BJBL1XBS,yantralay Polyester Dual Controller Hard Carry Case Compatible With Ps5 Ps4 Xbox Ipega Controllers   3 Layer Protection Travel Carry Case   Grey,1,905.0,Shipment,AMRITSAR,Shipment,905.0,0.0,1,False,
2025-07-09,NAN,GP45-S,B0F88FL4CN,nan,1,0.0,Cancel,GREATER NOIDA,Cancel,0.0,0.0,0,False,
2025-07-09,LKO1-306,MS_GP34,B0DG2LBC8V,nan,1,0.0,Cancel,Kurai,Cancel,0.0,0.0,0,False,
2025-07-09,LKO1-305,PS10_PS5PORTALCOMBO,B0DF2Z2X1Q,yantralay 6 in 1 Hard Carrying Case with Protective Cover for Play Station 5 Portal  Non Slip Soft Case Cover   Screen Protectors   Thumb Grips for PS,1,2070.0,Shipment,Dehradun,Shipment,2070.0,0.0,1,False,
2025-07-09,LKO1-307,GP45-S,B0F88FL4CN,yantralay Magnetic Camera Mount for Hero 13 12 11 10 9  Insta360 X5 X4 X3  Action 4 5  Osmo Pocket 3   360  Quick Release Car Holder  Heavy Duty Magn,1,1549.0,Shipment,GREATER NOIDA,Shipment,1549.0,0.0,1,False,
2025-07-09,LKO1-309,GP28COMBO1_H13,B0DHYCQR66,Yantralay Silicone Lanyard Sleeve Protective Cover   6PCS Tempered Glass Screen Guard with Silicone Lens Cover Compatible with GoPro Hero 9 Black Acti,1,0.0,FreeReplacement,NEW DELHI,FreeReplacement,0.0,0.0,0,True,
2025-07-09,LKO1-308,PS10_OLEDCOMBO_GREEN,B0DJFLRGQF,yantralay 4 in 1 Carrying Case Pouch with Protective Cover for Nintendo Switch OLED  Non Slip Soft Case Cover  Screen Protectors   Thumb Grips for Swi,1,1139.0,Shipment,SAMANA,Shipment,1139.0,0.0,1,False,
2025-07-03,LKO1-284,GP43_OP3_STARTRC,B0CT3TFRJL,yantralay Ethylene Vinyl Acetate  EVA  Portable Carry Case for DJI Osmo Pocket 3 Creator Combo   Protective Bag with Adjustable Shoulder Strap   Large,1,-999.0,Refund,GORAKHPUR,Refund,-999.0,0.0,0,False,
2025-07-10,LKO1-312,GP12,B0D7BZ38X8,yantralay Aluminium Car Suction Mount 360  Rotatable for Insta 360 X4 X3 X2  Ace Pro ONE R RS  Hero 13 12 11 10 9 8 7  DJI Osmo Action Series   All O,1,1291.0,Shipment,KANPUR,Shipment,1291.0,0.0,1,False,
2025-07-10,LKO1-310,GP10_RS4MINI_STARTRC,B0DZZFNDHP,yantralay Portable Carrying Storage Case for DJ I Ronin RS4Mini Gimbal EVA Handbag Travel Handheld Shoulder Bag  RS4MINI,1,2631.0,Shipment,Jawali dhan chowk railway station road,Shipment,2631.0,0.0,1,False,
2025-07-10,LKO1-311,GP45-S,B0F88FL4CN,yantralay Magnetic Camera Mount for Hero 13 12 11 10 9  Insta360 X5 X4 X3  Action 4 5  Osmo Pocket 3   360  Quick Release Car Holder  Heavy Duty Magn,1,1549.0,Shipment,Bhakali,Shipment,1549.0,0.0,1,False,
2025-07-10,LKO1-313,GP46-M,B0F91GXT2N,yantralay Double Clamp Mount Bracket with 1 4  Ball Head for GoPro  Insta 360 X2 X3  Action Cameras   Handlebar  Motorcycle  Bicycle  Selfie Stick  St,1,1754.0,Shipment,GHAZIABAD,Shipment,1754.0,0.0,1,False,
2025-07-10,LKO1-314,MS_GP34,B0DG2LBC8V,yantralay Magnetic Neck Mount   2 in 1 Flexible Holder for Phones and Action Cameras   Adjustable Neck Strap  Secure Magnetic Magsaf Mounts  for Gopro,1,1999.0,Shipment,MOHALI,Shipment,1999.0,0.0,1,False,
2025-07-11,LKO1-315,PS10_OLED_YELLOW,B0BRY5GJ5Y,yantralay Carry Case Pouch Cover Compatible with Nintendo Switch OLED with Game Card Slots for Switch Switch OLED Accessories  Video Game   Yellow,1,616.0,Shipment,NEW DELHI,Shipment,616.0,0.0,1,False,
2025-07-11,LKO1-316,DA34,B0DQQ96VMF,yantralay Handheld Adapter for Wireless Interview with Foam Windshield   Reduce Wind Noise  Compatible with Digite k DWM 101  DJI MIC MIC2  Rode Rode,1,699.0,Shipment,SITAMARHI,Shipment,699.0,0.0,1,False,
2025-07-11,LKO1-317,GP12,B0D7BZ38X8,yantralay Aluminium Car Suction Mount 360  Rotatable for Insta 360 X4 X3 X2  Ace Pro ONE R RS  Hero 13 12 11 10 9 8 7  DJI Osmo Action Series   All O,1,1291.0,Shipment,LEH,Shipment,1291.0,0.0,1,False,
2025-07-12,NAN,GP46-L_GP46-S_GP25_150CMS_TUYU,B0FCYMLQ95,nan,1,0.0,Cancel,LUCKNOW,Cancel,0.0,0.0,0,False,
2025-07-08,LKO1-303,GP47_NEW,B0DRYJZ6VH,Yantralay 360  Rotatable Camera Bike Mount Clamp Motorcycle Handlebar Pole Aluminium Mount for Insta360 X4 X3  Ace Pro Pro2  Hero13 12 11 10 9 For Os,1,-1349.0,Refund,PRAYAGRAJ,Refund,-1349.0,0.0,0,False,
2025-07-12,LKO1-319,GP46-L_GP46-S_GP25_150CMS_TUYU,B0FCYMLQ95,yantralay Aluminium Dual Clamp Handlebar Mount Kit for Action Cameras   Invisible Selfie Stick Setup   Compatible with Insta 360 X5 X4  Go Pro 13 12 1,1,4999.0,Shipment,LUCKNOW,Shipment,4999.0,0.0,1,False,
2025-07-12,LKO1-318,GP10_RS4_STARTRC,B0DB1TQPH3,yantralay Portable Carrying Storage Case for DJ I Ronin RS4   RS4 Pro Gimbal EVA Handbag Travel Handheld Shoulder Bag  Grey,1,2635.0,Shipment,KANWAT,Shipment,2635.0,0.0,1,False,
2025-07-12,LKO1-320,PS10_OLED_GREEN,B0BRY5L26G,yantralay Carry Case Pouch Cover Compatible with Nintendo Switch OLED with Game Card Slots for Switch Switch OLED Accessories  Video Game   Green,1,649.0,Shipment,KURUKSHETRA,Shipment,649.0,0.0,1,False,
2025-07-13,LKO1-322,GP28_H13,B0DHYDQL5V,Yantralay Silicone Lanyard Sleeve Protective Cover   6PCS Tempered Glass Screen Guard with Silicone Lens Cover Compatible with Go Pro Hero 9 Black Act,1,387.03,Shipment,KANPUR,Shipment,387.03,0.0,1,False,
2025-07-13,LKO1-323,PS1,B0BJBL1XBS,yantralay Polyester Dual Controller Hard Carry Case Compatible With Ps5 Ps4 Xbox Ipega Controllers   3 Layer Protection Travel Carry Case   Grey,1,822.56,Shipment,Amritsar,Shipment,822.56,0.0,1,False,
2025-07-13,LKO1-325,GP12,B0D7BZ38X8,yantralay Aluminium Car Suction Mount 360  Rotatable for Insta 360 X4 X3 X2  Ace Pro ONE R RS  Hero 13 12 11 10 9 8 7  DJI Osmo Action Series   All O,1,1224.14,Shipment,KURALI,Shipment,1224.14,0.0,1,False,
2025-07-12,LKO1-321,GP46-L,B0F91GCRP4,yantralay Double Clamp Mount Bracket with 1 4  Ball Head for Go Pro 13 12 11  Insta 360 X5 X4 X3 Handlebar  Motorcycle  Bicycle  Selfie Stick  Studio,1,1842.03,Shipment,JAIPUR,Shipment,1842.03,0.0,1,False,
2025-07-14,LKO1-327,PS1,B0BJBL1XBS,yantralay Polyester Dual Controller Hard Carry Case Compatible With Ps5 Ps4 Xbox Ipega Controllers   3 Layer Protection Travel Carry Case   Grey,1,822.56,Shipment,BHARTHANA,Shipment,822.56,0.0,1,False,
2025-07-14,LKO1-328,PS1,B0BJBL1XBS,yantralay Polyester Dual Controller Hard Carry Case Compatible With Ps5 Ps4 Xbox Ipega Controllers   3 Layer Protection Travel Carry Case   Grey,1,822.56,Shipment,PRAYAGRAJ,Shipment,822.56,0.0,1,False,
2025-07-14,LKO1-330,PS10_OLEDCOMBO_GREEN,B0DJFLRGQF,yantralay 4 in 1 Carrying Case Pouch with Protective Cover for Nintendo Switch OLED  Non Slip Soft Case Cover  Screen Protectors   Thumb Grips for Swi,1,1104.83,Shipment,New Delhi,Shipment,1104.83,0.0,1,False,
2025-07-14,LKO1-329,GP49,B0D456N4QM,yantralay Motorcycle Bike Bicycle Handlebar Mount Clamps with 1 4  Screw Compatible 8 35mm for Gopro Hero 13 12 11 10 9 Max Insta360 ONE X5 X4 X3  ONE,1,920.53,Shipment,KANPUR,Shipment,920.53,0.0,1,False,
2025-07-12,LKO1-321,GP46-L,B0F91GCRP4,yantralay Double Clamp Mount Bracket with 1 4  Ball Head for Go Pro 13 12 11  Insta 360 X5 X4 X3 Handlebar  Motorcycle  Bicycle  Selfie Stick  Studio,1,-1842.03,Refund,JAIPUR,Refund,-1842.03,0.0,0,False,
2025-07-14,LKO1-331,GP12,B0D7BZ38X8,yantralay Aluminium Car Suction Mount 360  Rotatable for Insta 360 X4 X3 X2  Ace Pro ONE R RS  Hero 13 12 11 10 9 8 7  DJI Osmo Action Series   All O,1,1318.23,Shipment,DEHRADUN,Shipment,1318.23,0.0,1,False,
2025-07-15,LKO1-335,ACCHARGERONEX4_3_AMG,B0DWLH6MJ3,nan,1,0.0,Cancel,GORAKHPUR,Cancel,0.0,0.0,0,False,
2025-07-13,LKO1-326,GP28COMBO1_H13,B0DHYCQR66,Yantralay Silicone Lanyard Sleeve Protective Cover   6PCS Tempered Glass Screen Guard with Silicone Lens Cover Compatible with GoPro Hero 9 Black Acti,1,699.0,Shipment,SRINAGAR,Shipment,699.0,0.0,1,False,
2025-07-15,LKO1-332,GP46-L,B0F91GCRP4,yantralay Double Clamp Mount Bracket with 1 4  Ball Head for Go Pro 13 12 11  Insta 360 X5 X4 X3 Handlebar  Motorcycle  Bicycle  Selfie Stick  Studio,1,1842.03,Shipment,BAIRABI,Shipment,1842.03,0.0,1,False,
2025-07-15,LKO1-334,PS10_OLEDCOMBO_YELLOW,B0DJFL8DBY,yantralay 4 in 1 Carrying Case Pouch with Protective Cover for Nintendo Switch OLED  Non Slip Soft Case Cover  Screen Protectors   Thumb Grips for Swi,1,1104.83,Shipment,Madhyamgram,Shipment,1104.83,0.0,1,False,
2025-07-15,LKO1-337,PS1,B0BJBL1XBS,yantralay Polyester Dual Controller Hard Carry Case Compatible With Ps5 Ps4 Xbox Ipega Controllers   3 Layer Protection Travel Carry Case   Grey,1,822.56,Shipment,KANPUR,Shipment,822.56,0.0,1,False,
2025-07-10,LKO1-314,MS_GP34,B0DG2LBC8V,yantralay Magnetic Neck Mount   2 in 1 Flexible Holder for Phones and Action Cameras   Adjustable Neck Strap  Secure Magnetic Magsaf Mounts  for Gopro,1,-1999.0,Refund,MOHALI,Refund,-1999.0,0.0,0,False,
2025-07-15,LKO1-335,ACCHARGERONEX4_3_AMG,B0DWLH6MJ3,Yantralay x amagisn 3 Slot Battery Charger Compatible for Insta360 X4 Camera  Charging Dock for X4 Accessories,1,1284.33,Shipment,GORAKHPUR,Shipment,1284.33,0.0,1,False,
2025-07-15,LKO1-333,TY98_TUYU,B0F7RP62NV,yantralay Motorcycle Windshield Mounting Clamp Aluminum Mount for Go Pro Hero 13 12 11 10 9 Insta 360 X3 DJ I Action 3 Action Camera Accessories,1,1842.03,Shipment,KANPUR,Shipment,1842.03,0.0,1,False,
2025-07-16,LKO1-339,GP10_RS4_STARTRC,B0DB1TQPH3,yantralay Portable Carrying Storage Case for DJ I Ronin RS4   RS4 Pro Gimbal EVA Handbag Travel Handheld Shoulder Bag  Grey,1,2555.95,Shipment,MEERUT,Shipment,2555.95,0.0,1,False,
2025-07-15,LKO1-336,DA34,B0DQQ96VMF,yantralay Handheld Adapter for Wireless Interview with Foam Windshield   Reduce Wind Noise  Compatible with Digite k DWM 101  DJI MIC MIC2  Rode Rode,1,0.0,FreeReplacement,SITAMARHI,FreeReplacement,0.0,0.0,0,True,
2025-07-16,LKO1-338,GP12,B0D7BZ38X8,yantralay Aluminium Car Suction Mount 360  Rotatable for Insta 360 X4 X3 X2  Ace Pro ONE R RS  Hero 13 12 11 10 9 8 7  DJI Osmo Action Series   All O,1,1318.23,Shipment,SILIGURI,Shipment,1318.23,0.0,1,False,
2025-07-16,LKO1-340,GP46-L,B0F91GCRP4,yantralay Double Clamp Mount Bracket with 1 4  Ball Head for Go Pro 13 12 11  Insta 360 X5 X4 X3 Handlebar  Motorcycle  Bicycle  Selfie Stick  Studio,1,1842.03,Shipment,NAHARLAGUN,Shipment,1842.03,0.0,1,False,
2025-07-17,LKO1-341,GP43_OP3_STARTRC,B0CT3TFRJL,yantralay Ethylene Vinyl Acetate  EVA  Portable Carry Case for DJI Osmo Pocket 3 Creator Combo   Protective Bag with Adjustable Shoulder Strap   Large,1,969.03,Shipment,SOJAT,Shipment,969.03,0.0,1,False,
2025-07-17,LKO1-344,GP12,B0D7BZ38X8,yantralay Aluminium Car Suction Mount 360  Rotatable for Insta 360 X4 X3 X2  Ace Pro ONE R RS  Hero 13 12 11 10 9 8 7  DJI Osmo Action Series   All O,1,1224.14,Shipment,NAGERCOIL,Shipment,1224.14,0.0,1,False,
2025-07-17,LKO1-343,GP12,B0D7BZ38X8,yantralay Aluminium Car Suction Mount 360  Rotatable for Insta 360 X4 X3 X2  Ace Pro ONE R RS  Hero 13 12 11 10 9 8 7  DJI Osmo Action Series   All O,1,1224.14,Shipment,ELLENABAD,Shipment,1224.14,0.0,1,False,
2025-07-17,LKO1-342,PS10_OLEDCOMBO_GREEN,B0DJFLRGQF,yantralay 4 in 1 Carrying Case Pouch with Protective Cover for Nintendo Switch OLED  Non Slip Soft Case Cover  Screen Protectors   Thumb Grips for Swi,1,1163.03,Shipment,GURUGRAM,Shipment,1163.03,0.0,1,False,
2025-07-15,LKO1-335,ACCHARGERONEX4_3_AMG,B0DWLH6MJ3,Yantralay x amagisn 3 Slot Battery Charger Compatible for Insta360 X4 Camera  Charging Dock for X4 Accessories,1,-1284.33,Refund,GORAKHPUR,Refund,-1284.33,0.0,0,False,
2025-07-17,LKO1-346,PS10_OLEDCOMBO_YELLOW,B0DJFL8DBY,yantralay 4 in 1 Carrying Case Pouch with Protective Cover for Nintendo Switch OLED  Non Slip Soft Case Cover  Screen Protectors   Thumb Grips for Swi,1,1104.83,Shipment,BARRACKPORE,Shipment,1104.83,0.0,1,False,
2025-07-16,LKO1-339,GP10_RS4_STARTRC,B0DB1TQPH3,yantralay Portable Carrying Storage Case for DJ I Ronin RS4   RS4 Pro Gimbal EVA Handbag Travel Handheld Shoulder Bag  Grey,1,-2555.95,Refund,MEERUT,Refund,-2555.95,0.0,0,False,
2025-07-18,LKO1-349,GP47-LN,B0F91S2PFT,Yantralay Action Camera Handlebar Mount with 360  Dual Ball Head   Super Clamp for Go Pro  Insta 360  Mobile  Bike  Motorcycle   Universal Quick Rele,1,1842.03,Shipment,SHIRWAL,Shipment,1842.03,0.0,1,False,
2025-07-18,LKO1-347,IN_MICMOUNT_X4,B0DZJQ8F1R,yantralay External Microphone Aluminium Mount Compatible with Insta 360 X4 X3 X2  Insta 360 Camera Accessories,1,1502.53,Shipment,RAMNAGAR,Shipment,1502.53,0.0,1,False,
2025-07-19,LKO1-350,PS10_OLEDCOMBO_GREEN,B0DJFLRGQF,yantralay 4 in 1 Carrying Case Pouch with Protective Cover for Nintendo Switch OLED  Non Slip Soft Case Cover  Screen Protectors   Thumb Grips for Swi,1,1104.83,Shipment,KUNDLI INDUSTRIAL AREA,Shipment,1104.83,0.0,1,False,
2025-07-18,LKO1-348,PS5_CC1_GREY,B0BRJMPHKL,yantralay PS5 Carrying Case Bag for PS5 Console Gamepad  Controller  Headset  VR Play Station Accessories   Travel Bag   Grey,1,2375.53,Shipment,HALDWANI,Shipment,2375.53,0.0,1,False,
2025-07-17,LKO1-345,MP_OA5,B0F9X1YNVL,yantralay Camera Lavalier Clip on Type C Microphone for DJ I Action 3 4 Collar Clip Microphone  Without Need of Mic Adapter  1 5M Cable Length   Black,1,1454.03,Shipment,LUCKNOW,Shipment,1454.03,0.0,1,False,
2025-07-19,LKO1-351,PS2_YELLOW,B0BL1HQ3C4,yantralay Controller Gamepad Carry Case   Ultimate Protection Compatible for PS5 PS4 PS3 Switch Pro Xbox Joysticks Waterproof  Scratch Protection  Dur,1,484.03,Shipment,LUCKNOW,Shipment,484.03,0.0,1,False,
2025-07-16,LKO1-338,GP12,B0D7BZ38X8,yantralay Aluminium Car Suction Mount 360  Rotatable for Insta 360 X4 X3 X2  Ace Pro ONE R RS  Hero 13 12 11 10 9 8 7  DJI Osmo Action Series   All O,1,-1318.23,Refund,SILIGURI,Refund,-1318.23,0.0,0,False,
2025-07-20,LKO1-355,GP46-S,B0F91G6H93,yantralay Double Clamp Mount Bracket with 1 4  Ball Head for GoPro  Insta 360 X2 X3  Action Cameras   Handlebar  Motorcycle  Bicycle  Selfie Stick  St,1,1606.32,Shipment,DEHRADUN,Shipment,1606.32,0.0,1,False,
2025-07-20,LKO1-353,GP100,B0723FF53T,yantralay 40 in 1 Action Camera Mount Kit for Hero 13 12 11 10 9 8 7 6 5 SJCAM  Osmo Action 3   4  Insta 360   More   with Selfie Monopod  Straps  Mou,1,1104.83,Shipment,BENGALURU,Shipment,1104.83,0.0,1,False,
2025-07-20,LKO1-352,PS10_OLEDCOMBO_GREEN,B0DJFLRGQF,yantralay 4 in 1 Carrying Case Pouch with Protective Cover for Nintendo Switch OLED  Non Slip Soft Case Cover  Screen Protectors   Thumb Grips for Swi,1,1104.83,Shipment,BIKANER,Shipment,1104.83,0.0,1,False,
2025-07-20,LKO1-354,MS_GP34,B0DG2LBC8V,yantralay Magnetic Neck Mount   2 in 1 Flexible Holder for Phones and Action Cameras   Adjustable Neck Strap  Secure Magnetic Magsaf Mounts  for Gopro,1,1939.03,Shipment,HYDERABAD,Shipment,1939.03,0.0,1,False,
2025-07-20,LKO1-356,GP12,B0D7BZ38X8,yantralay Aluminium Car Suction Mount 360  Rotatable for Insta 360 X4 X3 X2  Ace Pro ONE R RS  Hero 13 12 11 10 9 8 7  DJI Osmo Action Series   All O,1,1252.27,Shipment,JAMSHEDPUR,Shipment,1252.27,0.0,1,False,
2025-07-21,LKO1-359,GP28_H13,B0DHYDQL5V,Yantralay Silicone Lanyard Sleeve Protective Cover   6PCS Tempered Glass Screen Guard with Silicone Lens Cover Compatible with Go Pro Hero 9 Black Act,1,387.03,Shipment,VARANASI,Shipment,387.03,0.0,1,False,
2025-07-20,LKO1-357,GP29L,B08RXBFBG9,yantralay Windshield Car Suction Cup Mount for Hero 10 9 8  SJCAM  Osmo Action 3   4  Insta 360   Flexible  Multi Angle Adjustable   Mount for Smartph,1,579.09,Shipment,KOLKATA,Shipment,579.09,0.0,1,False,
2025-07-21,LKO1-363,INONEX4_COMBO1,B0DX1SWJXZ,yantralay Lens Guard for Insta360 X4   Tempered Glass   Scratch Resistant Protective Lens Cover   Insta360 X4 Camera Accessories   ONEX4 Combo Kit,1,1900.0,Shipment,VARANASI,Shipment,1900.0,0.0,1,False,
2025-07-21,LKO1-364,PS5_CC1_GREY,B0BRJMPHKL,yantralay PS5 Carrying Case Bag for PS5 Console Gamepad  Controller  Headset  VR Play Station Accessories   Travel Bag   Grey,1,2449.0,Shipment,HYDERABAD,Shipment,2449.0,0.0,1,False,
2025-07-21,LKO1-360,PS5_CC1_GREY,B0BRJMPHKL,nan,1,0.0,Cancel,APRA,Cancel,0.0,0.0,0,False,
2025-07-21,LKO1-358,GP46-L,B0F91GCRP4,yantralay Double Clamp Mount Bracket with 1 4  Ball Head for Go Pro 13 12 11  Insta 360 X5 X4 X3 Handlebar  Motorcycle  Bicycle  Selfie Stick  Studio,1,1795.47,Shipment,GREATER NOIDA,Shipment,1795.47,0.0,1,False,
2025-07-22,LKO1-365,ACCHARGERGP5_3,B08LYVPLR9,Yantralay 3 Channel AHDBT 501 Battery Charger for Hero 5 6 7   8 Black Action Camera   USB Cable Included   Fast Charging Dock,1,823.0,Shipment,Bengaluru Urban,Shipment,823.0,0.0,1,False,
2025-07-21,LKO1-362,GP12,B0D7BZ38X8,yantralay Aluminium Car Suction Mount 360  Rotatable for Insta 360 X4 X3 X2  Ace Pro ONE R RS  Hero 13 12 11 10 9 8 7  DJI Osmo Action Series   All O,1,1252.27,Shipment,Parlakhemundi,Shipment,1252.27,0.0,1,False,
2025-07-22,LKO1-368,PS5_CC1_GREY,B0BRJMPHKL,yantralay PS5 Carrying Case Bag for PS5 Console Gamepad  Controller  Headset  VR Play Station Accessories   Travel Bag   Grey,1,2449.0,Shipment,AHMEDABAD,Shipment,2449.0,0.0,1,False,
2025-07-13,LKO1-326,GP28COMBO1_H13,B0DHYCQR66,Yantralay Silicone Lanyard Sleeve Protective Cover   6PCS Tempered Glass Screen Guard with Silicone Lens Cover Compatible with GoPro Hero 9 Black Acti,1,-699.0,Refund,SRINAGAR,Refund,-699.0,0.0,0,False,
2025-07-22,LKO1-369,GP47-M,B0F91SSVW8,yantralay Action Camera Handlebar Mount with 360  Dual Ball Head   Super Clamp for Go Pro  Insta 360  Mobile  Bike  Motorcycle   Universal Quick Rele,1,1754.0,Shipment,CHAMBA,Shipment,1754.0,0.0,1,False,
2025-07-21,LKO1-361,PS5_CC1_BLACK,B0BRJM4R9Q,yantralay PS 5 Carrying Case Bag for PS5 Console Gamepad  Controller  Headset  VR Play Statio n Accessories   Travel Bag   Black,1,2449.0,Shipment,GHAZIABAD,Shipment,2449.0,0.0,1,False,
2025-07-22,LKO1-370,GP46-L,B0F91GCRP4,yantralay Double Clamp Mount Bracket with 1 4  Ball Head for Go Pro 13 12 11  Insta 360 X5 X4 X3 Handlebar  Motorcycle  Bicycle  Selfie Stick  Studio,1,1851.0,Shipment,MUMBAI,Shipment,1851.0,0.0,1,False,
2025-07-22,LKO1-367,GP47_NEW,B0DRYJZ6VH,nan,1,0.0,Cancel,LUDHIANA,Cancel,0.0,0.0,0,False,
2025-07-23,LKO1-373,GP46-S,B0F91G6H93,yantralay Double Clamp Mount Bracket with 1 4  Ball Head for GoPro  Insta 360 X2 X3  Action Cameras   Handlebar  Motorcycle  Bicycle  Selfie Stick  St,1,1656.0,Shipment,BENGALURU,Shipment,1656.0,0.0,1,False,
2025-07-20,LKO1-352,PS10_OLEDCOMBO_GREEN,B0DJFLRGQF,yantralay 4 in 1 Carrying Case Pouch with Protective Cover for Nintendo Switch OLED  Non Slip Soft Case Cover  Screen Protectors   Thumb Grips for Swi,1,-1104.83,Refund,BIKANER,Refund,-1104.83,0.0,0,False,
2025-07-23,LKO1-371,PS5_CC1_GREY,B0BRJMPHKL,yantralay PS5 Carrying Case Bag for PS5 Console Gamepad  Controller  Headset  VR Play Station Accessories   Travel Bag   Grey,1,2449.0,Shipment,Mumbai,Shipment,2449.0,0.0,1,False,
2025-07-23,LKO1-372,GP46-L,B0F91GCRP4,yantralay Double Clamp Mount Bracket with 1 4  Ball Head for Go Pro 13 12 11  Insta 360 X5 X4 X3 Handlebar  Motorcycle  Bicycle  Selfie Stick  Studio,1,1851.0,Shipment,MAVELIKKARA,Shipment,1851.0,0.0,1,False,
2025-07-23,LKO1-374,GP47_NEW,B0DRYJZ6VH,Yantralay 360  Rotatable Camera Bike Mount Clamp Motorcycle Handlebar Pole Aluminium Mount for Insta360 X4 X3  Ace Pro Pro2  Hero13 12 11 10 9 For Os,1,1349.0,Shipment,LUDHIANA,Shipment,1349.0,0.0,1,False,
2025-07-24,LKO1-375,PS5_CC1_GREY,B0BRJMPHKL,yantralay PS5 Carrying Case Bag for PS5 Console Gamepad  Controller  Headset  VR Play Station Accessories   Travel Bag   Grey,1,2449.0,Shipment,JALPAIGURI,Shipment,2449.0,0.0,1,False,
2025-07-25,LKO1-376,GP46-S,B0F91G6H93,yantralay Double Clamp Mount Bracket with 1 4  Ball Head for GoPro  Insta 360 X2 X3  Action Cameras   Handlebar  Motorcycle  Bicycle  Selfie Stick  St,1,1656.0,Shipment,Kasdol,Shipment,1656.0,0.0,1,False,
2025-07-25,LKO1-377,GP29L,B08RXBFBG9,yantralay Windshield Car Suction Cup Mount for Hero 10 9 8  SJCAM  Osmo Action 3   4  Insta 360   Flexible  Multi Angle Adjustable   Mount for Smartph,1,597.0,Shipment,NOIDA,Shipment,597.0,0.0,1,False,
2025-07-27,LKO1-378,GP43_OP3_STARTRC,B0CT3TFRJL,yantralay Ethylene Vinyl Acetate  EVA  Portable Carry Case for DJI Osmo Pocket 3 Creator Combo   Protective Bag with Adjustable Shoulder Strap   Large,1,999.0,Shipment,BETUL,Shipment,999.0,0.0,1,False,
2025-07-28,LKO1-381,SGONEX4-2_LGONEX4,B0F8VRR8JY,yantralay Insta 360 X4 Lens Guard   Screen Protector Combo Kit   Lens Covers   Anti Scratch  Tempered Glass Screen   Insta 360 X4 Accessories,1,1266.0,Shipment,NEW DELHI,Shipment,1266.0,0.0,1,False,
2025-07-17,LKO1-345,MP_OA5,B0F9X1YNVL,yantralay Camera Lavalier Clip on Type C Microphone for DJ I Action 3 4 Collar Clip Microphone  Without Need of Mic Adapter  1 5M Cable Length   Black,1,-1454.03,Refund,LUCKNOW,Refund,-1454.03,0.0,0,False,
2025-07-28,LKO1-379,GP100,B0723FF53T,yantralay 40 in 1 Action Camera Mount Kit for Hero 13 12 11 10 9 8 7 6 5 SJCAM  Osmo Action 3   4  Insta 360   More   with Selfie Monopod  Straps  Mou,1,1139.0,Shipment,NEW DELHI,Shipment,1139.0,0.0,1,False,
2025-07-29,LKO1-382,PS2_BLUE,B0BL1H24P4,yantralay Controller Gamepad Carry Case   Ultimate Protection Compatible for PS5 PS4 PS3 Switch Pro Xbox Joysticks Waterproof  Scratch Protection  Dur,1,499.0,Shipment,KANPUR,Shipment,499.0,0.0,1,False,
2025-07-29,LKO1-383,GP43_OP3_STARTRC,B0CT3TFRJL,yantralay Ethylene Vinyl Acetate  EVA  Portable Carry Case for DJI Osmo Pocket 3 Creator Combo   Protective Bag with Adjustable Shoulder Strap   Large,1,999.0,Shipment,AGRA,Shipment,999.0,0.0,1,False,
2025-07-11,LKO1-316,DA34,B0DQQ96VMF,yantralay Handheld Adapter for Wireless Interview with Foam Windshield   Reduce Wind Noise  Compatible with Digite k DWM 101  DJI MIC MIC2  Rode Rode,1,-699.0,Refund,SITAMARHI,Refund,-699.0,0.0,0,False,
2025-07-29,LKO1-384,GP100,B0723FF53T,nan,1,0.0,Cancel,MUMBAI,Cancel,0.0,0.0,0,False,
2025-07-22,LKO1-368,PS5_CC1_GREY,B0BRJMPHKL,yantralay PS5 Carrying Case Bag for PS5 Console Gamepad  Controller  Headset  VR Play Station Accessories   Travel Bag   Grey,1,-2449.0,Refund,AHMEDABAD,Refund,-2449.0,0.0,0,False,
2025-07-30,LKO1-385,PS1,B0BJBL1XBS,yantralay Polyester Dual Controller Hard Carry Case Compatible With Ps5 Ps4 Xbox Ipega Controllers   3 Layer Protection Travel Carry Case   Grey,1,877.85,Shipment,NEW DELHI,Shipment,877.85,0.0,1,False,
2025-07-17,LKO1-341,GP43_OP3_STARTRC,B0CT3TFRJL,yantralay Ethylene Vinyl Acetate  EVA  Portable Carry Case for DJI Osmo Pocket 3 Creator Combo   Protective Bag with Adjustable Shoulder Strap   Large,1,-969.03,Refund,SOJAT,Refund,-969.03,0.0,0,False,
2025-07-30,LKO1-386,GP10_ONEX4_STARTRC,B0DDXP86FQ,yantralay x Startr c Carrying Case for Insta 360 X4 X5  Portable PU Storage Protective Bag Travel Case for Insta 360 X4 X5 Accessories with Large Capa,1,1587.89,Shipment,PATNA,Shipment,1587.89,0.0,1,False,
2025-07-31,LKO1-387,GP46-M,B0F91GXT2N,yantralay Double Clamp Mount Bracket with 1 4  Ball Head for GoPro  Insta 360 X2 X3  Action Cameras   Handlebar  Motorcycle  Bicycle  Selfie Stick  St,1,1745.03,Shipment,FARIDABAD,Shipment,1745.03,0.0,1,False,
2025-07-31,LKO1-388,DA34,B0DQQ96VMF,yantralay Handheld Adapter for Wireless Interview with Foam Windshield   Reduce Wind Noise  Compatible with Digite k DWM 101  DJI MIC MIC2  Rode Rode,1,678.03,Shipment,VARANASI,Shipment,678.03,0.0,1,False,
2025-07-31,LKO1-389,DA24,B078DMT8KR,Yantralay Nylon Universal Drone and Quadcopter Landing Pad   Portable   Foldable   Compatible with DJI  Parrot  Syma  Hubsan  Holy Stone  UDI Drones,1,1502.53,Shipment,LUDHIANA,Shipment,1502.53,0.0,1,False,
2025-06-28,LKO1-260,GP47_NEW,B0DRYJZ6VH,Yantralay 360  Rotatable Camera Bike Mount Clamp Motorcycle Handlebar Pole Aluminium Mount for Insta360 X4 X3  Ace Pro Pro2  Hero13 12 11 10 9 For Os,1,-1349.0,Refund,DEORIA,Refund,-1349.0,0.0,0,False,
2025-06-22,LKO1-218,MS_GP34,B0DG2LBC8V,yantralay Magnetic Neck Mount   2 in 1 Flexible Holder for Phones and Action Cameras   Adjustable Neck Strap  Secure Magnetic Magsaf Mounts  for Gopro,1,-1999.0,Refund,LUDHIANA,Refund,-1999.0,0.0,0,False,
2025-06-25,LKO1-241,CWATCUN_D129N,B0D8HTSVZH,Cwatcun Camera Backpack Hardshell for Photography  2 in1 Shockproof Camera Sling Bag  Waterproof Camera Case Crossbody with Tripod Holder  Rain Cover,1,-4599.0,Refund,Barpeta,Refund,-4599.0,0.0,0,False,
2025-07-01,CCX1-360,GP47_NEW,B0DRYJZ6VH,Yantralay 360  Rotatable Camera Bike Mount Clamp Motorcycle Handlebar Pole Aluminium Mount for Insta360 X4 X3  Ace Pro Pro2  Hero13 12 11 10 9 For Os,1,1349.0,Shipment,Barasat,Shipment,1349.0,0.0,1,False,
2025-07-01,CCX1-361,PS10_OLED_GREEN,B0BRY5L26G,yantralay Carry Case Pouch Cover Compatible with Nintendo Switch OLED with Game Card Slots for Switch Switch OLED Accessories  Video Game   Green,1,649.0,Shipment,Kolkata,Shipment,649.0,0.0,1,False,
2025-07-01,CCX1-362,GP29L,B08RXBFBG9,yantralay Windshield Car Suction Cup Mount for Hero 10 9 8  SJCAM  Osmo Action 3   4  Insta 360   Flexible  Multi Angle Adjustable   Mount for Smartph,1,629.0,Shipment,GUWAHATI,Shipment,629.0,0.0,1,False,
2025-07-01,CCX1-364,TY98_TUYU,B0F7RP62NV,yantralay Motorcycle Windshield Mounting Clamp Aluminum Mount for Go Pro Hero 13 12 11 10 9 Insta 360 X3 DJ I Action 3 Action Camera Accessories,1,1899.0,Shipment,Barasat,Shipment,1899.0,0.0,1,False,
2025-07-02,CCX1-366,IN_MICMOUNT_X4,B0DZJQ8F1R,yantralay External Microphone Aluminium Mount Compatible with Insta 360 X4 X3 X2  Insta 360 Camera Accessories,1,1471.0,Shipment,IMPHAL,Shipment,1471.0,0.0,1,False,
2025-07-01,CCX1-365,PS10_PS5PORTALCOMBO,B0DF2Z2X1Q,yantralay 6 in 1 Hard Carrying Case with Protective Cover for Play Station 5 Portal  Non Slip Soft Case Cover   Screen Protectors   Thumb Grips for PS,1,2070.0,Shipment,UPPER TADONG,Shipment,2070.0,0.0,1,False,
2025-07-02,CCX1-367,GP49,B0D456N4QM,yantralay Motorcycle Bike Bicycle Handlebar Mount Clamps with 1 4  Screw Compatible 8 35mm for Gopro Hero 13 12 11 10 9 Max Insta360 ONE X5 X4 X3  ONE,1,901.0,Shipment,BHUBANESWAR,Shipment,901.0,0.0,1,False,
2025-07-02,CCX1-368,GP47-M,B0F91SSVW8,yantralay Action Camera Handlebar Mount with 360  Dual Ball Head   Super Clamp for Go Pro  Insta 360  Mobile  Bike  Motorcycle   Universal Quick Rele,1,1754.0,Shipment,BENGALURU,Shipment,1754.0,0.0,1,False,
2025-07-02,CCX1-369,GP46-M_GP46-S_GP25_150CMS,B0F99WWGGT,yantralay Motorcycle Handlebar Clamp Kit with Dual Clamp Mounts   Invisible Selfie Stick for Insta 360 X4 X3 X2 One RS GO 3   Bike Action Camera Mount,1,4386.0,Shipment,SILIGURI,Shipment,4386.0,0.0,1,False,
2025-07-02,CCX1-370,PS10_OLEDCOMBO_GREEN,B0DJFLRGQF,yantralay 4 in 1 Carrying Case Pouch with Protective Cover for Nintendo Switch OLED  Non Slip Soft Case Cover  Screen Protectors   Thumb Grips for Swi,1,1139.0,Shipment,KOLKATA,Shipment,1139.0,0.0,1,False,
2025-07-04,CCX1-374,GP47_NEW,B0DRYJZ6VH,Yantralay 360  Rotatable Camera Bike Mount Clamp Motorcycle Handlebar Pole Aluminium Mount for Insta360 X4 X3  Ace Pro Pro2  Hero13 12 11 10 9 For Os,1,1308.53,Shipment,Patna,Shipment,1308.53,0.0,1,False,
2025-07-04,CCX1-375,GP46-M,B0F91GXT2N,yantralay Double Clamp Mount Bracket with 1 4  Ball Head for GoPro  Insta 360 X2 X3  Action Cameras   Handlebar  Motorcycle  Bicycle  Selfie Stick  St,1,1780.38,Shipment,SILIGURI,Shipment,1780.38,0.0,1,False,
2025-07-04,CCX1-373,GP47-L_TLSNK,B0BBVGXFZ2,Camera Bike Mount Motorcycle Handlebar Clamp Holder for GoPro Insta360 Accessories  TELESIN 360    Rotating Bicycle Cycling Attachment Accessory for,1,1793.53,Shipment,PIMPRI CHINCHWAD,Shipment,1793.53,0.0,1,False,
2025-07-04,CCX1-376,GP29L,B08RXBFBG9,yantralay Windshield Car Suction Cup Mount for Hero 10 9 8  SJCAM  Osmo Action 3   4  Insta 360   Flexible  Multi Angle Adjustable   Mount for Smartph,1,579.09,Shipment,Jamshedpur,Shipment,579.09,0.0,1,False,
2025-07-04,CCX1-377,DA31,B0CGDMJ882,Yantralay DSLR Battery Pouch   Portable Waterproof Bag for lp e6 e8 e10 e12 en el14 el15 fw50 f550 Batteries   Convenient Access Design   Compact and,1,484.03,Shipment,KOLKATA,Shipment,484.03,0.0,1,False,
2025-07-04,CCX1-378,GP162TELESINN,B07G5XWJJM,TELESIN Motorcycle Helmet Strap Mount Front Chin Mount for GoPro Hero 2018 7 6 5 4 3  Session  SJCAM  AKASO  Campark  Polaroid  YI Action Camera Helme,1,770.18,Shipment,KOLKATA,Shipment,770.18,0.0,1,False,
2025-07-03,CCX1-371,GP100,B0723FF53T,yantralay 40 in 1 Action Camera Mount Kit for Hero 13 12 11 10 9 8 7 6 5 SJCAM  Osmo Action 3   4  Insta 360   More   with Selfie Monopod  Straps  Mou,1,1139.0,Shipment,FARIDABAD,Shipment,1139.0,0.0,1,False,
2025-07-04,CCX1-379,PS10_OLEDCOMBO_GREEN,B0DJFLRGQF,yantralay 4 in 1 Carrying Case Pouch with Protective Cover for Nintendo Switch OLED  Non Slip Soft Case Cover  Screen Protectors   Thumb Grips for Swi,1,1104.83,Shipment,KOLKATA,Shipment,1104.83,0.0,1,False,
2025-07-05,CCX1-380,IN_MICMOUNT_X4,B0DZJQ8F1R,yantralay External Microphone Aluminium Mount Compatible with Insta 360 X4 X3 X2  Insta 360 Camera Accessories,1,1426.87,Shipment,ANUGUL,Shipment,1426.87,0.0,1,False,
2025-07-05,CCX1-381,DA34,B0DQQ96VMF,yantralay Handheld Adapter for Wireless Interview with Foam Windshield   Reduce Wind Noise  Compatible with Digite k DWM 101  DJI MIC MIC2  Rode Rode,1,678.03,Shipment,SAMASTIPUR,Shipment,678.03,0.0,1,False,
2025-07-01,CCX1-362,GP29L,B08RXBFBG9,yantralay Windshield Car Suction Cup Mount for Hero 10 9 8  SJCAM  Osmo Action 3   4  Insta 360   Flexible  Multi Angle Adjustable   Mount for Smartph,1,-629.0,Refund,GUWAHATI,Refund,-629.0,0.0,0,False,
2025-07-06,CCX1-382,MS_GP34,B0DG2LBC8V,yantralay Magnetic Neck Mount   2 in 1 Flexible Holder for Phones and Action Cameras   Adjustable Neck Strap  Secure Magnetic Magsaf Mounts  for Gopro,1,1939.03,Shipment,VISAKHAPATNAM,Shipment,1939.03,0.0,1,False,
2025-07-06,CCX1-383,PS10_OLEDCOMBO_YELLOW,B0DJFL8DBY,yantralay 4 in 1 Carrying Case Pouch with Protective Cover for Nintendo Switch OLED  Non Slip Soft Case Cover  Screen Protectors   Thumb Grips for Swi,1,1104.83,Shipment,KOLKATA,Shipment,1104.83,0.0,1,False,
2025-07-02,CCX1-367,GP49,B0D456N4QM,yantralay Motorcycle Bike Bicycle Handlebar Mount Clamps with 1 4  Screw Compatible 8 35mm for Gopro Hero 13 12 11 10 9 Max Insta360 ONE X5 X4 X3  ONE,1,-901.0,Refund,BHUBANESWAR,Refund,-901.0,0.0,0,False,
2025-07-06,CCX1-385,GP47_NEW,B0DRYJZ6VH,Yantralay 360  Rotatable Camera Bike Mount Clamp Motorcycle Handlebar Pole Aluminium Mount for Insta360 X4 X3  Ace Pro Pro2  Hero13 12 11 10 9 For Os,1,1308.53,Shipment,JAMSHEDPUR,Shipment,1308.53,0.0,1,False,
2025-07-07,CCX1-387,GP47_NEW,B0DRYJZ6VH,Yantralay 360  Rotatable Camera Bike Mount Clamp Motorcycle Handlebar Pole Aluminium Mount for Insta360 X4 X3  Ace Pro Pro2  Hero13 12 11 10 9 For Os,1,1308.53,Shipment,CONTAI,Shipment,1308.53,0.0,1,False,
2025-07-07,CCX1-386,GP47_NEW,B0DRYJZ6VH,Yantralay 360  Rotatable Camera Bike Mount Clamp Motorcycle Handlebar Pole Aluminium Mount for Insta360 X4 X3  Ace Pro Pro2  Hero13 12 11 10 9 For Os,1,1308.53,Shipment,JORHAT,Shipment,1308.53,0.0,1,False,
2025-07-07,NAN,PS1,B0BJBL1XBS,nan,1,0.0,Cancel,Kolkata,Cancel,0.0,0.0,0,False,
2025-07-07,CCX1-390,PS1,B0BJBL1XBS,yantralay Polyester Dual Controller Hard Carry Case Compatible With Ps5 Ps4 Xbox Ipega Controllers   3 Layer Protection Travel Carry Case   Grey,1,905.0,Shipment,Kolkata,Shipment,905.0,0.0,1,False,
2025-07-07,CCX1-392,GP47_NEW,B0DRYJZ6VH,Yantralay 360  Rotatable Camera Bike Mount Clamp Motorcycle Handlebar Pole Aluminium Mount for Insta360 X4 X3  Ace Pro Pro2  Hero13 12 11 10 9 For Os,1,1349.0,Shipment,GUMLA,Shipment,1349.0,0.0,1,False,
2025-07-07,CCX1-389,GP2KIT,B0F9WK57XQ,yantralay Phone Chest Mount Strap Harness for iPhone 16  Samsung  Xiaomi  Go Pro Hero 13 12 11 10 9 8 7  Action Cameras   DJ I Os mo   Mobile Holder B,1,532.53,Shipment,PUNE,Shipment,532.53,0.0,1,False,
2025-07-08,CCX1-394,GP49,B0D456N4QM,yantralay Motorcycle Bike Bicycle Handlebar Mount Clamps with 1 4  Screw Compatible 8 35mm for Gopro Hero 13 12 11 10 9 Max Insta360 ONE X5 X4 X3  ONE,1,901.0,Shipment,Hazaribagh,Shipment,901.0,0.0,1,False,
2025-07-07,CCX1-388,GP12,B0D7BZ38X8,yantralay Aluminium Car Suction Mount 360  Rotatable for Insta 360 X4 X3 X2  Ace Pro ONE R RS  Hero 13 12 11 10 9 8 7  DJI Osmo Action Series   All O,1,1252.27,Shipment,RAMPURHAT,Shipment,1252.27,0.0,1,False,
2025-07-04,CCX1-374,GP47_NEW,B0DRYJZ6VH,Yantralay 360  Rotatable Camera Bike Mount Clamp Motorcycle Handlebar Pole Aluminium Mount for Insta360 X4 X3  Ace Pro Pro2  Hero13 12 11 10 9 For Os,1,-1308.53,Refund,Patna,Refund,-1308.53,0.0,0,False,
2025-07-08,CCX1-395,ND_AVATA2_STARTRC,B0DX7CQYH1,Yantralay x Start rc 4 Pack ND8 ND16 ND32 ND64 Filter Compatible with DJI Avata 2  Neutral Density Camera Lens ND Filter,1,3399.0,Shipment,HOWRAH,Shipment,3399.0,0.0,1,False,
2025-07-08,CCX1-396,GP47_NEW,B0DRYJZ6VH,Yantralay 360  Rotatable Camera Bike Mount Clamp Motorcycle Handlebar Pole Aluminium Mount for Insta360 X4 X3  Ace Pro Pro2  Hero13 12 11 10 9 For Os,1,1349.0,Shipment,Simlapal,Shipment,1349.0,0.0,1,False,
2025-07-08,CCX1-393,MS_GP34,B0DG2LBC8V,yantralay Magnetic Neck Mount   2 in 1 Flexible Holder for Phones and Action Cameras   Adjustable Neck Strap  Secure Magnetic Magsaf Mounts  for Gopro,1,1999.0,Shipment,HYDERABAD,Shipment,1999.0,0.0,1,False,
2025-07-09,CCX1-399,PS10_OLED_GREEN,B0BRY5L26G,yantralay Carry Case Pouch Cover Compatible with Nintendo Switch OLED with Game Card Slots for Switch Switch OLED Accessories  Video Game   Green,1,616.0,Shipment,KOLKATA,Shipment,616.0,0.0,1,False,
2025-07-09,CCX1-398,PS1,B0BJBL1XBS,yantralay Polyester Dual Controller Hard Carry Case Compatible With Ps5 Ps4 Xbox Ipega Controllers   3 Layer Protection Travel Carry Case   Grey,1,905.0,Shipment,KOLKATA,Shipment,905.0,0.0,1,False,
2025-07-09,CCX1-400,PS1,B0BJBL1XBS,yantralay Polyester Dual Controller Hard Carry Case Compatible With Ps5 Ps4 Xbox Ipega Controllers   3 Layer Protection Travel Carry Case   Grey,1,1004.0,Shipment,RAJPUR SONARPUR,Shipment,1004.0,0.0,1,False,
2025-07-09,CCX1-397,GP47_NEW,B0DRYJZ6VH,Yantralay 360  Rotatable Camera Bike Mount Clamp Motorcycle Handlebar Pole Aluminium Mount for Insta360 X4 X3  Ace Pro Pro2  Hero13 12 11 10 9 For Os,1,1349.0,Shipment,CHANDIPUR MALDAH DISTRICT,Shipment,1349.0,0.0,1,False,
2025-07-10,CCX1-401,GP47_NEW,B0DRYJZ6VH,Yantralay 360  Rotatable Camera Bike Mount Clamp Motorcycle Handlebar Pole Aluminium Mount for Insta360 X4 X3  Ace Pro Pro2  Hero13 12 11 10 9 For Os,1,1349.0,Shipment,BOKAKHAT,Shipment,1349.0,0.0,1,False,
2025-07-06,CCX1-384,GP46-L,B0F91GCRP4,yantralay Double Clamp Mount Bracket with 1 4  Ball Head for Go Pro 13 12 11  Insta 360 X5 X4 X3 Handlebar  Motorcycle  Bicycle  Selfie Stick  Studio,1,1795.47,Shipment,KOLKATA,Shipment,1795.47,0.0,1,False,
2025-07-10,CCX1-402,ACCASEGP8N,B084KHRNRN,yantralay 60M Underwater Protective Waterproof Housing Case for Hero 8   Quick Release Mount   High Transmission Lens   Ideal for Scuba Diving   Water,1,999.0,Shipment,RANCHI,Shipment,999.0,0.0,1,False,
2025-07-10,CCX1-403,GP47_NEW,B0DRYJZ6VH,Yantralay 360  Rotatable Camera Bike Mount Clamp Motorcycle Handlebar Pole Aluminium Mount for Insta360 X4 X3  Ace Pro Pro2  Hero13 12 11 10 9 For Os,1,1349.0,Shipment,Bengaluru,Shipment,1349.0,0.0,1,False,
2025-07-05,CCX1-380,IN_MICMOUNT_X4,B0DZJQ8F1R,yantralay External Microphone Aluminium Mount Compatible with Insta 360 X4 X3 X2  Insta 360 Camera Accessories,1,-1426.87,Refund,ANUGUL,Refund,-1426.87,0.0,0,False,
2025-07-10,CCX1-404,GP1620_TLSNK,B08MSR2SNJ,TELESIN Upgraded Motorcycle Helmet Chin Mount for GoPro Max Hero 10 9 8 7 One R One X DJI Osmo Action Pocket Cellphone   More Action Camera with Go Pr,1,1166.0,Shipment,BURDWAN,Shipment,1166.0,0.0,1,False,
2025-07-10,CCX1-406,GP47_NEW,B0DRYJZ6VH,Yantralay 360  Rotatable Camera Bike Mount Clamp Motorcycle Handlebar Pole Aluminium Mount for Insta360 X4 X3  Ace Pro Pro2  Hero13 12 11 10 9 For Os,1,1349.0,Shipment,SONITPUR,Shipment,1349.0,0.0,1,False,
2025-07-10,CCX1-408,GP43_OP3_STARTRC,B0CT3TFRJL,yantralay Ethylene Vinyl Acetate  EVA  Portable Carry Case for DJI Osmo Pocket 3 Creator Combo   Protective Bag with Adjustable Shoulder Strap   Large,1,999.0,Shipment,BARAJAMDA,Shipment,999.0,0.0,1,False,
2025-07-11,CCX1-409,GP47_NEW,B0DRYJZ6VH,Yantralay 360  Rotatable Camera Bike Mount Clamp Motorcycle Handlebar Pole Aluminium Mount for Insta360 X4 X3  Ace Pro Pro2  Hero13 12 11 10 9 For Os,1,1349.0,Shipment,NEW DELHI,Shipment,1349.0,0.0,1,False,
2025-07-10,CCX1-407,GP47_NEW,B0DRYJZ6VH,Yantralay 360  Rotatable Camera Bike Mount Clamp Motorcycle Handlebar Pole Aluminium Mount for Insta360 X4 X3  Ace Pro Pro2  Hero13 12 11 10 9 For Os,1,1349.0,Shipment,KHONSA,Shipment,1349.0,0.0,1,False,
2025-07-11,CCX1-410,ACCASEONEX4,B0DZZC8YJV,Yantralay Invisible Dive Case for Insta360 X4   Waterproof Diving Housing Cover  Protective PC Sealed Shell with Bracket for Underwater Photography,1,0.0,FreeReplacement,MUZAFFARPUR,FreeReplacement,0.0,0.0,0,True,
2025-07-10,CCX1-405,GP28COMBO1_H13,B0DHYCQR66,Yantralay Silicone Lanyard Sleeve Protective Cover   6PCS Tempered Glass Screen Guard with Silicone Lens Cover Compatible with GoPro Hero 9 Black Acti,1,646.0,Shipment,BURLA,Shipment,646.0,0.0,1,False,
2025-07-11,CCX1-411,GP47_NEW,B0DRYJZ6VH,Yantralay 360  Rotatable Camera Bike Mount Clamp Motorcycle Handlebar Pole Aluminium Mount for Insta360 X4 X3  Ace Pro Pro2  Hero13 12 11 10 9 For Os,1,1349.0,Shipment,DEVANAHALLI,Shipment,1349.0,0.0,1,False,
2025-07-12,CCX1-412,DR28_RC2COVER_MP,B0CL9TH14Q,STARTRC Mini 4 Pro Sun Hood for DJI RC 2 Controller 3 IN 1 Sunshade Joysticks Screen Protector for DJI Mini 4 Pro Air 3S Air 3 Accessories Anti Scratc,1,1699.0,Shipment,santipur,Shipment,1699.0,0.0,1,False,
2025-07-08,CCX1-394,GP49,B0D456N4QM,yantralay Motorcycle Bike Bicycle Handlebar Mount Clamps with 1 4  Screw Compatible 8 35mm for Gopro Hero 13 12 11 10 9 Max Insta360 ONE X5 X4 X3  ONE,1,-901.0,Refund,Hazaribagh,Refund,-901.0,0.0,0,False,
2025-07-12,CCX1-413,GP1620_TLSNK,B08MSR2SNJ,TELESIN Upgraded Motorcycle Helmet Chin Mount for GoPro Max Hero 10 9 8 7 One R One X DJI Osmo Action Pocket Cellphone   More Action Camera with Go Pr,1,1166.0,Shipment,Burdwan,Shipment,1166.0,0.0,1,False,
2025-07-12,CCX1-414,GP28COMBO1_H13,B0DHYCQR66,Yantralay Silicone Lanyard Sleeve Protective Cover   6PCS Tempered Glass Screen Guard with Silicone Lens Cover Compatible with GoPro Hero 9 Black Acti,1,699.0,Shipment,NEW TOWN  Kolkata,Shipment,699.0,0.0,1,False,
2025-07-12,CCX1-417,PS10_OLED_GREEN,B0BRY5L26G,yantralay Carry Case Pouch Cover Compatible with Nintendo Switch OLED with Game Card Slots for Switch Switch OLED Accessories  Video Game   Green,1,616.0,Shipment,NEW TOWN,Shipment,616.0,0.0,1,False,
2025-07-12,CCX1-415,GP46-L,B0F91GCRP4,yantralay Double Clamp Mount Bracket with 1 4  Ball Head for Go Pro 13 12 11  Insta 360 X5 X4 X3 Handlebar  Motorcycle  Bicycle  Selfie Stick  Studio,1,1899.0,Shipment,BALURGHAT,Shipment,1899.0,0.0,1,False,
2025-07-14,CCX1-419,GP49,B0D456N4QM,nan,1,0.0,Cancel,DHUBRI,Cancel,0.0,0.0,0,False,
2025-07-14,CCX1-419,GP49,B0D456N4QM,yantralay Motorcycle Bike Bicycle Handlebar Mount Clamps with 1 4  Screw Compatible 8 35mm for Gopro Hero 13 12 11 10 9 Max Insta360 ONE X5 X4 X3  ONE,1,920.53,Shipment,DHUBRI,Shipment,920.53,0.0,1,False,
2025-07-12,CCX1-416,GP29L,B08RXBFBG9,yantralay Windshield Car Suction Cup Mount for Hero 10 9 8  SJCAM  Osmo Action 3   4  Insta 360   Flexible  Multi Angle Adjustable   Mount for Smartph,1,567.0,Shipment,Tura,Shipment,567.0,0.0,1,False,
2025-07-14,CCX1-420,PS10_PS5PORTALCOMBO,B0DF2Z2X1Q,yantralay 6 in 1 Hard Carrying Case with Protective Cover for Play Station 5 Portal  Non Slip Soft Case Cover   Screen Protectors   Thumb Grips for PS,1,1924.48,Shipment,BENGALURU,Shipment,1924.48,0.0,1,False,
2025-07-13,CCX1-418,PS2_WHITE,B0C46XWQRT,yantralay Controller Gamepad Carry Case   Ultimate Protection Compatible for PS5 PS4 PS3 Switch Pro Xbox Joysticks Waterproof  Scratch Protection  Dur,1,532.53,Shipment,TUFANGANJ,Shipment,532.53,0.0,1,False,
2025-07-14,CCX1-423,PS1,B0BJBL1XBS,nan,1,0.0,Cancel,Ashoknagar,Cancel,0.0,0.0,0,False,
2025-07-14,CCX1-424,PS1,B0BJBL1XBS,yantralay Polyester Dual Controller Hard Carry Case Compatible With Ps5 Ps4 Xbox Ipega Controllers   3 Layer Protection Travel Carry Case   Grey,1,822.56,Shipment,Ashoknagar,Shipment,822.56,0.0,1,False,
2025-07-14,CCX1-421,PS10_PS5PORTALCOMBO,B0DF2Z2X1Q,yantralay 6 in 1 Hard Carrying Case with Protective Cover for Play Station 5 Portal  Non Slip Soft Case Cover   Screen Protectors   Thumb Grips for PS,1,1924.48,Shipment,BHOPAL,Shipment,1924.48,0.0,1,False,
2025-07-14,CCX1-422,GP1620_TLSNK,B08MSR2SNJ,TELESIN Upgraded Motorcycle Helmet Chin Mount for GoPro Max Hero 10 9 8 7 One R One X DJI Osmo Action Pocket Cellphone   More Action Camera with Go Pr,1,0.0,FreeReplacement,Burdwan,FreeReplacement,0.0,0.0,0,True,
2025-07-15,CCX1-426,PS10_PS5PORTALCOMBO,B0DF2Z2X1Q,yantralay 6 in 1 Hard Carrying Case with Protective Cover for Play Station 5 Portal  Non Slip Soft Case Cover   Screen Protectors   Thumb Grips for PS,1,1924.48,Shipment,MUMBAI,Shipment,1924.48,0.0,1,False,
2025-07-16,CCX1-428,GP10_OA3,B0DMSYR199,yantralay Carrying Case for DJ I Os mo Action 5 Pro Action 4  Action 3 Cameras  Storage Bag Case with Shoulder Strap  DJ I Osm o Action Camera Accesso,1,1357.03,Shipment,RANCHI,Shipment,1357.03,0.0,1,False,
2025-07-15,CCX1-425,PS10_PS5PORTALCOMBO,B0DF2Z2X1Q,yantralay 6 in 1 Hard Carrying Case with Protective Cover for Play Station 5 Portal  Non Slip Soft Case Cover   Screen Protectors   Thumb Grips for PS,1,1924.48,Shipment,Tirupati,Shipment,1924.48,0.0,1,False,
2025-07-15,CCX1-427,GP49,B0D456N4QM,yantralay Motorcycle Bike Bicycle Handlebar Mount Clamps with 1 4  Screw Compatible 8 35mm for Gopro Hero 13 12 11 10 9 Max Insta360 ONE X5 X4 X3  ONE,1,920.53,Shipment,RANCHI,Shipment,920.53,0.0,1,False,
2025-07-17,CCX1-431,GP12,B0D7BZ38X8,yantralay Aluminium Car Suction Mount 360  Rotatable for Insta 360 X4 X3 X2  Ace Pro ONE R RS  Hero 13 12 11 10 9 8 7  DJI Osmo Action Series   All O,1,1224.14,Shipment,PUNE,Shipment,1224.14,0.0,1,False,
2025-07-16,CCX1-429,PS10_PS5PORTALCOMBO,B0DF2Z2X1Q,yantralay 6 in 1 Hard Carrying Case with Protective Cover for Play Station 5 Portal  Non Slip Soft Case Cover   Screen Protectors   Thumb Grips for PS,1,1924.48,Shipment,BENGALURU,Shipment,1924.48,0.0,1,False,
2025-07-17,CCX1-434,LGONEX4,B0F7RT4HGJ,yantralay 2Pcs Lens Guard for Insta 360 X4   Scratch Resistant Protective Lens Cover   High Transparency Optical Coated Cap   Insta 360 X4 Camera Acce,1,775.03,Shipment,Berhampur,Shipment,775.03,0.0,1,False,
2025-07-17,CCX1-432,PS10_OLED_GREEN,B0BRY5L26G,nan,1,0.0,Cancel,Nalbari,Cancel,0.0,0.0,0,False,
2025-07-10,CCX1-405,GP28COMBO1_H13,B0DHYCQR66,Yantralay Silicone Lanyard Sleeve Protective Cover   6PCS Tempered Glass Screen Guard with Silicone Lens Cover Compatible with GoPro Hero 9 Black Acti,1,-646.0,Refund,BURLA,Refund,-646.0,0.0,0,False,
2025-07-16,CCX1-430,LGONEX4_PREMIUM,B0DZ13Z8RF,yantralay Lens Protector for Insta360 X4  Removable Optical Glass Lens   Anti Scratch  Insta 360 X4 Accessories,1,2394.93,Shipment,Agartala,Shipment,2394.93,0.0,1,False,
2025-07-17,CCX1-433,GP43_OP3_STARTRC,B0CT3TFRJL,yantralay Ethylene Vinyl Acetate  EVA  Portable Carry Case for DJI Osmo Pocket 3 Creator Combo   Protective Bag with Adjustable Shoulder Strap   Large,1,969.03,Shipment,Shillong,Shipment,969.03,0.0,1,False,
2025-07-19,CCX1-435,GP46-S,B0F91G6H93,nan,1,0.0,Cancel,SILIGURI,Cancel,0.0,0.0,0,False,
2025-07-10,CCX1-408,GP43_OP3_STARTRC,B0CT3TFRJL,yantralay Ethylene Vinyl Acetate  EVA  Portable Carry Case for DJI Osmo Pocket 3 Creator Combo   Protective Bag with Adjustable Shoulder Strap   Large,1,-999.0,Refund,BARAJAMDA,Refund,-999.0,0.0,0,False,
2025-07-19,CCX1-436,SGONEX4-2_LGONEX4,B0F8VRR8JY,yantralay Insta 360 X4 Lens Guard   Screen Protector Combo Kit   Lens Covers   Anti Scratch  Tempered Glass Screen   Insta 360 X4 Accessories,1,1260.03,Shipment,TALCHER,Shipment,1260.03,0.0,1,False,
2025-07-20,CCX1-441,GP47_NEW,B0DRYJZ6VH,Yantralay 360  Rotatable Camera Bike Mount Clamp Motorcycle Handlebar Pole Aluminium Mount for Insta360 X4 X3  Ace Pro Pro2  Hero13 12 11 10 9 For Os,1,1387.53,Shipment,BENGALURU,Shipment,1387.53,0.0,1,False,
2025-07-20,CCX1-440,PS1,B0BJBL1XBS,yantralay Polyester Dual Controller Hard Carry Case Compatible With Ps5 Ps4 Xbox Ipega Controllers   3 Layer Protection Travel Carry Case   Grey,1,877.85,Shipment,Balasore,Shipment,877.85,0.0,1,False,
2025-07-19,CCX1-439,GP46-S,B0F91G6H93,yantralay Double Clamp Mount Bracket with 1 4  Ball Head for GoPro  Insta 360 X2 X3  Action Cameras   Handlebar  Motorcycle  Bicycle  Selfie Stick  St,1,1606.32,Shipment,SILIGURI,Shipment,1606.32,0.0,1,False,
2025-07-20,CCX1-444,GP28COMBO1_H13,B0DHYCQR66,Yantralay Silicone Lanyard Sleeve Protective Cover   6PCS Tempered Glass Screen Guard with Silicone Lens Cover Compatible with GoPro Hero 9 Black Acti,1,626.62,Shipment,HYDERABAD,Shipment,626.62,0.0,1,False,
2025-07-20,CCX1-442,GP47_NEW,B0DRYJZ6VH,Yantralay 360  Rotatable Camera Bike Mount Clamp Motorcycle Handlebar Pole Aluminium Mount for Insta360 X4 X3  Ace Pro Pro2  Hero13 12 11 10 9 For Os,1,1308.53,Shipment,BURDWAN,Shipment,1308.53,0.0,1,False,
2025-07-20,CCX1-443,PS10_OLED_GREEN,B0BRY5L26G,yantralay Carry Case Pouch Cover Compatible with Nintendo Switch OLED with Game Card Slots for Switch Switch OLED Accessories  Video Game   Green,1,597.52,Shipment,CHANDANNAGAR,Shipment,597.52,0.0,1,False,
2025-07-21,CCX1-446,GP47_NEW,B0DRYJZ6VH,nan,1,0.0,Cancel,MUZAFFARPUR,Cancel,0.0,0.0,0,False,
2025-07-21,CCX1-447,GP29L,B08RXBFBG9,yantralay Windshield Car Suction Cup Mount for Hero 10 9 8  SJCAM  Osmo Action 3   4  Insta 360   Flexible  Multi Angle Adjustable   Mount for Smartph,1,579.09,Shipment,CHANDANNAGAR,Shipment,579.09,0.0,1,False,
2025-07-21,CCX1-449,DR28_RC2COVER_MP,B0CL9TH14Q,STARTRC Mini 4 Pro Sun Hood for DJI RC 2 Controller 3 IN 1 Sunshade Joysticks Screen Protector for DJI Mini 4 Pro Air 3S Air 3 Accessories Anti Scratc,1,1756.0,Shipment,KOHIMA,Shipment,1756.0,0.0,1,False,
2025-07-21,CCX1-448,PS10_OLEDCOMBO_GREEN,B0DJFLRGQF,yantralay 4 in 1 Carrying Case Pouch with Protective Cover for Nintendo Switch OLED  Non Slip Soft Case Cover  Screen Protectors   Thumb Grips for Swi,1,1139.0,Shipment,TURA,Shipment,1139.0,0.0,1,False,
2025-07-21,CCX1-445,GP12,B0D7BZ38X8,yantralay Aluminium Car Suction Mount 360  Rotatable for Insta 360 X4 X3 X2  Ace Pro ONE R RS  Hero 13 12 11 10 9 8 7  DJI Osmo Action Series   All O,1,1252.27,Shipment,BARAPALI,Shipment,1252.27,0.0,1,False,
2025-07-21,CCX1-446,GP47_NEW,B0DRYJZ6VH,Yantralay 360  Rotatable Camera Bike Mount Clamp Motorcycle Handlebar Pole Aluminium Mount for Insta360 X4 X3  Ace Pro Pro2  Hero13 12 11 10 9 For Os,1,0.0,FreeReplacement,MUZAFFARPUR,FreeReplacement,0.0,0.0,0,True,
2025-07-22,CCX1-452,GP46-M,B0F91GXT2N,yantralay Double Clamp Mount Bracket with 1 4  Ball Head for GoPro  Insta 360 X2 X3  Action Cameras   Handlebar  Motorcycle  Bicycle  Selfie Stick  St,1,1754.0,Shipment,SILIGURI,Shipment,1754.0,0.0,1,False,
2025-07-22,CCX1-451,INONEX4_COMBO1,B0DX1SWJXZ,yantralay Lens Guard for Insta360 X4   Tempered Glass   Scratch Resistant Protective Lens Cover   Insta360 X4 Camera Accessories   ONEX4 Combo Kit,1,1900.0,Shipment,Khokara kalan,Shipment,1900.0,0.0,1,False,
2025-07-23,NAN,GP49,B0D456N4QM,nan,1,0.0,Cancel,CHENNAI,Cancel,0.0,0.0,0,False,
2025-07-23,CCX1-454,GP49,B0D456N4QM,yantralay Motorcycle Bike Bicycle Handlebar Mount Clamps with 1 4  Screw Compatible 8 35mm for Gopro Hero 13 12 11 10 9 Max Insta360 ONE X5 X4 X3  ONE,1,901.0,Shipment,CHENNAI,Shipment,901.0,0.0,1,False,
2025-07-22,CCX1-450,GP47-LN,B0F91S2PFT,Yantralay Action Camera Handlebar Mount with 360  Dual Ball Head   Super Clamp for Go Pro  Insta 360  Mobile  Bike  Motorcycle   Universal Quick Rele,1,1842.03,Shipment,NOIDA,Shipment,1842.03,0.0,1,False,
2025-07-24,CCX1-456,DR28_RC2COVER_MP,B0CL9TH14Q,STARTRC Mini 4 Pro Sun Hood for DJI RC 2 Controller 3 IN 1 Sunshade Joysticks Screen Protector for DJI Mini 4 Pro Air 3S Air 3 Accessories Anti Scratc,1,1756.0,Shipment,New Panvel West,Shipment,1756.0,0.0,1,False,
2025-07-24,CCX1-457,CWATCUN_D136-LN,B0D8J5PSRZ,nan,1,0.0,Cancel,KOLKATA,Cancel,0.0,0.0,0,False,
2025-07-24,CCX1-457,CWATCUN_D136-LN,B0D8J5PSRZ,Cwatcun Rolling Camera Backpack 2 in 1 Convertible Trolley Wheeled Camera Case for DSLR Cameras Lenses Extra Large Professional Photographer Luggage C,1,15499.0,Shipment,KOLKATA,Shipment,15499.0,0.0,1,False,
2025-07-24,CCX1-458,MP_OA5,B0F9X1YNVL,yantralay Camera Lavalier Clip on Type C Microphone for DJ I Action 3 4 Collar Clip Microphone  Without Need of Mic Adapter  1 5M Cable Length   Black,1,1461.0,Shipment,KOLKATA,Shipment,1461.0,0.0,1,False,
2025-07-24,CCX1-459,GP12,B0D7BZ38X8,yantralay Aluminium Car Suction Mount 360  Rotatable for Insta 360 X4 X3 X2  Ace Pro ONE R RS  Hero 13 12 11 10 9 8 7  DJI Osmo Action Series   All O,1,1291.0,Shipment,GAUTAM BUDDHA NAGAR,Shipment,1291.0,0.0,1,False,
2025-07-24,CCX1-460,GP100,B0723FF53T,yantralay 40 in 1 Action Camera Mount Kit for Hero 13 12 11 10 9 8 7 6 5 SJCAM  Osmo Action 3   4  Insta 360   More   with Selfie Monopod  Straps  Mou,1,1139.0,Shipment,Jagijhora Barabak,Shipment,1139.0,0.0,1,False,
2025-07-25,CCX1-461,PS10_OLEDCOMBO_GREEN,B0DJFLRGQF,yantralay 4 in 1 Carrying Case Pouch with Protective Cover for Nintendo Switch OLED  Non Slip Soft Case Cover  Screen Protectors   Thumb Grips for Swi,1,1139.0,Shipment,BANKA,Shipment,1139.0,0.0,1,False,
2025-07-25,CCX1-462,SGONEX4-2_LGONEX4,B0F8VRR8JY,yantralay Insta 360 X4 Lens Guard   Screen Protector Combo Kit   Lens Covers   Anti Scratch  Tempered Glass Screen   Insta 360 X4 Accessories,1,1325.0,Shipment,SILIGURI,Shipment,1325.0,0.0,1,False,
2025-07-25,CCX1-463,PS1,B0BJBL1XBS,yantralay Polyester Dual Controller Hard Carry Case Compatible With Ps5 Ps4 Xbox Ipega Controllers   3 Layer Protection Travel Carry Case   Grey,1,905.0,Shipment,KOLKATA,Shipment,905.0,0.0,1,False,
2025-07-25,CCX1-464,GP28COMBO_X3N,B0BY8178B6,PellKing Camera Protective Accessories Kit for Insta360 X3  Inst 360 X3 Bundle Include Lens Guard Silicone Protective Cover Screen Protectors Camera C,1,1120.0,Shipment,Rajarhat,Shipment,1120.0,0.0,1,False,
2025-07-26,CCX1-465,ACFRAMEONEX4_AL,B0DZPHHK7F,Yantralay Multifunction Utility Frame Compatible for Insta360 X4  Metal Protective Case for Insta360 X4 Accessories  Upgraded Quick Release Aluminium,1,3763.0,Shipment,KHORDHA,Shipment,3763.0,0.0,1,False,
2025-07-26,CCX1-466,PS10_OLEDCOMBO_GREEN,B0DJFLRGQF,yantralay 4 in 1 Carrying Case Pouch with Protective Cover for Nintendo Switch OLED  Non Slip Soft Case Cover  Screen Protectors   Thumb Grips for Swi,1,1139.0,Shipment,NEW TOWN,Shipment,1139.0,0.0,1,False,
2025-07-27,CCX1-468,CWATCUN_D129N,B0D8HTSVZH,Cwatcun Camera Backpack Hardshell for Photography  2 in1 Shockproof Camera Sling Bag  Waterproof Camera Case Crossbody with Tripod Holder  Rain Cover,1,4599.0,Shipment,KOHIMA,Shipment,4599.0,0.0,1,False,
2025-07-27,CCX1-467,DR28_RC2COVER_MP,B0CL9TH14Q,STARTRC Mini 4 Pro Sun Hood for DJI RC 2 Controller 3 IN 1 Sunshade Joysticks Screen Protector for DJI Mini 4 Pro Air 3S Air 3 Accessories Anti Scratc,1,1756.0,Shipment,NELLORE,Shipment,1756.0,0.0,1,False,
2025-07-27,CCX1-469,GP28_H13,B0DHYDQL5V,Yantralay Silicone Lanyard Sleeve Protective Cover   6PCS Tempered Glass Screen Guard with Silicone Lens Cover Compatible with Go Pro Hero 9 Black Act,1,439.0,Shipment,KOLKATA,Shipment,439.0,0.0,1,False,
2025-07-20,CCX1-444,GP28COMBO1_H13,B0DHYCQR66,Yantralay Silicone Lanyard Sleeve Protective Cover   6PCS Tempered Glass Screen Guard with Silicone Lens Cover Compatible with GoPro Hero 9 Black Acti,1,-626.62,Refund,HYDERABAD,Refund,-626.62,0.0,0,False,
2025-07-27,CCX1-471,GP1620_TLS,B08S7D4LKH,yantralay Upgraded Helmet Chin Strap Mount for Hero 13 12 11 10 9 8 7 6 5  SJCAM  Insta 360   DJI Osmo Action 3   4   Adjustable   Secure Camera Moun,1,1201.0,Shipment,Guwahati,Shipment,1201.0,0.0,1,False,
2025-07-27,CCX1-470,PS1,B0BJBL1XBS,yantralay Polyester Dual Controller Hard Carry Case Compatible With Ps5 Ps4 Xbox Ipega Controllers   3 Layer Protection Travel Carry Case   Grey,1,905.0,Shipment,KENDRAPARA,Shipment,905.0,0.0,1,False,
2025-07-29,CCX1-472,GP47-L_TLSNK,B0BBVGXFZ2,Camera Bike Mount Motorcycle Handlebar Clamp Holder for GoPro Insta360 Accessories  TELESIN 360    Rotating Bicycle Cycling Attachment Accessory for,1,1849.0,Shipment,Kapurthala,Shipment,1849.0,0.0,1,False,
2025-07-25,CCX1-461,PS10_OLEDCOMBO_GREEN,B0DJFLRGQF,yantralay 4 in 1 Carrying Case Pouch with Protective Cover for Nintendo Switch OLED  Non Slip Soft Case Cover  Screen Protectors   Thumb Grips for Swi,1,-1139.0,Refund,BANKA,Refund,-1139.0,0.0,0,False,
2025-07-20,CCX1-441,GP47_NEW,B0DRYJZ6VH,Yantralay 360  Rotatable Camera Bike Mount Clamp Motorcycle Handlebar Pole Aluminium Mount for Insta360 X4 X3  Ace Pro Pro2  Hero13 12 11 10 9 For Os,1,-1387.53,Refund,BENGALURU,Refund,-1387.53,0.0,0,False,
2025-07-20,CCX1-442,GP47_NEW,B0DRYJZ6VH,Yantralay 360  Rotatable Camera Bike Mount Clamp Motorcycle Handlebar Pole Aluminium Mount for Insta360 X4 X3  Ace Pro Pro2  Hero13 12 11 10 9 For Os,1,-1308.53,Refund,BURDWAN,Refund,-1308.53,0.0,0,False,
2025-07-29,CCX1-474,PS5_VERTICALSTAND,B0DGTZGCNQ,yantralay 2 in 1 Vertical Stand for PS 5   PS 5 Slim Consoles Non Slip Base Mount for PS 5 Accessories  for PS5   PS5 Slim Digital   Disc Version,1,872.03,Shipment,Kolkata,Shipment,872.03,0.0,1,False,
2025-07-21,CCX1-449,DR28_RC2COVER_MP,B0CL9TH14Q,STARTRC Mini 4 Pro Sun Hood for DJI RC 2 Controller 3 IN 1 Sunshade Joysticks Screen Protector for DJI Mini 4 Pro Air 3S Air 3 Accessories Anti Scratc,1,-1756.0,Refund,KOHIMA,Refund,-1756.0,0.0,0,False,
2025-07-25,CCX1-462,SGONEX4-2_LGONEX4,B0F8VRR8JY,yantralay Insta 360 X4 Lens Guard   Screen Protector Combo Kit   Lens Covers   Anti Scratch  Tempered Glass Screen   Insta 360 X4 Accessories,1,-1325.0,Refund,SILIGURI,Refund,-1325.0,0.0,0,False,
2025-07-29,CCX1-473,GP10KIT_KIT2,B0FBS5Q11T,yantralay 61 in 1 Action Camera Accessories Kit Compatible with Go Pro Hero 13 12 11 10 9  Action 5 4 3  Action  Insta 360 X5 X4 X3   All Other Action,1,1699.0,Shipment,Thane,Shipment,1699.0,0.0,1,False,
2025-07-30,CCX1-476,DA230_BLACK,B0BLZ224P8,yantralay Universal L Type Quick Release Plate   Vertical Horizontal Tripod Bracket for Canon Nikon Sony DJI Ronin Zhiyun Gimbal   Compatible with DSL,1,1163.03,Shipment,NEW DELHI,Shipment,1163.03,0.0,1,False,
2025-07-30,CCX1-475,GP49,B0D456N4QM,yantralay Motorcycle Bike Bicycle Handlebar Mount Clamps with 1 4  Screw Compatible 8 35mm for Gopro Hero 13 12 11 10 9 Max Insta360 ONE X5 X4 X3  ONE,1,873.97,Shipment,BHUBANESWAR,Shipment,873.97,0.0,1,False,
2025-07-31,CCX1-477,GP47_NEW,B0DRYJZ6VH,Yantralay 360  Rotatable Camera Bike Mount Clamp Motorcycle Handlebar Pole Aluminium Mount for Insta360 X4 X3  Ace Pro Pro2  Hero13 12 11 10 9 For Os,1,1308.53,Shipment,Cuttack,Shipment,1308.53,0.0,1,False,
2025-07-31,CCX1-478,GP47_NEW,B0DRYJZ6VH,Yantralay 360  Rotatable Camera Bike Mount Clamp Motorcycle Handlebar Pole Aluminium Mount for Insta360 X4 X3  Ace Pro Pro2  Hero13 12 11 10 9 For Os,1,1308.53,Shipment,HOOGHLY,Shipment,1308.53,0.0,1,False,
2025-07-31,CCX1-479,GP1620_TLSNK,B08MSR2SNJ,TELESIN Upgraded Motorcycle Helmet Chin Mount for GoPro Max Hero 10 9 8 7 One R One X DJI Osmo Action Pocket Cellphone   More Action Camera with Go Pr,1,1131.02,Shipment,Siliguri,Shipment,1131.02,0.0,1,False,
2025-06-28,CCX1-342,GP1620_TLSNK,B08MSR2SNJ,TELESIN Upgraded Motorcycle Helmet Chin Mount for GoPro Max Hero 10 9 8 7 One R One X DJI Osmo Action Pocket Cellphone   More Action Camera with Go Pr,1,-1166.0,Refund,KOLKATA,Refund,-1166.0,0.0,0,False,
2025-06-23,CCX1-315,MS_GP34,B0DG2LBC8V,yantralay Magnetic Neck Mount   2 in 1 Flexible Holder for Phones and Action Cameras   Adjustable Neck Strap  Secure Magnetic Magsaf Mounts  for Gopro,1,-1999.0,Refund,SILCHAR,Refund,-1999.0,0.0,0,False,
2025-06-26,CCX1-334,GP46-M_GP46-S_GP25_150CMS,B0F99WWGGT,yantralay Motorcycle Handlebar Clamp Kit with Dual Clamp Mounts   Invisible Selfie Stick for Insta 360 X4 X3 X2 One RS GO 3   Bike Action Camera Mount,1,-4274.05,Refund,SIBSAGAR,Refund,-4274.05,0.0,0,False,
2025-06-25,CCX1-327,GP2KIT,B0F9WK57XQ,yantralay Phone Chest Mount Strap Harness for iPhone 16  Samsung  Xiaomi  Go Pro Hero 13 12 11 10 9 8 7  Action Cameras   DJ I Os mo   Mobile Holder B,1,-549.0,Refund,Bengaluru,Refund,-549.0,0.0,0,False,
2025-06-30,CCX1-351,IN_MICMOUNT_X4,B0DZJQ8F1R,yantralay External Microphone Aluminium Mount Compatible with Insta 360 X4 X3 X2  Insta 360 Camera Accessories,1,-1472.0,Refund,BASIRHAT,Refund,-1472.0,0.0,0,False,
2025-06-29,CCX1-348,LGONEX4,B0F7RT4HGJ,yantralay 2Pcs Lens Guard for Insta 360 X4   Scratch Resistant Protective Lens Cover   High Transparency Optical Coated Cap   Insta 360 X4 Camera Acce,1,-799.0,Refund,Jowai,Refund,-799.0,0.0,0,False,
2025-07-01,BOM5-683,PS10_OLED_YELLOW,B0BRY5GJ5Y,nan,1,0.0,Cancel,THANE,Cancel,0.0,0.0,0,False,
2025-07-01,BOM5-682,MS_GP34,B0DG2LBC8V,yantralay Magnetic Neck Mount   2 in 1 Flexible Holder for Phones and Action Cameras   Adjustable Neck Strap  Secure Magnetic Magsaf Mounts  for Gopro,1,1999.0,Shipment,MUMBAI,Shipment,1999.0,0.0,1,False,
2025-07-01,BOM7-725,ND_OA5_TLS,B0DX7DQDVP,Yantralay x TELESIN Lens Filter Set for DJI Osmo Action 5 4 3   CPL  ND8  ND16  ND32 Camera Lens Filters  Professional Accessories for DJI OSMO Action,1,0.0,FreeReplacement,VASAI VIRAR,FreeReplacement,0.0,0.0,0,True,
2025-07-01,BOM5-683,PS10_OLED_YELLOW,B0BRY5GJ5Y,yantralay Carry Case Pouch Cover Compatible with Nintendo Switch OLED with Game Card Slots for Switch Switch OLED Accessories  Video Game   Yellow,1,649.0,Shipment,THANE,Shipment,649.0,0.0,1,False,
2025-07-01,BOM5-685,GP28COMBO1_H13,B0DHYCQR66,Yantralay Silicone Lanyard Sleeve Protective Cover   6PCS Tempered Glass Screen Guard with Silicone Lens Cover Compatible with GoPro Hero 9 Black Acti,1,699.0,Shipment,RAJKOT,Shipment,699.0,0.0,1,False,
2025-07-01,BOM5-684,GP47_NEW,B0DRYJZ6VH,Yantralay 360  Rotatable Camera Bike Mount Clamp Motorcycle Handlebar Pole Aluminium Mount for Insta360 X4 X3  Ace Pro Pro2  Hero13 12 11 10 9 For Os,1,1349.0,Shipment,NEW DELHI,Shipment,1349.0,0.0,1,False,
2025-07-01,BOM5-691,ACFRAMEGP13_AL,B0F93ZW44W,Yantralay Premium Aluminum Protective Case for Go Pro Hero13 12 11 10 9 Tough Aluminum Cage Maximum Protection with Minimal Weight Accessory,1,2749.0,Shipment,JALOR,Shipment,2749.0,0.0,1,False,
2025-07-01,BOM5-690,GP10_RS4MINI_STARTRC,B0DZZFNDHP,yantralay Portable Carrying Storage Case for DJ I Ronin RS4Mini Gimbal EVA Handbag Travel Handheld Shoulder Bag  RS4MINI,1,2699.0,Shipment,MUMBAI,Shipment,2699.0,0.0,1,False,
2025-07-01,BOM5-689,GP46-M_GP46-S_GP25_150CMS,B0F99WWGGT,yantralay Motorcycle Handlebar Clamp Kit with Dual Clamp Mounts   Invisible Selfie Stick for Insta 360 X4 X3 X2 One RS GO 3   Bike Action Camera Mount,1,4499.0,Shipment,NAVI MUMBAI,Shipment,4499.0,0.0,1,False,
2025-07-01,BOM7-728,GP49,B0D456N4QM,yantralay Motorcycle Bike Bicycle Handlebar Mount Clamps with 1 4  Screw Compatible 8 35mm for Gopro Hero 13 12 11 10 9 Max Insta360 ONE X5 X4 X3  ONE,1,949.0,Shipment,Navi Mumbai,Shipment,949.0,0.0,1,False,
2025-07-01,BOM5-687,GP47_NEW,B0DRYJZ6VH,Yantralay 360  Rotatable Camera Bike Mount Clamp Motorcycle Handlebar Pole Aluminium Mount for Insta360 X4 X3  Ace Pro Pro2  Hero13 12 11 10 9 For Os,1,1349.0,Shipment,VADODARA,Shipment,1349.0,0.0,1,False,
2025-07-01,BOM7-731,GP162TELESINN,B07G5XWJJM,TELESIN Motorcycle Helmet Strap Mount Front Chin Mount for GoPro Hero 2018 7 6 5 4 3  Session  SJCAM  AKASO  Campark  Polaroid  YI Action Camera Helme,1,873.0,Shipment,MUMBAI,Shipment,873.0,0.0,1,False,
2025-07-01,BOM5-692,MS_GP34,B0DG2LBC8V,yantralay Magnetic Neck Mount   2 in 1 Flexible Holder for Phones and Action Cameras   Adjustable Neck Strap  Secure Magnetic Magsaf Mounts  for Gopro,1,1999.0,Shipment,MUMBAI,Shipment,1999.0,0.0,1,False,
2025-07-01,BOM7-729,MS_GP34,B0DG2LBC8V,yantralay Magnetic Neck Mount   2 in 1 Flexible Holder for Phones and Action Cameras   Adjustable Neck Strap  Secure Magnetic Magsaf Mounts  for Gopro,1,1999.0,Shipment,MUMBAI,Shipment,1999.0,0.0,1,False,
2025-07-01,NAN,GP47_NEW,B0DRYJZ6VH,nan,1,0.0,Cancel,MUMBAI,Cancel,0.0,0.0,0,False,
2025-07-01,BOM7-730,GP10_OM7P_STARTRC,B0F2J6Z8WT,yantralay Osmo Mobile 7P Case Portable PU Shoulder Bag for DJI OM 7 Pro 7 Gimbal Stabilizer Travel Case for DJI Osmo Mobile 7 7P,1,1299.0,Shipment,NASHIK,Shipment,1299.0,0.0,1,False,
2025-07-01,BOM7-732,PS2_WHITE,B0C46XWQRT,yantralay Controller Gamepad Carry Case   Ultimate Protection Compatible for PS5 PS4 PS3 Switch Pro Xbox Joysticks Waterproof  Scratch Protection  Dur,1,549.0,Shipment,MUMBAI,Shipment,549.0,0.0,1,False,
2025-07-01,BOM7-732,PS2_YELLOW,B0BL1HQ3C4,yantralay Controller Gamepad Carry Case   Ultimate Protection Compatible for PS5 PS4 PS3 Switch Pro Xbox Joysticks Waterproof  Scratch Protection  Dur,1,499.0,Shipment,MUMBAI,Shipment,499.0,0.0,1,False,
2025-07-01,BOM5-681,CADEN_W9N,B09C89HZH5,CADeN Camera Backpack  Camera Bag Large DSLR SLR Mirrorless Waterproof with 15 6 Laptop Compartment   Tripod Holder  Compatible for Canon Nikon Sony D,1,5699.0,Shipment,MUMBAI,Shipment,5699.0,0.0,1,False,
2025-07-01,BOM5-693,GP47_NEW,B0DRYJZ6VH,Yantralay 360  Rotatable Camera Bike Mount Clamp Motorcycle Handlebar Pole Aluminium Mount for Insta360 X4 X3  Ace Pro Pro2  Hero13 12 11 10 9 For Os,1,1349.0,Shipment,MUMBAI,Shipment,1349.0,0.0,1,False,
2025-07-01,BOM5-686,IN28_X5,B0F9KX96CY,yantralay Insta 360 X4 X5 Camera Mount Stand Base   Silicone Non Slip Desktop Bracket for Insta 360 X4   X5   Lightweight  Compact   Stable,1,499.0,Shipment,PATHANAMTHITTA,Shipment,499.0,0.0,1,False,
2025-07-02,BOM7-736,GP10_ONEX4_STARTRC,B0DDXP86FQ,yantralay x Startr c Carrying Case for Insta 360 X4 X5  Portable PU Storage Protective Bag Travel Case for Insta 360 X4 X5 Accessories with Large Capa,1,1637.0,Shipment,Noida,Shipment,1637.0,0.0,1,False,
2025-07-02,PNQ3-338,TY98_TUYU,B0F7RP62NV,yantralay Motorcycle Windshield Mounting Clamp Aluminum Mount for Go Pro Hero 13 12 11 10 9 Insta 360 X3 DJ I Action 3 Action Camera Accessories,1,1851.0,Shipment,PIMPRI CHINCHWAD,Shipment,1851.0,0.0,1,False,
2025-07-02,BOM7-737,GP12,B0D7BZ38X8,yantralay Aluminium Car Suction Mount 360  Rotatable for Insta 360 X4 X3 X2  Ace Pro ONE R RS  Hero 13 12 11 10 9 8 7  DJI Osmo Action Series   All O,2,2582.0,Shipment,CHENNAI,Shipment,2582.0,0.0,2,False,
2025-07-01,IN-143,GP48-L,B0FDX3LQT2,nan,1,0.0,Cancel,KOLHAPUR,Cancel,0.0,0.0,0,False,
2025-07-02,BOM5-694,CADEN_K1-GREENN,B06XHF1FNB,Caden Cross Bag Triangle Carry Case for DSLR Sony Canon Rebel Powershot  Nikon Coolpix Kodah Olympus Pentax Sony with 1 Camera 2 Lens Tripod Green,1,2999.0,Shipment,PANIPAT,Shipment,2999.0,0.0,1,False,
2025-07-01,BOM7-734,GP10_OM7P_STARTRC,B0F2J6Z8WT,yantralay Osmo Mobile 7P Case Portable PU Shoulder Bag for DJI OM 7 Pro 7 Gimbal Stabilizer Travel Case for DJI Osmo Mobile 7 7P,1,1299.0,Shipment,HALOL,Shipment,1299.0,0.0,1,False,
2025-07-02,NAN,SGOLED2,B0FDQL7DFH,nan,1,0.0,Cancel,SHIRUR,Cancel,0.0,0.0,0,False,
2025-07-01,BOM7-733,GP10_OM7P_STARTRC,B0F2J6Z8WT,yantralay Osmo Mobile 7P Case Portable PU Shoulder Bag for DJI OM 7 Pro 7 Gimbal Stabilizer Travel Case for DJI Osmo Mobile 7 7P,1,1299.0,Shipment,AHMEDABAD,Shipment,1299.0,0.0,1,False,
2025-07-02,BOM5-695,INONEX4_COMBO1,B0DX1SWJXZ,yantralay Lens Guard for Insta360 X4   Tempered Glass   Scratch Resistant Protective Lens Cover   Insta360 X4 Camera Accessories   ONEX4 Combo Kit,1,1900.0,Shipment,BADLAPUR,Shipment,1900.0,0.0,1,False,
2025-07-02,PNQ3-339,GP47-L_TLSNK,B0BBVGXFZ2,Camera Bike Mount Motorcycle Handlebar Clamp Holder for GoPro Insta360 Accessories  TELESIN 360    Rotating Bicycle Cycling Attachment Accessory for,1,1849.0,Shipment,Pune,Shipment,1849.0,0.0,1,False,
2025-07-02,BOM5-696,ND_DJIFLIP_STARTRCN,B0DT1CVV7L,ND CPL Filter Set for DJI Flip Accessories ND16 ND64 ND128 CPL Drone Lens Filters Set  Multi Coated HD Optical Glass 4 Pack,1,2924.0,Shipment,PUNE,Shipment,2924.0,0.0,1,False,
2025-07-02,BOM5-697,PS10_OLEDCOMBO_YELLOW,B0DJFL8DBY,yantralay 4 in 1 Carrying Case Pouch with Protective Cover for Nintendo Switch OLED  Non Slip Soft Case Cover  Screen Protectors   Thumb Grips for Swi,1,1104.83,Shipment,AHMEDABAD,Shipment,1104.83,0.0,1,False,
2025-07-02,BOM5-699,GP47_NEW,B0DRYJZ6VH,Yantralay 360  Rotatable Camera Bike Mount Clamp Motorcycle Handlebar Pole Aluminium Mount for Insta360 X4 X3  Ace Pro Pro2  Hero13 12 11 10 9 For Os,1,1349.0,Shipment,KALYAN,Shipment,1349.0,0.0,1,False,
2025-07-02,PNQ3-340,PS1,B0BJBL1XBS,yantralay Polyester Dual Controller Hard Carry Case Compatible With Ps5 Ps4 Xbox Ipega Controllers   3 Layer Protection Travel Carry Case   Grey,1,905.0,Shipment,PUNE,Shipment,905.0,0.0,1,False,
2025-07-02,BOM5-698,GP29L,B08RXBFBG9,yantralay Windshield Car Suction Cup Mount for Hero 10 9 8  SJCAM  Osmo Action 3   4  Insta 360   Flexible  Multi Angle Adjustable   Mount for Smartph,1,597.0,Shipment,THANE,Shipment,597.0,0.0,1,False,
2025-07-02,BOM5-701,PS1,B0BJBL1XBS,yantralay Polyester Dual Controller Hard Carry Case Compatible With Ps5 Ps4 Xbox Ipega Controllers   3 Layer Protection Travel Carry Case   Grey,1,905.0,Shipment,NAVI MUMBAI,Shipment,905.0,0.0,1,False,
2025-07-02,BOM5-702,PS10_PS5PORTALCOMBO,B0DF2Z2X1Q,yantralay 6 in 1 Hard Carrying Case with Protective Cover for Play Station 5 Portal  Non Slip Soft Case Cover   Screen Protectors   Thumb Grips for PS,1,2070.0,Shipment,RAJKOT,Shipment,2070.0,0.0,1,False,
2025-07-03,BOM7-741,GP28COMBO_X3N,B0BY8178B6,nan,1,0.0,Cancel,BHARUCH,Cancel,0.0,0.0,0,False,
2025-07-02,BOM5-704,ULANZI_MT-58,B0CNT53V16,Yantralay MT 58 Invisible Monopod for Insta 360 Camera Compatible with ONEX3 X2  ONE R ONER RS Insta Go3 Go2   All Other Insta   Action Cameras  MT 58,1,1709.0,Shipment,ERNAKULAM,Shipment,1709.0,0.0,1,False,
2025-07-02,BOM7-739,PS10_PS5PORTALCOMBO,B0DF2Z2X1Q,yantralay 6 in 1 Hard Carrying Case with Protective Cover for Play Station 5 Portal  Non Slip Soft Case Cover   Screen Protectors   Thumb Grips for PS,1,2070.0,Shipment,MOHALI,Shipment,2070.0,0.0,1,False,
2025-07-02,PNQ3-341,PS1,B0BJBL1XBS,yantralay Polyester Dual Controller Hard Carry Case Compatible With Ps5 Ps4 Xbox Ipega Controllers   3 Layer Protection Travel Carry Case   Grey,1,905.0,Shipment,BHOPAL,Shipment,905.0,0.0,1,False,
2025-07-02,BOM5-703,GP46-M_GP46-S_GP25_150CMS,B0F99WWGGT,yantralay Motorcycle Handlebar Clamp Kit with Dual Clamp Mounts   Invisible Selfie Stick for Insta 360 X4 X3 X2 One RS GO 3   Bike Action Camera Mount,1,4445.0,Shipment,AHMEDABAD,Shipment,4445.0,0.0,1,False,
2025-07-03,BOM5-706,GP28COMBO1_H13,B0DHYCQR66,Yantralay Silicone Lanyard Sleeve Protective Cover   6PCS Tempered Glass Screen Guard with Silicone Lens Cover Compatible with GoPro Hero 9 Black Acti,1,646.0,Shipment,THANE,Shipment,646.0,0.0,1,False,
2025-07-03,BOM5-709,PS5_VERTICALSTAND,B0DGTZGCNQ,nan,1,0.0,Cancel,Ghaziabad,Cancel,0.0,0.0,0,False,
2025-07-02,IN-147,SGOLED2,B0FDQL7DFH,yantralay Tempered Glass Screen Protector for Nintendo Switch 2  2025    Ultra Thin HD Clear Film Guard with Rounded Edges for 7 9 Inch Display  1 Pac,1,579.0,Shipment,Pune,Shipment,579.0,0.0,1,False,
2025-07-02,IN-144,GP48-L,B0FDX3LQT2,Yantralay Suction Jaw Clamp Mount Bracket with Ball Head of 360 Degree Rotation for Insta 360 X5 X4 X3,1,1399.0,Shipment,KOLHAPUR,Shipment,1399.0,0.0,1,False,
2025-07-02,IN-145,SGOLED2,B0FDQL7DFH,yantralay Tempered Glass Screen Protector for Nintendo Switch 2  2025    Ultra Thin HD Clear Film Guard with Rounded Edges for 7 9 Inch Display  1 Pac,1,499.0,Shipment,SHIRUR,Shipment,499.0,0.0,1,False,
2025-07-03,BOM5-710,GP49,B0D456N4QM,yantralay Motorcycle Bike Bicycle Handlebar Mount Clamps with 1 4  Screw Compatible 8 35mm for Gopro Hero 13 12 11 10 9 Max Insta360 ONE X5 X4 X3  ONE,1,901.0,Shipment,OLD GOA,Shipment,901.0,0.0,1,False,
2025-07-03,BOM7-741,GP28COMBO_X3N,B0BY8178B6,PellKing Camera Protective Accessories Kit for Insta360 X3  Inst 360 X3 Bundle Include Lens Guard Silicone Protective Cover Screen Protectors Camera C,1,1120.0,Shipment,BHARUCH,Shipment,1120.0,0.0,1,False,
2025-07-03,BOM5-705,PS2_BLACK,B0BL1CYSW6,yantralay Nylon Controller Gamepad Carry Case   Ultimate Protection Compatible for PS5 PS4 PS3 Switch Pro Xbox Joysticks Waterproof  Scratch Protectio,1,479.0,Shipment,Pimpri Chinchwad,Shipment,479.0,0.0,1,False,
2025-07-03,BOM7-742,GP47_NEW,B0DRYJZ6VH,Yantralay 360  Rotatable Camera Bike Mount Clamp Motorcycle Handlebar Pole Aluminium Mount for Insta360 X4 X3  Ace Pro Pro2  Hero13 12 11 10 9 For Os,1,1349.0,Shipment,BULDANA,Shipment,1349.0,0.0,1,False,
2025-07-03,BOM5-707,LM17,B0D455L1MN,yantralay Folding Fingers Replacement Magnet Adapter Mount with 1 4 Tripod Connector Port Compatible with Go Pro Hero 13 12 11 11 Mini 10 9 8   Hero M,1,901.0,Shipment,NAVI MUMBAI,Shipment,901.0,0.0,1,False,
2025-07-02,BOM5-700,GP28COMBO1_H13,B0DHYCQR66,Yantralay Silicone Lanyard Sleeve Protective Cover   6PCS Tempered Glass Screen Guard with Silicone Lens Cover Compatible with GoPro Hero 9 Black Acti,1,646.0,Shipment,Ahmedabad,Shipment,646.0,0.0,1,False,
2025-07-03,PNQ3-344,CWATCUN_D132-LN,B0D8YFTJ5D,Cwatcun D132 Camera Backpack  Black2  Large  Camera Backpack,1,8999.0,Shipment,BENGALURU,Shipment,8999.0,0.0,1,False,
2025-07-03,BOM7-743,PS5_VERTICALSTAND,B0DGTZGCNQ,yantralay 2 in 1 Vertical Stand for PS 5   PS 5 Slim Consoles Non Slip Base Mount for PS 5 Accessories  for PS5   PS5 Slim Digital   Disc Version,1,899.0,Shipment,MUMBAI,Shipment,899.0,0.0,1,False,
2025-07-02,BOM7-740,GP47-MN,B09TYS55DM,Fotoleey Motorcycle Bike Mount for Insta360 X5 X3 X2 Ace Pro 2  Ace  One RS  Camera Bicycle Mount Handlebar Clamp Compatible with GoPro Hero 13  Hero,1,1499.0,Shipment,JAIPUR,Shipment,1499.0,0.0,1,False,
2025-07-03,BOM5-712,PS2_BLACK,B0BL1CYSW6,yantralay Nylon Controller Gamepad Carry Case   Ultimate Protection Compatible for PS5 PS4 PS3 Switch Pro Xbox Joysticks Waterproof  Scratch Protectio,1,479.0,Shipment,MUMBAI,Shipment,479.0,0.0,1,False,
2025-07-03,PNQ3-342,PS2_YELLOW,B0BL1HQ3C4,yantralay Controller Gamepad Carry Case   Ultimate Protection Compatible for PS5 PS4 PS3 Switch Pro Xbox Joysticks Waterproof  Scratch Protection  Dur,1,499.0,Shipment,PUNE,Shipment,499.0,0.0,1,False,
2025-07-03,PNQ3-343,GP47_NEW,B0DRYJZ6VH,Yantralay 360  Rotatable Camera Bike Mount Clamp Motorcycle Handlebar Pole Aluminium Mount for Insta360 X4 X3  Ace Pro Pro2  Hero13 12 11 10 9 For Os,1,1349.0,Shipment,PUNE,Shipment,1349.0,0.0,1,False,
2025-07-01,BOM7-727,GP10_ONEX4_STARTRC,B0DDXP86FQ,yantralay x Startr c Carrying Case for Insta 360 X4 X5  Portable PU Storage Protective Bag Travel Case for Insta 360 X4 X5 Accessories with Large Capa,1,1679.0,Shipment,AHMEDABAD,Shipment,1679.0,0.0,1,False,
2025-07-01,BOM7-727,ACCHARGERONEX4_3_AMG,B0DWLH6MJ3,Yantralay x amagisn 3 Slot Battery Charger Compatible for Insta360 X4 Camera  Charging Dock for X4 Accessories,1,1499.0,Shipment,AHMEDABAD,Shipment,1499.0,0.0,1,False,
2025-07-03,BOM7-746,TR-S-BLACK_TARIONN,B09FK27T23,TARION Camera Sling Bag DSLR Sling Pack for Photographers with Waterproof Rain Cover Tripod Holder Sling Backpack Camera Bag Backpack Photography Slin,1,4999.0,Shipment,GURUGRAM,Shipment,4999.0,0.0,1,False,
2025-07-03,PNQ3-345,ND_AIR3_STARTRCN,B0CCV1PBY6,STARTRC ND Filters Set for DJI Air 3 Accessories 4Pack Filters  ND8  ND16  ND32  ND64   Aluminum Version,1,4679.0,Shipment,KOLKATA,Shipment,4679.0,0.0,1,False,
2025-07-03,BOM5-716,ACFRAMEOP3_STARTRCN,B0CR1C9243,STARTRC OSMO Pocket 3 360  Rotation Backpack Clip Mount Shoulder Strap Accessories for DJI Pocket 3 OSMO Pocket 3 Action Cameras,1,1710.11,Shipment,THANE,Shipment,1710.11,0.0,1,False,
2025-07-03,BOM5-711,GP47-L_TLSNK,B0BBVGXFZ2,Camera Bike Mount Motorcycle Handlebar Clamp Holder for GoPro Insta360 Accessories  TELESIN 360    Rotating Bicycle Cycling Attachment Accessory for,1,1849.0,Shipment,WALUJ MIDC,Shipment,1849.0,0.0,1,False,
2025-07-03,BOM5-708,CWATCUN_D129N,B0D8HTSVZH,Cwatcun Camera Backpack Hardshell for Photography  2 in1 Shockproof Camera Sling Bag  Waterproof Camera Case Crossbody with Tripod Holder  Rain Cover,1,4599.0,Shipment,Barpeta,Shipment,4599.0,0.0,1,False,
2025-07-02,BOM7-735,GP47_NEW,B0DRYJZ6VH,Yantralay 360  Rotatable Camera Bike Mount Clamp Motorcycle Handlebar Pole Aluminium Mount for Insta360 X4 X3  Ace Pro Pro2  Hero13 12 11 10 9 For Os,1,1349.0,Shipment,PIMPRI CHINCHWAD,Shipment,1349.0,0.0,1,False,
2025-07-03,BOM5-718,ND_AIR3_STARTRCN,B0CCV1PBY6,STARTRC ND Filters Set for DJI Air 3 Accessories 4Pack Filters  ND8  ND16  ND32  ND64   Aluminum Version,1,4679.0,Shipment,DEHRADUN,Shipment,4679.0,0.0,1,False,
2025-07-03,BOM5-714,IN_MICMOUNT_X4,B0DZJQ8F1R,yantralay External Microphone Aluminium Mount Compatible with Insta 360 X4 X3 X2  Insta 360 Camera Accessories,1,1471.0,Shipment,Silvassa,Shipment,1471.0,0.0,1,False,
2025-07-03,BOM5-715,PS10_PS5PORTALCOMBO,B0DF2Z2X1Q,yantralay 6 in 1 Hard Carrying Case with Protective Cover for Play Station 5 Portal  Non Slip Soft Case Cover   Screen Protectors   Thumb Grips for PS,1,2070.0,Shipment,Mumbai,Shipment,2070.0,0.0,1,False,
2025-07-03,BOM5-719,PS2_BLACK,B0BL1CYSW6,yantralay Nylon Controller Gamepad Carry Case   Ultimate Protection Compatible for PS5 PS4 PS3 Switch Pro Xbox Joysticks Waterproof  Scratch Protectio,1,464.63,Shipment,VASAI VIRAR,Shipment,464.63,0.0,1,False,
2025-07-03,BOM5-721,GP47_NEW,B0DRYJZ6VH,Yantralay 360  Rotatable Camera Bike Mount Clamp Motorcycle Handlebar Pole Aluminium Mount for Insta360 X4 X3  Ace Pro Pro2  Hero13 12 11 10 9 For Os,1,1308.53,Shipment,INDORE,Shipment,1308.53,0.0,1,False,
2025-07-02,BOM7-738,PS1,B0BJBL1XBS,yantralay Polyester Dual Controller Hard Carry Case Compatible With Ps5 Ps4 Xbox Ipega Controllers   3 Layer Protection Travel Carry Case   Grey,1,905.0,Shipment,Vadodara,Shipment,905.0,0.0,1,False,
2025-07-03,BOM5-720,PS1,B0BJBL1XBS,yantralay Polyester Dual Controller Hard Carry Case Compatible With Ps5 Ps4 Xbox Ipega Controllers   3 Layer Protection Travel Carry Case   Grey,1,877.85,Shipment,MUMBAI,Shipment,877.85,0.0,1,False,
2025-07-03,BOM7-747,GP49,B0D456N4QM,yantralay Motorcycle Bike Bicycle Handlebar Mount Clamps with 1 4  Screw Compatible 8 35mm for Gopro Hero 13 12 11 10 9 Max Insta360 ONE X5 X4 X3  ONE,1,873.97,Shipment,THANE,Shipment,873.97,0.0,1,False,
2025-07-03,BOM7-748,GP46-M,B0F91GXT2N,yantralay Double Clamp Mount Bracket with 1 4  Ball Head for GoPro  Insta 360 X2 X3  Action Cameras   Handlebar  Motorcycle  Bicycle  Selfie Stick  St,1,1701.38,Shipment,MUMBAI,Shipment,1701.38,0.0,1,False,
2025-07-03,BOM5-722,ULANZI_MT-58,B0CNT53V16,Yantralay MT 58 Invisible Monopod for Insta 360 Camera Compatible with ONEX3 X2  ONE R ONER RS Insta Go3 Go2   All Other Insta   Action Cameras  MT 58,1,1657.73,Shipment,MUMBAI,Shipment,1657.73,0.0,1,False,
2025-07-03,BOM5-713,ACFRAMEOP3_STARTRCN,B0CR1C9243,STARTRC OSMO Pocket 3 360  Rotation Backpack Clip Mount Shoulder Strap Accessories for DJI Pocket 3 OSMO Pocket 3 Action Cameras,1,1763.0,Shipment,MUMBAI,Shipment,1763.0,0.0,1,False,
2025-07-03,BOM7-745,PS10_PS5PORTALCOMBO,B0DF2Z2X1Q,yantralay 6 in 1 Hard Carrying Case with Protective Cover for Play Station 5 Portal  Non Slip Soft Case Cover   Screen Protectors   Thumb Grips for PS,1,2070.0,Shipment,AHMEDABAD,Shipment,2070.0,0.0,1,False,
2025-07-04,BOM5-724,GP28COMBO1_H13,B0DHYCQR66,Yantralay Silicone Lanyard Sleeve Protective Cover   6PCS Tempered Glass Screen Guard with Silicone Lens Cover Compatible with GoPro Hero 9 Black Acti,1,626.62,Shipment,Mumbai,Shipment,626.62,0.0,1,False,
2025-07-04,BOM7-749,GP47_NEW,B0DRYJZ6VH,Yantralay 360  Rotatable Camera Bike Mount Clamp Motorcycle Handlebar Pole Aluminium Mount for Insta360 X4 X3  Ace Pro Pro2  Hero13 12 11 10 9 For Os,1,1308.53,Shipment,MUMBAI,Shipment,1308.53,0.0,1,False,
2025-07-03,BOM5-723,GP100,B0723FF53T,yantralay 40 in 1 Action Camera Mount Kit for Hero 13 12 11 10 9 8 7 6 5 SJCAM  Osmo Action 3   4  Insta 360   More   with Selfie Monopod  Straps  Mou,1,1139.0,Shipment,TALIKOTA,Shipment,1139.0,0.0,1,False,
2025-07-04,BOM5-725,GP47_NEW,B0DRYJZ6VH,Yantralay 360  Rotatable Camera Bike Mount Clamp Motorcycle Handlebar Pole Aluminium Mount for Insta360 X4 X3  Ace Pro Pro2  Hero13 12 11 10 9 For Os,1,1308.53,Shipment,VADODARA,Shipment,1308.53,0.0,1,False,
2025-07-04,BOM5-727,ULANZI_MT-58,B0CNT53V16,Yantralay MT 58 Invisible Monopod for Insta 360 Camera Compatible with ONEX3 X2  ONE R ONER RS Insta Go3 Go2   All Other Insta   Action Cameras  MT 58,1,1657.73,Shipment,Bangalore,Shipment,1657.73,0.0,1,False,
2025-07-04,BOM5-726,GP47_NEW,B0DRYJZ6VH,Yantralay 360  Rotatable Camera Bike Mount Clamp Motorcycle Handlebar Pole Aluminium Mount for Insta360 X4 X3  Ace Pro Pro2  Hero13 12 11 10 9 For Os,1,1308.53,Shipment,MUMBAI,Shipment,1308.53,0.0,1,False,
2025-07-04,PNQ3-346,PS5_VERTICALSTAND,B0DGTZGCNQ,nan,1,0.0,Cancel,Bengaluru,Cancel,0.0,0.0,0,False,
2025-07-02,BOM7-736,GP10_ONEX4_STARTRC,B0DDXP86FQ,yantralay x Startr c Carrying Case for Insta 360 X4 X5  Portable PU Storage Protective Bag Travel Case for Insta 360 X4 X5 Accessories with Large Capa,1,-1637.0,Refund,Noida,Refund,-1637.0,0.0,0,False,
2025-07-03,BOM5-717,PS5_VERTICALSTAND,B0DGTZGCNQ,yantralay 2 in 1 Vertical Stand for PS 5   PS 5 Slim Consoles Non Slip Base Mount for PS 5 Accessories  for PS5   PS5 Slim Digital   Disc Version,1,899.0,Shipment,Ghaziabad,Shipment,899.0,0.0,1,False,
2025-07-04,BOM7-750,PS10_PS5PORTALCOMBO,B0DF2Z2X1Q,yantralay 6 in 1 Hard Carrying Case with Protective Cover for Play Station 5 Portal  Non Slip Soft Case Cover   Screen Protectors   Thumb Grips for PS,1,2007.9,Shipment,DASUYA,Shipment,2007.9,0.0,1,False,
2025-07-03,IN-148,GP46-L_TUYU,B0FCYK5XW1,yantralay All Aluminium Dual Clamp Mount with 1 4  Ball Head   Heavy Duty Aluminium Bracket for Go Pro 13 12 11  Insta 360 X5 X4 X3  Bike Handlebar  M,1,2599.0,Shipment,SALEM,Shipment,2599.0,0.0,1,False,
2025-07-02,IN-146,ACCASEONEX5,B0FF2D12YN,Yantralay Invisible Magnetic Dive Case for Insta360 X5   60M Waterproof Underwater Housing for Deep Sea   Snorkeling Shots,1,5999.0,Shipment,NAGPUR,Shipment,5999.0,0.0,1,False,
2025-07-04,BOM7-752,SGOLED2,B0FDQL7DFH,yantralay Tempered Glass Screen Protector for Nintendo Switch 2  2025    Ultra Thin HD Clear Film Guard with Rounded Edges for 7 9 Inch Display  1 Pac,1,484.03,Shipment,Civil Lines,Shipment,484.03,0.0,1,False,
2025-07-04,BOM5-730,GP47-SN,B0F91PMBC5,yantralay Action Camera Handlebar Mount with 360  Dual Ball Head   Super Clamp for Go Pro  Insta 360  Mobile  Bike  Motorcycle   Universal Quick Rele,1,1540.08,Shipment,SECUNDERABAD,Shipment,1540.08,0.0,1,False,
2025-07-04,BOM5-729,ACCASEONEX4,B0DZZC8YJV,Yantralay Invisible Dive Case for Insta360 X4   Waterproof Diving Housing Cover  Protective PC Sealed Shell with Bracket for Underwater Photography,1,5484.38,Shipment,BENGALURU,Shipment,5484.38,0.0,1,False,
2025-07-04,BOM7-753,SGOLED2,B0FDQL7DFH,yantralay Tempered Glass Screen Protector for Nintendo Switch 2  2025    Ultra Thin HD Clear Film Guard with Rounded Edges for 7 9 Inch Display  1 Pac,1,484.03,Shipment,BENGALURU,Shipment,484.03,0.0,1,False,
2025-07-04,BOM7-751,CWATCUN_D132-LN,B0D8YFTJ5D,Cwatcun D132 Camera Backpack  Black2  Large  Camera Backpack,1,8999.0,Shipment,AURAIYA,Shipment,8999.0,0.0,1,False,
2025-07-04,BOM7-755,SGOLED2,B0FDQL7DFH,yantralay Tempered Glass Screen Protector for Nintendo Switch 2  2025    Ultra Thin HD Clear Film Guard with Rounded Edges for 7 9 Inch Display  1 Pac,1,484.03,Shipment,AKOLA,Shipment,484.03,0.0,1,False,
2025-07-04,BOM7-754,PS2_BLACK,B0BL1CYSW6,yantralay Nylon Controller Gamepad Carry Case   Ultimate Protection Compatible for PS5 PS4 PS3 Switch Pro Xbox Joysticks Waterproof  Scratch Protectio,1,464.63,Shipment,MUMBAI,Shipment,464.63,0.0,1,False,
2025-07-04,PNQ3-347,PS2_BLUE,B0BL1H24P4,yantralay Controller Gamepad Carry Case   Ultimate Protection Compatible for PS5 PS4 PS3 Switch Pro Xbox Joysticks Waterproof  Scratch Protection  Dur,1,484.03,Shipment,GURUGRAM,Shipment,484.03,0.0,1,False,
2025-07-04,BOM5-728,PS1,B0BJBL1XBS,yantralay Polyester Dual Controller Hard Carry Case Compatible With Ps5 Ps4 Xbox Ipega Controllers   3 Layer Protection Travel Carry Case   Grey,1,877.85,Shipment,MUMBAI,Shipment,877.85,0.0,1,False,
2025-07-04,BOM7-756,SGOLED2,B0FDQL7DFH,yantralay Tempered Glass Screen Protector for Nintendo Switch 2  2025    Ultra Thin HD Clear Film Guard with Rounded Edges for 7 9 Inch Display  1 Pac,1,484.03,Shipment,NEW DELHI,Shipment,484.03,0.0,1,False,
2025-07-04,PNQ3-348,DR28_RC2COVER_MP,B0CL9TH14Q,STARTRC Mini 4 Pro Sun Hood for DJI RC 2 Controller 3 IN 1 Sunshade Joysticks Screen Protector for DJI Mini 4 Pro Air 3S Air 3 Accessories Anti Scratc,1,1703.32,Shipment,PUNE,Shipment,1703.32,0.0,1,False,
2025-07-04,BOM7-758,SGOLED2,B0FDQL7DFH,yantralay Tempered Glass Screen Protector for Nintendo Switch 2  2025    Ultra Thin HD Clear Film Guard with Rounded Edges for 7 9 Inch Display  1 Pac,1,484.03,Shipment,Kolhapur,Shipment,484.03,0.0,1,False,
2025-07-04,PNQ3-350,PS1,B0BJBL1XBS,nan,1,0.0,Cancel,BULDANA,Cancel,0.0,0.0,0,False,
2025-07-04,NAN,PS10_OLED_GREEN,B0BRY5L26G,nan,1,0.0,Cancel,MUMBAI,Cancel,0.0,0.0,0,False,
2025-07-04,BOM7-757,PS1,B0BJBL1XBS,yantralay Polyester Dual Controller Hard Carry Case Compatible With Ps5 Ps4 Xbox Ipega Controllers   3 Layer Protection Travel Carry Case   Grey,1,877.85,Shipment,RAJKOT,Shipment,877.85,0.0,1,False,
2025-07-04,BOM5-733,GP46-L_GP46-S_GP25_150CMS_TUYU,B0FCYMLQ95,yantralay Aluminium Dual Clamp Handlebar Mount Kit for Action Cameras   Invisible Selfie Stick Setup   Compatible with Insta 360 X5 X4  Go Pro 13 12 1,1,4649.07,Shipment,Gandhinagar,Shipment,4649.07,0.0,1,False,
2025-07-04,BOM7-759,MS_GP34,B0DG2LBC8V,yantralay Magnetic Neck Mount   2 in 1 Flexible Holder for Phones and Action Cameras   Adjustable Neck Strap  Secure Magnetic Magsaf Mounts  for Gopro,1,1939.03,Shipment,Ahmedabad,Shipment,1939.03,0.0,1,False,
2025-07-04,BOM7-760,PS10_OLED_GREEN,B0BRY5L26G,yantralay Carry Case Pouch Cover Compatible with Nintendo Switch OLED with Game Card Slots for Switch Switch OLED Accessories  Video Game   Green,1,597.52,Shipment,MUMBAI,Shipment,597.52,0.0,1,False,
2025-07-05,BOM5-734,CADEN_K1-GREENN,B06XHF1FNB,Caden Cross Bag Triangle Carry Case for DSLR Sony Canon Rebel Powershot  Nikon Coolpix Kodah Olympus Pentax Sony with 1 Camera 2 Lens Tripod Green,1,2999.0,Shipment,INDORE,Shipment,2999.0,0.0,1,False,
2025-07-05,PNQ3-351,GP47-S,B08RDGDZJG,Taisioner Super Clamp Mount Double Ball Head Adapter Compatible with GoPro AKASO DJI Action or DSLR Camera Accessories,1,1275.55,Shipment,Bengaluru,Shipment,1275.55,0.0,1,False,
2025-07-05,BOM7-763,GP170,B07T4317DM,Yantralay Extendable Monopod Tripod with Mobile Holder for Hero 13 12 11 10  DJI OSMO 3   4  Insta 360   Waterproof Action Camera Mount   Sturdy and D,1,716.83,Shipment,BENGALURU,Shipment,716.83,0.0,1,False,
2025-07-05,BOM7-761,GP250_TRIPOD,B0CN4N2R3Q,Yantralay Bullet Time Handle Universal   360  Rotating Tripod for Insta360 ONE X5 X4 X3 X2  ONE R RS   Perfect for Bullet Time Videos and Action Phot,1,1804.05,Shipment,HUKERI,Shipment,1804.05,0.0,1,False,
2025-07-03,IN-149,GP48-L,B0FDX3LQT2,Yantralay Suction Jaw Clamp Mount Bracket with Ball Head of 360 Degree Rotation for Insta 360 X5 X4 X3,1,1357.03,Shipment,BENGALURU,Shipment,1357.03,0.0,1,False,
2025-07-05,BOM7-762,SGOLED2,B0FDQL7DFH,yantralay Tempered Glass Screen Protector for Nintendo Switch 2  2025    Ultra Thin HD Clear Film Guard with Rounded Edges for 7 9 Inch Display  1 Pac,1,484.03,Shipment,JAIPUR,Shipment,484.03,0.0,1,False,
2025-07-03,BOM5-707,LM17,B0D455L1MN,yantralay Folding Fingers Replacement Magnet Adapter Mount with 1 4 Tripod Connector Port Compatible with Go Pro Hero 13 12 11 11 Mini 10 9 8   Hero M,1,-901.0,Refund,NAVI MUMBAI,Refund,-901.0,0.0,0,False,
2025-07-05,BOM7-765,GP47_NEW,B0DRYJZ6VH,Yantralay 360  Rotatable Camera Bike Mount Clamp Motorcycle Handlebar Pole Aluminium Mount for Insta360 X4 X3  Ace Pro Pro2  Hero13 12 11 10 9 For Os,1,1308.53,Shipment,HUNGUND,Shipment,1308.53,0.0,1,False,
2025-07-05,BOM5-735,GP10_RS4MINI_STARTRC,B0DZZFNDHP,yantralay Portable Carrying Storage Case for DJ I Ronin RS4Mini Gimbal EVA Handbag Travel Handheld Shoulder Bag  RS4MINI,1,2552.07,Shipment,SURAT,Shipment,2552.07,0.0,1,False,
2025-07-05,BOM7-764,PS5_VERTICALSTAND,B0DGTZGCNQ,yantralay 2 in 1 Vertical Stand for PS 5   PS 5 Slim Consoles Non Slip Base Mount for PS 5 Accessories  for PS5   PS5 Slim Digital   Disc Version,1,872.03,Shipment,Gurugram,Shipment,872.03,0.0,1,False,
2025-07-05,BOM5-736,GP49,B0D456N4QM,yantralay Motorcycle Bike Bicycle Handlebar Mount Clamps with 1 4  Screw Compatible 8 35mm for Gopro Hero 13 12 11 10 9 Max Insta360 ONE X5 X4 X3  ONE,1,873.97,Shipment,KALYAN,Shipment,873.97,0.0,1,False,
2025-07-05,PNQ3-353,PS2_BLACK,B0BL1CYSW6,yantralay Nylon Controller Gamepad Carry Case   Ultimate Protection Compatible for PS5 PS4 PS3 Switch Pro Xbox Joysticks Waterproof  Scratch Protectio,1,464.63,Shipment,CUTTACK,Shipment,464.63,0.0,1,False,
2025-07-06,BOM5-739,PS1,B0BJBL1XBS,yantralay Polyester Dual Controller Hard Carry Case Compatible With Ps5 Ps4 Xbox Ipega Controllers   3 Layer Protection Travel Carry Case   Grey,1,877.85,Shipment,VADODARA,Shipment,877.85,0.0,1,False,
2025-07-05,BOM7-769,GP47_NEW,B0DRYJZ6VH,Yantralay 360  Rotatable Camera Bike Mount Clamp Motorcycle Handlebar Pole Aluminium Mount for Insta360 X4 X3  Ace Pro Pro2  Hero13 12 11 10 9 For Os,1,1308.53,Shipment,BENGALURU,Shipment,1308.53,0.0,1,False,
2025-07-05,BOM5-737,GP47_NEW,B0DRYJZ6VH,Yantralay 360  Rotatable Camera Bike Mount Clamp Motorcycle Handlebar Pole Aluminium Mount for Insta360 X4 X3  Ace Pro Pro2  Hero13 12 11 10 9 For Os,1,1308.53,Shipment,muppvaram,Shipment,1308.53,0.0,1,False,
2025-07-05,BOM7-768,GP28COMBO1_H13,B0DHYCQR66,Yantralay Silicone Lanyard Sleeve Protective Cover   6PCS Tempered Glass Screen Guard with Silicone Lens Cover Compatible with GoPro Hero 9 Black Acti,1,626.62,Shipment,PUNE,Shipment,626.62,0.0,1,False,
2025-07-05,BOM5-738,PS2_BLACK,B0BL1CYSW6,yantralay Nylon Controller Gamepad Carry Case   Ultimate Protection Compatible for PS5 PS4 PS3 Switch Pro Xbox Joysticks Waterproof  Scratch Protectio,1,464.63,Shipment,MUMBAI,Shipment,464.63,0.0,1,False,
2025-07-05,BOM7-767,GP12,B0D7BZ38X8,yantralay Aluminium Car Suction Mount 360  Rotatable for Insta 360 X4 X3 X2  Ace Pro ONE R RS  Hero 13 12 11 10 9 8 7  DJI Osmo Action Series   All O,1,1252.27,Shipment,Coonoor taluk,Shipment,1252.27,0.0,1,False,
2025-07-05,BOM7-766,GP46-L,B0F91GCRP4,yantralay Double Clamp Mount Bracket with 1 4  Ball Head for Go Pro 13 12 11  Insta 360 X5 X4 X3 Handlebar  Motorcycle  Bicycle  Selfie Stick  Studio,1,1795.47,Shipment,Mumbai,Shipment,1795.47,0.0,1,False,
2025-07-05,PNQ3-354,PS10_OLED_GREEN,B0BRY5L26G,nan,1,0.0,Cancel,Pune,Cancel,0.0,0.0,0,False,
2025-07-06,BOM5-740,PS10_OLED_GREEN,B0BRY5L26G,yantralay Carry Case Pouch Cover Compatible with Nintendo Switch OLED with Game Card Slots for Switch Switch OLED Accessories  Video Game   Green,1,597.52,Shipment,INDORE,Shipment,597.52,0.0,1,False,
2025-07-06,BOM7-776,SGOLED2,B0FDQL7DFH,yantralay Tempered Glass Screen Protector for Nintendo Switch 2  2025    Ultra Thin HD Clear Film Guard with Rounded Edges for 7 9 Inch Display  1 Pac,1,484.03,Shipment,CHENNAI,Shipment,484.03,0.0,1,False,
2025-07-06,BOM7-774,SGOLED2,B0FDQL7DFH,yantralay Tempered Glass Screen Protector for Nintendo Switch 2  2025    Ultra Thin HD Clear Film Guard with Rounded Edges for 7 9 Inch Display  1 Pac,1,484.03,Shipment,NEW DELHI,Shipment,484.03,0.0,1,False,
2025-07-06,BOM7-773,SGOLED2_2,B0FF1NL54Q,yantralay Tempered Glass Screen Protector for Nintendo Switch 2  2025    Ultra Thin HD Clear Film Guard with Rounded Edges for 7 9 Inch Display  2 Pac,1,775.03,Shipment,GURUGRAM,Shipment,775.03,0.0,1,False,
2025-07-05,PNQ3-352,GP10_RS4_STARTRC,B0DB1TQPH3,yantralay Portable Carrying Storage Case for DJ I Ronin RS4   RS4 Pro Gimbal EVA Handbag Travel Handheld Shoulder Bag  Grey,1,2624.82,Shipment,PUNE,Shipment,2624.82,0.0,1,False,
2025-07-06,BOM5-743,GP47_NEW,B0DRYJZ6VH,Yantralay 360  Rotatable Camera Bike Mount Clamp Motorcycle Handlebar Pole Aluminium Mount for Insta360 X4 X3  Ace Pro Pro2  Hero13 12 11 10 9 For Os,1,1308.53,Shipment,MUMBAI,Shipment,1308.53,0.0,1,False,
2025-07-06,BOM5-745,GP47-L_TLS,B0DJ9S3SY7,yantralay x Telesin Camera Clamp Mount   360  Ball Joint Handlebar Holder for Go Pro Hero 13 12 11 10 9  Insta360 X4 X3 X2  ONE R RS  DJI Osmo Action,1,1842.03,Shipment,GHAZIABAD,Shipment,1842.03,0.0,1,False,
2025-07-06,PNQ3-355,DA31,B0CGDMJ882,Yantralay DSLR Battery Pouch   Portable Waterproof Bag for lp e6 e8 e10 e12 en el14 el15 fw50 f550 Batteries   Convenient Access Design   Compact and,1,484.03,Shipment,BENGALURU,Shipment,484.03,0.0,1,False,
2025-07-06,BOM5-744,ACFRAMEOP3_STARTRCN,B0CR1C9243,STARTRC OSMO Pocket 3 360  Rotation Backpack Clip Mount Shoulder Strap Accessories for DJI Pocket 3 OSMO Pocket 3 Action Cameras,1,0.0,FreeReplacement,THANE,FreeReplacement,0.0,0.0,0,True,
2025-07-06,BOM7-778,GP47_NEW,B0DRYJZ6VH,Yantralay 360  Rotatable Camera Bike Mount Clamp Motorcycle Handlebar Pole Aluminium Mount for Insta360 X4 X3  Ace Pro Pro2  Hero13 12 11 10 9 For Os,1,1308.53,Shipment,Navi Mumbai,Shipment,1308.53,0.0,1,False,
2025-07-06,BOM7-779,GP47_NEW,B0DRYJZ6VH,Yantralay 360  Rotatable Camera Bike Mount Clamp Motorcycle Handlebar Pole Aluminium Mount for Insta360 X4 X3  Ace Pro Pro2  Hero13 12 11 10 9 For Os,1,1308.53,Shipment,MUMBAI,Shipment,1308.53,0.0,1,False,
2025-07-06,BOM7-777,SGOLED2,B0FDQL7DFH,yantralay Tempered Glass Screen Protector for Nintendo Switch 2  2025    Ultra Thin HD Clear Film Guard with Rounded Edges for 7 9 Inch Display  1 Pac,1,484.03,Shipment,BENGALURU,Shipment,484.03,0.0,1,False,
2025-07-06,BOM5-742,DA31,B0CGDMJ882,Yantralay DSLR Battery Pouch   Portable Waterproof Bag for lp e6 e8 e10 e12 en el14 el15 fw50 f550 Batteries   Convenient Access Design   Compact and,1,484.03,Shipment,MUMBAI,Shipment,484.03,0.0,1,False,
2025-07-06,BOM7-771,ACCASEONEX5,B0FF2D12YN,Yantralay Invisible Magnetic Dive Case for Insta360 X5   60M Waterproof Underwater Housing for Deep Sea   Snorkeling Shots,1,5819.03,Shipment,NASHIK,Shipment,5819.03,0.0,1,False,
2025-07-06,BOM5-741,ACCASEONEX4,B0DZZC8YJV,Yantralay Invisible Dive Case for Insta360 X4   Waterproof Diving Housing Cover  Protective PC Sealed Shell with Bracket for Underwater Photography,1,5484.38,Shipment,MUMBAI,Shipment,5484.38,0.0,1,False,
2025-07-06,BOM5-747,PS2_BLACK,B0BL1CYSW6,yantralay Nylon Controller Gamepad Carry Case   Ultimate Protection Compatible for PS5 PS4 PS3 Switch Pro Xbox Joysticks Waterproof  Scratch Protectio,1,464.63,Shipment,PUNE,Shipment,464.63,0.0,1,False,
2025-07-06,BOM7-780,LGONEX4,B0F7RT4HGJ,yantralay 2Pcs Lens Guard for Insta 360 X4   Scratch Resistant Protective Lens Cover   High Transparency Optical Coated Cap   Insta 360 X4 Camera Acce,1,755.63,Shipment,UDAIPUR,Shipment,755.63,0.0,1,False,
2025-07-06,BOM5-748,PS1,B0BJBL1XBS,yantralay Polyester Dual Controller Hard Carry Case Compatible With Ps5 Ps4 Xbox Ipega Controllers   3 Layer Protection Travel Carry Case   Grey,1,877.85,Shipment,KALYAN,Shipment,877.85,0.0,1,False,
2025-07-07,BOM7-782,GP46-S,B0F91G6H93,yantralay Double Clamp Mount Bracket with 1 4  Ball Head for GoPro  Insta 360 X2 X3  Action Cameras   Handlebar  Motorcycle  Bicycle  Selfie Stick  St,1,1606.32,Shipment,Dombivli  East,Shipment,1606.32,0.0,1,False,
2025-07-06,BOM7-781,SGOLED2,B0FDQL7DFH,yantralay Tempered Glass Screen Protector for Nintendo Switch 2  2025    Ultra Thin HD Clear Film Guard with Rounded Edges for 7 9 Inch Display  1 Pac,1,484.03,Shipment,MUMBAI,Shipment,484.03,0.0,1,False,
2025-07-06,BOM5-746,GP46-L,B0F91GCRP4,yantralay Double Clamp Mount Bracket with 1 4  Ball Head for Go Pro 13 12 11  Insta 360 X5 X4 X3 Handlebar  Motorcycle  Bicycle  Selfie Stick  Studio,1,1795.47,Shipment,MUMBAI,Shipment,1795.47,0.0,1,False,
2025-07-06,IN-150,PS10_OLED_MARIORED_NEW,B0FD7NX5MP,yantralay MarioCarry Case for Nintendo Switch OLED   Protective Hard Shell with Game Card Slots and Dual Zipper Design Dustproof  Scratch Resistant Tr,1,969.03,Shipment,Mumbai,Shipment,969.03,0.0,1,False,
2025-07-07,BOM7-787,GP47_NEW,B0DRYJZ6VH,Yantralay 360  Rotatable Camera Bike Mount Clamp Motorcycle Handlebar Pole Aluminium Mount for Insta360 X4 X3  Ace Pro Pro2  Hero13 12 11 10 9 For Os,1,1387.53,Shipment,MUMBAI,Shipment,1387.53,0.0,1,False,
2025-07-07,BOM7-783,GP47_NEW,B0DRYJZ6VH,Yantralay 360  Rotatable Camera Bike Mount Clamp Motorcycle Handlebar Pole Aluminium Mount for Insta360 X4 X3  Ace Pro Pro2  Hero13 12 11 10 9 For Os,1,1308.53,Shipment,MUMBAI,Shipment,1308.53,0.0,1,False,
2025-07-06,BOM7-775,SGOLED2,B0FDQL7DFH,yantralay Tempered Glass Screen Protector for Nintendo Switch 2  2025    Ultra Thin HD Clear Film Guard with Rounded Edges for 7 9 Inch Display  1 Pac,1,484.03,Shipment,SECUNDERABAD,Shipment,484.03,0.0,1,False,
2025-07-07,BOM5-750,LGONEX4,B0F7RT4HGJ,yantralay 2Pcs Lens Guard for Insta 360 X4   Scratch Resistant Protective Lens Cover   High Transparency Optical Coated Cap   Insta 360 X4 Camera Acce,1,0.0,FreeReplacement,BENGALURU,FreeReplacement,0.0,0.0,0,True,
2025-07-07,BOM7-788,SGOLED2_2,B0FF1NL54Q,yantralay Tempered Glass Screen Protector for Nintendo Switch 2  2025    Ultra Thin HD Clear Film Guard with Rounded Edges for 7 9 Inch Display  2 Pac,1,775.03,Shipment,BENGALURU,Shipment,775.03,0.0,1,False,
2025-07-07,BOM5-749,ACCASEOA3,B0DDL1THJN,Yantralay Waterproof Housing Diving Case Compatible for DJI Osmo Action 5 Pro 4 3 Camera Accessories,1,1551.03,Shipment,SURAT,Shipment,1551.03,0.0,1,False,
2025-07-07,BOM5-751,IN1_AL,B0D4536M61,yantralay 4 in 1 Motorcycle Mount Bundle with Unicorn Helmet Extension Arm Adhesive Kit Compatible for Insta360 One X4 X3 X2  ONE R RS  Hero 13 12 11,1,1927.39,Shipment,PATNA,Shipment,1927.39,0.0,1,False,
2025-07-07,BOM7-786,GP47_NEW,B0DRYJZ6VH,Yantralay 360  Rotatable Camera Bike Mount Clamp Motorcycle Handlebar Pole Aluminium Mount for Insta360 X4 X3  Ace Pro Pro2  Hero13 12 11 10 9 For Os,1,1308.53,Shipment,THANE,Shipment,1308.53,0.0,1,False,
2025-07-07,BOM7-793,PS1,B0BJBL1XBS,yantralay Polyester Dual Controller Hard Carry Case Compatible With Ps5 Ps4 Xbox Ipega Controllers   3 Layer Protection Travel Carry Case   Grey,1,877.85,Shipment,INDORE,Shipment,877.85,0.0,1,False,
2025-07-07,BOM7-789,GP47_NEW,B0DRYJZ6VH,Yantralay 360  Rotatable Camera Bike Mount Clamp Motorcycle Handlebar Pole Aluminium Mount for Insta360 X4 X3  Ace Pro Pro2  Hero13 12 11 10 9 For Os,1,1308.53,Shipment,NAVI MUMBAI,Shipment,1308.53,0.0,1,False,
2025-07-07,BOM7-794,GP47_NEW,B0DRYJZ6VH,Yantralay 360  Rotatable Camera Bike Mount Clamp Motorcycle Handlebar Pole Aluminium Mount for Insta360 X4 X3  Ace Pro Pro2  Hero13 12 11 10 9 For Os,1,1308.53,Shipment,BENGALURU,Shipment,1308.53,0.0,1,False,
2025-07-07,BOM7-784,GP46-L,B0F91GCRP4,yantralay Double Clamp Mount Bracket with 1 4  Ball Head for Go Pro 13 12 11  Insta 360 X5 X4 X3 Handlebar  Motorcycle  Bicycle  Selfie Stick  Studio,1,0.0,FreeReplacement,Mumbai,FreeReplacement,0.0,0.0,0,True,
2025-07-07,BOM7-785,GP10_ONEX4_STARTRC,B0DDXP86FQ,yantralay x Startr c Carrying Case for Insta 360 X4 X5  Portable PU Storage Protective Bag Travel Case for Insta 360 X4 X5 Accessories with Large Capa,1,1587.89,Shipment,Mumbai,Shipment,1587.89,0.0,1,False,
2025-07-07,PNQ3-356,GP49,B0D456N4QM,yantralay Motorcycle Bike Bicycle Handlebar Mount Clamps with 1 4  Screw Compatible 8 35mm for Gopro Hero 13 12 11 10 9 Max Insta360 ONE X5 X4 X3  ONE,1,901.0,Shipment,VASAI WEST,Shipment,901.0,0.0,1,False,
2025-07-07,BOM5-755,PS10_PS5PORTALCOMBO,B0DF2Z2X1Q,yantralay 6 in 1 Hard Carrying Case with Protective Cover for Play Station 5 Portal  Non Slip Soft Case Cover   Screen Protectors   Thumb Grips for PS,1,2149.0,Shipment,MUMBAI,Shipment,2149.0,0.0,1,False,
2025-07-07,BOM5-753,DA35,B0F9FM9XHJ,Yantralay Professional 360  Rotating Metal Tripod Ball Head   Quick Release Plate with Bubble Level   8kg Load Capacity   1 4  Screw for DSLR  Camera,1,1843.0,Shipment,MUMBAI,Shipment,1843.0,0.0,1,False,
2025-07-07,BOM5-754,PS10_PS5PORTALCOMBO,B0DF2Z2X1Q,yantralay 6 in 1 Hard Carrying Case with Protective Cover for Play Station 5 Portal  Non Slip Soft Case Cover   Screen Protectors   Thumb Grips for PS,1,2007.9,Shipment,MUMBAI,Shipment,2007.9,0.0,1,False,
2025-07-07,BOM7-792,GP46-L,B0F91GCRP4,yantralay Double Clamp Mount Bracket with 1 4  Ball Head for Go Pro 13 12 11  Insta 360 X5 X4 X3 Handlebar  Motorcycle  Bicycle  Selfie Stick  Studio,1,1795.47,Shipment,THANE,Shipment,1795.47,0.0,1,False,
2025-07-07,BOM5-752,GP47_NEW,B0DRYJZ6VH,Yantralay 360  Rotatable Camera Bike Mount Clamp Motorcycle Handlebar Pole Aluminium Mount for Insta360 X4 X3  Ace Pro Pro2  Hero13 12 11 10 9 For Os,2,2509.14,Shipment,CHAKAN,Shipment,2509.14,0.0,2,False,
2025-07-07,BOM5-758,GP47_NEW,B0DRYJZ6VH,Yantralay 360  Rotatable Camera Bike Mount Clamp Motorcycle Handlebar Pole Aluminium Mount for Insta360 X4 X3  Ace Pro Pro2  Hero13 12 11 10 9 For Os,1,1349.0,Shipment,MUMBAI,Shipment,1349.0,0.0,1,False,
2025-07-07,BOM7-795,PS10_OLEDCOMBO_GREEN,B0DJFLRGQF,yantralay 4 in 1 Carrying Case Pouch with Protective Cover for Nintendo Switch OLED  Non Slip Soft Case Cover  Screen Protectors   Thumb Grips for Swi,1,1104.83,Shipment,Pune,Shipment,1104.83,0.0,1,False,
2025-07-07,BOM7-798,PS2_WHITE,B0C46XWQRT,yantralay Controller Gamepad Carry Case   Ultimate Protection Compatible for PS5 PS4 PS3 Switch Pro Xbox Joysticks Waterproof  Scratch Protection  Dur,1,549.0,Shipment,mumbai,Shipment,549.0,0.0,1,False,
2025-07-07,BOM7-800,GP10_ONEX4_STARTRC,B0DDXP86FQ,yantralay x Startr c Carrying Case for Insta 360 X4 X5  Portable PU Storage Protective Bag Travel Case for Insta 360 X4 X5 Accessories with Large Capa,1,1637.0,Shipment,MUMBAI,Shipment,1637.0,0.0,1,False,
2025-07-07,BOM5-757,GP47-LN,B0F91S2PFT,Yantralay Action Camera Handlebar Mount with 360  Dual Ball Head   Super Clamp for Go Pro  Insta 360  Mobile  Bike  Motorcycle   Universal Quick Rele,1,1842.03,Shipment,INDORE,Shipment,1842.03,0.0,1,False,
2025-07-07,PNQ3-357,PS1,B0BJBL1XBS,yantralay Polyester Dual Controller Hard Carry Case Compatible With Ps5 Ps4 Xbox Ipega Controllers   3 Layer Protection Travel Carry Case   Grey,1,905.0,Shipment,BULDANA,Shipment,905.0,0.0,1,False,
2025-07-07,BOM7-797,TIMESGATE_DIVOOMN,B0CG1PXHRQ,Divoom Times Gate   Cyberpunk Gaming Setup Digital Clock with Smart APP Control  WiFi Connect  RGB LED Display  Personalized Dashboard  Pixel Art for,1,18499.0,Shipment,SURAT,Shipment,18499.0,0.0,1,False,
2025-07-02,BOM7-737,GP12,B0D7BZ38X8,yantralay Aluminium Car Suction Mount 360  Rotatable for Insta 360 X4 X3 X2  Ace Pro ONE R RS  Hero 13 12 11 10 9 8 7  DJI Osmo Action Series   All O,2,-2582.0,Refund,CHENNAI,Refund,-2582.0,0.0,0,False,
2025-07-07,BOM7-790,ND_OP3-6_STARTRCN,B0CLTTKV97,STARTRAC Magnetic ND   CPL Filters Set for DJI Osmo Pocket 3 Creator Combo   6 Pack CPL  ND 8  16  32  64  256  Ultra Slim Aluminum Frame,1,3782.03,Shipment,HASSAN,Shipment,3782.03,0.0,1,False,
2025-07-07,BOM7-796,GP47_NEW,B0DRYJZ6VH,Yantralay 360  Rotatable Camera Bike Mount Clamp Motorcycle Handlebar Pole Aluminium Mount for Insta360 X4 X3  Ace Pro Pro2  Hero13 12 11 10 9 For Os,1,1308.53,Shipment,Anand,Shipment,1308.53,0.0,1,False,
2025-07-07,BOM5-756,GP28COMBO1_H13,B0DHYCQR66,Yantralay Silicone Lanyard Sleeve Protective Cover   6PCS Tempered Glass Screen Guard with Silicone Lens Cover Compatible with GoPro Hero 9 Black Acti,1,626.62,Shipment,SANGAMNER,Shipment,626.62,0.0,1,False,
2025-07-01,BOM7-734,GP10_OM7P_STARTRC,B0F2J6Z8WT,yantralay Osmo Mobile 7P Case Portable PU Shoulder Bag for DJI OM 7 Pro 7 Gimbal Stabilizer Travel Case for DJI Osmo Mobile 7 7P,1,-1299.0,Refund,HALOL,Refund,-1299.0,0.0,0,False,
2025-07-07,BOM7-799,GP47_NEW,B0DRYJZ6VH,Yantralay 360  Rotatable Camera Bike Mount Clamp Motorcycle Handlebar Pole Aluminium Mount for Insta360 X4 X3  Ace Pro Pro2  Hero13 12 11 10 9 For Os,1,1308.53,Shipment,Mumbai,Shipment,1308.53,0.0,1,False,
2025-07-07,BOM7-791,SGOLED2,B0FDQL7DFH,yantralay Tempered Glass Screen Protector for Nintendo Switch 2  2025    Ultra Thin HD Clear Film Guard with Rounded Edges for 7 9 Inch Display  1 Pac,1,484.03,Shipment,AIZAWL,Shipment,484.03,0.0,1,False,
2025-07-08,BOM7-804,GP47_NEW,B0DRYJZ6VH,Yantralay 360  Rotatable Camera Bike Mount Clamp Motorcycle Handlebar Pole Aluminium Mount for Insta360 X4 X3  Ace Pro Pro2  Hero13 12 11 10 9 For Os,1,1349.0,Shipment,KUSHALANAGARA,Shipment,1349.0,0.0,1,False,
2025-07-08,BOM7-801,GP47_NEW,B0DRYJZ6VH,Yantralay 360  Rotatable Camera Bike Mount Clamp Motorcycle Handlebar Pole Aluminium Mount for Insta360 X4 X3  Ace Pro Pro2  Hero13 12 11 10 9 For Os,1,1349.0,Shipment,PUNE,Shipment,1349.0,0.0,1,False,
2025-07-06,IN-151,GP48-L,B0FDX3LQT2,Yantralay Suction Jaw Clamp Mount Bracket with Ball Head of 360 Degree Rotation for Insta 360 X5 X4 X3,1,1357.03,Shipment,NEW DELHI,Shipment,1357.03,0.0,1,False,
2025-07-07,BOM5-759,ULANZI_MT-58,B0CNT53V16,Yantralay MT 58 Invisible Monopod for Insta 360 Camera Compatible with ONEX3 X2  ONE R ONER RS Insta Go3 Go2   All Other Insta   Action Cameras  MT 58,1,1657.73,Shipment,GURUGRAM,Shipment,1657.73,0.0,1,False,
2025-07-08,BOM5-761,PS10_PS5PORTALCOMBO,B0DF2Z2X1Q,yantralay 6 in 1 Hard Carrying Case with Protective Cover for Play Station 5 Portal  Non Slip Soft Case Cover   Screen Protectors   Thumb Grips for PS,1,2070.0,Shipment,PORVORIM,Shipment,2070.0,0.0,1,False,
2025-07-03,PNQ3-345,ND_AIR3_STARTRCN,B0CCV1PBY6,STARTRC ND Filters Set for DJI Air 3 Accessories 4Pack Filters  ND8  ND16  ND32  ND64   Aluminum Version,1,-4679.0,Refund,KOLKATA,Refund,-4679.0,0.0,0,False,
2025-07-08,BOM7-810,ACCHARGERGP5_3,B08LYVPLR9,nan,1,0.0,Cancel,PUNE,Cancel,0.0,0.0,0,False,
2025-07-08,BOM7-805,SGOLED2,B0FDQL7DFH,yantralay Tempered Glass Screen Protector for Nintendo Switch 2  2025    Ultra Thin HD Clear Film Guard with Rounded Edges for 7 9 Inch Display  1 Pac,1,499.0,Shipment,MUMBAI,Shipment,499.0,0.0,1,False,
2025-07-08,BOM7-809,GP10_OA3,B0DMSYR199,yantralay Carrying Case for DJ I Os mo Action 5 Pro Action 4  Action 3 Cameras  Storage Bag Case with Shoulder Strap  DJ I Osm o Action Camera Accesso,1,1357.03,Shipment,GHAZIABAD,Shipment,1357.03,0.0,1,False,
2025-07-08,BOM5-760,GP12,B0D7BZ38X8,yantralay Aluminium Car Suction Mount 360  Rotatable for Insta 360 X4 X3 X2  Ace Pro ONE R RS  Hero 13 12 11 10 9 8 7  DJI Osmo Action Series   All O,1,1291.0,Shipment,THANE,Shipment,1291.0,0.0,1,False,
2025-07-08,BOM7-807,PS2_WHITE,B0C46XWQRT,nan,1,0.0,Cancel,New Delhi,Cancel,0.0,0.0,0,False,
2025-07-08,BOM7-806,SGOLED2,B0FDQL7DFH,yantralay Tempered Glass Screen Protector for Nintendo Switch 2  2025    Ultra Thin HD Clear Film Guard with Rounded Edges for 7 9 Inch Display  1 Pac,1,499.0,Shipment,AKOLA,Shipment,499.0,0.0,1,False,
2025-07-08,BOM5-762,GP170,B07T4317DM,Yantralay Extendable Monopod Tripod with Mobile Holder for Hero 13 12 11 10  DJI OSMO 3   4  Insta 360   Waterproof Action Camera Mount   Sturdy and D,1,739.0,Shipment,THANE,Shipment,739.0,0.0,1,False,
2025-07-08,BOM7-811,ACCHARGERGP5_3,B08LYVPLR9,Yantralay 3 Channel AHDBT 501 Battery Charger for Hero 5 6 7   8 Black Action Camera   USB Cable Included   Fast Charging Dock,1,823.0,Shipment,PUNE,Shipment,823.0,0.0,1,False,
2025-07-08,BOM7-813,PS2_WHITE,B0C46XWQRT,yantralay Controller Gamepad Carry Case   Ultimate Protection Compatible for PS5 PS4 PS3 Switch Pro Xbox Joysticks Waterproof  Scratch Protection  Dur,1,549.0,Shipment,New Delhi,Shipment,549.0,0.0,1,False,
2025-07-08,BOM7-808,SGOLED2,B0FDQL7DFH,yantralay Tempered Glass Screen Protector for Nintendo Switch 2  2025    Ultra Thin HD Clear Film Guard with Rounded Edges for 7 9 Inch Display  1 Pac,1,499.0,Shipment,PUNE,Shipment,499.0,0.0,1,False,
2025-07-08,BOM7-812,ACCASEONEX5,B0FF2D12YN,Yantralay Invisible Magnetic Dive Case for Insta360 X5   60M Waterproof Underwater Housing for Deep Sea   Snorkeling Shots,1,5999.0,Shipment,PUNE,Shipment,5999.0,0.0,1,False,
2025-07-08,BOM7-814,GP29L,B08RXBFBG9,yantralay Windshield Car Suction Cup Mount for Hero 10 9 8  SJCAM  Osmo Action 3   4  Insta 360   Flexible  Multi Angle Adjustable   Mount for Smartph,1,597.0,Shipment,MUMBAI,Shipment,597.0,0.0,1,False,
2025-07-08,BOM7-817,PS5_VERTICALSTAND,B0DGTZGCNQ,yantralay 2 in 1 Vertical Stand for PS 5   PS 5 Slim Consoles Non Slip Base Mount for PS 5 Accessories  for PS5   PS5 Slim Digital   Disc Version,1,899.0,Shipment,Mumbai,Shipment,899.0,0.0,1,False,
2025-07-08,BOM5-764,ND_AVATA2_STARTRC,B0DX7CQYH1,Yantralay x Start rc 4 Pack ND8 ND16 ND32 ND64 Filter Compatible with DJI Avata 2  Neutral Density Camera Lens ND Filter,1,3399.0,Shipment,NAVI MUMBAI,Shipment,3399.0,0.0,1,False,
2025-07-09,BOM5-767,ND_DJIFLIP_STARTRCN,B0DT1CVV7L,nan,1,0.0,Cancel,NEW DELHI,Cancel,0.0,0.0,0,False,
2025-07-08,BOM7-816,SGOLED2,B0FDQL7DFH,yantralay Tempered Glass Screen Protector for Nintendo Switch 2  2025    Ultra Thin HD Clear Film Guard with Rounded Edges for 7 9 Inch Display  1 Pac,1,499.0,Shipment,CHENNAI,Shipment,499.0,0.0,1,False,
2025-07-08,BOM5-765,ULANZI_MT-58,B0CNT53V16,Yantralay MT 58 Invisible Monopod for Insta 360 Camera Compatible with ONEX3 X2  ONE R ONER RS Insta Go3 Go2   All Other Insta   Action Cameras  MT 58,1,1709.0,Shipment,KRISHNAGIRI,Shipment,1709.0,0.0,1,False,
2025-07-08,BOM5-763,GP28COMBO1_H13,B0DHYCQR66,Yantralay Silicone Lanyard Sleeve Protective Cover   6PCS Tempered Glass Screen Guard with Silicone Lens Cover Compatible with GoPro Hero 9 Black Acti,1,626.62,Shipment,MUMBAI,Shipment,626.62,0.0,1,False,
2025-07-09,BOM7-821,GP10_OM6_STARTRC,B0C55JFPKR,yantralay Waterproof Storage Case for DJI Osmo Mobile 6 with Ultimate Protection for Gimbal  Tripod  Phone Clamp  and Accessories   Includes Shoulder,1,1299.0,Shipment,BHOPAL,Shipment,1299.0,0.0,1,False,
2025-07-09,BOM7-819,GP47_NEW,B0DRYJZ6VH,Yantralay 360  Rotatable Camera Bike Mount Clamp Motorcycle Handlebar Pole Aluminium Mount for Insta360 X4 X3  Ace Pro Pro2  Hero13 12 11 10 9 For Os,1,1349.0,Shipment,AHMEDABAD,Shipment,1349.0,0.0,1,False,
2025-07-09,PNQ3-359,GP12,B0D7BZ38X8,yantralay Aluminium Car Suction Mount 360  Rotatable for Insta 360 X4 X3 X2  Ace Pro ONE R RS  Hero 13 12 11 10 9 8 7  DJI Osmo Action Series   All O,1,1291.0,Shipment,CHENNAI,Shipment,1291.0,0.0,1,False,
2025-07-09,BOM7-820,GP47_NEW,B0DRYJZ6VH,Yantralay 360  Rotatable Camera Bike Mount Clamp Motorcycle Handlebar Pole Aluminium Mount for Insta360 X4 X3  Ace Pro Pro2  Hero13 12 11 10 9 For Os,1,1349.0,Shipment,KAMPTEE,Shipment,1349.0,0.0,1,False,
2025-07-08,BOM7-803,ACCASEYTG9,B08NF6HMG6,yantralay YT G9 Vlogging Case with Dual Cold Shoe Mount for Hero 12 11 10 9  Removable 52mm Filter Ring  All in One Kit with Case Door  Lens Protector,1,1044.0,Shipment,BENGALURU,Shipment,1044.0,0.0,1,False,
2025-07-09,BOM5-768,IN_MICMOUNT_X4,B0DZJQ8F1R,yantralay External Microphone Aluminium Mount Compatible with Insta 360 X4 X3 X2  Insta 360 Camera Accessories,1,1471.0,Shipment,NASHIK,Shipment,1471.0,0.0,1,False,
2025-07-09,BOM5-769,PS10_OLEDCOMBO_GREEN,B0DJFLRGQF,yantralay 4 in 1 Carrying Case Pouch with Protective Cover for Nintendo Switch OLED  Non Slip Soft Case Cover  Screen Protectors   Thumb Grips for Swi,1,1139.0,Shipment,SURAT,Shipment,1139.0,0.0,1,False,
2025-07-09,BOM5-770,ACCASEONEX4,B0DZZC8YJV,Yantralay Invisible Dive Case for Insta360 X4   Waterproof Diving Housing Cover  Protective PC Sealed Shell with Bracket for Underwater Photography,1,5654.0,Shipment,THANE,Shipment,5654.0,0.0,1,False,
2025-07-09,PNQ3-358,GP49,B0D456N4QM,yantralay Motorcycle Bike Bicycle Handlebar Mount Clamps with 1 4  Screw Compatible 8 35mm for Gopro Hero 13 12 11 10 9 Max Insta360 ONE X5 X4 X3  ONE,1,901.0,Shipment,PUNE,Shipment,901.0,0.0,1,False,
2025-07-07,PNQ3-357,PS1,B0BJBL1XBS,yantralay Polyester Dual Controller Hard Carry Case Compatible With Ps5 Ps4 Xbox Ipega Controllers   3 Layer Protection Travel Carry Case   Grey,1,-905.0,Refund,BULDANA,Refund,-905.0,0.0,0,False,
2025-07-09,BOM7-822,GP28COMBO1_H13,B0DHYCQR66,Yantralay Silicone Lanyard Sleeve Protective Cover   6PCS Tempered Glass Screen Guard with Silicone Lens Cover Compatible with GoPro Hero 9 Black Acti,1,646.0,Shipment,PUNE,Shipment,646.0,0.0,1,False,
2025-07-09,BOM5-772,GP29L,B08RXBFBG9,yantralay Windshield Car Suction Cup Mount for Hero 10 9 8  SJCAM  Osmo Action 3   4  Insta 360   Flexible  Multi Angle Adjustable   Mount for Smartph,1,597.0,Shipment,NOIDA,Shipment,597.0,0.0,1,False,
2025-07-08,BOM7-815,GP12,B0D7BZ38X8,yantralay Aluminium Car Suction Mount 360  Rotatable for Insta 360 X4 X3 X2  Ace Pro ONE R RS  Hero 13 12 11 10 9 8 7  DJI Osmo Action Series   All O,1,1291.0,Shipment,BHUBANESWAR,Shipment,1291.0,0.0,1,False,
2025-07-09,BOM7-824,GP47_NEW,B0DRYJZ6VH,Yantralay 360  Rotatable Camera Bike Mount Clamp Motorcycle Handlebar Pole Aluminium Mount for Insta360 X4 X3  Ace Pro Pro2  Hero13 12 11 10 9 For Os,1,1349.0,Shipment,MUMBAI,Shipment,1349.0,0.0,1,False,
2025-07-09,PNQ3-360,PS5_VERTICALSTAND,B0DGTZGCNQ,yantralay 2 in 1 Vertical Stand for PS 5   PS 5 Slim Consoles Non Slip Base Mount for PS 5 Accessories  for PS5   PS5 Slim Digital   Disc Version,1,899.0,Shipment,MUZAFFARNAGAR,Shipment,899.0,0.0,1,False,
2025-07-09,BOM5-771,GP46-M,B0F91GXT2N,yantralay Double Clamp Mount Bracket with 1 4  Ball Head for GoPro  Insta 360 X2 X3  Action Cameras   Handlebar  Motorcycle  Bicycle  Selfie Stick  St,1,1754.0,Shipment,NEW DELHI,Shipment,1754.0,0.0,1,False,
2025-07-09,BOM7-823,SGOLED2,B0FDQL7DFH,yantralay Tempered Glass Screen Protector for Nintendo Switch 2  2025    Ultra Thin HD Clear Film Guard with Rounded Edges for 7 9 Inch Display  1 Pac,1,499.0,Shipment,BENGALURU,Shipment,499.0,0.0,1,False,
2025-07-07,BOM5-753,DA35,B0F9FM9XHJ,Yantralay Professional 360  Rotating Metal Tripod Ball Head   Quick Release Plate with Bubble Level   8kg Load Capacity   1 4  Screw for DSLR  Camera,1,-1843.0,Refund,MUMBAI,Refund,-1843.0,0.0,0,False,
2025-07-09,BOM7-827,TY98_TUYU,B0F7RP62NV,yantralay Motorcycle Windshield Mounting Clamp Aluminum Mount for Go Pro Hero 13 12 11 10 9 Insta 360 X3 DJ I Action 3 Action Camera Accessories,1,1851.0,Shipment,NAVI MUMBAI,Shipment,1851.0,0.0,1,False,
2025-07-09,BOM7-825,GP47_NEW,B0DRYJZ6VH,Yantralay 360  Rotatable Camera Bike Mount Clamp Motorcycle Handlebar Pole Aluminium Mount for Insta360 X4 X3  Ace Pro Pro2  Hero13 12 11 10 9 For Os,1,1349.0,Shipment,AURANGABAD,Shipment,1349.0,0.0,1,False,
2025-07-09,BOM7-828,GP45-S,B0F88FL4CN,yantralay Magnetic Camera Mount for Hero 13 12 11 10 9  Insta360 X5 X4 X3  Action 4 5  Osmo Pocket 3   360  Quick Release Car Holder  Heavy Duty Magn,1,1549.0,Shipment,NAVI MUMBAI,Shipment,1549.0,0.0,1,False,
2025-07-09,BOM7-818,SHOTGRIP_TLSN,B0F66YYCTQ,Magnetic Phone Camera Grip  Smartphone Shooting Holder Selfie Handle Snap with Wireless Shutter Button Remote for iPhone 16 15 14 13 12 Pro Max Androi,1,2449.0,Shipment,GWALIOR,Shipment,2449.0,0.0,1,False,
2025-07-08,BOM7-813,PS2_WHITE,B0C46XWQRT,yantralay Controller Gamepad Carry Case   Ultimate Protection Compatible for PS5 PS4 PS3 Switch Pro Xbox Joysticks Waterproof  Scratch Protection  Dur,1,-549.0,Refund,New Delhi,Refund,-549.0,0.0,0,False,
2025-07-09,BOM5-773,PS2_BLACK,B0BL1CYSW6,yantralay Nylon Controller Gamepad Carry Case   Ultimate Protection Compatible for PS5 PS4 PS3 Switch Pro Xbox Joysticks Waterproof  Scratch Protectio,1,479.0,Shipment,VALSAD,Shipment,479.0,0.0,1,False,
2025-07-10,BOM7-829,GP47_NEW,B0DRYJZ6VH,Yantralay 360  Rotatable Camera Bike Mount Clamp Motorcycle Handlebar Pole Aluminium Mount for Insta360 X4 X3  Ace Pro Pro2  Hero13 12 11 10 9 For Os,1,1349.0,Shipment,WEST GODAVARI,Shipment,1349.0,0.0,1,False,
2025-07-10,BOM5-774,GP29L,B08RXBFBG9,nan,1,0.0,Cancel,Canacona,Cancel,0.0,0.0,0,False,
2025-07-10,NAN,ACCASEYTG9,B08NF6HMG6,nan,1,0.0,Cancel,BENGALURU,Cancel,0.0,0.0,0,False,
2025-07-10,BOM5-777,GP28COMBO1_H13,B0DHYCQR66,nan,1,0.0,Cancel,KALYAN,Cancel,0.0,0.0,0,False,
2025-07-09,BOM7-826,ACCASEYTG9,B08NF6HMG6,yantralay YT G9 Vlogging Case with Dual Cold Shoe Mount for Hero 12 11 10 9  Removable 52mm Filter Ring  All in One Kit with Case Door  Lens Protector,1,1044.0,Shipment,MUMBAI,Shipment,1044.0,0.0,1,False,
2025-07-10,BOM7-831,ND_OP3-6_STARTRCN,B0CLTTKV97,STARTRAC Magnetic ND   CPL Filters Set for DJI Osmo Pocket 3 Creator Combo   6 Pack CPL  ND 8  16  32  64  256  Ultra Slim Aluminum Frame,1,3899.0,Shipment,Kolkata,Shipment,3899.0,0.0,1,False,
2025-07-10,BOM7-832,ACCASEYTG9,B08NF6HMG6,yantralay YT G9 Vlogging Case with Dual Cold Shoe Mount for Hero 12 11 10 9  Removable 52mm Filter Ring  All in One Kit with Case Door  Lens Protector,1,1044.0,Shipment,THANE,Shipment,1044.0,0.0,1,False,
2025-07-10,BOM7-833,PS5_VERTICALSTAND,B0DGTZGCNQ,yantralay 2 in 1 Vertical Stand for PS 5   PS 5 Slim Consoles Non Slip Base Mount for PS 5 Accessories  for PS5   PS5 Slim Digital   Disc Version,1,899.0,Shipment,Bhopal,Shipment,899.0,0.0,1,False,
2025-07-10,BOM7-830,GP47-L_TLS,B0DJ9S3SY7,yantralay x Telesin Camera Clamp Mount   360  Ball Joint Handlebar Holder for Go Pro Hero 13 12 11 10 9  Insta360 X4 X3 X2  ONE R RS  DJI Osmo Action,1,1899.0,Shipment,INDORE,Shipment,1899.0,0.0,1,False,
2025-07-10,BOM5-778,GP28COMBO1_H13,B0DHYCQR66,Yantralay Silicone Lanyard Sleeve Protective Cover   6PCS Tempered Glass Screen Guard with Silicone Lens Cover Compatible with GoPro Hero 9 Black Acti,1,646.0,Shipment,KALYAN,Shipment,646.0,0.0,1,False,
2025-07-10,BOM5-776,GP46-S,B0F91G6H93,yantralay Double Clamp Mount Bracket with 1 4  Ball Head for GoPro  Insta 360 X2 X3  Action Cameras   Handlebar  Motorcycle  Bicycle  Selfie Stick  St,1,1656.0,Shipment,BENGALURU,Shipment,1656.0,0.0,1,False,
2025-07-10,BOM5-775,ACCASEYTG9,B08NF6HMG6,yantralay YT G9 Vlogging Case with Dual Cold Shoe Mount for Hero 12 11 10 9  Removable 52mm Filter Ring  All in One Kit with Case Door  Lens Protector,1,1044.0,Shipment,BENGALURU,Shipment,1044.0,0.0,1,False,
2025-07-10,BOM5-779,GP10KIT_KIT2,B0FBS5Q11T,yantralay 61 in 1 Action Camera Accessories Kit Compatible with Go Pro Hero 13 12 11 10 9  Action 5 4 3  Action  Insta 360 X5 X4 X3   All Other Action,1,1656.0,Shipment,KOLHAPUR,Shipment,1656.0,0.0,1,False,
2025-07-10,BOM5-774,GP29L,B08RXBFBG9,yantralay Windshield Car Suction Cup Mount for Hero 10 9 8  SJCAM  Osmo Action 3   4  Insta 360   Flexible  Multi Angle Adjustable   Mount for Smartph,1,597.0,Shipment,Canacona,Shipment,597.0,0.0,1,False,
2025-07-03,BOM5-721,GP47_NEW,B0DRYJZ6VH,Yantralay 360  Rotatable Camera Bike Mount Clamp Motorcycle Handlebar Pole Aluminium Mount for Insta360 X4 X3  Ace Pro Pro2  Hero13 12 11 10 9 For Os,1,-1308.53,Refund,INDORE,Refund,-1308.53,0.0,0,False,
2025-07-10,BOM5-781,PS10_PS5PORTALCOMBO,B0DF2Z2X1Q,yantralay 6 in 1 Hard Carrying Case with Protective Cover for Play Station 5 Portal  Non Slip Soft Case Cover   Screen Protectors   Thumb Grips for PS,1,2070.0,Shipment,Ludhiana,Shipment,2070.0,0.0,1,False,
2025-07-10,BOM7-835,GP49,B0D456N4QM,yantralay Motorcycle Bike Bicycle Handlebar Mount Clamps with 1 4  Screw Compatible 8 35mm for Gopro Hero 13 12 11 10 9 Max Insta360 ONE X5 X4 X3  ONE,1,901.0,Shipment,MUMBAI,Shipment,901.0,0.0,1,False,
2025-07-10,PNQ3-361,GP47-S,B08RDGDZJG,Taisioner Super Clamp Mount Double Ball Head Adapter Compatible with GoPro AKASO DJI Action or DSLR Camera Accessories,1,1315.0,Shipment,PUNE,Shipment,1315.0,0.0,1,False,
2025-07-10,BOM7-834,GP47_NEW,B0DRYJZ6VH,Yantralay 360  Rotatable Camera Bike Mount Clamp Motorcycle Handlebar Pole Aluminium Mount for Insta360 X4 X3  Ace Pro Pro2  Hero13 12 11 10 9 For Os,1,1349.0,Shipment,KALYAN,Shipment,1349.0,0.0,1,False,
2025-07-10,BOM5-784,GP47_NEW,B0DRYJZ6VH,Yantralay 360  Rotatable Camera Bike Mount Clamp Motorcycle Handlebar Pole Aluminium Mount for Insta360 X4 X3  Ace Pro Pro2  Hero13 12 11 10 9 For Os,1,1349.0,Shipment,VASAI VIRAR,Shipment,1349.0,0.0,1,False,
2025-07-10,BOM5-783,PS10_OLED_GREEN,B0BRY5L26G,yantralay Carry Case Pouch Cover Compatible with Nintendo Switch OLED with Game Card Slots for Switch Switch OLED Accessories  Video Game   Green,1,616.0,Shipment,NAVI MUMBAI,Shipment,616.0,0.0,1,False,
2025-07-10,PNQ3-362,CWATCUN_D132-LN,B0D8YFTJ5D,Cwatcun D132 Camera Backpack  Black2  Large  Camera Backpack,1,8999.0,Shipment,KOLKATA,Shipment,8999.0,0.0,1,False,
2025-07-10,BOM5-780,GP2KIT,B0F9WK57XQ,yantralay Phone Chest Mount Strap Harness for iPhone 16  Samsung  Xiaomi  Go Pro Hero 13 12 11 10 9 8 7  Action Cameras   DJ I Os mo   Mobile Holder B,1,549.0,Shipment,BALESHWAR,Shipment,549.0,0.0,1,False,
2025-07-10,BOM7-839,SGOLED2,B0FDQL7DFH,yantralay Tempered Glass Screen Protector for Nintendo Switch 2  2025    Ultra Thin HD Clear Film Guard with Rounded Edges for 7 9 Inch Display  1 Pac,1,499.0,Shipment,MUMBAI,Shipment,499.0,0.0,1,False,
2025-07-10,BOM7-837,PS5_CC1_GREY,B0BRJMPHKL,yantralay PS5 Carrying Case Bag for PS5 Console Gamepad  Controller  Headset  VR Play Station Accessories   Travel Bag   Grey,1,2449.0,Shipment,KARNAL,Shipment,2449.0,0.0,1,False,
2025-07-10,BOM7-835,GP49,B0D456N4QM,yantralay Motorcycle Bike Bicycle Handlebar Mount Clamps with 1 4  Screw Compatible 8 35mm for Gopro Hero 13 12 11 10 9 Max Insta360 ONE X5 X4 X3  ONE,1,-901.0,Refund,MUMBAI,Refund,-901.0,0.0,0,False,
2025-07-10,BOM5-782,SGOLED2,B0FDQL7DFH,yantralay Tempered Glass Screen Protector for Nintendo Switch 2  2025    Ultra Thin HD Clear Film Guard with Rounded Edges for 7 9 Inch Display  1 Pac,1,499.0,Shipment,BENGALURU,Shipment,499.0,0.0,1,False,
2025-07-10,BOM7-838,GP290XL_AL,B0F7Y3T6JV,yantralay Triple Suction Aluminium Mount with 1 4  Standard Screw Mount Compatible for Hero 12 11 10 9  Insta 360 ONE X3 X2 ONER RS ACE PRO   All Othe,1,2631.0,Shipment,MEERUT,Shipment,2631.0,0.0,1,False,
2025-07-11,BOM5-785,CWATCUN_D128-M-BLACKN,B0D8HVVY42,Cwatcun Canvas Camera Bag  DSLR SLR Camera Backpack for Photographers with Waterproof Rain Cover  Camera Case with 16  Laptop Compartment   Tripod Hol,1,5999.0,Shipment,RUDRAPUR,Shipment,5999.0,0.0,1,False,
2025-07-10,BOM5-775,ACCASEYTG9,B08NF6HMG6,yantralay YT G9 Vlogging Case with Dual Cold Shoe Mount for Hero 12 11 10 9  Removable 52mm Filter Ring  All in One Kit with Case Door  Lens Protector,1,-1044.0,Refund,BENGALURU,Refund,-1044.0,0.0,0,False,
2025-07-11,BOM7-841,PS10_PS5PORTALCOMBO,B0DF2Z2X1Q,yantralay 6 in 1 Hard Carrying Case with Protective Cover for Play Station 5 Portal  Non Slip Soft Case Cover   Screen Protectors   Thumb Grips for PS,1,2070.0,Shipment,FARIDABAD,Shipment,2070.0,0.0,1,False,
2025-07-11,BOM5-786,TY98_TUYU,B0F7RP62NV,yantralay Motorcycle Windshield Mounting Clamp Aluminum Mount for Go Pro Hero 13 12 11 10 9 Insta 360 X3 DJ I Action 3 Action Camera Accessories,1,1851.0,Shipment,THANE,Shipment,1851.0,0.0,1,False,
2025-07-11,PNQ3-364,GP47-S,B08RDGDZJG,Taisioner Super Clamp Mount Double Ball Head Adapter Compatible with GoPro AKASO DJI Action or DSLR Camera Accessories,1,1315.0,Shipment,PUNE,Shipment,1315.0,0.0,1,False,
2025-07-11,BOM7-840,SGOLED2,B0FDQL7DFH,yantralay Tempered Glass Screen Protector for Nintendo Switch 2  2025    Ultra Thin HD Clear Film Guard with Rounded Edges for 7 9 Inch Display  1 Pac,1,499.0,Shipment,HYDERABAD,Shipment,499.0,0.0,1,False,
2025-07-11,BOM5-787,GP28COMBO1_H13,B0DHYCQR66,Yantralay Silicone Lanyard Sleeve Protective Cover   6PCS Tempered Glass Screen Guard with Silicone Lens Cover Compatible with GoPro Hero 9 Black Acti,1,646.0,Shipment,JUNAGADH,Shipment,646.0,0.0,1,False,
2025-07-11,BOM7-843,GP47-L_TLSNK,B0BBVGXFZ2,Camera Bike Mount Motorcycle Handlebar Clamp Holder for GoPro Insta360 Accessories  TELESIN 360    Rotating Bicycle Cycling Attachment Accessory for,1,1849.0,Shipment,NEW DELHI,Shipment,1849.0,0.0,1,False,
2025-07-11,BOM5-789,GP46-L,B0F91GCRP4,yantralay Double Clamp Mount Bracket with 1 4  Ball Head for Go Pro 13 12 11  Insta 360 X5 X4 X3 Handlebar  Motorcycle  Bicycle  Selfie Stick  Studio,1,1851.0,Shipment,Panaji,Shipment,1851.0,0.0,1,False,
2025-07-11,BOM5-788,PS1,B0BJBL1XBS,yantralay Polyester Dual Controller Hard Carry Case Compatible With Ps5 Ps4 Xbox Ipega Controllers   3 Layer Protection Travel Carry Case   Grey,2,1810.0,Shipment,JABALPUR,Shipment,1810.0,0.0,2,False,
2025-07-09,BOM7-818,SHOTGRIP_TLSN,B0F66YYCTQ,Magnetic Phone Camera Grip  Smartphone Shooting Holder Selfie Handle Snap with Wireless Shutter Button Remote for iPhone 16 15 14 13 12 Pro Max Androi,1,-2449.0,Refund,GWALIOR,Refund,-2449.0,0.0,0,False,
2025-07-11,BOM7-842,ACCASEYTG9,B08NF6HMG6,yantralay YT G9 Vlogging Case with Dual Cold Shoe Mount for Hero 12 11 10 9  Removable 52mm Filter Ring  All in One Kit with Case Door  Lens Protector,1,1044.0,Shipment,Aurangabad,Shipment,1044.0,0.0,1,False,
2025-07-11,PNQ3-363,ULANZI_MT-58,B0CNT53V16,Yantralay MT 58 Invisible Monopod for Insta 360 Camera Compatible with ONEX3 X2  ONE R ONER RS Insta Go3 Go2   All Other Insta   Action Cameras  MT 58,1,1709.0,Shipment,ARAMBOL,Shipment,1709.0,0.0,1,False,
2025-07-11,BOM7-845,GP47_NEW,B0DRYJZ6VH,Yantralay 360  Rotatable Camera Bike Mount Clamp Motorcycle Handlebar Pole Aluminium Mount for Insta360 X4 X3  Ace Pro Pro2  Hero13 12 11 10 9 For Os,1,1349.0,Shipment,Raigarh,Shipment,1349.0,0.0,1,False,
2025-07-11,BOM7-844,GP47-L_TLSNK,B0BBVGXFZ2,Camera Bike Mount Motorcycle Handlebar Clamp Holder for GoPro Insta360 Accessories  TELESIN 360    Rotating Bicycle Cycling Attachment Accessory for,1,1849.0,Shipment,BENGALURU,Shipment,1849.0,0.0,1,False,
2025-07-11,BOM5-790,GP46-M,B0F91GXT2N,yantralay Double Clamp Mount Bracket with 1 4  Ball Head for GoPro  Insta 360 X2 X3  Action Cameras   Handlebar  Motorcycle  Bicycle  Selfie Stick  St,1,1754.0,Shipment,THANE,Shipment,1754.0,0.0,1,False,
2025-07-11,BOM7-848,GP47-L_TLSNK,B0BBVGXFZ2,Camera Bike Mount Motorcycle Handlebar Clamp Holder for GoPro Insta360 Accessories  TELESIN 360    Rotating Bicycle Cycling Attachment Accessory for,1,1849.0,Shipment,KOLHAPUR,Shipment,1849.0,0.0,1,False,
2025-07-11,BOM7-846,PS5_CC1_GREY,B0BRJMPHKL,yantralay PS5 Carrying Case Bag for PS5 Console Gamepad  Controller  Headset  VR Play Station Accessories   Travel Bag   Grey,1,2449.0,Shipment,BHARUCH,Shipment,2449.0,0.0,1,False,
2025-07-11,BOM7-850,GP10_DJIFLIP_STARTRC,B0F83B4HX3,yantralay x Start rc Pu Material Carrying Case for DJ I Flip Fly More Combo   Waterproof Travel Bag for RC2 RC N3 Remote  Batteries  Charging Hub  65W,1,1899.0,Shipment,NAGPUR,Shipment,1899.0,0.0,1,False,
2025-07-11,BOM5-791,GP10_ACEPRO_STARTRC,B0CVQHCGFS,nan,1,0.0,Cancel,GADCHIROLI,Cancel,0.0,0.0,0,False,
2025-07-11,PNQ3-365,PS2_BLACK,B0BL1CYSW6,yantralay Nylon Controller Gamepad Carry Case   Ultimate Protection Compatible for PS5 PS4 PS3 Switch Pro Xbox Joysticks Waterproof  Scratch Protectio,1,479.0,Shipment,Pune,Shipment,479.0,0.0,1,False,
2025-07-11,BOM7-849,PS5_VERTICALSTAND,B0DGTZGCNQ,yantralay 2 in 1 Vertical Stand for PS 5   PS 5 Slim Consoles Non Slip Base Mount for PS 5 Accessories  for PS5   PS5 Slim Digital   Disc Version,1,899.0,Shipment,KOSAMBA,Shipment,899.0,0.0,1,False,
2025-07-11,BOM7-852,ACCASEYTG9,B08NF6HMG6,yantralay YT G9 Vlogging Case with Dual Cold Shoe Mount for Hero 12 11 10 9  Removable 52mm Filter Ring  All in One Kit with Case Door  Lens Protector,1,1044.0,Shipment,MUMBAI,Shipment,1044.0,0.0,1,False,
2025-07-12,BOM7-853,GP47-L_TLSNK,B0BBVGXFZ2,Camera Bike Mount Motorcycle Handlebar Clamp Holder for GoPro Insta360 Accessories  TELESIN 360    Rotating Bicycle Cycling Attachment Accessory for,1,1849.0,Shipment,BALURGHAT,Shipment,1849.0,0.0,1,False,
2025-07-11,BOM7-851,GP47-L_TLSNK,B0BBVGXFZ2,Camera Bike Mount Motorcycle Handlebar Clamp Holder for GoPro Insta360 Accessories  TELESIN 360    Rotating Bicycle Cycling Attachment Accessory for,1,1849.0,Shipment,HYDERABAD,Shipment,1849.0,0.0,1,False,
2025-07-11,BOM7-847,GP47-L_TLSNK,B0BBVGXFZ2,Camera Bike Mount Motorcycle Handlebar Clamp Holder for GoPro Insta360 Accessories  TELESIN 360    Rotating Bicycle Cycling Attachment Accessory for,1,1849.0,Shipment,MUMBAI,Shipment,1849.0,0.0,1,False,
2025-07-11,BOM5-790,GP46-M,B0F91GXT2N,yantralay Double Clamp Mount Bracket with 1 4  Ball Head for GoPro  Insta 360 X2 X3  Action Cameras   Handlebar  Motorcycle  Bicycle  Selfie Stick  St,1,-1754.0,Refund,THANE,Refund,-1754.0,0.0,0,False,
2025-07-12,BOM5-792,PS10_PS5PORTALCOMBO,B0DF2Z2X1Q,yantralay 6 in 1 Hard Carrying Case with Protective Cover for Play Station 5 Portal  Non Slip Soft Case Cover   Screen Protectors   Thumb Grips for PS,1,2070.0,Shipment,GURUGRAM,Shipment,2070.0,0.0,1,False,
2025-07-12,PNQ3-367,PS10_OLEDCOMBO_GREEN,B0DJFLRGQF,yantralay 4 in 1 Carrying Case Pouch with Protective Cover for Nintendo Switch OLED  Non Slip Soft Case Cover  Screen Protectors   Thumb Grips for Swi,1,1139.0,Shipment,VADODARA,Shipment,1139.0,0.0,1,False,
2025-07-12,BOM7-854,GP10_ONEX4_STARTRC,B0DDXP86FQ,yantralay x Startr c Carrying Case for Insta 360 X4 X5  Portable PU Storage Protective Bag Travel Case for Insta 360 X4 X5 Accessories with Large Capa,1,1595.0,Shipment,BENGALURU,Shipment,1595.0,0.0,1,False,
2025-07-12,BOM5-793,PS10_PS5PORTALCOMBO,B0DF2Z2X1Q,yantralay 6 in 1 Hard Carrying Case with Protective Cover for Play Station 5 Portal  Non Slip Soft Case Cover   Screen Protectors   Thumb Grips for PS,1,2087.0,Shipment,NEW DELHI,Shipment,2087.0,0.0,1,False,
2025-07-05,BOM7-761,GP250_TRIPOD,B0CN4N2R3Q,Yantralay Bullet Time Handle Universal   360  Rotating Tripod for Insta360 ONE X5 X4 X3 X2  ONE R RS   Perfect for Bullet Time Videos and Action Phot,1,-1804.05,Refund,HUKERI,Refund,-1804.05,0.0,0,False,
2025-07-12,BOM5-797,GP43_OP3_STARTRC,B0CT3TFRJL,yantralay Ethylene Vinyl Acetate  EVA  Portable Carry Case for DJI Osmo Pocket 3 Creator Combo   Protective Bag with Adjustable Shoulder Strap   Large,1,999.0,Shipment,SURAT,Shipment,999.0,0.0,1,False,
2025-07-10,BOM5-782,SGOLED2,B0FDQL7DFH,yantralay Tempered Glass Screen Protector for Nintendo Switch 2  2025    Ultra Thin HD Clear Film Guard with Rounded Edges for 7 9 Inch Display  1 Pac,1,-499.0,Refund,BENGALURU,Refund,-499.0,0.0,0,False,
2025-07-12,BOM7-864,GP10_ONEX4_STARTRC,B0DDXP86FQ,yantralay x Startr c Carrying Case for Insta 360 X4 X5  Portable PU Storage Protective Bag Travel Case for Insta 360 X4 X5 Accessories with Large Capa,1,1679.0,Shipment,Greater Noida West,Shipment,1679.0,0.0,1,False,
2025-07-12,NAN,IN28_X5,B0F9KX96CY,nan,1,0.0,Cancel,VANDAVASI,Cancel,0.0,0.0,0,False,
2025-07-12,BOM5-801,GP46-M_GP46-S_GP25_150CMS,B0F99WWGGT,nan,1,0.0,Cancel,KOLASIB,Cancel,0.0,0.0,0,False,
2025-07-12,BOM7-858,GP49,B0D456N4QM,yantralay Motorcycle Bike Bicycle Handlebar Mount Clamps with 1 4  Screw Compatible 8 35mm for Gopro Hero 13 12 11 10 9 Max Insta360 ONE X5 X4 X3  ONE,1,931.0,Shipment,MUMBAI,Shipment,931.0,0.0,1,False,
2025-07-12,BOM7-860,GP10_ONEX4_STARTRC,B0DDXP86FQ,yantralay x Startr c Carrying Case for Insta 360 X4 X5  Portable PU Storage Protective Bag Travel Case for Insta 360 X4 X5 Accessories with Large Capa,1,1595.0,Shipment,Hirekerur,Shipment,1595.0,0.0,1,False,
2025-07-12,BOM7-871,GP28COMBO1_H13,B0DHYCQR66,nan,1,0.0,Cancel,MUMBAI,Cancel,0.0,0.0,0,False,
2025-07-12,BOM7-863,ACCASEONEX5,B0FF2D12YN,Yantralay Invisible Magnetic Dive Case for Insta360 X5   60M Waterproof Underwater Housing for Deep Sea   Snorkeling Shots,1,5999.0,Shipment,SANGLI MIRAJ KUPWAD,Shipment,5999.0,0.0,1,False,
2025-07-12,BOM5-802,PS2_RED,B0BL1HF4NJ,yantralay Nylon Controller Gamepad Carry Case   Ultimate Protection Compatible For PS5 PS4 PS3 Switch Pro Xbox Joysticks Waterproof  Scratch Protectio,2,998.0,Shipment,DURG,Shipment,998.0,0.0,2,False,
2025-07-12,PNQ3-368,GP46-L,B0F91GCRP4,yantralay Double Clamp Mount Bracket with 1 4  Ball Head for Go Pro 13 12 11  Insta 360 X5 X4 X3 Handlebar  Motorcycle  Bicycle  Selfie Stick  Studio,1,1899.0,Shipment,Pune,Shipment,1899.0,0.0,1,False,
2025-07-12,BOM7-865,GP10_ONEX4_STARTRC,B0DDXP86FQ,yantralay x Startr c Carrying Case for Insta 360 X4 X5  Portable PU Storage Protective Bag Travel Case for Insta 360 X4 X5 Accessories with Large Capa,1,1595.0,Shipment,MUMBAI,Shipment,1595.0,0.0,1,False,
2025-07-12,BOM7-872,ACCASEONEX5,B0FF2D12YN,Yantralay Invisible Magnetic Dive Case for Insta360 X5   60M Waterproof Underwater Housing for Deep Sea   Snorkeling Shots,1,0.0,FreeReplacement,NASHIK,FreeReplacement,0.0,0.0,0,True,
2025-07-12,BOM5-800,PS5_VERTICALSTAND,B0DGTZGCNQ,yantralay 2 in 1 Vertical Stand for PS 5   PS 5 Slim Consoles Non Slip Base Mount for PS 5 Accessories  for PS5   PS5 Slim Digital   Disc Version,1,899.0,Shipment,Thane,Shipment,899.0,0.0,1,False,
2025-07-12,BOM7-869,GP47-L_TLSNK,B0BBVGXFZ2,Camera Bike Mount Motorcycle Handlebar Clamp Holder for GoPro Insta360 Accessories  TELESIN 360    Rotating Bicycle Cycling Attachment Accessory for,1,1849.0,Shipment,GURUGRAM,Shipment,1849.0,0.0,1,False,
2025-07-12,BOM7-873,GP10_DJIFLIP_STARTRC,B0F83B4HX3,yantralay x Start rc Pu Material Carrying Case for DJ I Flip Fly More Combo   Waterproof Travel Bag for RC2 RC N3 Remote  Batteries  Charging Hub  65W,1,1899.0,Shipment,CHENNAI,Shipment,1899.0,0.0,1,False,
2025-07-12,BOM5-799,GP47-L_TLSNK,B0BBVGXFZ2,Camera Bike Mount Motorcycle Handlebar Clamp Holder for GoPro Insta360 Accessories  TELESIN 360    Rotating Bicycle Cycling Attachment Accessory for,1,1849.0,Shipment,MUMBAI,Shipment,1849.0,0.0,1,False,
2025-07-12,BOM5-798,ACFRAMEOP3_STARTRCN,B0CR1C9243,STARTRC OSMO Pocket 3 360  Rotation Backpack Clip Mount Shoulder Strap Accessories for DJI Pocket 3 OSMO Pocket 3 Action Cameras,1,1763.0,Shipment,MUMBAI,Shipment,1763.0,0.0,1,False,
2025-07-12,BOM7-867,PS1,B0BJBL1XBS,yantralay Polyester Dual Controller Hard Carry Case Compatible With Ps5 Ps4 Xbox Ipega Controllers   3 Layer Protection Travel Carry Case   Grey,1,906.0,Shipment,BORIVALI WEST,Shipment,906.0,0.0,1,False,
2025-07-13,NAN,PS1,B0BJBL1XBS,nan,1,0.0,Cancel,JALNA,Cancel,0.0,0.0,0,False,
2025-07-12,PNQ3-369,ND_AIR3S_STARTRCN,B0DK3F3LQ7,nan,1,0.0,Cancel,BENGALURU,Cancel,0.0,0.0,0,False,
2025-07-12,BOM7-857,ND_OP3-6_STARTRCN,B0CLTTKV97,STARTRAC Magnetic ND   CPL Filters Set for DJI Osmo Pocket 3 Creator Combo   6 Pack CPL  ND 8  16  32  64  256  Ultra Slim Aluminum Frame,1,3899.0,Shipment,THIRUVANANTHAPURAM,Shipment,3899.0,0.0,1,False,
2025-07-08,BOM5-763,GP28COMBO1_H13,B0DHYCQR66,Yantralay Silicone Lanyard Sleeve Protective Cover   6PCS Tempered Glass Screen Guard with Silicone Lens Cover Compatible with GoPro Hero 9 Black Acti,1,-626.62,Refund,MUMBAI,Refund,-626.62,0.0,0,False,
2025-07-12,BOM7-855,SHOTGRIP_TLS,B0FCSFYHRJ,nan,1,0.0,Cancel,THRISSUR,Cancel,0.0,0.0,0,False,
2025-07-09,BOM7-826,ACCASEYTG9,B08NF6HMG6,yantralay YT G9 Vlogging Case with Dual Cold Shoe Mount for Hero 12 11 10 9  Removable 52mm Filter Ring  All in One Kit with Case Door  Lens Protector,1,-1044.0,Refund,MUMBAI,Refund,-1044.0,0.0,0,False,
2025-07-13,BOM5-805,PS1,B0BJBL1XBS,yantralay Polyester Dual Controller Hard Carry Case Compatible With Ps5 Ps4 Xbox Ipega Controllers   3 Layer Protection Travel Carry Case   Grey,1,878.82,Shipment,MUMBAI,Shipment,878.82,0.0,1,False,
2025-07-12,BOM7-875,GP47-L_TLSNK,B0BBVGXFZ2,Camera Bike Mount Motorcycle Handlebar Clamp Holder for GoPro Insta360 Accessories  TELESIN 360    Rotating Bicycle Cycling Attachment Accessory for,1,1849.0,Shipment,MUMBAI,Shipment,1849.0,0.0,1,False,
2025-07-13,PNQ3-370,PS1,B0BJBL1XBS,yantralay Polyester Dual Controller Hard Carry Case Compatible With Ps5 Ps4 Xbox Ipega Controllers   3 Layer Protection Travel Carry Case   Grey,1,822.56,Shipment,JALNA,Shipment,822.56,0.0,1,False,
2025-07-13,BOM7-877,GP28COMBO1_H13,B0DHYCQR66,Yantralay Silicone Lanyard Sleeve Protective Cover   6PCS Tempered Glass Screen Guard with Silicone Lens Cover Compatible with GoPro Hero 9 Black Acti,1,646.0,Shipment,MUMBAI,Shipment,646.0,0.0,1,False,
2025-07-12,BOM7-862,ND_OP3-6_STARTRCN,B0CLTTKV97,STARTRAC Magnetic ND   CPL Filters Set for DJI Osmo Pocket 3 Creator Combo   6 Pack CPL  ND 8  16  32  64  256  Ultra Slim Aluminum Frame,1,0.0,FreeReplacement,HASSAN,FreeReplacement,0.0,0.0,0,True,
2025-07-13,BOM7-879,GP10_ONEX4_STARTRC,B0DDXP86FQ,yantralay x Startr c Carrying Case for Insta 360 X4 X5  Portable PU Storage Protective Bag Travel Case for Insta 360 X4 X5 Accessories with Large Capa,1,1547.15,Shipment,FARIDABAD,Shipment,1547.15,0.0,1,False,
2025-07-12,BOM7-874,PS1,B0BJBL1XBS,yantralay Polyester Dual Controller Hard Carry Case Compatible With Ps5 Ps4 Xbox Ipega Controllers   3 Layer Protection Travel Carry Case   Grey,1,906.0,Shipment,PIMPRI CHINCHWAD,Shipment,906.0,0.0,1,False,
2025-07-13,BOM7-878,GP47-L_TLSNK,B0BBVGXFZ2,Camera Bike Mount Motorcycle Handlebar Clamp Holder for GoPro Insta360 Accessories  TELESIN 360    Rotating Bicycle Cycling Attachment Accessory for,1,1849.0,Shipment,Pune,Shipment,1849.0,0.0,1,False,
2025-07-13,BOM5-809,PS1,B0BJBL1XBS,nan,1,0.0,Cancel,MUMBAI,Cancel,0.0,0.0,0,False,
2025-07-13,BOM5-811,PS1,B0BJBL1XBS,nan,1,0.0,Cancel,MUMBAI,Cancel,0.0,0.0,0,False,
2025-07-13,BOM7-877,GP28COMBO1_H13,B0DHYCQR66,Yantralay Silicone Lanyard Sleeve Protective Cover   6PCS Tempered Glass Screen Guard with Silicone Lens Cover Compatible with GoPro Hero 9 Black Acti,1,-646.0,Refund,MUMBAI,Refund,-646.0,0.0,0,False,
2025-07-13,BOM7-885,GP10_DJIFLIP_STARTRC,B0F83B4HX3,yantralay x Start rc Pu Material Carrying Case for DJ I Flip Fly More Combo   Waterproof Travel Bag for RC2 RC N3 Remote  Batteries  Charging Hub  65W,1,1842.03,Shipment,VASAI VIRAR,Shipment,1842.03,0.0,1,False,
2025-07-13,BOM5-807,GP46-L,B0F91GCRP4,yantralay Double Clamp Mount Bracket with 1 4  Ball Head for Go Pro 13 12 11  Insta 360 X5 X4 X3 Handlebar  Motorcycle  Bicycle  Selfie Stick  Studio,1,1842.03,Shipment,NAVI MUMBAI,Shipment,1842.03,0.0,1,False,
2025-07-13,BOM7-887,ACCASEONEX5,B0FF2D12YN,Yantralay Invisible Magnetic Dive Case for Insta360 X5   60M Waterproof Underwater Housing for Deep Sea   Snorkeling Shots,1,5999.0,Shipment,BENGALURU,Shipment,5999.0,0.0,1,False,
2025-07-13,BOM5-813,PS1,B0BJBL1XBS,nan,1,0.0,Cancel,RAJKOT,Cancel,0.0,0.0,0,False,
2025-07-13,BOM5-808,LM17,B0D455L1MN,yantralay Folding Fingers Replacement Magnet Adapter Mount with 1 4 Tripod Connector Port Compatible with Go Pro Hero 13 12 11 11 Mini 10 9 8   Hero M,1,851.66,Shipment,MUMBAI,Shipment,851.66,0.0,1,False,
2025-07-13,BOM7-881,PS1,B0BJBL1XBS,yantralay Polyester Dual Controller Hard Carry Case Compatible With Ps5 Ps4 Xbox Ipega Controllers   3 Layer Protection Travel Carry Case   Grey,1,822.56,Shipment,MUMBAI,Shipment,822.56,0.0,1,False,
2025-07-13,BOM5-810,IN1_AL,B0D4536M61,yantralay 4 in 1 Motorcycle Mount Bundle with Unicorn Helmet Extension Arm Adhesive Kit Compatible for Insta360 One X4 X3 X2  ONE R RS  Hero 13 12 11,1,2084.53,Shipment,MUMBAI,Shipment,2084.53,0.0,1,False,
2025-07-13,BOM7-886,GP47-L_TLSNK,B0BBVGXFZ2,Camera Bike Mount Motorcycle Handlebar Clamp Holder for GoPro Insta360 Accessories  TELESIN 360    Rotating Bicycle Cycling Attachment Accessory for,1,1793.53,Shipment,PUNE,Shipment,1793.53,0.0,1,False,
2025-07-13,BOM5-814,PS1,B0BJBL1XBS,yantralay Polyester Dual Controller Hard Carry Case Compatible With Ps5 Ps4 Xbox Ipega Controllers   3 Layer Protection Travel Carry Case   Grey,1,822.56,Shipment,MUMBAI,Shipment,822.56,0.0,1,False,
2025-07-13,PNQ3-371,PS1,B0BJBL1XBS,yantralay Polyester Dual Controller Hard Carry Case Compatible With Ps5 Ps4 Xbox Ipega Controllers   3 Layer Protection Travel Carry Case   Grey,1,878.82,Shipment,PUNE,Shipment,878.82,0.0,1,False,
2025-07-12,BOM7-861,PS5_VERTICALSTAND,B0DGTZGCNQ,nan,1,0.0,Cancel,THANJAVUR,Cancel,0.0,0.0,0,False,
2025-07-13,PNQ3-374,GP29L,B08RXBFBG9,yantralay Windshield Car Suction Cup Mount for Hero 10 9 8  SJCAM  Osmo Action 3   4  Insta 360   Flexible  Multi Angle Adjustable   Mount for Smartph,1,669.13,Shipment,North Goa,Shipment,669.13,0.0,1,False,
2025-07-13,BOM7-892,PS1,B0BJBL1XBS,yantralay Polyester Dual Controller Hard Carry Case Compatible With Ps5 Ps4 Xbox Ipega Controllers   3 Layer Protection Travel Carry Case   Grey,1,878.82,Shipment,THANE,Shipment,878.82,0.0,1,False,
2025-07-14,BOM7-893,GP46-M,B0F91GXT2N,yantralay Double Clamp Mount Bracket with 1 4  Ball Head for GoPro  Insta 360 X2 X3  Action Cameras   Handlebar  Motorcycle  Bicycle  Selfie Stick  St,1,1745.03,Shipment,AHMEDABAD,Shipment,1745.03,0.0,1,False,
2025-07-14,BOM5-818,CADEN_K1-GREENN,B06XHF1FNB,Caden Cross Bag Triangle Carry Case for DSLR Sony Canon Rebel Powershot  Nikon Coolpix Kodah Olympus Pentax Sony with 1 Camera 2 Lens Tripod Green,1,2909.03,Shipment,BENGALURU,Shipment,2909.03,0.0,1,False,
2025-07-14,BOM5-817,PS10_PS5PORTALCOMBO,B0DF2Z2X1Q,yantralay 6 in 1 Hard Carrying Case with Protective Cover for Play Station 5 Portal  Non Slip Soft Case Cover   Screen Protectors   Thumb Grips for PS,1,2179.0,Shipment,BENGALURU,Shipment,2179.0,0.0,1,False,
2025-07-13,PNQ3-373,ACCHARGERGP5_3,B08LYVPLR9,Yantralay 3 Channel AHDBT 501 Battery Charger for Hero 5 6 7   8 Black Action Camera   USB Cable Included   Fast Charging Dock,1,798.31,Shipment,LONI KALBHOR,Shipment,798.31,0.0,1,False,
2025-07-13,BOM5-816,PS1,B0BJBL1XBS,yantralay Polyester Dual Controller Hard Carry Case Compatible With Ps5 Ps4 Xbox Ipega Controllers   3 Layer Protection Travel Carry Case   Grey,1,822.56,Shipment,RAJKOT,Shipment,822.56,0.0,1,False,
2025-07-08,BOM7-814,GP29L,B08RXBFBG9,yantralay Windshield Car Suction Cup Mount for Hero 10 9 8  SJCAM  Osmo Action 3   4  Insta 360   Flexible  Multi Angle Adjustable   Mount for Smartph,1,-597.0,Refund,MUMBAI,Refund,-597.0,0.0,0,False,
2025-07-14,BOM7-895,GP10_ONEX4_STARTRC,B0DDXP86FQ,yantralay x Startr c Carrying Case for Insta 360 X4 X5  Portable PU Storage Protective Bag Travel Case for Insta 360 X4 X5 Accessories with Large Capa,1,1547.15,Shipment,NAMAKKAL,Shipment,1547.15,0.0,1,False,
2025-07-13,BOM7-890,PS5SLIM_DUSTCOVER,B0DWLGZ3DN,yantralay Dust Proof Protective Waterproof Cover Sleeve Compatible with PS 5   PS 5 Slim Digital and Disc Edition Version  PS5 Slim,1,484.03,Shipment,SURAT,Shipment,484.03,0.0,1,False,
2025-07-14,BOM5-820,GP10_OA3,B0DMSYR199,yantralay Carrying Case for DJ I Os mo Action 5 Pro Action 4  Action 3 Cameras  Storage Bag Case with Shoulder Strap  DJ I Osm o Action Camera Accesso,1,1357.03,Shipment,ANAND,Shipment,1357.03,0.0,1,False,
2025-07-14,BOM7-894,GP10_DJIFLIP_STARTRC,B0F83B4HX3,yantralay x Start rc Pu Material Carrying Case for DJ I Flip Fly More Combo   Waterproof Travel Bag for RC2 RC N3 Remote  Batteries  Charging Hub  65W,1,1842.03,Shipment,BENGALURU,Shipment,1842.03,0.0,1,False,
2025-07-14,BOM7-898,SHOTGRIP_TLS,B0FCSFYHRJ,yantralay x Telesin ShotGrip   Magnetic Camera Grip with Wireless Shutter for Phone 16 15 14 13  Android  1 4  Tripod Mount Compatible  DSLR Style Cre,1,2375.53,Shipment,Betim bardez,Shipment,2375.53,0.0,1,False,
2025-07-12,IN-154,IN28_X5,B0F9KX96CY,yantralay Insta 360 X4 X5 Camera Mount Stand Base   Silicone Non Slip Desktop Bracket for Insta 360 X4   X5   Lightweight  Compact   Stable,1,489.0,Shipment,VANDAVASI,Shipment,489.0,0.0,1,False,
2025-07-13,IN-157,IN28_X5,B0F9KX96CY,yantralay Insta 360 X4 X5 Camera Mount Stand Base   Silicone Non Slip Desktop Bracket for Insta 360 X4   X5   Lightweight  Compact   Stable,1,474.33,Shipment,DAVANAGERE,Shipment,474.33,0.0,1,False,
2025-07-12,IN-153,GP2KIT,B0F9WK57XQ,yantralay Phone Chest Mount Strap Harness for iPhone 16  Samsung  Xiaomi  Go Pro Hero 13 12 11 10 9 8 7  Action Cameras   DJ I Os mo   Mobile Holder B,1,549.0,Shipment,HYDERABAD,Shipment,549.0,0.0,1,False,
2025-07-13,IN-156,IN28_X5,B0F9KX96CY,yantralay Insta 360 X4 X5 Camera Mount Stand Base   Silicone Non Slip Desktop Bracket for Insta 360 X4   X5   Lightweight  Compact   Stable,1,474.33,Shipment,MYSURU,Shipment,474.33,0.0,1,False,
2025-07-13,IN-155,IN28_X5,B0F9KX96CY,yantralay Insta 360 X4 X5 Camera Mount Stand Base   Silicone Non Slip Desktop Bracket for Insta 360 X4   X5   Lightweight  Compact   Stable,1,474.33,Shipment,THANE,Shipment,474.33,0.0,1,False,
2025-07-14,BOM7-896,GP47-L_TLSNK,B0BBVGXFZ2,Camera Bike Mount Motorcycle Handlebar Clamp Holder for GoPro Insta360 Accessories  TELESIN 360    Rotating Bicycle Cycling Attachment Accessory for,1,1849.0,Shipment,NEW DELHI,Shipment,1849.0,0.0,1,False,
2025-07-14,NAN,GP46-L,B0F91GCRP4,nan,1,0.0,Cancel,PUNE,Cancel,0.0,0.0,0,False,
2025-07-14,BOM7-897,LED_T2,B0F2GKLDXR,Yantralay Slab Key Light for Video Shooting   Content Creation   Adjustable Photography Fill Light   5 Color Temperatures  3200K 5600K    1455 Lumens,1,1705.26,Shipment,GURUGRAM,Shipment,1705.26,0.0,1,False,
2025-07-14,BOM5-822,GP12,B0D7BZ38X8,nan,1,0.0,Cancel,PANVEL,Cancel,0.0,0.0,0,False,
2025-07-14,BOM5-822,GP12,B0D7BZ38X8,yantralay Aluminium Car Suction Mount 360  Rotatable for Insta 360 X4 X3 X2  Ace Pro ONE R RS  Hero 13 12 11 10 9 8 7  DJI Osmo Action Series   All O,1,1224.14,Shipment,PANVEL,Shipment,1224.14,0.0,1,False,
2025-07-14,BOM7-899,ACCHARGERGP5_3,B08LYVPLR9,Yantralay 3 Channel AHDBT 501 Battery Charger for Hero 5 6 7   8 Black Action Camera   USB Cable Included   Fast Charging Dock,1,798.31,Shipment,GURUGRAM,Shipment,798.31,0.0,1,False,
2025-07-11,BOM7-850,GP10_DJIFLIP_STARTRC,B0F83B4HX3,yantralay x Start rc Pu Material Carrying Case for DJ I Flip Fly More Combo   Waterproof Travel Bag for RC2 RC N3 Remote  Batteries  Charging Hub  65W,1,-1899.0,Refund,NAGPUR,Refund,-1899.0,0.0,0,False,
2025-07-14,BOM7-900,PS10_OLEDCOMBO_GREEN,B0DJFLRGQF,yantralay 4 in 1 Carrying Case Pouch with Protective Cover for Nintendo Switch OLED  Non Slip Soft Case Cover  Screen Protectors   Thumb Grips for Swi,1,1104.83,Shipment,MUMBAI,Shipment,1104.83,0.0,1,False,
2025-07-14,BOM5-821,PS1,B0BJBL1XBS,yantralay Polyester Dual Controller Hard Carry Case Compatible With Ps5 Ps4 Xbox Ipega Controllers   3 Layer Protection Travel Carry Case   Grey,1,822.56,Shipment,Kalyan,Shipment,822.56,0.0,1,False,
2025-07-12,PNQ3-368,GP46-L,B0F91GCRP4,yantralay Double Clamp Mount Bracket with 1 4  Ball Head for Go Pro 13 12 11  Insta 360 X5 X4 X3 Handlebar  Motorcycle  Bicycle  Selfie Stick  Studio,1,-1899.0,Refund,Pune,Refund,-1899.0,0.0,0,False,
2025-07-14,BOM7-901,GP10_DJIFLIP_NYLON_STARTRC,B0F839FBX3,yantralay x Start rc Nylon Carrying Case for DJ I Flip Drone   Lightweight Travel Bag for RC2 RC N3 Controller  Propeller Guard   2 Extra Batteries,1,1899.0,Shipment,BELGAUM,Shipment,1899.0,0.0,1,False,
2025-07-12,BOM5-796,CWATCUN_D129N,B0D8HTSVZH,Cwatcun Camera Backpack Hardshell for Photography  2 in1 Shockproof Camera Sling Bag  Waterproof Camera Case Crossbody with Tripod Holder  Rain Cover,1,4599.0,Shipment,WOKHA,Shipment,4599.0,0.0,1,False,
2025-07-15,BOM5-826,GP47-M,B0F91SSVW8,yantralay Action Camera Handlebar Mount with 360  Dual Ball Head   Super Clamp for Go Pro  Insta 360  Mobile  Bike  Motorcycle   Universal Quick Rele,1,1745.03,Shipment,HYDERABAD,Shipment,1745.03,0.0,1,False,
2025-07-12,BOM5-795,PS10_OLEDCOMBO_GREEN,B0DJFLRGQF,yantralay 4 in 1 Carrying Case Pouch with Protective Cover for Nintendo Switch OLED  Non Slip Soft Case Cover  Screen Protectors   Thumb Grips for Swi,1,1140.0,Shipment,SURAT,Shipment,1140.0,0.0,1,False,
2025-07-14,BOM7-902,ND_OP3-6_STARTRCN,B0CLTTKV97,STARTRAC Magnetic ND   CPL Filters Set for DJI Osmo Pocket 3 Creator Combo   6 Pack CPL  ND 8  16  32  64  256  Ultra Slim Aluminum Frame,1,3719.07,Shipment,KHERDI,Shipment,3719.07,0.0,1,False,
2025-07-13,BOM7-883,GP10_ONEX4_STARTRC,B0DDXP86FQ,yantralay x Startr c Carrying Case for Insta 360 X4 X5  Portable PU Storage Protective Bag Travel Case for Insta 360 X4 X5 Accessories with Large Capa,1,1628.63,Shipment,HOSUR,Shipment,1628.63,0.0,1,False,
2025-07-07,BOM5-758,GP47_NEW,B0DRYJZ6VH,Yantralay 360  Rotatable Camera Bike Mount Clamp Motorcycle Handlebar Pole Aluminium Mount for Insta360 X4 X3  Ace Pro Pro2  Hero13 12 11 10 9 For Os,1,-1349.0,Refund,MUMBAI,Refund,-1349.0,0.0,0,False,
2025-07-08,BOM7-803,ACCASEYTG9,B08NF6HMG6,yantralay YT G9 Vlogging Case with Dual Cold Shoe Mount for Hero 12 11 10 9  Removable 52mm Filter Ring  All in One Kit with Case Door  Lens Protector,1,-1044.0,Refund,BENGALURU,Refund,-1044.0,0.0,0,False,
2025-07-14,BOM5-823,ACCHARGERONEX4_3_AMG,B0DWLH6MJ3,Yantralay x amagisn 3 Slot Battery Charger Compatible for Insta360 X4 Camera  Charging Dock for X4 Accessories,1,1339.57,Shipment,CHENNAI,Shipment,1339.57,0.0,1,False,
2025-07-15,BOM5-827,DA24,B078DMT8KR,Yantralay Nylon Universal Drone and Quadcopter Landing Pad   Portable   Foldable   Compatible with DJI  Parrot  Syma  Hubsan  Holy Stone  UDI Drones,1,1440.57,Shipment,KHERDI,Shipment,1440.57,0.0,1,False,
2025-07-13,BOM7-891,PS5_VERTICALSTAND,B0DGTZGCNQ,yantralay 2 in 1 Vertical Stand for PS 5   PS 5 Slim Consoles Non Slip Base Mount for PS 5 Accessories  for PS5   PS5 Slim Digital   Disc Version,1,872.03,Shipment,GURUGRAM,Shipment,872.03,0.0,1,False,
2025-07-13,BOM7-880,ACFRAMEOP3_PL_VRIG,B0DDQ7BWNC,yantralay Phone Holder for DJI Osmo Pocket 3  Vlogging Camera Expansion Bracket  Adjustable Adapter Frame  Live Streaming Accessories,1,1260.03,Shipment,SHORANUR,Shipment,1260.03,0.0,1,False,
2025-07-13,BOM7-882,SHOTGRIP_TLS,B0FCSFYHRJ,yantralay x Telesin ShotGrip   Magnetic Camera Grip with Wireless Shutter for Phone 16 15 14 13  Android  1 4  Tripod Mount Compatible  DSLR Style Cre,1,2449.0,Shipment,THRISSUR,Shipment,2449.0,0.0,1,False,
2025-07-13,BOM7-884,ACFRAMEOP3_PL_VRIG,B0DDQ7BWNC,yantralay Phone Holder for DJI Osmo Pocket 3  Vlogging Camera Expansion Bracket  Adjustable Adapter Frame  Live Streaming Accessories,1,1260.03,Shipment,BENGALURU,Shipment,1260.03,0.0,1,False,
2025-07-12,BOM7-870,SHOTGRIP_TLSN,B0F66YYCTQ,Magnetic Phone Camera Grip  Smartphone Shooting Holder Selfie Handle Snap with Wireless Shutter Button Remote for iPhone 16 15 14 13 12 Pro Max Androi,1,2449.0,Shipment,LUDHIANA,Shipment,2449.0,0.0,1,False,
2025-07-13,BOM7-888,GP10_DJIFLIP_STARTRC,B0F83B4HX3,yantralay x Start rc Pu Material Carrying Case for DJ I Flip Fly More Combo   Waterproof Travel Bag for RC2 RC N3 Remote  Batteries  Charging Hub  65W,1,1842.03,Shipment,DHANBAD,Shipment,1842.03,0.0,1,False,
2025-07-14,PNQ3-376,PS10_OLED_GREEN,B0BRY5L26G,yantralay Carry Case Pouch Cover Compatible with Nintendo Switch OLED with Game Card Slots for Switch Switch OLED Accessories  Video Game   Green,1,562.6,Shipment,MUMBAI,Shipment,562.6,0.0,1,False,
2025-07-14,BOM5-824,PS1,B0BJBL1XBS,yantralay Polyester Dual Controller Hard Carry Case Compatible With Ps5 Ps4 Xbox Ipega Controllers   3 Layer Protection Travel Carry Case   Grey,1,822.56,Shipment,MUMBAI,Shipment,822.56,0.0,1,False,
2025-07-15,BOM5-829,GP28COMBO_X3N,B0BY8178B6,PellKing Camera Protective Accessories Kit for Insta360 X3  Inst 360 X3 Bundle Include Lens Guard Silicone Protective Cover Screen Protectors Camera C,1,1114.53,Shipment,MUMBAI,Shipment,1114.53,0.0,1,False,
2025-07-09,BOM5-769,PS10_OLEDCOMBO_GREEN,B0DJFLRGQF,yantralay 4 in 1 Carrying Case Pouch with Protective Cover for Nintendo Switch OLED  Non Slip Soft Case Cover  Screen Protectors   Thumb Grips for Swi,1,-1139.0,Refund,SURAT,Refund,-1139.0,0.0,0,False,
2025-07-15,BOM5-825,GP28COMBO_X3N,B0BY8178B6,PellKing Camera Protective Accessories Kit for Insta360 X3  Inst 360 X3 Bundle Include Lens Guard Silicone Protective Cover Screen Protectors Camera C,1,1114.53,Shipment,SANGLI,Shipment,1114.53,0.0,1,False,
2025-07-12,BOM7-868,GP47-LN,B0F91S2PFT,Yantralay Action Camera Handlebar Mount with 360  Dual Ball Head   Super Clamp for Go Pro  Insta 360  Mobile  Bike  Motorcycle   Universal Quick Rele,1,1899.0,Shipment,Mumbai,Shipment,1899.0,0.0,1,False,
2025-07-12,BOM5-794,GP10_OM7P_STARTRC,B0F2J6Z8WT,yantralay Osmo Mobile 7P Case Portable PU Shoulder Bag for DJI OM 7 Pro 7 Gimbal Stabilizer Travel Case for DJI Osmo Mobile 7 7P,1,1299.0,Shipment,BALOTRA,Shipment,1299.0,0.0,1,False,
2025-07-15,BOM5-831,PS10_OLEDCOMBO_GREEN,B0DJFLRGQF,yantralay 4 in 1 Carrying Case Pouch with Protective Cover for Nintendo Switch OLED  Non Slip Soft Case Cover  Screen Protectors   Thumb Grips for Swi,1,1104.83,Shipment,BIKANER,Shipment,1104.83,0.0,1,False,
2025-07-15,BOM5-830,PS10_OLEDCOMBO_GREEN,B0DJFLRGQF,yantralay 4 in 1 Carrying Case Pouch with Protective Cover for Nintendo Switch OLED  Non Slip Soft Case Cover  Screen Protectors   Thumb Grips for Swi,1,1163.03,Shipment,BIKANER,Shipment,1163.03,0.0,1,False,
2025-07-12,BOM7-866,ACCHARGERGP5_3,B08LYVPLR9,Yantralay 3 Channel AHDBT 501 Battery Charger for Hero 5 6 7   8 Black Action Camera   USB Cable Included   Fast Charging Dock,1,823.0,Shipment,KALYAN,Shipment,823.0,0.0,1,False,
2025-07-14,BOM7-903,GP28_H13,B0DHYDQL5V,Yantralay Silicone Lanyard Sleeve Protective Cover   6PCS Tempered Glass Screen Guard with Silicone Lens Cover Compatible with Go Pro Hero 9 Black Act,1,387.03,Shipment,CHINCHWAD,Shipment,387.03,0.0,1,False,
2025-07-13,BOM7-889,ACFRAMEOP3_STARTRCN,B0CR1C9243,STARTRC OSMO Pocket 3 360  Rotation Backpack Clip Mount Shoulder Strap Accessories for DJI Pocket 3 OSMO Pocket 3 Action Cameras,1,1710.11,Shipment,THANE,Shipment,1710.11,0.0,1,False,
2025-07-15,BOM7-905,GP47-S,B08RDGDZJG,Taisioner Super Clamp Mount Double Ball Head Adapter Compatible with GoPro AKASO DJI Action or DSLR Camera Accessories,1,931.63,Shipment,Secundrabad,Shipment,931.63,0.0,1,False,
2025-07-13,BOM5-804,ULANZI_MT-58,B0CNT53V16,Yantralay MT 58 Invisible Monopod for Insta 360 Camera Compatible with ONEX3 X2  ONE R ONER RS Insta Go3 Go2   All Other Insta   Action Cameras  MT 58,1,1657.73,Shipment,BENGALURU,Shipment,1657.73,0.0,1,False,
2025-07-16,PNQ3-377,PS5_CC1_GREY,B0BRJMPHKL,yantralay PS5 Carrying Case Bag for PS5 Console Gamepad  Controller  Headset  VR Play Station Accessories   Travel Bag   Grey,1,2375.53,Shipment,SOLAPUR,Shipment,2375.53,0.0,1,False,
2025-07-15,BOM5-833,GP47_NEW,B0DRYJZ6VH,Yantralay 360  Rotatable Camera Bike Mount Clamp Motorcycle Handlebar Pole Aluminium Mount for Insta360 X4 X3  Ace Pro Pro2  Hero13 12 11 10 9 For Os,1,1308.53,Shipment,KOLLAM,Shipment,1308.53,0.0,1,False,
2025-07-15,BOM5-832,GP47_NEW,B0DRYJZ6VH,Yantralay 360  Rotatable Camera Bike Mount Clamp Motorcycle Handlebar Pole Aluminium Mount for Insta360 X4 X3  Ace Pro Pro2  Hero13 12 11 10 9 For Os,1,1308.53,Shipment,BHARUCH,Shipment,1308.53,0.0,1,False,
2025-07-16,BOM5-837,GP28COMBO1_H13,B0DHYCQR66,Yantralay Silicone Lanyard Sleeve Protective Cover   6PCS Tempered Glass Screen Guard with Silicone Lens Cover Compatible with GoPro Hero 9 Black Acti,1,678.03,Shipment,KOLKATA,Shipment,678.03,0.0,1,False,
2025-07-13,BOM5-812,CADEN_K1-GREENN,B06XHF1FNB,Caden Cross Bag Triangle Carry Case for DSLR Sony Canon Rebel Powershot  Nikon Coolpix Kodah Olympus Pentax Sony with 1 Camera 2 Lens Tripod Green,1,2909.03,Shipment,KOLKATA,Shipment,2909.03,0.0,1,False,
2025-07-12,BOM7-859,GP10_ONEX4_STARTRC,B0DDXP86FQ,yantralay x Startr c Carrying Case for Insta 360 X4 X5  Portable PU Storage Protective Bag Travel Case for Insta 360 X4 X5 Accessories with Large Capa,1,1595.0,Shipment,KOLKATA,Shipment,1595.0,0.0,1,False,
2025-07-13,BOM5-815,GP46-M_GP46-S_GP25_150CMS,B0F99WWGGT,yantralay Motorcycle Handlebar Clamp Kit with Dual Clamp Mounts   Invisible Selfie Stick for Insta 360 X4 X3 X2 One RS GO 3   Bike Action Camera Mount,1,3879.03,Shipment,MOHALI,Shipment,3879.03,0.0,1,False,
2025-07-16,BOM5-839,ULANZI_MT-58,B0CNT53V16,Yantralay MT 58 Invisible Monopod for Insta 360 Camera Compatible with ONEX3 X2  ONE R ONER RS Insta Go3 Go2   All Other Insta   Action Cameras  MT 58,1,1657.73,Shipment,KOLKATA,Shipment,1657.73,0.0,1,False,
2025-07-15,IN-158,IN28_X5,B0F9KX96CY,yantralay Insta 360 X4 X5 Camera Mount Stand Base   Silicone Non Slip Desktop Bracket for Insta 360 X4   X5   Lightweight  Compact   Stable,1,474.33,Shipment,Lucknow,Shipment,474.33,0.0,1,False,
2025-07-12,IN-152,GP2KIT,B0F9WK57XQ,yantralay Phone Chest Mount Strap Harness for iPhone 16  Samsung  Xiaomi  Go Pro Hero 13 12 11 10 9 8 7  Action Cameras   DJ I Os mo   Mobile Holder B,1,549.0,Shipment,HNAHTHIAL,Shipment,549.0,0.0,1,False,
2025-07-16,IN-159,IN28_X5,B0F9KX96CY,yantralay Insta 360 X4 X5 Camera Mount Stand Base   Silicone Non Slip Desktop Bracket for Insta 360 X4   X5   Lightweight  Compact   Stable,1,474.33,Shipment,GUDALUR COIMBATORE DISTRICT,Shipment,474.33,0.0,1,False,
2025-07-09,BOM7-821,GP10_OM6_STARTRC,B0C55JFPKR,yantralay Waterproof Storage Case for DJI Osmo Mobile 6 with Ultimate Protection for Gimbal  Tripod  Phone Clamp  and Accessories   Includes Shoulder,1,-1299.0,Refund,BHOPAL,Refund,-1299.0,0.0,0,False,
2025-07-13,PNQ3-372,INONEX4_COMBO1,B0DX1SWJXZ,yantralay Lens Guard for Insta360 X4   Tempered Glass   Scratch Resistant Protective Lens Cover   Insta360 X4 Camera Accessories   ONEX4 Combo Kit,1,1949.0,Shipment,BARGARH,Shipment,1949.0,0.0,1,False,
2025-07-16,BOM5-845,SGOLED2,B0FDQL7DFH,yantralay Tempered Glass Screen Protector for Nintendo Switch 2  2025    Ultra Thin HD Clear Film Guard with Rounded Edges for 7 9 Inch Display  1 Pac,1,484.03,Shipment,PUNE,Shipment,484.03,0.0,1,False,
2025-07-16,BOM5-842,SGOLED2,B0FDQL7DFH,yantralay Tempered Glass Screen Protector for Nintendo Switch 2  2025    Ultra Thin HD Clear Film Guard with Rounded Edges for 7 9 Inch Display  1 Pac,1,583.03,Shipment,MUMBAI,Shipment,583.03,0.0,1,False,
2025-07-16,BOM7-912,GP10_ONEX4_STARTRC,B0DDXP86FQ,yantralay x Startr c Carrying Case for Insta 360 X4 X5  Portable PU Storage Protective Bag Travel Case for Insta 360 X4 X5 Accessories with Large Capa,1,1547.15,Shipment,DABRA,Shipment,1547.15,0.0,1,False,
2025-07-04,BOM7-751,CWATCUN_D132-LN,B0D8YFTJ5D,Cwatcun D132 Camera Backpack  Black2  Large  Camera Backpack,1,-8999.0,Refund,AURAIYA,Refund,-8999.0,0.0,0,False,
2025-07-16,BOM5-841,PS10_PS5PORTAL,B0DVT5SJD2,yantralay Hard Carrying Protective Case for Play Station Portal for PS5 Portal Console  Storage Case Only,1,969.03,Shipment,Ghaziabad,Shipment,969.03,0.0,1,False,
2025-07-16,PNQ3-378,GP10_RS4MINI_STARTRC,B0DZZFNDHP,yantralay Portable Carrying Storage Case for DJ I Ronin RS4Mini Gimbal EVA Handbag Travel Handheld Shoulder Bag  RS4MINI,1,2618.03,Shipment,BANGALORE,Shipment,2618.03,0.0,1,False,
2025-07-15,BOM5-834,GP28COMBO_X3N,B0BY8178B6,PellKing Camera Protective Accessories Kit for Insta360 X3  Inst 360 X3 Bundle Include Lens Guard Silicone Protective Cover Screen Protectors Camera C,1,1114.53,Shipment,MUMBAI,Shipment,1114.53,0.0,1,False,
2025-07-16,BOM5-843,GP47_NEW,B0DRYJZ6VH,Yantralay 360  Rotatable Camera Bike Mount Clamp Motorcycle Handlebar Pole Aluminium Mount for Insta360 X4 X3  Ace Pro Pro2  Hero13 12 11 10 9 For Os,1,1308.53,Shipment,BENGALURU,Shipment,1308.53,0.0,1,False,
2025-07-16,BOM7-920,GP47-L_TLSNK,B0BBVGXFZ2,nan,1,0.0,Cancel,VASAI VIRAR,Cancel,0.0,0.0,0,False,
2025-07-16,BOM7-917,PS10_OLEDCOMBO_GREEN,B0DJFLRGQF,yantralay 4 in 1 Carrying Case Pouch with Protective Cover for Nintendo Switch OLED  Non Slip Soft Case Cover  Screen Protectors   Thumb Grips for Swi,1,1163.03,Shipment,NEW DELHI,Shipment,1163.03,0.0,1,False,
2025-07-15,BOM7-909,PS10_OLEDCOMBO_YELLOW,B0DJFL8DBY,yantralay 4 in 1 Carrying Case Pouch with Protective Cover for Nintendo Switch OLED  Non Slip Soft Case Cover  Screen Protectors   Thumb Grips for Swi,1,1104.83,Shipment,NASHIK,Shipment,1104.83,0.0,1,False,
2025-07-16,BOM5-846,GP10_ACEPRO_STARTRC,B0CVQHCGFS,yantralay Polyurethane Portable Protective Carrying Case For Insta360 Ace Ace Pro Action Camera   Accessories   Double Protection  Lightweight With Sh,1,1614.08,Shipment,THANE,Shipment,1614.08,0.0,1,False,
2025-07-16,BOM5-857,GP47_NEW,B0DRYJZ6VH,Yantralay 360  Rotatable Camera Bike Mount Clamp Motorcycle Handlebar Pole Aluminium Mount for Insta360 X4 X3  Ace Pro Pro2  Hero13 12 11 10 9 For Os,1,1308.53,Shipment,VIJAPURA,Shipment,1308.53,0.0,1,False,
2025-07-16,BOM7-919,ACCHARGERGP5_3,B08LYVPLR9,Yantralay 3 Channel AHDBT 501 Battery Charger for Hero 5 6 7   8 Black Action Camera   USB Cable Included   Fast Charging Dock,1,765.39,Shipment,BENGALURU,Shipment,765.39,0.0,1,False,
2025-07-16,BOM5-844,PS2_BLACK,B0BL1CYSW6,yantralay Nylon Controller Gamepad Carry Case   Ultimate Protection Compatible for PS5 PS4 PS3 Switch Pro Xbox Joysticks Waterproof  Scratch Protectio,1,464.63,Shipment,THANE,Shipment,464.63,0.0,1,False,
2025-07-16,BOM5-849,GP1620_TLS,B08S7D4LKH,yantralay Upgraded Helmet Chin Strap Mount for Hero 13 12 11 10 9 8 7 6 5  SJCAM  Insta 360   DJI Osmo Action 3   4   Adjustable   Secure Camera Moun,1,1260.03,Shipment,IMPHAL,Shipment,1260.03,0.0,1,False,
2025-07-16,PNQ3-379,GP10_OA3,B0DMSYR199,yantralay Carrying Case for DJ I Os mo Action 5 Pro Action 4  Action 3 Cameras  Storage Bag Case with Shoulder Strap  DJ I Osm o Action Camera Accesso,1,1357.03,Shipment,MUMBAI,Shipment,1357.03,0.0,1,False,
2025-07-15,BOM7-910,GP1620_TLS,B08S7D4LKH,yantralay Upgraded Helmet Chin Strap Mount for Hero 13 12 11 10 9 8 7 6 5  SJCAM  Insta 360   DJI Osmo Action 3   4   Adjustable   Secure Camera Moun,1,1136.84,Shipment,BANGALORE,Shipment,1136.84,0.0,1,False,
2025-07-16,BOM5-847,DR28_RC2COVER_MP,B0CL9TH14Q,STARTRC Mini 4 Pro Sun Hood for DJI RC 2 Controller 3 IN 1 Sunshade Joysticks Screen Protector for DJI Mini 4 Pro Air 3S Air 3 Accessories Anti Scratc,1,1648.03,Shipment,BOISAR,Shipment,1648.03,0.0,1,False,
2025-07-16,BOM5-852,PS1,B0BJBL1XBS,yantralay Polyester Dual Controller Hard Carry Case Compatible With Ps5 Ps4 Xbox Ipega Controllers   3 Layer Protection Travel Carry Case   Grey,1,822.56,Shipment,AHMEDABAD,Shipment,822.56,0.0,1,False,
2025-07-16,BOM5-836,PS2_BLACK,B0BL1CYSW6,yantralay Nylon Controller Gamepad Carry Case   Ultimate Protection Compatible for PS5 PS4 PS3 Switch Pro Xbox Joysticks Waterproof  Scratch Protectio,1,464.63,Shipment,BHOPAL,Shipment,464.63,0.0,1,False,
2025-07-16,BOM7-920,GP47-L_TLSNK,B0BBVGXFZ2,Camera Bike Mount Motorcycle Handlebar Clamp Holder for GoPro Insta360 Accessories  TELESIN 360    Rotating Bicycle Cycling Attachment Accessory for,1,1793.53,Shipment,VASAI VIRAR,Shipment,1793.53,0.0,1,False,
2025-07-15,BOM7-906,GP47-L_TLSNK,B0BBVGXFZ2,Camera Bike Mount Motorcycle Handlebar Clamp Holder for GoPro Insta360 Accessories  TELESIN 360    Rotating Bicycle Cycling Attachment Accessory for,1,1793.53,Shipment,LEH,Shipment,1793.53,0.0,1,False,
2025-07-15,BOM7-907,GP47-L_TLSNK,B0BBVGXFZ2,Camera Bike Mount Motorcycle Handlebar Clamp Holder for GoPro Insta360 Accessories  TELESIN 360    Rotating Bicycle Cycling Attachment Accessory for,1,1793.53,Shipment,CUTTACK,Shipment,1793.53,0.0,1,False,
2025-07-16,BOM5-853,PS1,B0BJBL1XBS,yantralay Polyester Dual Controller Hard Carry Case Compatible With Ps5 Ps4 Xbox Ipega Controllers   3 Layer Protection Travel Carry Case   Grey,1,822.56,Shipment,SURAT,Shipment,822.56,0.0,1,False,
2025-07-14,BOM5-819,GP10_OM7P_STARTRC,B0F2J6Z8WT,yantralay Osmo Mobile 7P Case Portable PU Shoulder Bag for DJI OM 7 Pro 7 Gimbal Stabilizer Travel Case for DJI Osmo Mobile 7 7P,1,1299.0,Shipment,BHIWANI,Shipment,1299.0,0.0,1,False,
2025-07-07,BOM7-782,GP46-S,B0F91G6H93,yantralay Double Clamp Mount Bracket with 1 4  Ball Head for GoPro  Insta 360 X2 X3  Action Cameras   Handlebar  Motorcycle  Bicycle  Selfie Stick  St,1,-1606.32,Refund,Dombivli  East,Refund,-1606.32,0.0,0,False,
2025-07-15,BOM7-908,GP47-L_TLSNK,B0BBVGXFZ2,Camera Bike Mount Motorcycle Handlebar Clamp Holder for GoPro Insta360 Accessories  TELESIN 360    Rotating Bicycle Cycling Attachment Accessory for,1,1793.53,Shipment,BENGALURU,Shipment,1793.53,0.0,1,False,
2025-07-17,BOM5-863,GP46-S,B0F91G6H93,yantralay Double Clamp Mount Bracket with 1 4  Ball Head for GoPro  Insta 360 X2 X3  Action Cameras   Handlebar  Motorcycle  Bicycle  Selfie Stick  St,1,1648.03,Shipment,THIRUVANANTHAPURAM,Shipment,1648.03,0.0,1,False,
2025-07-17,PNQ3-381,PS5_CC1_GREY,B0BRJMPHKL,nan,1,0.0,Cancel,BHARUCH,Cancel,0.0,0.0,0,False,
2025-07-17,PNQ3-380,PS10_OLEDCOMBO_GREEN,B0DJFLRGQF,yantralay 4 in 1 Carrying Case Pouch with Protective Cover for Nintendo Switch OLED  Non Slip Soft Case Cover  Screen Protectors   Thumb Grips for Swi,1,1163.03,Shipment,PIMPRI CHINCHWAD,Shipment,1163.03,0.0,1,False,
2025-07-17,BOM5-862,PS2_BLACK,B0BL1CYSW6,yantralay Nylon Controller Gamepad Carry Case   Ultimate Protection Compatible for PS5 PS4 PS3 Switch Pro Xbox Joysticks Waterproof  Scratch Protectio,1,445.47,Shipment,HYDERABAD,Shipment,445.47,0.0,1,False,
2025-07-16,BOM7-915,ACFRAMEOP3_PL_VRIG,B0DDQ7BWNC,yantralay Phone Holder for DJI Osmo Pocket 3  Vlogging Camera Expansion Bracket  Adjustable Adapter Frame  Live Streaming Accessories,1,1260.03,Shipment,JALANDHAR,Shipment,1260.03,0.0,1,False,
2025-07-17,BOM7-923,PS10_OLED_YELLOW,B0BRY5GJ5Y,nan,1,0.0,Cancel,AHMEDABAD,Cancel,0.0,0.0,0,False,
2025-07-16,BOM5-850,GP47_NEW,B0DRYJZ6VH,Yantralay 360  Rotatable Camera Bike Mount Clamp Motorcycle Handlebar Pole Aluminium Mount for Insta360 X4 X3  Ace Pro Pro2  Hero13 12 11 10 9 For Os,1,1308.53,Shipment,BHIWANDI,Shipment,1308.53,0.0,1,False,
2025-07-16,BOM5-854,GP47_NEW,B0DRYJZ6VH,Yantralay 360  Rotatable Camera Bike Mount Clamp Motorcycle Handlebar Pole Aluminium Mount for Insta360 X4 X3  Ace Pro Pro2  Hero13 12 11 10 9 For Os,1,1308.53,Shipment,jalandhar,Shipment,1308.53,0.0,1,False,
2025-07-16,BOM7-914,GP10_DJIFLIP_STARTRC,B0F83B4HX3,yantralay x Start rc Pu Material Carrying Case for DJ I Flip Fly More Combo   Waterproof Travel Bag for RC2 RC N3 Remote  Batteries  Charging Hub  65W,1,1842.03,Shipment,KURALI,Shipment,1842.03,0.0,1,False,
2025-07-16,BOM7-913,GP10_DJIFLIP_STARTRC,B0F83B4HX3,yantralay x Start rc Pu Material Carrying Case for DJ I Flip Fly More Combo   Waterproof Travel Bag for RC2 RC N3 Remote  Batteries  Charging Hub  65W,1,1842.03,Shipment,BENGALURU,Shipment,1842.03,0.0,1,False,
2025-07-16,BOM7-911,GP10_DJIFLIP_STARTRC,B0F83B4HX3,yantralay x Start rc Pu Material Carrying Case for DJ I Flip Fly More Combo   Waterproof Travel Bag for RC2 RC N3 Remote  Batteries  Charging Hub  65W,1,1842.03,Shipment,BHIWADI,Shipment,1842.03,0.0,1,False,
2025-07-16,BOM5-851,GP28COMBO_X3N,B0BY8178B6,PellKing Camera Protective Accessories Kit for Insta360 X3  Inst 360 X3 Bundle Include Lens Guard Silicone Protective Cover Screen Protectors Camera C,1,1114.53,Shipment,MUMBAI,Shipment,1114.53,0.0,1,False,
2025-07-16,BOM5-856,GP12,B0D7BZ38X8,yantralay Aluminium Car Suction Mount 360  Rotatable for Insta 360 X4 X3 X2  Ace Pro ONE R RS  Hero 13 12 11 10 9 8 7  DJI Osmo Action Series   All O,1,1224.14,Shipment,MUMBAI,Shipment,1224.14,0.0,1,False,
2025-07-16,BOM5-840,GP47_NEW,B0DRYJZ6VH,Yantralay 360  Rotatable Camera Bike Mount Clamp Motorcycle Handlebar Pole Aluminium Mount for Insta360 X4 X3  Ace Pro Pro2  Hero13 12 11 10 9 For Os,1,1308.53,Shipment,KHANDALA SATARA,Shipment,1308.53,0.0,1,False,
2025-07-17,BOM5-861,GP45-M,B0F88CFJN2,yantralay Magnetic Camera Mount for Hero 13 12 11 10 9  Insta360 X5 X4 X3  Action 4 5  Osmo Pocket 3   360  Quick Release Car Holder  Heavy Duty Magn,1,1599.53,Shipment,MUMBAI,Shipment,1599.53,0.0,1,False,
2025-07-16,BOM5-838,DR28_RC2COVER_MP,B0CL9TH14Q,STARTRC Mini 4 Pro Sun Hood for DJI RC 2 Controller 3 IN 1 Sunshade Joysticks Screen Protector for DJI Mini 4 Pro Air 3S Air 3 Accessories Anti Scratc,1,1703.32,Shipment,New Delhi,Shipment,1703.32,0.0,1,False,
2025-07-17,BOM5-864,GP10KIT_KIT2,B0FBS5Q11T,yantralay 61 in 1 Action Camera Accessories Kit Compatible with Go Pro Hero 13 12 11 10 9  Action 5 4 3  Action  Insta 360 X5 X4 X3   All Other Action,1,1648.03,Shipment,MUMBAI,Shipment,1648.03,0.0,1,False,
2025-07-17,BOM7-929,PS10_OLED_YELLOW,B0BRY5GJ5Y,yantralay Carry Case Pouch Cover Compatible with Nintendo Switch OLED with Game Card Slots for Switch Switch OLED Accessories  Video Game   Yellow,1,562.6,Shipment,AHMEDABAD,Shipment,562.6,0.0,1,False,
2025-07-17,BOM5-871,GP46-M_GP46-S_GP25_150CMS,B0F99WWGGT,yantralay Motorcycle Handlebar Clamp Kit with Dual Clamp Mounts   Invisible Selfie Stick for Insta 360 X4 X3 X2 One RS GO 3   Bike Action Camera Mount,1,3879.03,Shipment,DOMBIVALI,Shipment,3879.03,0.0,1,False,
2025-07-17,BOM7-933,PS10_OLEDCOMBO_YELLOW,B0DJFL8DBY,yantralay 4 in 1 Carrying Case Pouch with Protective Cover for Nintendo Switch OLED  Non Slip Soft Case Cover  Screen Protectors   Thumb Grips for Swi,1,1104.83,Shipment,MUMBAI,Shipment,1104.83,0.0,1,False,
2025-07-16,BOM7-918,GP47-L_TLSNK,B0BBVGXFZ2,Camera Bike Mount Motorcycle Handlebar Clamp Holder for GoPro Insta360 Accessories  TELESIN 360    Rotating Bicycle Cycling Attachment Accessory for,1,1793.53,Shipment,BENGALURU,Shipment,1793.53,0.0,1,False,
2025-07-17,BOM7-928,GP47_NEW,B0DRYJZ6VH,Yantralay 360  Rotatable Camera Bike Mount Clamp Motorcycle Handlebar Pole Aluminium Mount for Insta360 X4 X3  Ace Pro Pro2  Hero13 12 11 10 9 For Os,1,1308.53,Shipment,NAVI MUMBAI,Shipment,1308.53,0.0,1,False,
2025-07-17,BOM7-924,GP47-L_TLS,B0DJ9S3SY7,yantralay x Telesin Camera Clamp Mount   360  Ball Joint Handlebar Holder for Go Pro Hero 13 12 11 10 9  Insta360 X4 X3 X2  ONE R RS  DJI Osmo Action,1,1842.03,Shipment,THANE,Shipment,1842.03,0.0,1,False,
2025-07-16,BOM7-916,GP10_ONEX4_STARTRC,B0DDXP86FQ,yantralay x Startr c Carrying Case for Insta 360 X4 X5  Portable PU Storage Protective Bag Travel Case for Insta 360 X4 X5 Accessories with Large Capa,1,1547.15,Shipment,TIRUPATI,Shipment,1547.15,0.0,1,False,
2025-07-17,BOM7-932,GP10_ONEX4_STARTRC,B0DDXP86FQ,yantralay x Startr c Carrying Case for Insta 360 X4 X5  Portable PU Storage Protective Bag Travel Case for Insta 360 X4 X5 Accessories with Large Capa,1,1547.15,Shipment,Gurugram,Shipment,1547.15,0.0,1,False,
2025-07-17,BOM5-866,PS1,B0BJBL1XBS,yantralay Polyester Dual Controller Hard Carry Case Compatible With Ps5 Ps4 Xbox Ipega Controllers   3 Layer Protection Travel Carry Case   Grey,1,822.56,Shipment,NAVI MUMBAI,Shipment,822.56,0.0,1,False,
2025-07-17,BOM7-935,PS2_WHITE,B0C46XWQRT,yantralay Controller Gamepad Carry Case   Ultimate Protection Compatible for PS5 PS4 PS3 Switch Pro Xbox Joysticks Waterproof  Scratch Protection  Dur,1,532.53,Shipment,Mumbai,Shipment,532.53,0.0,1,False,
2025-07-14,BOM7-898,SHOTGRIP_TLS,B0FCSFYHRJ,yantralay x Telesin ShotGrip   Magnetic Camera Grip with Wireless Shutter for Phone 16 15 14 13  Android  1 4  Tripod Mount Compatible  DSLR Style Cre,1,-2375.53,Refund,Betim bardez,Refund,-2375.53,0.0,0,False,
2025-07-17,BOM5-865,GP1620_TLS,B08S7D4LKH,yantralay Upgraded Helmet Chin Strap Mount for Hero 13 12 11 10 9 8 7 6 5  SJCAM  Insta 360   DJI Osmo Action 3   4   Adjustable   Secure Camera Moun,1,1136.84,Shipment,NAVI MUMBAI,Shipment,1136.84,0.0,1,False,
2025-07-17,BOM7-922,GP47-L_TLSNK,B0BBVGXFZ2,Camera Bike Mount Motorcycle Handlebar Clamp Holder for GoPro Insta360 Accessories  TELESIN 360    Rotating Bicycle Cycling Attachment Accessory for,1,1793.53,Shipment,KALADHUNGI,Shipment,1793.53,0.0,1,False,
2025-07-16,BOM5-855,GP47_NEW,B0DRYJZ6VH,Yantralay 360  Rotatable Camera Bike Mount Clamp Motorcycle Handlebar Pole Aluminium Mount for Insta360 X4 X3  Ace Pro Pro2  Hero13 12 11 10 9 For Os,1,1308.53,Shipment,AGRA,Shipment,1308.53,0.0,1,False,
2025-07-17,BOM7-934,GP43_OP3_STARTRC,B0CT3TFRJL,yantralay Ethylene Vinyl Acetate  EVA  Portable Carry Case for DJI Osmo Pocket 3 Creator Combo   Protective Bag with Adjustable Shoulder Strap   Large,1,969.03,Shipment,PUNE,Shipment,969.03,0.0,1,False,
2025-07-17,BOM5-860,GP47_NEW,B0DRYJZ6VH,Yantralay 360  Rotatable Camera Bike Mount Clamp Motorcycle Handlebar Pole Aluminium Mount for Insta360 X4 X3  Ace Pro Pro2  Hero13 12 11 10 9 For Os,1,1308.53,Shipment,NAHAN,Shipment,1308.53,0.0,1,False,
2025-07-17,BOM7-930,GP10_ONEX4_STARTRC,B0DDXP86FQ,yantralay x Startr c Carrying Case for Insta 360 X4 X5  Portable PU Storage Protective Bag Travel Case for Insta 360 X4 X5 Accessories with Large Capa,1,1547.15,Shipment,BALURGHAT,Shipment,1547.15,0.0,1,False,
2025-07-16,BOM5-858,PS1,B0BJBL1XBS,yantralay Polyester Dual Controller Hard Carry Case Compatible With Ps5 Ps4 Xbox Ipega Controllers   3 Layer Protection Travel Carry Case   Grey,1,822.56,Shipment,SURAT,Shipment,822.56,0.0,1,False,
2025-07-18,BOM5-879,GP47_NEW,B0DRYJZ6VH,Yantralay 360  Rotatable Camera Bike Mount Clamp Motorcycle Handlebar Pole Aluminium Mount for Insta360 X4 X3  Ace Pro Pro2  Hero13 12 11 10 9 For Os,1,1308.53,Shipment,AKOLA,Shipment,1308.53,0.0,1,False,
2025-07-18,BOM5-880,PS1,B0BJBL1XBS,yantralay Polyester Dual Controller Hard Carry Case Compatible With Ps5 Ps4 Xbox Ipega Controllers   3 Layer Protection Travel Carry Case   Grey,1,822.56,Shipment,MUMBAI,Shipment,822.56,0.0,1,False,
2025-07-17,BOM7-936,GP10_ONEX4_STARTRC,B0DDXP86FQ,yantralay x Startr c Carrying Case for Insta 360 X4 X5  Portable PU Storage Protective Bag Travel Case for Insta 360 X4 X5 Accessories with Large Capa,1,1547.15,Shipment,Sinnar  Nashik,Shipment,1547.15,0.0,1,False,
2025-07-17,BOM5-874,GP10_ACEPRO_STARTRC,B0CVQHCGFS,yantralay Polyurethane Portable Protective Carrying Case For Insta360 Ace Ace Pro Action Camera   Accessories   Double Protection  Lightweight With Sh,1,1745.03,Shipment,MOUNT ABU,Shipment,1745.03,0.0,1,False,
2025-07-17,BOM5-870,PS1,B0BJBL1XBS,yantralay Polyester Dual Controller Hard Carry Case Compatible With Ps5 Ps4 Xbox Ipega Controllers   3 Layer Protection Travel Carry Case   Grey,1,949.63,Shipment,MUMBAI,Shipment,949.63,0.0,1,False,
2025-07-17,BOM7-931,SHOTGRIP_TLS,B0FCSFYHRJ,yantralay x Telesin ShotGrip   Magnetic Camera Grip with Wireless Shutter for Phone 16 15 14 13  Android  1 4  Tripod Mount Compatible  DSLR Style Cre,1,2375.53,Shipment,BHOPAL,Shipment,2375.53,0.0,1,False,
2025-07-17,BOM5-873,LM_ACEPRO,B0F98Z5NKW,yantralay Magnetic Quick Release Mount for Insta 360 X5 Ace pro2 Ace pro  Lightweight Tripod Adapter   Action Camera Mounting Accessory for Ace Pro Ac,1,1260.03,Shipment,Chennai,Shipment,1260.03,0.0,1,False,
2025-07-17,BOM5-868,GP47_NEW,B0DRYJZ6VH,Yantralay 360  Rotatable Camera Bike Mount Clamp Motorcycle Handlebar Pole Aluminium Mount for Insta360 X4 X3  Ace Pro Pro2  Hero13 12 11 10 9 For Os,1,1308.53,Shipment,NEW DELHI,Shipment,1308.53,0.0,1,False,
2025-07-17,BOM5-876,PS5SLIM_CC1_BLACK,B0DDQGJB7N,yantralay Carrying case for PS5 Slim Console Gamepad Controller Headphone VR Travel Bag  Playstatio n 5 Slim Accessories   Black,1,2230.03,Shipment,PUNE,Shipment,2230.03,0.0,1,False,
2025-07-17,BOM5-875,ULANZI_MT-58,B0CNT53V16,Yantralay MT 58 Invisible Monopod for Insta 360 Camera Compatible with ONEX3 X2  ONE R ONER RS Insta Go3 Go2   All Other Insta   Action Cameras  MT 58,1,1657.73,Shipment,CALANGUTE,Shipment,1657.73,0.0,1,False,
2025-07-18,BOM5-884,GP28COMBO_X3N,B0BY8178B6,PellKing Camera Protective Accessories Kit for Insta360 X3  Inst 360 X3 Bundle Include Lens Guard Silicone Protective Cover Screen Protectors Camera C,1,1114.53,Shipment,PORT BLAIR,Shipment,1114.53,0.0,1,False,
2025-07-03,BOM5-708,CWATCUN_D129N,B0D8HTSVZH,Cwatcun Camera Backpack Hardshell for Photography  2 in1 Shockproof Camera Sling Bag  Waterproof Camera Case Crossbody with Tripod Holder  Rain Cover,1,-4599.0,Refund,Barpeta,Refund,-4599.0,0.0,0,False,
2025-07-18,BOM7-939,GP10_DJIFLIP_NYLON_STARTRC,B0F839FBX3,yantralay x Start rc Nylon Carrying Case for DJ I Flip Drone   Lightweight Travel Bag for RC2 RC N3 Controller  Propeller Guard   2 Extra Batteries,1,1842.03,Shipment,GUWAHATI,Shipment,1842.03,0.0,1,False,
2025-07-18,BOM7-946,GP43_OP3_STARTRC,B0CT3TFRJL,yantralay Ethylene Vinyl Acetate  EVA  Portable Carry Case for DJI Osmo Pocket 3 Creator Combo   Protective Bag with Adjustable Shoulder Strap   Large,1,969.03,Shipment,KHERDI,Shipment,969.03,0.0,1,False,
2025-07-18,BOM7-938,T-CL09,B0DD53BBR2,Yantralay 70  AI Face Recognition Tracking Tripod  Extendable 360 Rotation Phone Tripod   Selfie Stick with Remote and Phone Holder  Compatible with 4,1,3782.03,Shipment,UDAIPUR,Shipment,3782.03,0.0,1,False,
2025-07-18,BOM5-881,GP10KIT_H9_GP17,B0FC2Z4XM3,yantralay Complete Go Pro Hero 12 11 10 9 Accessory Bundle   Waterproof Housing Case  Silicone Protector  Filter   Lens Kit  Tempered Glass Screen Pro,1,2045.07,Shipment,Mumbai,Shipment,2045.07,0.0,1,False,
2025-07-18,BOM7-942,GP49,B0D456N4QM,yantralay Motorcycle Bike Bicycle Handlebar Mount Clamps with 1 4  Screw Compatible 8 35mm for Gopro Hero 13 12 11 10 9 Max Insta360 ONE X5 X4 X3  ONE,1,873.97,Shipment,MUMBAI,Shipment,873.97,0.0,1,False,
2025-07-18,BOM7-948,PS5SLIM_CC1_GREY,B0DDQFP6NL,yantralay Carrying case for PS 5 Slim Console Gamepad Controller Headphone VR Travel Bag  Playstatio n 5 Slim Accessories   Grey,1,2173.77,Shipment,BHOPAL,Shipment,2173.77,0.0,1,False,
2025-07-18,BOM7-949,PS5_CC1_GREY,B0BRJMPHKL,yantralay PS5 Carrying Case Bag for PS5 Console Gamepad  Controller  Headset  VR Play Station Accessories   Travel Bag   Grey,1,2375.53,Shipment,Greater Noida west,Shipment,2375.53,0.0,1,False,
2025-07-18,BOM5-882,GP10KIT_KIT2,B0FBS5Q11T,yantralay 61 in 1 Action Camera Accessories Kit Compatible with Go Pro Hero 13 12 11 10 9  Action 5 4 3  Action  Insta 360 X5 X4 X3   All Other Action,1,1580.07,Shipment,Mumbai,Shipment,1580.07,0.0,1,False,
2025-07-18,BOM5-891,GP1620_TLS,B08S7D4LKH,nan,1,0.0,Cancel,NAVI MUMBAI,Cancel,0.0,0.0,0,False,
2025-07-17,BOM5-867,GP10KIT_H9_GP17,B0FC2Z4XM3,yantralay Complete Go Pro Hero 12 11 10 9 Accessory Bundle   Waterproof Housing Case  Silicone Protector  Filter   Lens Kit  Tempered Glass Screen Pro,1,2133.03,Shipment,Dehradun,Shipment,2133.03,0.0,1,False,
2025-07-18,PNQ3-383,GP47_NEW,B0DRYJZ6VH,Yantralay 360  Rotatable Camera Bike Mount Clamp Motorcycle Handlebar Pole Aluminium Mount for Insta360 X4 X3  Ace Pro Pro2  Hero13 12 11 10 9 For Os,1,1308.53,Shipment,SRINAGAR,Shipment,1308.53,0.0,1,False,
2025-07-18,BOM7-941,GP47_NEW,B0DRYJZ6VH,Yantralay 360  Rotatable Camera Bike Mount Clamp Motorcycle Handlebar Pole Aluminium Mount for Insta360 X4 X3  Ace Pro Pro2  Hero13 12 11 10 9 For Os,1,1308.53,Shipment,HYDERABAD,Shipment,1308.53,0.0,1,False,
2025-07-18,PNQ3-384,TT-01_VRIG,B0DM21DDWQ,Yantralay x VRIG High Speed SD Card Reader  312MB S USB 3 1 Type C Dual Slots Micro SD TF Card Carrying Case Holder for Cameras  Smartphones and Actio,1,2579.23,Shipment,MUMBAI,Shipment,2579.23,0.0,1,False,
2025-07-18,BOM7-944,GP10_ONEX4_STARTRC,B0DDXP86FQ,yantralay x Startr c Carrying Case for Insta 360 X4 X5  Portable PU Storage Protective Bag Travel Case for Insta 360 X4 X5 Accessories with Large Capa,1,1547.15,Shipment,HYDERABAD,Shipment,1547.15,0.0,1,False,
2025-07-17,BOM5-872,GP46-M_GP46-S_GP25_150CMS,B0F99WWGGT,yantralay Motorcycle Handlebar Clamp Kit with Dual Clamp Mounts   Invisible Selfie Stick for Insta 360 X4 X3 X2 One RS GO 3   Bike Action Camera Mount,1,3879.03,Shipment,UJJAIN,Shipment,3879.03,0.0,1,False,
2025-07-17,BOM5-877,GP47_NEW,B0DRYJZ6VH,Yantralay 360  Rotatable Camera Bike Mount Clamp Motorcycle Handlebar Pole Aluminium Mount for Insta360 X4 X3  Ace Pro Pro2  Hero13 12 11 10 9 For Os,1,1308.53,Shipment,HYDERABAD,Shipment,1308.53,0.0,1,False,
2025-07-18,BOM5-883,SGOLED2,B0FDQL7DFH,yantralay Tempered Glass Screen Protector for Nintendo Switch 2  2025    Ultra Thin HD Clear Film Guard with Rounded Edges for 7 9 Inch Display  1 Pac,1,484.03,Shipment,SILIGURI,Shipment,484.03,0.0,1,False,
2025-07-18,PNQ3-382,GP47-LN,B0F91S2PFT,Yantralay Action Camera Handlebar Mount with 360  Dual Ball Head   Super Clamp for Go Pro  Insta 360  Mobile  Bike  Motorcycle   Universal Quick Rele,1,1842.03,Shipment,BANGALORE,Shipment,1842.03,0.0,1,False,
2025-07-18,BOM5-888,GP1620_TLS,B08S7D4LKH,yantralay Upgraded Helmet Chin Strap Mount for Hero 13 12 11 10 9 8 7 6 5  SJCAM  Insta 360   DJI Osmo Action 3   4   Adjustable   Secure Camera Moun,1,1136.84,Shipment,Bengaluru,Shipment,1136.84,0.0,1,False,
2025-07-17,PNQ3-381,PS5_CC1_GREY,B0BRJMPHKL,yantralay PS5 Carrying Case Bag for PS5 Console Gamepad  Controller  Headset  VR Play Station Accessories   Travel Bag   Grey,1,0.0,FreeReplacement,BHARUCH,FreeReplacement,0.0,0.0,0,True,
2025-07-18,BOM7-940,SHOTGRIP_TLS,B0FCSFYHRJ,yantralay x Telesin ShotGrip   Magnetic Camera Grip with Wireless Shutter for Phone 16 15 14 13  Android  1 4  Tripod Mount Compatible  DSLR Style Cre,1,2375.53,Shipment,WADHWAN,Shipment,2375.53,0.0,1,False,
2025-07-18,BOM5-893,GP47-L_TLSNK,B0BBVGXFZ2,Camera Bike Mount Motorcycle Handlebar Clamp Holder for GoPro Insta360 Accessories  TELESIN 360    Rotating Bicycle Cycling Attachment Accessory for,1,1793.53,Shipment,GURUGRAM,Shipment,1793.53,0.0,1,False,
2025-07-18,BOM7-952,PS10_OLED_GREEN,B0BRY5L26G,yantralay Carry Case Pouch Cover Compatible with Nintendo Switch OLED with Game Card Slots for Switch Switch OLED Accessories  Video Game   Green,1,597.52,Shipment,MUMBAI,Shipment,597.52,0.0,1,False,
2025-07-18,BOM5-896,DR28_RC2COVER_MP,B0CL9TH14Q,STARTRC Mini 4 Pro Sun Hood for DJI RC 2 Controller 3 IN 1 Sunshade Joysticks Screen Protector for DJI Mini 4 Pro Air 3S Air 3 Accessories Anti Scratc,1,1703.32,Shipment,NAVI MUMBAI,Shipment,1703.32,0.0,1,False,
2025-07-18,BOM7-950,GP12,B0D7BZ38X8,yantralay Aluminium Car Suction Mount 360  Rotatable for Insta 360 X4 X3 X2  Ace Pro ONE R RS  Hero 13 12 11 10 9 8 7  DJI Osmo Action Series   All O,1,1252.27,Shipment,Hyderabad,Shipment,1252.27,0.0,1,False,
2025-07-18,PNQ3-385,PS10_OLEDCOMBO_GREEN,B0DJFLRGQF,yantralay 4 in 1 Carrying Case Pouch with Protective Cover for Nintendo Switch OLED  Non Slip Soft Case Cover  Screen Protectors   Thumb Grips for Swi,1,0.0,FreeReplacement,PIMPRI CHINCHWAD,FreeReplacement,0.0,0.0,0,True,
2025-07-15,BOM5-830,PS10_OLEDCOMBO_GREEN,B0DJFLRGQF,yantralay 4 in 1 Carrying Case Pouch with Protective Cover for Nintendo Switch OLED  Non Slip Soft Case Cover  Screen Protectors   Thumb Grips for Swi,1,-1163.03,Refund,BIKANER,Refund,-1163.03,0.0,0,False,
2025-07-18,BOM5-886,ACCASEONEX5,B0FF2D12YN,Yantralay Invisible Magnetic Dive Case for Insta360 X5   60M Waterproof Underwater Housing for Deep Sea   Snorkeling Shots,1,5819.03,Shipment,CHENNAI,Shipment,5819.03,0.0,1,False,
2025-07-16,BOM7-917,PS10_OLEDCOMBO_GREEN,B0DJFLRGQF,yantralay 4 in 1 Carrying Case Pouch with Protective Cover for Nintendo Switch OLED  Non Slip Soft Case Cover  Screen Protectors   Thumb Grips for Swi,1,-1163.03,Refund,NEW DELHI,Refund,-1163.03,0.0,0,False,
2025-07-17,BOM5-869,GP47_NEW,B0DRYJZ6VH,Yantralay 360  Rotatable Camera Bike Mount Clamp Motorcycle Handlebar Pole Aluminium Mount for Insta360 X4 X3  Ace Pro Pro2  Hero13 12 11 10 9 For Os,1,1308.53,Shipment,surat,Shipment,1308.53,0.0,1,False,
2025-07-18,BOM5-887,GP10KIT_KIT2,B0FBS5Q11T,yantralay 61 in 1 Action Camera Accessories Kit Compatible with Go Pro Hero 13 12 11 10 9  Action 5 4 3  Action  Insta 360 X5 X4 X3   All Other Action,1,1648.03,Shipment,Bengaluru,Shipment,1648.03,0.0,1,False,
2025-07-18,BOM5-878,GP1620_TLS,B08S7D4LKH,yantralay Upgraded Helmet Chin Strap Mount for Hero 13 12 11 10 9 8 7 6 5  SJCAM  Insta 360   DJI Osmo Action 3   4   Adjustable   Secure Camera Moun,1,1136.84,Shipment,CHANDIGARH,Shipment,1136.84,0.0,1,False,
2025-07-18,BOM5-885,GP47_NEW,B0DRYJZ6VH,Yantralay 360  Rotatable Camera Bike Mount Clamp Motorcycle Handlebar Pole Aluminium Mount for Insta360 X4 X3  Ace Pro Pro2  Hero13 12 11 10 9 For Os,1,1308.53,Shipment,JAMMU,Shipment,1308.53,0.0,1,False,
2025-07-18,BOM7-943,TR-S-BLACK_TARIONN,B09FK27T23,TARION Camera Sling Bag DSLR Sling Pack for Photographers with Waterproof Rain Cover Tripod Holder Sling Backpack Camera Bag Backpack Photography Slin,1,4849.03,Shipment,GURUGRAM,Shipment,4849.03,0.0,1,False,
2025-07-18,BOM5-894,GP28COMBO_X3N,B0BY8178B6,PellKing Camera Protective Accessories Kit for Insta360 X3  Inst 360 X3 Bundle Include Lens Guard Silicone Protective Cover Screen Protectors Camera C,1,1114.53,Shipment,MUZAFFARPUR,Shipment,1114.53,0.0,1,False,
2025-07-15,BOM5-831,PS10_OLEDCOMBO_GREEN,B0DJFLRGQF,yantralay 4 in 1 Carrying Case Pouch with Protective Cover for Nintendo Switch OLED  Non Slip Soft Case Cover  Screen Protectors   Thumb Grips for Swi,1,-1104.83,Refund,BIKANER,Refund,-1104.83,0.0,0,False,
2025-07-19,NAN,GP100,B0723FF53T,nan,1,0.0,Cancel,KALYAN,Cancel,0.0,0.0,0,False,
2025-07-19,BOM5-901,SGOLED2,B0FDQL7DFH,yantralay Tempered Glass Screen Protector for Nintendo Switch 2  2025    Ultra Thin HD Clear Film Guard with Rounded Edges for 7 9 Inch Display  1 Pac,1,484.03,Shipment,MUMBAI,Shipment,484.03,0.0,1,False,
2025-07-19,BOM5-898,GP100,B0723FF53T,yantralay 40 in 1 Action Camera Mount Kit for Hero 13 12 11 10 9 8 7 6 5 SJCAM  Osmo Action 3   4  Insta 360   More   with Selfie Monopod  Straps  Mou,1,1104.83,Shipment,MUMBAI,Shipment,1104.83,0.0,1,False,
2025-07-18,BOM5-889,GP47_NEW,B0DRYJZ6VH,Yantralay 360  Rotatable Camera Bike Mount Clamp Motorcycle Handlebar Pole Aluminium Mount for Insta360 X4 X3  Ace Pro Pro2  Hero13 12 11 10 9 For Os,1,1308.53,Shipment,NEW DELHI,Shipment,1308.53,0.0,1,False,
2025-07-19,BOM5-904,GP100,B0723FF53T,yantralay 40 in 1 Action Camera Mount Kit for Hero 13 12 11 10 9 8 7 6 5 SJCAM  Osmo Action 3   4  Insta 360   More   with Selfie Monopod  Straps  Mou,1,1104.83,Shipment,KALYAN,Shipment,1104.83,0.0,1,False,
2025-07-18,BOM5-892,GP100,B0723FF53T,yantralay 40 in 1 Action Camera Mount Kit for Hero 13 12 11 10 9 8 7 6 5 SJCAM  Osmo Action 3   4  Insta 360   More   with Selfie Monopod  Straps  Mou,1,1104.83,Shipment,NARSINGHGARH,Shipment,1104.83,0.0,1,False,
2025-07-17,IN-160,SGOLED2_2,B0FF1NL54Q,yantralay Tempered Glass Screen Protector for Nintendo Switch 2  2025    Ultra Thin HD Clear Film Guard with Rounded Edges for 7 9 Inch Display  2 Pac,1,775.03,Shipment,Chennai,Shipment,775.03,0.0,1,False,
2025-07-18,BOM7-947,TIMESGATE_DIVOOMN,B0CG1PXHRQ,Divoom Times Gate   Cyberpunk Gaming Setup Digital Clock with Smart APP Control  WiFi Connect  RGB LED Display  Personalized Dashboard  Pixel Art for,1,18036.0,Shipment,BENGALURU,Shipment,18036.0,0.0,1,False,
2025-07-16,BOM5-857,GP47_NEW,B0DRYJZ6VH,Yantralay 360  Rotatable Camera Bike Mount Clamp Motorcycle Handlebar Pole Aluminium Mount for Insta360 X4 X3  Ace Pro Pro2  Hero13 12 11 10 9 For Os,1,-1308.53,Refund,VIJAPURA,Refund,-1308.53,0.0,0,False,
2025-07-18,BOM7-951,GP10_DJIFLIP_STARTRC,B0F83B4HX3,yantralay x Start rc Pu Material Carrying Case for DJ I Flip Fly More Combo   Waterproof Travel Bag for RC2 RC N3 Remote  Batteries  Charging Hub  65W,1,1842.03,Shipment,Ghaziabad,Shipment,1842.03,0.0,1,False,
2025-07-19,BOM5-899,SGOLED2,B0FDQL7DFH,yantralay Tempered Glass Screen Protector for Nintendo Switch 2  2025    Ultra Thin HD Clear Film Guard with Rounded Edges for 7 9 Inch Display  1 Pac,1,484.03,Shipment,Hyderabad,Shipment,484.03,0.0,1,False,
2025-07-19,BOM7-953,GP10_ONEX4_STARTRC,B0DDXP86FQ,yantralay x Startr c Carrying Case for Insta 360 X4 X5  Portable PU Storage Protective Bag Travel Case for Insta 360 X4 X5 Accessories with Large Capa,1,1483.35,Shipment,GORAKHPUR,Shipment,1483.35,0.0,1,False,
2025-07-18,BOM7-937,GP10_OM6_STARTRCN,B09HRM8R6B,STARTRC Case Polyurethane  PU  Waterproof Portable Storge Shoulder Bag TravelMate Case for DJI Osmo Mobile 6 Gimbal Stabilizer,1,1163.03,Shipment,AHMADNAGAR,Shipment,1163.03,0.0,1,False,
2025-07-19,BOM5-907,SGOLED2,B0FDQL7DFH,yantralay Tempered Glass Screen Protector for Nintendo Switch 2  2025    Ultra Thin HD Clear Film Guard with Rounded Edges for 7 9 Inch Display  1 Pac,1,484.03,Shipment,New Delhi,Shipment,484.03,0.0,1,False,
2025-07-19,BOM5-902,PS1,B0BJBL1XBS,yantralay Polyester Dual Controller Hard Carry Case Compatible With Ps5 Ps4 Xbox Ipega Controllers   3 Layer Protection Travel Carry Case   Grey,1,877.85,Shipment,MUMBAI,Shipment,877.85,0.0,1,False,
2025-07-19,BOM5-900,GP46-M_GP46-S_GP25_150CMS,B0F99WWGGT,yantralay Motorcycle Handlebar Clamp Kit with Dual Clamp Mounts   Invisible Selfie Stick for Insta 360 X4 X3 X2 One RS GO 3   Bike Action Camera Mount,1,4254.42,Shipment,MUMBAI,Shipment,4254.42,0.0,1,False,
2025-07-19,BOM5-906,GP47_NEW,B0DRYJZ6VH,Yantralay 360  Rotatable Camera Bike Mount Clamp Motorcycle Handlebar Pole Aluminium Mount for Insta360 X4 X3  Ace Pro Pro2  Hero13 12 11 10 9 For Os,1,1308.53,Shipment,DHARMSALA,Shipment,1308.53,0.0,1,False,
2025-07-18,BOM5-887,GP10KIT_KIT2,B0FBS5Q11T,yantralay 61 in 1 Action Camera Accessories Kit Compatible with Go Pro Hero 13 12 11 10 9  Action 5 4 3  Action  Insta 360 X5 X4 X3   All Other Action,1,-1648.03,Refund,Bengaluru,Refund,-1648.03,0.0,0,False,
2025-07-19,BOM5-909,GP1620_TLS,B08S7D4LKH,yantralay Upgraded Helmet Chin Strap Mount for Hero 13 12 11 10 9 8 7 6 5  SJCAM  Insta 360   DJI Osmo Action 3   4   Adjustable   Secure Camera Moun,1,1164.97,Shipment,Mumbai,Shipment,1164.97,0.0,1,False,
2025-07-18,BOM5-890,GP1620_TLS,B08S7D4LKH,yantralay Upgraded Helmet Chin Strap Mount for Hero 13 12 11 10 9 8 7 6 5  SJCAM  Insta 360   DJI Osmo Action 3   4   Adjustable   Secure Camera Moun,1,1136.84,Shipment,Varthur,Shipment,1136.84,0.0,1,False,
2025-07-19,BOM5-903,GP100,B0723FF53T,yantralay 40 in 1 Action Camera Mount Kit for Hero 13 12 11 10 9 8 7 6 5 SJCAM  Osmo Action 3   4  Insta 360   More   with Selfie Monopod  Straps  Mou,1,1104.83,Shipment,Bengaluru,Shipment,1104.83,0.0,1,False,
2025-07-19,BOM5-911,SGOLED2,B0FDQL7DFH,yantralay Tempered Glass Screen Protector for Nintendo Switch 2  2025    Ultra Thin HD Clear Film Guard with Rounded Edges for 7 9 Inch Display  1 Pac,1,484.03,Shipment,VIJAYAWADA,Shipment,484.03,0.0,1,False,
2025-07-19,BOM7-956,DR_STRAP-1133202,B0CNLDVL42,STARTRC Lanyard Neck Strap for DJI RC Controller  Adjustable for Mini 4 Pro Air 3 Mini 3 Mavic 3 Remote Controller Accessories  Grey,1,1565.58,Shipment,MUMBAI,Shipment,1565.58,0.0,1,False,
2025-07-19,BOM5-914,GP28_H13,B0DHYDQL5V,Yantralay Silicone Lanyard Sleeve Protective Cover   6PCS Tempered Glass Screen Guard with Silicone Lens Cover Compatible with Go Pro Hero 9 Black Act,1,387.03,Shipment,MUMBAI,Shipment,387.03,0.0,1,False,
2025-07-19,BOM5-908,PS2_BLACK,B0BL1CYSW6,yantralay Nylon Controller Gamepad Carry Case   Ultimate Protection Compatible for PS5 PS4 PS3 Switch Pro Xbox Joysticks Waterproof  Scratch Protectio,1,464.63,Shipment,AHMEDABAD,Shipment,464.63,0.0,1,False,
2025-07-19,BOM5-913,GP45-M,B0F88CFJN2,yantralay Magnetic Camera Mount for Hero 13 12 11 10 9  Insta360 X5 X4 X3  Action 4 5  Osmo Pocket 3   360  Quick Release Car Holder  Heavy Duty Magn,1,1649.0,Shipment,LUCKNOW,Shipment,1649.0,0.0,1,False,
2025-07-20,BOM7-958,PS10_OLEDCOMBO_GREEN,B0DJFLRGQF,yantralay 4 in 1 Carrying Case Pouch with Protective Cover for Nintendo Switch OLED  Non Slip Soft Case Cover  Screen Protectors   Thumb Grips for Swi,1,1104.83,Shipment,Pune,Shipment,1104.83,0.0,1,False,
2025-07-19,BOM7-954,GP47-S,B08RDGDZJG,Taisioner Super Clamp Mount Double Ball Head Adapter Compatible with GoPro AKASO DJI Action or DSLR Camera Accessories,1,852.63,Shipment,PUNE,Shipment,852.63,0.0,1,False,
2025-07-19,BOM5-905,GP47_NEW,B0DRYJZ6VH,Yantralay 360  Rotatable Camera Bike Mount Clamp Motorcycle Handlebar Pole Aluminium Mount for Insta360 X4 X3  Ace Pro Pro2  Hero13 12 11 10 9 For Os,1,1308.53,Shipment,PUNE,Shipment,1308.53,0.0,1,False,
2025-07-20,BOM7-957,CWATCUN_D129N,B0D8HTSVZH,Cwatcun Camera Backpack Hardshell for Photography  2 in1 Shockproof Camera Sling Bag  Waterproof Camera Case Crossbody with Tripod Holder  Rain Cover,1,4461.03,Shipment,SAGAR,Shipment,4461.03,0.0,1,False,
2025-07-19,BOM5-910,SGOLED2,B0FDQL7DFH,yantralay Tempered Glass Screen Protector for Nintendo Switch 2  2025    Ultra Thin HD Clear Film Guard with Rounded Edges for 7 9 Inch Display  1 Pac,1,484.03,Shipment,CHENNAI,Shipment,484.03,0.0,1,False,
2025-07-20,BOM5-916,SGOLED2,B0FDQL7DFH,yantralay Tempered Glass Screen Protector for Nintendo Switch 2  2025    Ultra Thin HD Clear Film Guard with Rounded Edges for 7 9 Inch Display  1 Pac,2,928.14,Shipment,KOLKATA,Shipment,928.14,0.0,2,False,
2025-07-18,BOM5-895,SGOLED2,B0FDQL7DFH,yantralay Tempered Glass Screen Protector for Nintendo Switch 2  2025    Ultra Thin HD Clear Film Guard with Rounded Edges for 7 9 Inch Display  1 Pac,1,484.03,Shipment,MUMBAI,Shipment,484.03,0.0,1,False,
2025-07-20,PNQ3-386,PS2_BLACK,B0BL1CYSW6,yantralay Nylon Controller Gamepad Carry Case   Ultimate Protection Compatible for PS5 PS4 PS3 Switch Pro Xbox Joysticks Waterproof  Scratch Protectio,1,464.63,Shipment,GANDHINAGAR,Shipment,464.63,0.0,1,False,
2025-07-20,BOM7-959,SHOTGRIP_TLS,B0FCSFYHRJ,nan,1,0.0,Cancel,MANSA,Cancel,0.0,0.0,0,False,
2025-07-19,BOM5-897,GP10KIT_H9_GP17,B0FC2Z4XM3,yantralay Complete Go Pro Hero 12 11 10 9 Accessory Bundle   Waterproof Housing Case  Silicone Protector  Filter   Lens Kit  Tempered Glass Screen Pro,1,2133.03,Shipment,KADAPA,Shipment,2133.03,0.0,1,False,
2025-07-18,BOM5-888,GP1620_TLS,B08S7D4LKH,yantralay Upgraded Helmet Chin Strap Mount for Hero 13 12 11 10 9 8 7 6 5  SJCAM  Insta 360   DJI Osmo Action 3   4   Adjustable   Secure Camera Moun,1,-1136.84,Refund,Bengaluru,Refund,-1136.84,0.0,0,False,
2025-07-14,BOM7-900,PS10_OLEDCOMBO_GREEN,B0DJFLRGQF,yantralay 4 in 1 Carrying Case Pouch with Protective Cover for Nintendo Switch OLED  Non Slip Soft Case Cover  Screen Protectors   Thumb Grips for Swi,1,-1104.83,Refund,MUMBAI,Refund,-1104.83,0.0,0,False,
2025-07-13,BOM7-878,GP47-L_TLSNK,B0BBVGXFZ2,Camera Bike Mount Motorcycle Handlebar Clamp Holder for GoPro Insta360 Accessories  TELESIN 360    Rotating Bicycle Cycling Attachment Accessory for,1,-1849.0,Refund,Pune,Refund,-1849.0,0.0,0,False,
2025-07-20,BOM5-920,GP100,B0723FF53T,yantralay 40 in 1 Action Camera Mount Kit for Hero 13 12 11 10 9 8 7 6 5 SJCAM  Osmo Action 3   4  Insta 360   More   with Selfie Monopod  Straps  Mou,1,1104.83,Shipment,SURAT,Shipment,1104.83,0.0,1,False,
2025-07-20,BOM5-918,DA31,B0CGDMJ882,Yantralay DSLR Battery Pouch   Portable Waterproof Bag for lp e6 e8 e10 e12 en el14 el15 fw50 f550 Batteries   Convenient Access Design   Compact and,1,484.03,Shipment,MUMBAI,Shipment,484.03,0.0,1,False,
2025-07-19,BOM5-915,SGOLED2,B0FDQL7DFH,yantralay Tempered Glass Screen Protector for Nintendo Switch 2  2025    Ultra Thin HD Clear Film Guard with Rounded Edges for 7 9 Inch Display  1 Pac,1,484.03,Shipment,MUMBAI,Shipment,484.03,0.0,1,False,
2025-07-20,BOM7-960,GP10_DJIFLIP_NYLON_STARTRC,B0F839FBX3,yantralay x Start rc Nylon Carrying Case for DJ I Flip Drone   Lightweight Travel Bag for RC2 RC N3 Controller  Propeller Guard   2 Extra Batteries,1,1842.03,Shipment,Pune,Shipment,1842.03,0.0,1,False,
2025-07-19,BOM5-912,PS1,B0BJBL1XBS,yantralay Polyester Dual Controller Hard Carry Case Compatible With Ps5 Ps4 Xbox Ipega Controllers   3 Layer Protection Travel Carry Case   Grey,1,877.85,Shipment,AHMEDABAD,Shipment,877.85,0.0,1,False,
2025-07-20,BOM5-921,PS10_OLEDCOMBO_GREEN,B0DJFLRGQF,yantralay 4 in 1 Carrying Case Pouch with Protective Cover for Nintendo Switch OLED  Non Slip Soft Case Cover  Screen Protectors   Thumb Grips for Swi,1,1104.83,Shipment,MUMBAI,Shipment,1104.83,0.0,1,False,
2025-07-20,BOM7-963,GP162TELESINN,B07G5XWJJM,TELESIN Motorcycle Helmet Strap Mount Front Chin Mount for GoPro Hero 2018 7 6 5 4 3  Session  SJCAM  AKASO  Campark  Polaroid  YI Action Camera Helme,1,770.18,Shipment,RAIGARH,Shipment,770.18,0.0,1,False,
2025-07-20,BOM7-964,PS10_OLEDCOMBO_GREEN,B0DJFLRGQF,yantralay 4 in 1 Carrying Case Pouch with Protective Cover for Nintendo Switch OLED  Non Slip Soft Case Cover  Screen Protectors   Thumb Grips for Swi,1,1104.83,Shipment,NEW DELHI,Shipment,1104.83,0.0,1,False,
2025-07-20,BOM5-919,PS1,B0BJBL1XBS,yantralay Polyester Dual Controller Hard Carry Case Compatible With Ps5 Ps4 Xbox Ipega Controllers   3 Layer Protection Travel Carry Case   Grey,1,877.85,Shipment,MUMBAI,Shipment,877.85,0.0,1,False,
2025-07-20,BOM7-962,CWATCUN_D129N,B0D8HTSVZH,Cwatcun Camera Backpack Hardshell for Photography  2 in1 Shockproof Camera Sling Bag  Waterproof Camera Case Crossbody with Tripod Holder  Rain Cover,1,4461.03,Shipment,NAVI MUMBAI,Shipment,4461.03,0.0,1,False,
2025-07-16,BOM5-850,GP47_NEW,B0DRYJZ6VH,Yantralay 360  Rotatable Camera Bike Mount Clamp Motorcycle Handlebar Pole Aluminium Mount for Insta360 X4 X3  Ace Pro Pro2  Hero13 12 11 10 9 For Os,1,-1308.53,Refund,BHIWANDI,Refund,-1308.53,0.0,0,False,
2025-07-20,BOM5-922,GP28_H13,B0DHYDQL5V,Yantralay Silicone Lanyard Sleeve Protective Cover   6PCS Tempered Glass Screen Guard with Silicone Lens Cover Compatible with Go Pro Hero 9 Black Act,1,0.0,FreeReplacement,MUMBAI,FreeReplacement,0.0,0.0,0,True,
2025-07-20,BOM5-917,PS2_BLACK,B0BL1CYSW6,yantralay Nylon Controller Gamepad Carry Case   Ultimate Protection Compatible for PS5 PS4 PS3 Switch Pro Xbox Joysticks Waterproof  Scratch Protectio,1,504.63,Shipment,KANNIYAKUMARI,Shipment,504.63,0.0,1,False,
2025-07-18,BOM7-946,GP43_OP3_STARTRC,B0CT3TFRJL,yantralay Ethylene Vinyl Acetate  EVA  Portable Carry Case for DJI Osmo Pocket 3 Creator Combo   Protective Bag with Adjustable Shoulder Strap   Large,1,-969.03,Refund,KHERDI,Refund,-969.03,0.0,0,False,
2025-07-09,PNQ3-360,PS5_VERTICALSTAND,B0DGTZGCNQ,yantralay 2 in 1 Vertical Stand for PS 5   PS 5 Slim Consoles Non Slip Base Mount for PS 5 Accessories  for PS5   PS5 Slim Digital   Disc Version,1,-899.0,Refund,MUZAFFARNAGAR,Refund,-899.0,0.0,0,False,
2025-07-20,PNQ3-387,GP46-M,B0F91GXT2N,yantralay Double Clamp Mount Bracket with 1 4  Ball Head for GoPro  Insta 360 X2 X3  Action Cameras   Handlebar  Motorcycle  Bicycle  Selfie Stick  St,1,1701.38,Shipment,SATARA,Shipment,1701.38,0.0,1,False,
2025-07-20,BOM7-965,LM1_OA3,B0DRW3QS3C,yantralay Magnet Adapter Mount for DJI Action 5 4 3   Quick Release Tripod Adapter with Secure Claws for Outdoor Use,1,944.78,Shipment,mandsaur,Shipment,944.78,0.0,1,False,
2025-07-17,BOM5-867,GP10KIT_H9_GP17,B0FC2Z4XM3,yantralay Complete Go Pro Hero 12 11 10 9 Accessory Bundle   Waterproof Housing Case  Silicone Protector  Filter   Lens Kit  Tempered Glass Screen Pro,1,-2133.03,Refund,Dehradun,Refund,-2133.03,0.0,0,False,
2025-07-18,BOM7-937,GP10_OM6_STARTRCN,B09HRM8R6B,STARTRC Case Polyurethane  PU  Waterproof Portable Storge Shoulder Bag TravelMate Case for DJI Osmo Mobile 6 Gimbal Stabilizer,1,-1163.03,Refund,AHMADNAGAR,Refund,-1163.03,0.0,0,False,
2025-07-21,BOM7-966,ACCHARGERGP5_3,B08LYVPLR9,Yantralay 3 Channel AHDBT 501 Battery Charger for Hero 5 6 7   8 Black Action Camera   USB Cable Included   Fast Charging Dock,1,798.31,Shipment,Bengaluru,Shipment,798.31,0.0,1,False,
2025-07-20,PNQ3-386,PS2_BLACK,B0BL1CYSW6,yantralay Nylon Controller Gamepad Carry Case   Ultimate Protection Compatible for PS5 PS4 PS3 Switch Pro Xbox Joysticks Waterproof  Scratch Protectio,1,-464.63,Refund,GANDHINAGAR,Refund,-464.63,0.0,0,False,
2025-07-21,BOM5-923,GP1620_TLS,B08S7D4LKH,yantralay Upgraded Helmet Chin Strap Mount for Hero 13 12 11 10 9 8 7 6 5  SJCAM  Insta 360   DJI Osmo Action 3   4   Adjustable   Secure Camera Moun,1,1164.97,Shipment,KARKAL,Shipment,1164.97,0.0,1,False,
2025-07-20,BOM7-961,GP10_DJIFLIP_STARTRC,B0F83B4HX3,yantralay x Start rc Pu Material Carrying Case for DJ I Flip Fly More Combo   Waterproof Travel Bag for RC2 RC N3 Remote  Batteries  Charging Hub  65W,1,1842.03,Shipment,GURUGRAM,Shipment,1842.03,0.0,1,False,
2025-07-21,PNQ3-388,GP46-S,B0F91G6H93,yantralay Double Clamp Mount Bracket with 1 4  Ball Head for GoPro  Insta 360 X2 X3  Action Cameras   Handlebar  Motorcycle  Bicycle  Selfie Stick  St,1,1540.08,Shipment,UDAIPUR,Shipment,1540.08,0.0,1,False,
2025-07-21,BOM7-969,GP47_NEW,B0DRYJZ6VH,Yantralay 360  Rotatable Camera Bike Mount Clamp Motorcycle Handlebar Pole Aluminium Mount for Insta360 X4 X3  Ace Pro Pro2  Hero13 12 11 10 9 For Os,1,1308.53,Shipment,SARAI MIR,Shipment,1308.53,0.0,1,False,
2025-07-14,BOM7-903,GP28_H13,B0DHYDQL5V,Yantralay Silicone Lanyard Sleeve Protective Cover   6PCS Tempered Glass Screen Guard with Silicone Lens Cover Compatible with Go Pro Hero 9 Black Act,1,-387.03,Refund,CHINCHWAD,Refund,-387.03,0.0,0,False,
2025-07-21,BOM5-926,PS2_WHITE,B0C46XWQRT,yantralay Controller Gamepad Carry Case   Ultimate Protection Compatible for PS5 PS4 PS3 Switch Pro Xbox Joysticks Waterproof  Scratch Protection  Dur,1,549.0,Shipment,NEW DELHI,Shipment,549.0,0.0,1,False,
2025-07-21,BOM5-929,PS10_OLEDCOMBO_YELLOW,B0DJFL8DBY,yantralay 4 in 1 Carrying Case Pouch with Protective Cover for Nintendo Switch OLED  Non Slip Soft Case Cover  Screen Protectors   Thumb Grips for Swi,1,1139.0,Shipment,GURUGRAM,Shipment,1139.0,0.0,1,False,
2025-07-21,PNQ3-390,ND_AVATA2_STARTRC,B0DX7CQYH1,Yantralay x Start rc 4 Pack ND8 ND16 ND32 ND64 Filter Compatible with DJI Avata 2  Neutral Density Camera Lens ND Filter,1,3399.0,Shipment,SANGLI MIRAJ KUPWAD,Shipment,3399.0,0.0,1,False,
2025-07-21,BOM5-930,ND_DJIFLIP-6_STARTRCN,B0DT1GJ13Z,ND UV CPL Filter Set for DJI Flip Accessories ND16 ND32 ND64 ND128 CPL UV Drone Lens Filters Set  Multi Coated HD Optical Glass 6 Pack,1,3752.0,Shipment,Thakurli,Shipment,3752.0,0.0,1,False,
2025-07-21,BOM7-968,GP49,B0D456N4QM,yantralay Motorcycle Bike Bicycle Handlebar Mount Clamps with 1 4  Screw Compatible 8 35mm for Gopro Hero 13 12 11 10 9 Max Insta360 ONE X5 X4 X3  ONE,1,873.97,Shipment,AHMEDABAD,Shipment,873.97,0.0,1,False,
2025-07-21,BOM5-924,CADEN_D17N,B0829MQ79Z,CADeN D17 Camera Shoulder Backpack,1,2909.03,Shipment,HYDERABAD,Shipment,2909.03,0.0,1,False,
2025-07-21,BOM7-970,GP46-S,B0F91G6H93,yantralay Double Clamp Mount Bracket with 1 4  Ball Head for GoPro  Insta 360 X2 X3  Action Cameras   Handlebar  Motorcycle  Bicycle  Selfie Stick  St,1,1540.08,Shipment,UDAIPUR,Shipment,1540.08,0.0,1,False,
2025-07-21,BOM7-971,ACCHARGERGP5_3,B08LYVPLR9,Yantralay 3 Channel AHDBT 501 Battery Charger for Hero 5 6 7   8 Black Action Camera   USB Cable Included   Fast Charging Dock,1,798.31,Shipment,PUNE,Shipment,798.31,0.0,1,False,
2025-07-21,PNQ3-393,GP46-L,B0F91GCRP4,yantralay Double Clamp Mount Bracket with 1 4  Ball Head for Go Pro 13 12 11  Insta 360 X5 X4 X3 Handlebar  Motorcycle  Bicycle  Selfie Stick  Studio,1,1851.0,Shipment,pune,Shipment,1851.0,0.0,1,False,
2025-07-21,BOM5-927,DA31,B0CGDMJ882,Yantralay DSLR Battery Pouch   Portable Waterproof Bag for lp e6 e8 e10 e12 en el14 el15 fw50 f550 Batteries   Convenient Access Design   Compact and,1,484.03,Shipment,BENGALURU,Shipment,484.03,0.0,1,False,
2025-07-21,PNQ3-389,DR_STRAP-1133202,B0CNLDVL42,STARTRC Lanyard Neck Strap for DJI RC Controller  Adjustable for Mini 4 Pro Air 3 Mini 3 Mavic 3 Remote Controller Accessories  Grey,1,1565.58,Shipment,Udupi,Shipment,1565.58,0.0,1,False,
2025-07-10,BOM7-839,SGOLED2,B0FDQL7DFH,yantralay Tempered Glass Screen Protector for Nintendo Switch 2  2025    Ultra Thin HD Clear Film Guard with Rounded Edges for 7 9 Inch Display  1 Pac,1,-499.0,Refund,MUMBAI,Refund,-499.0,0.0,0,False,
2025-07-21,BOM7-972,ACCHARGERGP5_3,B08LYVPLR9,nan,1,0.0,Cancel,Bengaluru Urban,Cancel,0.0,0.0,0,False,
2025-07-21,PNQ3-391,GP47_NEW,B0DRYJZ6VH,Yantralay 360  Rotatable Camera Bike Mount Clamp Motorcycle Handlebar Pole Aluminium Mount for Insta360 X4 X3  Ace Pro Pro2  Hero13 12 11 10 9 For Os,1,1308.53,Shipment,Ghaziabad,Shipment,1308.53,0.0,1,False,
2025-07-21,PNQ3-392,GP47_NEW,B0DRYJZ6VH,Yantralay 360  Rotatable Camera Bike Mount Clamp Motorcycle Handlebar Pole Aluminium Mount for Insta360 X4 X3  Ace Pro Pro2  Hero13 12 11 10 9 For Os,1,1308.53,Shipment,PUNE,Shipment,1308.53,0.0,1,False,
2025-07-22,PNQ3-394,PS5_CC1_GREY,B0BRJMPHKL,yantralay PS5 Carrying Case Bag for PS5 Console Gamepad  Controller  Headset  VR Play Station Accessories   Travel Bag   Grey,1,2449.0,Shipment,MUMBAI,Shipment,2449.0,0.0,1,False,
2025-07-14,BOM5-823,ACCHARGERONEX4_3_AMG,B0DWLH6MJ3,Yantralay x amagisn 3 Slot Battery Charger Compatible for Insta360 X4 Camera  Charging Dock for X4 Accessories,1,-1339.57,Refund,CHENNAI,Refund,-1339.57,0.0,0,False,
2025-07-22,BOM5-932,GP49,B0D456N4QM,yantralay Motorcycle Bike Bicycle Handlebar Mount Clamps with 1 4  Screw Compatible 8 35mm for Gopro Hero 13 12 11 10 9 Max Insta360 ONE X5 X4 X3  ONE,1,873.97,Shipment,NAVI MUMBAI,Shipment,873.97,0.0,1,False,
2025-07-16,BOM5-847,DR28_RC2COVER_MP,B0CL9TH14Q,STARTRC Mini 4 Pro Sun Hood for DJI RC 2 Controller 3 IN 1 Sunshade Joysticks Screen Protector for DJI Mini 4 Pro Air 3S Air 3 Accessories Anti Scratc,1,-1648.03,Refund,BOISAR,Refund,-1648.03,0.0,0,False,
2025-07-14,BOM7-894,GP10_DJIFLIP_STARTRC,B0F83B4HX3,yantralay x Start rc Pu Material Carrying Case for DJ I Flip Fly More Combo   Waterproof Travel Bag for RC2 RC N3 Remote  Batteries  Charging Hub  65W,1,-1842.03,Refund,BENGALURU,Refund,-1842.03,0.0,0,False,
2025-07-22,BOM7-975,ACCHARGERGP5_3,B08LYVPLR9,Yantralay 3 Channel AHDBT 501 Battery Charger for Hero 5 6 7   8 Black Action Camera   USB Cable Included   Fast Charging Dock,1,823.0,Shipment,PUNE,Shipment,823.0,0.0,1,False,
2025-07-21,BOM5-925,GP43_OP3_STARTRC,B0CT3TFRJL,yantralay Ethylene Vinyl Acetate  EVA  Portable Carry Case for DJI Osmo Pocket 3 Creator Combo   Protective Bag with Adjustable Shoulder Strap   Large,1,969.03,Shipment,BETUL,Shipment,969.03,0.0,1,False,
2025-07-22,BOM5-931,GP46-L_GP46-S_GP25_150CMS_TUYU,B0FCYMLQ95,yantralay Aluminium Dual Clamp Handlebar Mount Kit for Action Cameras   Invisible Selfie Stick Setup   Compatible with Insta 360 X5 X4  Go Pro 13 12 1,1,4849.03,Shipment,HYDERABAD,Shipment,4849.03,0.0,1,False,
2025-07-22,PNQ3-395,PS2_BLUE,B0BL1H24P4,yantralay Controller Gamepad Carry Case   Ultimate Protection Compatible for PS5 PS4 PS3 Switch Pro Xbox Joysticks Waterproof  Scratch Protection  Dur,1,499.0,Shipment,HYDERABAD,Shipment,499.0,0.0,1,False,
2025-07-22,BOM7-976,GP10_DJIFLIP_STARTRC,B0F83B4HX3,yantralay x Start rc Pu Material Carrying Case for DJ I Flip Fly More Combo   Waterproof Travel Bag for RC2 RC N3 Remote  Batteries  Charging Hub  65W,1,1899.0,Shipment,PIMPRI CHINCHWAD,Shipment,1899.0,0.0,1,False,
2025-07-22,BOM5-933,LGONEX4_PREMIUM,B0DZ13Z8RF,yantralay Lens Protector for Insta360 X4  Removable Optical Glass Lens   Anti Scratch  Insta 360 X4 Accessories,1,2534.0,Shipment,AHMEDABAD,Shipment,2534.0,0.0,1,False,
2025-07-12,BOM7-870,SHOTGRIP_TLSN,B0F66YYCTQ,Magnetic Phone Camera Grip  Smartphone Shooting Holder Selfie Handle Snap with Wireless Shutter Button Remote for iPhone 16 15 14 13 12 Pro Max Androi,1,-2449.0,Refund,LUDHIANA,Refund,-2449.0,0.0,0,False,
2025-07-22,BOM5-936,GP1620_TLS,B08S7D4LKH,yantralay Upgraded Helmet Chin Strap Mount for Hero 13 12 11 10 9 8 7 6 5  SJCAM  Insta 360   DJI Osmo Action 3   4   Adjustable   Secure Camera Moun,1,1201.0,Shipment,BHIWADI,Shipment,1201.0,0.0,1,False,
2025-07-22,BOM7-977,ACFRAMEOP3_PL_VRIG,B0DDQ7BWNC,yantralay Phone Holder for DJI Osmo Pocket 3  Vlogging Camera Expansion Bracket  Adjustable Adapter Frame  Live Streaming Accessories,1,1299.0,Shipment,Chennai,Shipment,1299.0,0.0,1,False,
2025-07-22,BOM5-939,GP43_OP3_STARTRC,B0CT3TFRJL,yantralay Ethylene Vinyl Acetate  EVA  Portable Carry Case for DJI Osmo Pocket 3 Creator Combo   Protective Bag with Adjustable Shoulder Strap   Large,1,999.0,Shipment,ORDNANCE FACTORY ITARSI TOWNSHIP,Shipment,999.0,0.0,1,False,
2025-07-22,BOM5-938,GP28_H13,B0DHYDQL5V,Yantralay Silicone Lanyard Sleeve Protective Cover   6PCS Tempered Glass Screen Guard with Silicone Lens Cover Compatible with Go Pro Hero 9 Black Act,1,399.0,Shipment,GURUGRAM,Shipment,399.0,0.0,1,False,
2025-07-22,BOM7-978,DR_STRAP-1133202,B0CNLDVL42,STARTRC Lanyard Neck Strap for DJI RC Controller  Adjustable for Mini 4 Pro Air 3 Mini 3 Mavic 3 Remote Controller Accessories  Grey,1,1614.0,Shipment,BHUBANESWAR,Shipment,1614.0,0.0,1,False,
2025-07-23,BOM5-940,GP43_OP3_STARTRC,B0CT3TFRJL,yantralay Ethylene Vinyl Acetate  EVA  Portable Carry Case for DJI Osmo Pocket 3 Creator Combo   Protective Bag with Adjustable Shoulder Strap   Large,1,999.0,Shipment,PALLIKKUNNU,Shipment,999.0,0.0,1,False,
2025-07-18,BOM7-949,PS5_CC1_GREY,B0BRJMPHKL,yantralay PS5 Carrying Case Bag for PS5 Console Gamepad  Controller  Headset  VR Play Station Accessories   Travel Bag   Grey,1,-2375.53,Refund,Greater Noida west,Refund,-2375.53,0.0,0,False,
2025-07-22,BOM5-934,GP10KIT_H9_GP17,B0FC2Z4XM3,yantralay Complete Go Pro Hero 12 11 10 9 Accessory Bundle   Waterproof Housing Case  Silicone Protector  Filter   Lens Kit  Tempered Glass Screen Pro,1,2199.0,Shipment,VISSANNAPET,Shipment,2199.0,0.0,1,False,
2025-07-21,BOM5-928,GP10KIT_H9_GP17,B0FC2Z4XM3,yantralay Complete Go Pro Hero 12 11 10 9 Accessory Bundle   Waterproof Housing Case  Silicone Protector  Filter   Lens Kit  Tempered Glass Screen Pro,1,2133.03,Shipment,GOTHAN,Shipment,2133.03,0.0,1,False,
2025-07-23,BOM5-942,CADEN_D17N,B0829MQ79Z,CADeN D17 Camera Shoulder Backpack,1,2999.0,Shipment,Chennai,Shipment,2999.0,0.0,1,False,
2025-07-23,BOM7-979,ACFRAMEOP3_PL_VRIG,B0DDQ7BWNC,yantralay Phone Holder for DJI Osmo Pocket 3  Vlogging Camera Expansion Bracket  Adjustable Adapter Frame  Live Streaming Accessories,1,1299.0,Shipment,Haldwani,Shipment,1299.0,0.0,1,False,
2025-07-23,BOM7-980,PS10_PS5PORTALCOMBO,B0DF2Z2X1Q,yantralay 6 in 1 Hard Carrying Case with Protective Cover for Play Station 5 Portal  Non Slip Soft Case Cover   Screen Protectors   Thumb Grips for PS,1,2070.0,Shipment,Maduravoyal   Chennai,Shipment,2070.0,0.0,1,False,
2025-07-22,BOM5-935,DR28_RC2COVER_MP,B0CL9TH14Q,STARTRC Mini 4 Pro Sun Hood for DJI RC 2 Controller 3 IN 1 Sunshade Joysticks Screen Protector for DJI Mini 4 Pro Air 3S Air 3 Accessories Anti Scratc,1,1756.0,Shipment,COIMBATORE,Shipment,1756.0,0.0,1,False,
2025-07-17,BOM5-874,GP10_ACEPRO_STARTRC,B0CVQHCGFS,yantralay Polyurethane Portable Protective Carrying Case For Insta360 Ace Ace Pro Action Camera   Accessories   Double Protection  Lightweight With Sh,1,-1745.03,Refund,MOUNT ABU,Refund,-1745.03,0.0,0,False,
2025-07-23,PNQ3-399,GP47-L_TLS,B0DJ9S3SY7,yantralay x Telesin Camera Clamp Mount   360  Ball Joint Handlebar Holder for Go Pro Hero 13 12 11 10 9  Insta360 X4 X3 X2  ONE R RS  DJI Osmo Action,1,1978.0,Shipment,PUNE,Shipment,1978.0,0.0,1,False,
2025-07-23,BOM5-944,IN1_AL,B0D4536M61,yantralay 4 in 1 Motorcycle Mount Bundle with Unicorn Helmet Extension Arm Adhesive Kit Compatible for Insta360 One X4 X3 X2  ONE R RS  Hero 13 12 11,1,1987.0,Shipment,NOIDA,Shipment,1987.0,0.0,1,False,
2025-07-23,BOM5-941,GP47_NEW,B0DRYJZ6VH,Yantralay 360  Rotatable Camera Bike Mount Clamp Motorcycle Handlebar Pole Aluminium Mount for Insta360 X4 X3  Ace Pro Pro2  Hero13 12 11 10 9 For Os,1,1349.0,Shipment,WADI Jn,Shipment,1349.0,0.0,1,False,
2025-07-23,PNQ3-398,GP46-M,B0F91GXT2N,yantralay Double Clamp Mount Bracket with 1 4  Ball Head for GoPro  Insta 360 X2 X3  Action Cameras   Handlebar  Motorcycle  Bicycle  Selfie Stick  St,1,1754.0,Shipment,PIMPRI CHINCHWAD,Shipment,1754.0,0.0,1,False,
2025-07-23,BOM5-943,GP10KIT_KIT2,B0FBS5Q11T,yantralay 61 in 1 Action Camera Accessories Kit Compatible with Go Pro Hero 13 12 11 10 9  Action 5 4 3  Action  Insta 360 X5 X4 X3   All Other Action,1,1699.0,Shipment,MYSORE,Shipment,1699.0,0.0,1,False,
2025-07-23,PNQ3-397,GP47-L_TLS,B0DJ9S3SY7,yantralay x Telesin Camera Clamp Mount   360  Ball Joint Handlebar Holder for Go Pro Hero 13 12 11 10 9  Insta360 X4 X3 X2  ONE R RS  DJI Osmo Action,1,1899.0,Shipment,Dehradun,Shipment,1899.0,0.0,1,False,
2025-07-21,BOM7-973,GP47-S,B08RDGDZJG,Taisioner Super Clamp Mount Double Ball Head Adapter Compatible with GoPro AKASO DJI Action or DSLR Camera Accessories,1,1315.0,Shipment,Lonavala,Shipment,1315.0,0.0,1,False,
2025-07-23,PNQ3-400,ACCHARGERONEX4_3_AMG,B0DWLH6MJ3,Yantralay x amagisn 3 Slot Battery Charger Compatible for Insta360 X4 Camera  Charging Dock for X4 Accessories,1,1424.0,Shipment,AMRELI,Shipment,1424.0,0.0,1,False,
2025-07-23,BOM7-983,ND_DJIFLIP-6_STARTRCN,B0DT1GJ13Z,ND UV CPL Filter Set for DJI Flip Accessories ND16 ND32 ND64 ND128 CPL UV Drone Lens Filters Set  Multi Coated HD Optical Glass 6 Pack,1,3752.0,Shipment,Khimlasa,Shipment,3752.0,0.0,1,False,
2025-07-23,PNQ3-396,GP10KIT_H9_GP18,B0FDBGBJVT,yantralay 63 in 1 Action Camera Accessories Kit for Go Pro Hero 13 12 11 10 9   Waterproof Housing  Silicone Case  3 Way Arm  Head Chest Wrist Strap,1,2699.0,Shipment,NAGERCOIL,Shipment,2699.0,0.0,1,False,
2025-07-23,BOM7-981,PS10_PS5PORTALCOMBO,B0DF2Z2X1Q,yantralay 6 in 1 Hard Carrying Case with Protective Cover for Play Station 5 Portal  Non Slip Soft Case Cover   Screen Protectors   Thumb Grips for PS,1,2070.0,Shipment,MUZAFFARNAGAR,Shipment,2070.0,0.0,1,False,
2025-07-17,BOM7-924,GP47-L_TLS,B0DJ9S3SY7,yantralay x Telesin Camera Clamp Mount   360  Ball Joint Handlebar Holder for Go Pro Hero 13 12 11 10 9  Insta360 X4 X3 X2  ONE R RS  DJI Osmo Action,1,-1842.03,Refund,THANE,Refund,-1842.03,0.0,0,False,
2025-07-24,BOM7-984,GP10_DJIFLIP_STARTRC,B0F83B4HX3,yantralay x Start rc Pu Material Carrying Case for DJ I Flip Fly More Combo   Waterproof Travel Bag for RC2 RC N3 Remote  Batteries  Charging Hub  65W,1,1899.0,Shipment,Berhampur,Shipment,1899.0,0.0,1,False,
2025-07-22,BOM5-937,MP_OA5,B0F9X1YNVL,yantralay Camera Lavalier Clip on Type C Microphone for DJ I Action 3 4 Collar Clip Microphone  Without Need of Mic Adapter  1 5M Cable Length   Black,1,1461.0,Shipment,NEW DELHI,Shipment,1461.0,0.0,1,False,
2025-07-24,BOM7-989,PS10_PS5PORTALCOMBO,B0DF2Z2X1Q,yantralay 6 in 1 Hard Carrying Case with Protective Cover for Play Station 5 Portal  Non Slip Soft Case Cover   Screen Protectors   Thumb Grips for PS,1,2070.0,Shipment,Ch nnai,Shipment,2070.0,0.0,1,False,
2025-07-23,BOM5-945,PS2_BLACK,B0BL1CYSW6,yantralay Nylon Controller Gamepad Carry Case   Ultimate Protection Compatible for PS5 PS4 PS3 Switch Pro Xbox Joysticks Waterproof  Scratch Protectio,1,479.0,Shipment,AAMBY VALLEY,Shipment,479.0,0.0,1,False,
2025-07-09,PNQ3-358,GP49,B0D456N4QM,yantralay Motorcycle Bike Bicycle Handlebar Mount Clamps with 1 4  Screw Compatible 8 35mm for Gopro Hero 13 12 11 10 9 Max Insta360 ONE X5 X4 X3  ONE,1,-901.0,Refund,PUNE,Refund,-901.0,0.0,0,False,
2025-07-24,BOM7-992,PS5_CC1_BLACK,B0BRJM4R9Q,yantralay PS 5 Carrying Case Bag for PS5 Console Gamepad  Controller  Headset  VR Play Statio n Accessories   Travel Bag   Black,1,2449.0,Shipment,JAIPUR,Shipment,2449.0,0.0,1,False,
2025-07-24,BOM7-991,PS5_CC1_BLACK,B0BRJM4R9Q,yantralay PS 5 Carrying Case Bag for PS5 Console Gamepad  Controller  Headset  VR Play Statio n Accessories   Travel Bag   Black,1,2449.0,Shipment,ORAGADAM INDUSTRIAL AREA,Shipment,2449.0,0.0,1,False,
2025-07-24,BOM7-986,PS5_CC1_BLACK,B0BRJM4R9Q,yantralay PS 5 Carrying Case Bag for PS5 Console Gamepad  Controller  Headset  VR Play Statio n Accessories   Travel Bag   Black,1,2375.53,Shipment,KAYAMKULAM,Shipment,2375.53,0.0,1,False,
2025-07-24,BOM7-985,PS5_CC1_BLACK,B0BRJM4R9Q,yantralay PS 5 Carrying Case Bag for PS5 Console Gamepad  Controller  Headset  VR Play Statio n Accessories   Travel Bag   Black,1,2449.0,Shipment,DEWAS,Shipment,2449.0,0.0,1,False,
2025-07-24,BOM5-947,IN1_AL,B0D4536M61,yantralay 4 in 1 Motorcycle Mount Bundle with Unicorn Helmet Extension Arm Adhesive Kit Compatible for Insta360 One X4 X3 X2  ONE R RS  Hero 13 12 11,1,1927.39,Shipment,Mumbai,Shipment,1927.39,0.0,1,False,
2025-07-24,BOM7-987,PS5_CC1_BLACK,B0BRJM4R9Q,yantralay PS 5 Carrying Case Bag for PS5 Console Gamepad  Controller  Headset  VR Play Statio n Accessories   Travel Bag   Black,1,2449.0,Shipment,SOJAT,Shipment,2449.0,0.0,1,False,
2025-07-24,BOM7-990,PS10_PS5PORTALCOMBO,B0DF2Z2X1Q,yantralay 6 in 1 Hard Carrying Case with Protective Cover for Play Station 5 Portal  Non Slip Soft Case Cover   Screen Protectors   Thumb Grips for PS,1,2070.0,Shipment,LUDHIANA,Shipment,2070.0,0.0,1,False,
2025-07-16,IN-159,IN28_X5,B0F9KX96CY,yantralay Insta 360 X4 X5 Camera Mount Stand Base   Silicone Non Slip Desktop Bracket for Insta 360 X4   X5   Lightweight  Compact   Stable,1,-474.33,Refund,GUDALUR COIMBATORE DISTRICT,Refund,-474.33,0.0,0,False,
2025-07-24,BOM5-948,GP1620_TLS,B08S7D4LKH,yantralay Upgraded Helmet Chin Strap Mount for Hero 13 12 11 10 9 8 7 6 5  SJCAM  Insta 360   DJI Osmo Action 3   4   Adjustable   Secure Camera Moun,1,1201.0,Shipment,MUMBAI,Shipment,1201.0,0.0,1,False,
2025-07-24,BOM7-995,ACCASEYTG9,B08NF6HMG6,yantralay YT G9 Vlogging Case with Dual Cold Shoe Mount for Hero 12 11 10 9  Removable 52mm Filter Ring  All in One Kit with Case Door  Lens Protector,1,936.05,Shipment,KOPARKHAIRANE,Shipment,936.05,0.0,1,False,
2025-07-13,IN-157,IN28_X5,B0F9KX96CY,yantralay Insta 360 X4 X5 Camera Mount Stand Base   Silicone Non Slip Desktop Bracket for Insta 360 X4   X5   Lightweight  Compact   Stable,1,-474.33,Refund,DAVANAGERE,Refund,-474.33,0.0,0,False,
2025-07-24,BOM7-994,PS5_CC1_BLACK,B0BRJM4R9Q,yantralay PS 5 Carrying Case Bag for PS5 Console Gamepad  Controller  Headset  VR Play Statio n Accessories   Travel Bag   Black,1,2449.0,Shipment,HYDERABAD,Shipment,2449.0,0.0,1,False,
2025-07-24,BOM7-1000,GP10_DJIFLIP_STARTRC,B0F83B4HX3,nan,1,0.0,Cancel,NAVI MUMBAI,Cancel,0.0,0.0,0,False,
2025-07-24,BOM7-998,PS10_PS5PORTALCOMBO,B0DF2Z2X1Q,yantralay 6 in 1 Hard Carrying Case with Protective Cover for Play Station 5 Portal  Non Slip Soft Case Cover   Screen Protectors   Thumb Grips for PS,1,2070.0,Shipment,MUMBAI,Shipment,2070.0,0.0,1,False,
2025-07-24,BOM7-1001,PS10_OLEDCOMBO_GREEN,B0DJFLRGQF,nan,1,0.0,Cancel,PUNE,Cancel,0.0,0.0,0,False,
2025-07-24,BOM7-997,PS5_CC1_BLACK,B0BRJM4R9Q,yantralay PS 5 Carrying Case Bag for PS5 Console Gamepad  Controller  Headset  VR Play Statio n Accessories   Travel Bag   Black,1,2449.0,Shipment,Kalyan  ulhasnagar,Shipment,2449.0,0.0,1,False,
2025-07-24,BOM7-996,GP10_DJIFLIP_STARTRC,B0F83B4HX3,yantralay x Start rc Pu Material Carrying Case for DJ I Flip Fly More Combo   Waterproof Travel Bag for RC2 RC N3 Remote  Batteries  Charging Hub  65W,1,1899.0,Shipment,AHMEDABAD,Shipment,1899.0,0.0,1,False,
2025-07-24,BOM7-993,PS5_CC1_BLACK,B0BRJM4R9Q,yantralay PS 5 Carrying Case Bag for PS5 Console Gamepad  Controller  Headset  VR Play Statio n Accessories   Travel Bag   Black,1,2449.0,Shipment,HYDERABAD,Shipment,2449.0,0.0,1,False,
2025-07-24,BOM7-1001,PS10_OLEDCOMBO_GREEN,B0DJFLRGQF,yantralay 4 in 1 Carrying Case Pouch with Protective Cover for Nintendo Switch OLED  Non Slip Soft Case Cover  Screen Protectors   Thumb Grips for Swi,1,1139.0,Shipment,PUNE,Shipment,1139.0,0.0,1,False,
2025-07-24,BOM7-988,PS5_CC1_BLACK,B0BRJM4R9Q,yantralay PS 5 Carrying Case Bag for PS5 Console Gamepad  Controller  Headset  VR Play Statio n Accessories   Travel Bag   Black,1,2449.0,Shipment,PUNE,Shipment,2449.0,0.0,1,False,
2025-07-21,BOM7-973,GP47-S,B08RDGDZJG,Taisioner Super Clamp Mount Double Ball Head Adapter Compatible with GoPro AKASO DJI Action or DSLR Camera Accessories,1,-1315.0,Refund,Lonavala,Refund,-1315.0,0.0,0,False,
2025-07-24,BOM7-999,DA34,B0DQQ96VMF,yantralay Handheld Adapter for Wireless Interview with Foam Windshield   Reduce Wind Noise  Compatible with Digite k DWM 101  DJI MIC MIC2  Rode Rode,1,699.0,Shipment,BHIWANDI,Shipment,699.0,0.0,1,False,
2025-07-24,BOM5-950,PS2_BLACK,B0BL1CYSW6,yantralay Nylon Controller Gamepad Carry Case   Ultimate Protection Compatible for PS5 PS4 PS3 Switch Pro Xbox Joysticks Waterproof  Scratch Protectio,1,479.0,Shipment,PERINAD,Shipment,479.0,0.0,1,False,
2025-07-24,BOM5-949,GP46-L,B0F91GCRP4,yantralay Double Clamp Mount Bracket with 1 4  Ball Head for Go Pro 13 12 11  Insta 360 X5 X4 X3 Handlebar  Motorcycle  Bicycle  Selfie Stick  Studio,1,1851.0,Shipment,Saifai,Shipment,1851.0,0.0,1,False,
2025-07-25,BOM5-951,PS2_BLACK,B0BL1CYSW6,yantralay Nylon Controller Gamepad Carry Case   Ultimate Protection Compatible for PS5 PS4 PS3 Switch Pro Xbox Joysticks Waterproof  Scratch Protectio,1,479.0,Shipment,COIMBATORE,Shipment,479.0,0.0,1,False,
2025-07-25,BOM7-1002,PS5_CC1_BLACK,B0BRJM4R9Q,yantralay PS 5 Carrying Case Bag for PS5 Console Gamepad  Controller  Headset  VR Play Statio n Accessories   Travel Bag   Black,1,2449.0,Shipment,HOWRAH,Shipment,2449.0,0.0,1,False,
2025-07-25,BOM5-952,GP47_NEW,B0DRYJZ6VH,Yantralay 360  Rotatable Camera Bike Mount Clamp Motorcycle Handlebar Pole Aluminium Mount for Insta360 X4 X3  Ace Pro Pro2  Hero13 12 11 10 9 For Os,1,1349.0,Shipment,DHARWAD,Shipment,1349.0,0.0,1,False,
2025-07-22,BOM7-974,CWATCUN_D128-M-BLACKN,B0D8HVVY42,Cwatcun Canvas Camera Bag  DSLR SLR Camera Backpack for Photographers with Waterproof Rain Cover  Camera Case with 16  Laptop Compartment   Tripod Hol,1,5819.03,Shipment,NEW DELHI,Shipment,5819.03,0.0,1,False,
2025-07-25,BOM7-1003,GP46-L,B0F91GCRP4,yantralay Double Clamp Mount Bracket with 1 4  Ball Head for Go Pro 13 12 11  Insta 360 X5 X4 X3 Handlebar  Motorcycle  Bicycle  Selfie Stick  Studio,1,1851.0,Shipment,GREATER NOIDA,Shipment,1851.0,0.0,1,False,
2025-07-24,BOM7-1000,GP10_DJIFLIP_STARTRC,B0F83B4HX3,yantralay x Start rc Pu Material Carrying Case for DJ I Flip Fly More Combo   Waterproof Travel Bag for RC2 RC N3 Remote  Batteries  Charging Hub  65W,1,1899.0,Shipment,NAVI MUMBAI,Shipment,1899.0,0.0,1,False,
2025-07-25,BOM5-953,GP1620_TLS,B08S7D4LKH,yantralay Upgraded Helmet Chin Strap Mount for Hero 13 12 11 10 9 8 7 6 5  SJCAM  Insta 360   DJI Osmo Action 3   4   Adjustable   Secure Camera Moun,1,1201.0,Shipment,BENGALURU,Shipment,1201.0,0.0,1,False,
2025-07-25,BOM7-1004,GP10_DJIFLIP_STARTRC,B0F83B4HX3,yantralay x Start rc Pu Material Carrying Case for DJ I Flip Fly More Combo   Waterproof Travel Bag for RC2 RC N3 Remote  Batteries  Charging Hub  65W,1,1899.0,Shipment,NEW DELHI,Shipment,1899.0,0.0,1,False,
2025-07-25,BOM7-1008,PS5_CC1_BLACK,B0BRJM4R9Q,nan,1,0.0,Cancel,NEW DELHI,Cancel,0.0,0.0,0,False,
2025-07-25,BOM7-1006,PS5_CC1_GREY,B0BRJMPHKL,yantralay PS5 Carrying Case Bag for PS5 Console Gamepad  Controller  Headset  VR Play Station Accessories   Travel Bag   Grey,1,2449.0,Shipment,NEW DELHI,Shipment,2449.0,0.0,1,False,
2025-07-25,BOM7-1008,PS5_CC1_BLACK,B0BRJM4R9Q,yantralay PS 5 Carrying Case Bag for PS5 Console Gamepad  Controller  Headset  VR Play Statio n Accessories   Travel Bag   Black,1,2449.0,Shipment,NEW DELHI,Shipment,2449.0,0.0,1,False,
2025-07-25,BOM7-1007,PS5_CC1_GREY,B0BRJMPHKL,yantralay PS5 Carrying Case Bag for PS5 Console Gamepad  Controller  Headset  VR Play Station Accessories   Travel Bag   Grey,1,2449.0,Shipment,NEW DELHI,Shipment,2449.0,0.0,1,False,
2025-07-25,BOM7-1010,PS5_VERTICALSTAND,B0DGTZGCNQ,yantralay 2 in 1 Vertical Stand for PS 5   PS 5 Slim Consoles Non Slip Base Mount for PS 5 Accessories  for PS5   PS5 Slim Digital   Disc Version,1,899.0,Shipment,MUZAFFARNAGAR,Shipment,899.0,0.0,1,False,
2025-07-25,BOM5-954,GP10KIT_H9_GP17,B0FC2Z4XM3,yantralay Complete Go Pro Hero 12 11 10 9 Accessory Bundle   Waterproof Housing Case  Silicone Protector  Filter   Lens Kit  Tempered Glass Screen Pro,1,2199.0,Shipment,RAU,Shipment,2199.0,0.0,1,False,
2025-07-25,BOM5-956,CADEN_D17N,B0829MQ79Z,CADeN D17 Camera Shoulder Backpack,1,2999.0,Shipment,BUDHGAON,Shipment,2999.0,0.0,1,False,
2025-07-25,BOM7-1009,ACCHARGERGP5_3,B08LYVPLR9,Yantralay 3 Channel AHDBT 501 Battery Charger for Hero 5 6 7   8 Black Action Camera   USB Cable Included   Fast Charging Dock,1,823.0,Shipment,PALAKKAD,Shipment,823.0,0.0,1,False,
2025-07-26,BOM7-1011,PS1,B0BJBL1XBS,yantralay Polyester Dual Controller Hard Carry Case Compatible With Ps5 Ps4 Xbox Ipega Controllers   3 Layer Protection Travel Carry Case   Grey,1,905.0,Shipment,MAKRONIA Batalian,Shipment,905.0,0.0,1,False,
2025-07-26,BOM7-1016,ACFRAMEOP3_PL_VRIG,B0DDQ7BWNC,yantralay Phone Holder for DJI Osmo Pocket 3  Vlogging Camera Expansion Bracket  Adjustable Adapter Frame  Live Streaming Accessories,1,1299.0,Shipment,CHENNAI,Shipment,1299.0,0.0,1,False,
2025-07-26,BOM5-958,GP10_ACEPRO_STARTRC,B0CVQHCGFS,yantralay Polyurethane Portable Protective Carrying Case For Insta360 Ace Ace Pro Action Camera   Accessories   Double Protection  Lightweight With Sh,1,1709.0,Shipment,BENGALURU,Shipment,1709.0,0.0,1,False,
2025-07-26,BOM5-957,IN1_AL,B0D4536M61,yantralay 4 in 1 Motorcycle Mount Bundle with Unicorn Helmet Extension Arm Adhesive Kit Compatible for Insta360 One X5 X4 X3 X2  ONE R RS  Hero 13 12,1,1987.0,Shipment,jorhat,Shipment,1987.0,0.0,1,False,
2025-07-25,BOM7-1005,DA31,B0CGDMJ882,Yantralay DSLR Battery Pouch   Portable Waterproof Bag for lp e6 e8 e10 e12 en el14 el15 fw50 f550 Batteries   Convenient Access Design   Compact and,1,499.0,Shipment,THANE,Shipment,499.0,0.0,1,False,
2025-07-26,BOM7-1014,LED_P5-BGD-03_TLS,B0FCSFN993,Yantralay x Telesin Ice Cube Magnetic Phone Light   Crystal Clear RGB LED Fill Light for Mobile  Selfie   Video   Portable Photography Lighting with P,1,2599.0,Shipment,KANCHIPURAM,Shipment,2599.0,0.0,1,False,
2025-07-25,BOM5-955,PS2_YELLOW,B0BL1HQ3C4,yantralay Controller Gamepad Carry Case   Ultimate Protection Compatible for PS5 PS4 PS3 Switch Pro Xbox Joysticks Waterproof  Scratch Protection  Dur,1,499.0,Shipment,AHMEDABAD,Shipment,499.0,0.0,1,False,
2025-07-26,BOM7-1012,PS5_CC1_BLACK,B0BRJM4R9Q,yantralay PS 5 Carrying Case Bag for PS5 Console Gamepad  Controller  Headset  VR Play Statio n Accessories   Travel Bag   Black,1,2449.0,Shipment,hyderabad,Shipment,2449.0,0.0,1,False,
2025-07-26,BOM7-1015,PS5_CC1_GREY,B0BRJMPHKL,yantralay PS5 Carrying Case Bag for PS5 Console Gamepad  Controller  Headset  VR Play Station Accessories   Travel Bag   Grey,1,2449.0,Shipment,JAMMU,Shipment,2449.0,0.0,1,False,
2025-07-26,BOM7-1018,SGOLED2,B0FDQL7DFH,yantralay Tempered Glass Screen Protector for Nintendo Switch 2  2025    Ultra Thin HD Clear Film Guard with Rounded Edges for 7 9 Inch Display  1 Pac,1,499.0,Shipment,ITANAGAR,Shipment,499.0,0.0,1,False,
2025-07-26,BOM7-1019,PS5_CC1_BLACK,B0BRJM4R9Q,yantralay PS 5 Carrying Case Bag for PS5 Console Gamepad  Controller  Headset  VR Play Statio n Accessories   Travel Bag   Black,1,2449.0,Shipment,Bhopal,Shipment,2449.0,0.0,1,False,
2025-07-26,BOM5-962,PS2_BLACK,B0BL1CYSW6,yantralay Nylon Controller Gamepad Carry Case   Ultimate Protection Compatible for PS5 PS4 PS3 Switch Pro Xbox Joysticks Waterproof  Scratch Protectio,2,958.0,Shipment,NEW DELHI,Shipment,958.0,0.0,2,False,
2025-07-26,BOM7-1021,CADEN_W9N,B09C89HZH5,CADeN Camera Backpack  Camera Bag Large DSLR SLR Mirrorless Waterproof with 15 6 Laptop Compartment   Tripod Holder  Compatible for Canon Nikon Sony D,1,5699.0,Shipment,SANCHORE,Shipment,5699.0,0.0,1,False,
2025-07-26,BOM5-960,GP46-M,B0F91GXT2N,yantralay Double Clamp Mount Bracket with 1 4  Ball Head for GoPro  Insta 360 X2 X3  Action Cameras   Handlebar  Motorcycle  Bicycle  Selfie Stick  St,1,1754.0,Shipment,CHAKAN,Shipment,1754.0,0.0,1,False,
2025-07-26,BOM5-959,GP46-M,B0F91GXT2N,yantralay Double Clamp Mount Bracket with 1 4  Ball Head for GoPro  Insta 360 X2 X3  Action Cameras   Handlebar  Motorcycle  Bicycle  Selfie Stick  St,1,1754.0,Shipment,Mumbai,Shipment,1754.0,0.0,1,False,
2025-07-26,BOM5-963,LGONEX4,B0F7RT4HGJ,yantralay 2Pcs Lens Guard for Insta 360 X4   Scratch Resistant Protective Lens Cover   High Transparency Optical Coated Cap   Insta 360 X4 Camera Acce,1,779.0,Shipment,Hyderabad,Shipment,779.0,0.0,1,False,
2025-07-26,BOM7-1023,ACCHARGERGP5_3,B08LYVPLR9,Yantralay 3 Channel AHDBT 501 Battery Charger for Hero 5 6 7   8 Black Action Camera   USB Cable Included   Fast Charging Dock,1,823.0,Shipment,KALYAN,Shipment,823.0,0.0,1,False,
2025-07-26,BOM5-961,GP46-M_GP46-S_GP25_150CMS,B0F99WWGGT,yantralay Motorcycle Handlebar Clamp Kit with Dual Clamp Mounts   Invisible Selfie Stick for Insta 360 X4 X3 X2 One RS GO 3   Bike Action Camera Mount,1,4386.0,Shipment,MELI,Shipment,4386.0,0.0,1,False,
2025-07-27,BOM5-965,GP46-M_GP46-S_GP25_150CMS,B0F99WWGGT,nan,1,0.0,Cancel,Indore,Cancel,0.0,0.0,0,False,
2025-07-26,BOM5-964,PS2_YELLOW,B0BL1HQ3C4,yantralay Controller Gamepad Carry Case   Ultimate Protection Compatible for PS5 PS4 PS3 Switch Pro Xbox Joysticks Waterproof  Scratch Protection  Dur,1,499.0,Shipment,Mumbai,Shipment,499.0,0.0,1,False,
2025-07-27,BOM5-966,GP46-M_GP46-S_GP25_150CMS,B0F99WWGGT,yantralay Motorcycle Handlebar Clamp Kit with Dual Clamp Mounts   Invisible Selfie Stick for Insta 360 X4 X3 X2 One RS GO 3   Bike Action Camera Mount,1,4386.0,Shipment,Indore,Shipment,4386.0,0.0,1,False,
2025-07-27,BOM5-968,GP47_NEW,B0DRYJZ6VH,Yantralay 360  Rotatable Camera Bike Mount Clamp Motorcycle Handlebar Pole Aluminium Mount for Insta360 X4 X3  Ace Pro Pro2  Hero13 12 11 10 9 For Os,1,1349.0,Shipment,RAJKOT,Shipment,1349.0,0.0,1,False,
2025-07-27,BOM5-967,LGONEX4,B0F7RT4HGJ,yantralay 2Pcs Lens Guard for Insta 360 X4   Scratch Resistant Protective Lens Cover   High Transparency Optical Coated Cap   Insta 360 X4 Camera Acce,1,779.0,Shipment,Olavanna,Shipment,779.0,0.0,1,False,
2025-07-27,BOM7-1026,GP10_DJIFLIP_STARTRC,B0F83B4HX3,yantralay x Start rc Pu Material Carrying Case for DJ I Flip Fly More Combo   Waterproof Travel Bag for RC2 RC N3 Remote  Batteries  Charging Hub  65W,1,1899.0,Shipment,JODHPUR,Shipment,1899.0,0.0,1,False,
2025-07-27,BOM7-1032,PS10_OLEDCOMBO_GREEN,B0DJFLRGQF,yantralay 4 in 1 Carrying Case Pouch with Protective Cover for Nintendo Switch OLED  Non Slip Soft Case Cover  Screen Protectors   Thumb Grips for Swi,1,1139.0,Shipment,NASHIK,Shipment,1139.0,0.0,1,False,
2025-07-27,BOM5-969,ACCHARGERGP13_CD_AMG,B0DZVVQPKD,Yantralay 3 Channel Fast Charging Box Battery Charger for GoPro Hero 13 Black   Compatible with Original GoPro Hero 13 Batteries  Portable GoPro Hero,1,2136.0,Shipment,BENGALURU,Shipment,2136.0,0.0,1,False,
2025-07-26,BOM7-1022,PS5_CC1_GREY,B0BRJMPHKL,yantralay PS5 Carrying Case Bag for PS5 Console Gamepad  Controller  Headset  VR Play Station Accessories   Travel Bag   Grey,1,2449.0,Shipment,MUMBAI,Shipment,2449.0,0.0,1,False,
2025-07-27,BOM7-1033,ACCHARGERGP5_3,B08LYVPLR9,Yantralay 3 Channel AHDBT 501 Battery Charger for Hero 5 6 7   8 Black Action Camera   USB Cable Included   Fast Charging Dock,1,823.0,Shipment,TUMAKURU,Shipment,823.0,0.0,1,False,
2025-07-27,BOM7-1027,LED_P5-BGD-03_TLS,B0FCSFN993,Yantralay x Telesin Ice Cube Magnetic Phone Light   Crystal Clear RGB LED Fill Light for Mobile  Selfie   Video   Portable Photography Lighting with P,1,2599.0,Shipment,KANCHIPURAM,Shipment,2599.0,0.0,1,False,
2025-07-26,BOM7-1017,PS5_CC1_BLACK,B0BRJM4R9Q,yantralay PS 5 Carrying Case Bag for PS5 Console Gamepad  Controller  Headset  VR Play Statio n Accessories   Travel Bag   Black,1,2449.0,Shipment,Meerut,Shipment,2449.0,0.0,1,False,
2025-07-27,BOM7-1030,DA35,B0F9FM9XHJ,Yantralay Professional 360  Rotating Metal Tripod Ball Head   Quick Release Plate with Bubble Level   8kg Load Capacity   1 4  Screw for DSLR  Camera,1,1900.0,Shipment,JALANDHAR,Shipment,1900.0,0.0,1,False,
2025-07-27,BOM5-970,GP47_NEW,B0DRYJZ6VH,Yantralay 360  Rotatable Camera Bike Mount Clamp Motorcycle Handlebar Pole Aluminium Mount for Insta360 X4 X3  Ace Pro Pro2  Hero13 12 11 10 9 For Os,1,1349.0,Shipment,NEW DELHI,Shipment,1349.0,0.0,1,False,
2025-07-27,BOM7-1025,PS5_CC1_BLACK,B0BRJM4R9Q,yantralay PS 5 Carrying Case Bag for PS5 Console Gamepad  Controller  Headset  VR Play Statio n Accessories   Travel Bag   Black,1,2449.0,Shipment,NEW DELHI,Shipment,2449.0,0.0,1,False,
2025-07-27,BOM7-1031,GP10_ONEX4_STARTRC,B0DDXP86FQ,yantralay x Startr c Carrying Case for Insta 360 X4 X5  Portable PU Storage Protective Bag Travel Case for Insta 360 X4 X5 Accessories with Large Capa,1,1637.0,Shipment,MUMBAI,Shipment,1637.0,0.0,1,False,
2025-07-25,BOM7-1002,PS5_CC1_BLACK,B0BRJM4R9Q,yantralay PS 5 Carrying Case Bag for PS5 Console Gamepad  Controller  Headset  VR Play Statio n Accessories   Travel Bag   Black,1,-2449.0,Refund,HOWRAH,Refund,-2449.0,0.0,0,False,
2025-07-27,BOM5-972,GP47_NEW,B0DRYJZ6VH,Yantralay 360  Rotatable Camera Bike Mount Clamp Motorcycle Handlebar Pole Aluminium Mount for Insta360 X4 X3  Ace Pro Pro2  Hero13 12 11 10 9 For Os,1,1349.0,Shipment,MUMBAI,Shipment,1349.0,0.0,1,False,
2025-07-26,BOM7-1017,PS5_CC1_BLACK,B0BRJM4R9Q,yantralay PS 5 Carrying Case Bag for PS5 Console Gamepad  Controller  Headset  VR Play Statio n Accessories   Travel Bag   Black,1,-2449.0,Refund,Meerut,Refund,-2449.0,0.0,0,False,
2025-07-22,BOM5-931,GP46-L_GP46-S_GP25_150CMS_TUYU,B0FCYMLQ95,yantralay Aluminium Dual Clamp Handlebar Mount Kit for Action Cameras   Invisible Selfie Stick Setup   Compatible with Insta 360 X5 X4  Go Pro 13 12 1,1,-4849.03,Refund,HYDERABAD,Refund,-4849.03,0.0,0,False,
2025-07-27,BOM5-973,LGONEX4,B0F7RT4HGJ,yantralay 2Pcs Lens Guard for Insta 360 X4   Scratch Resistant Protective Lens Cover   High Transparency Optical Coated Cap   Insta 360 X4 Camera Acce,1,779.0,Shipment,UDUMALAIPETTAI,Shipment,779.0,0.0,1,False,
2025-07-27,BOM5-975,ACFRAMEOP3_PL_VRIG,B0DDQ7BWNC,yantralay Phone Holder for DJI Osmo Pocket 3  Vlogging Camera Expansion Bracket  Adjustable Adapter Frame  Live Streaming Accessories,1,1299.0,Shipment,PUNE,Shipment,1299.0,0.0,1,False,
2025-07-28,PNQ3-402,PS10_OLED_GREEN,B0BRY5L26G,yantralay Carry Case Pouch Cover Compatible with Nintendo Switch OLED with Game Card Slots for Switch Switch OLED Accessories  Video Game   Green,1,616.0,Shipment,MUMBAI,Shipment,616.0,0.0,1,False,
2025-07-28,BOM5-977,GP12,B0D7BZ38X8,yantralay Aluminium Car Suction Mount 360  Rotatable for Insta 360 X4 X3 X2  Ace Pro ONE R RS  Hero 13 12 11 10 9 8 7  DJI Osmo Action Series   All O,1,1291.0,Shipment,BENGALURU,Shipment,1291.0,0.0,1,False,
2025-07-27,BOM5-971,GP47-L_TLS,B0DJ9S3SY7,yantralay x Telesin Camera Clamp Mount   360  Ball Joint Handlebar Holder for Go Pro Hero 13 12 11 10 9  Insta360 X4 X3 X2  ONE R RS  DJI Osmo Action,1,1899.0,Shipment,HYDERABAD,Shipment,1899.0,0.0,1,False,
2025-07-27,BOM7-1035,GP10_OM6_SLF,B0BWWQDCY7,yantralay Polyester Carry Case For Dji Osmo Mobile 6  Om6 Gimbal Accessories   Premium Pu Shockproof Material  Dual Zipper  Portable   Lightweight Har,1,1234.0,Shipment,Khimsar,Shipment,1234.0,0.0,1,False,
2025-07-27,BOM7-1028,SHOTGRIP_TLS,B0FCSFYHRJ,yantralay x Telesin ShotGrip   Magnetic Camera Grip with Wireless Shutter for Phone 16 15 14 13  Android  1 4  Tripod Mount Compatible  DSLR Style Cre,1,2449.0,Shipment,MORBI,Shipment,2449.0,0.0,1,False,
2025-07-28,PNQ3-403,DR28_RC2COVER_MP,B0CL9TH14Q,STARTRC Mini 4 Pro Sun Hood for DJI RC 2 Controller 3 IN 1 Sunshade Joysticks Screen Protector for DJI Mini 4 Pro Air 3S Air 3 Accessories Anti Scratc,1,1756.0,Shipment,BENGALURU,Shipment,1756.0,0.0,1,False,
2025-07-28,BOM7-1042,PS10_PS5PORTALCOMBO,B0DF2Z2X1Q,yantralay 6 in 1 Hard Carrying Case with Protective Cover for Play Station 5 Portal  Non Slip Soft Case Cover   Screen Protectors   Thumb Grips for PS,1,2070.0,Shipment,BENGALURU,Shipment,2070.0,0.0,1,False,
2025-07-28,PNQ3-405,CWATCUN_D125-OLIVEGREENN,B0D8HWN2JJ,Cwatcun Camera Backpack Bag Small Fashion DSLR Camera Bag with Tripod Strap Laptop Compartment and Removable Padded Dividers  Green  Small  Fashion,1,3499.0,Shipment,BENGALURU,Shipment,3499.0,0.0,1,False,
2025-07-28,PNQ3-404,PS5_VERTICALSTAND,B0DGTZGCNQ,yantralay 2 in 1 Vertical Stand for PS 5   PS 5 Slim Consoles Non Slip Base Mount for PS 5 Accessories  for PS5   PS5 Slim Digital   Disc Version,1,899.0,Shipment,Haldwani,Shipment,899.0,0.0,1,False,
2025-07-27,BOM7-1036,GP10_DJIFLIP_STARTRC,B0F83B4HX3,yantralay x Start rc Pu Material Carrying Case for DJ I Flip Fly More Combo   Waterproof Travel Bag for RC2 RC N3 Remote  Batteries  Charging Hub  65W,1,1899.0,Shipment,PARAPPUKKARA,Shipment,1899.0,0.0,1,False,
2025-07-28,BOM7-1039,GP10_DJIFLIP_STARTRC,B0F83B4HX3,yantralay x Start rc Pu Material Carrying Case for DJ I Flip Fly More Combo   Waterproof Travel Bag for RC2 RC N3 Remote  Batteries  Charging Hub  65W,1,1899.0,Shipment,BHOPAL,Shipment,1899.0,0.0,1,False,
2025-07-28,BOM7-1041,GP47_NEW,B0DRYJZ6VH,Yantralay 360  Rotatable Camera Bike Mount Clamp Motorcycle Handlebar Pole Aluminium Mount for Insta360 X4 X3  Ace Pro Pro2  Hero13 12 11 10 9 For Os,1,1349.0,Shipment,NAVSARI,Shipment,1349.0,0.0,1,False,
2025-07-27,BOM5-974,GP100,B0723FF53T,yantralay 40 in 1 Action Camera Mount Kit for Hero 13 12 11 10 9 8 7 6 5 SJCAM  Osmo Action 3   4  Insta 360   More   with Selfie Monopod  Straps  Mou,1,1139.0,Shipment,BENGALURU,Shipment,1139.0,0.0,1,False,
2025-07-28,BOM7-1037,GP47_NEW,B0DRYJZ6VH,Yantralay 360  Rotatable Camera Bike Mount Clamp Motorcycle Handlebar Pole Aluminium Mount for Insta360 X4 X3  Ace Pro Pro2  Hero13 12 11 10 9 For Os,1,1349.0,Shipment,BHIWANDI,Shipment,1349.0,0.0,1,False,
2025-07-28,BOM7-1038,GP47_NEW,B0DRYJZ6VH,Yantralay 360  Rotatable Camera Bike Mount Clamp Motorcycle Handlebar Pole Aluminium Mount for Insta360 X4 X3  Ace Pro Pro2  Hero13 12 11 10 9 For Os,1,1349.0,Shipment,INDORE,Shipment,1349.0,0.0,1,False,
2025-07-28,BOM7-1043,PS5_CC1_BLACK,B0BRJM4R9Q,yantralay PS 5 Carrying Case Bag for PS5 Console Gamepad  Controller  Headset  VR Play Statio n Accessories   Travel Bag   Black,1,2528.0,Shipment,Gurugram,Shipment,2528.0,0.0,1,False,
2025-07-28,BOM5-979,LGONEX4,B0F7RT4HGJ,yantralay 2Pcs Lens Guard for Insta 360 X4   Scratch Resistant Protective Lens Cover   High Transparency Optical Coated Cap   Insta 360 X4 Camera Acce,1,779.0,Shipment,MUMBAI,Shipment,779.0,0.0,1,False,
2025-07-28,BOM5-978,GP47_NEW,B0DRYJZ6VH,Yantralay 360  Rotatable Camera Bike Mount Clamp Motorcycle Handlebar Pole Aluminium Mount for Insta360 X4 X3  Ace Pro Pro2  Hero13 12 11 10 9 For Os,1,1349.0,Shipment,Karnal,Shipment,1349.0,0.0,1,False,
2025-07-28,BOM5-980,GP290XL_AL,B0F7Y3T6JV,yantralay Triple Suction Aluminium Mount with 1 4  Standard Screw Mount Compatible for Hero 12 11 10 9  Insta 360 ONE X3 X2 ONER RS ACE PRO   All Othe,1,2631.0,Shipment,GURUGRAM,Shipment,2631.0,0.0,1,False,
2025-07-28,BOM7-1046,PS10_PS5PORTALCOMBO,B0DF2Z2X1Q,yantralay 6 in 1 Hard Carrying Case with Protective Cover for Play Station 5 Portal  Non Slip Soft Case Cover   Screen Protectors   Thumb Grips for PS,1,2070.0,Shipment,CHENNAI,Shipment,2070.0,0.0,1,False,
2025-07-28,BOM7-1044,PS5_CC1_BLACK,B0BRJM4R9Q,yantralay PS 5 Carrying Case Bag for PS5 Console Gamepad  Controller  Headset  VR Play Statio n Accessories   Travel Bag   Black,1,2449.0,Shipment,BENGALURU,Shipment,2449.0,0.0,1,False,
2025-07-28,BOM7-1045,PS5_CC1_BLACK,B0BRJM4R9Q,yantralay PS 5 Carrying Case Bag for PS5 Console Gamepad  Controller  Headset  VR Play Statio n Accessories   Travel Bag   Black,1,2449.0,Shipment,UDAIPUR,Shipment,2449.0,0.0,1,False,
2025-07-28,PNQ3-406,GP47_NEW,B0DRYJZ6VH,Yantralay 360  Rotatable Camera Bike Mount Clamp Motorcycle Handlebar Pole Aluminium Mount for Insta360 X4 X3  Ace Pro Pro2  Hero13 12 11 10 9 For Os,1,1349.0,Shipment,PUNE,Shipment,1349.0,0.0,1,False,
2025-07-28,BOM7-1047,PS5_CC1_BLACK,B0BRJM4R9Q,yantralay PS 5 Carrying Case Bag for PS5 Console Gamepad  Controller  Headset  VR Play Statio n Accessories   Travel Bag   Black,1,2449.0,Shipment,NEW DELHI,Shipment,2449.0,0.0,1,False,
2025-07-28,BOM7-1048,GP10_DJIFLIP_NYLON_STARTRC,B0F839FBX3,yantralay x Start rc Nylon Carrying Case for DJ I Flip Drone   Lightweight Travel Bag for RC2 RC N3 Controller  Propeller Guard   2 Extra Batteries,1,1899.0,Shipment,Jalna,Shipment,1899.0,0.0,1,False,
2025-07-28,BOM5-982,PS2_BLACK,B0BL1CYSW6,yantralay Nylon Controller Gamepad Carry Case   Ultimate Protection Compatible for PS5 PS4 PS3 Switch Pro Xbox Joysticks Waterproof  Scratch Protectio,1,479.0,Shipment,Panvel,Shipment,479.0,0.0,1,False,
2025-07-29,BOM5-985,GP100,B0723FF53T,yantralay 40 in 1 Action Camera Mount Kit for Hero 13 12 11 10 9 8 7 6 5 SJCAM  Osmo Action 3   4  Insta 360   More   with Selfie Monopod  Straps  Mou,1,1139.0,Shipment,NIZAMABAD,Shipment,1139.0,0.0,1,False,
2025-07-28,BOM5-984,LGONEX4,B0F7RT4HGJ,yantralay 2Pcs Lens Guard for Insta 360 X4   Scratch Resistant Protective Lens Cover   High Transparency Optical Coated Cap   Insta 360 X4 Camera Acce,1,779.0,Shipment,IMPHAL,Shipment,779.0,0.0,1,False,
2025-07-28,BOM7-1049,GP47_NEW,B0DRYJZ6VH,Yantralay 360  Rotatable Camera Bike Mount Clamp Motorcycle Handlebar Pole Aluminium Mount for Insta360 X4 X3  Ace Pro Pro2  Hero13 12 11 10 9 For Os,1,1349.0,Shipment,NADIAD,Shipment,1349.0,0.0,1,False,
2025-07-29,PNQ3-407,GP47_NEW,B0DRYJZ6VH,Yantralay 360  Rotatable Camera Bike Mount Clamp Motorcycle Handlebar Pole Aluminium Mount for Insta360 X4 X3  Ace Pro Pro2  Hero13 12 11 10 9 For Os,1,1349.0,Shipment,PUNE,Shipment,1349.0,0.0,1,False,
2025-07-28,BOM5-983,LGONEX4,B0F7RT4HGJ,yantralay 2Pcs Lens Guard for Insta 360 X4   Scratch Resistant Protective Lens Cover   High Transparency Optical Coated Cap   Insta 360 X4 Camera Acce,2,1558.0,Shipment,THANJAVUR,Shipment,1558.0,0.0,2,False,
2025-07-28,BOM5-981,GP29L,B08RXBFBG9,yantralay Windshield Car Suction Cup Mount for Hero 10 9 8  SJCAM  Osmo Action 3   4  Insta 360   Flexible  Multi Angle Adjustable   Mount for Smartph,1,597.0,Shipment,ALLAHABAD,Shipment,597.0,0.0,1,False,
2025-07-29,BOM7-1051,PS10_PS5PORTALCOMBO,B0DF2Z2X1Q,yantralay 6 in 1 Hard Carrying Case with Protective Cover for Play Station 5 Portal  Non Slip Soft Case Cover   Screen Protectors   Thumb Grips for PS,1,2070.0,Shipment,BENGALURU,Shipment,2070.0,0.0,1,False,
2025-07-29,BOM5-986,GP46-M_GP46-S_GP25_150CMS,B0F99WWGGT,yantralay Motorcycle Handlebar Clamp Kit with Dual Clamp Mounts   Invisible Selfie Stick for Insta 360 X4 X3 X2 One RS GO 3   Bike Action Camera Mount,1,4386.0,Shipment,UJJAIN,Shipment,4386.0,0.0,1,False,
2025-07-29,BOM7-1050,PS10_PS5PORTALCOMBO,B0DF2Z2X1Q,yantralay 6 in 1 Hard Carrying Case with Protective Cover for Play Station 5 Portal  Non Slip Soft Case Cover   Screen Protectors   Thumb Grips for PS,1,2070.0,Shipment,JAIPUR,Shipment,2070.0,0.0,1,False,
2025-07-29,BOM5-988,LGONEX4,B0F7RT4HGJ,yantralay 2Pcs Lens Guard for Insta 360 X4   Scratch Resistant Protective Lens Cover   High Transparency Optical Coated Cap   Insta 360 X4 Camera Acce,1,779.0,Shipment,KOTTAYAM,Shipment,779.0,0.0,1,False,
2025-07-29,BOM5-987,DR_STRAP-1133202,B0CNLDVL42,STARTRC Lanyard Neck Strap for DJI RC Controller  Adjustable for Mini 4 Pro Air 3 Mini 3 Mavic 3 Remote Controller Accessories  Grey,1,1614.0,Shipment,RATNAGIRI,Shipment,1614.0,0.0,1,False,
2025-07-29,BOM5-990,GP45-S,B0F88FL4CN,yantralay Magnetic Camera Mount for Hero 13 12 11 10 9  Insta360 X5 X4 X3  Action 4 5  Osmo Pocket 3   360  Quick Release Car Holder  Heavy Duty Magn,1,1549.0,Shipment,NOIDA,Shipment,1549.0,0.0,1,False,
2025-07-29,PNQ3-408,ACCHARGERONEX4_3_AMG,B0DWLH6MJ3,Yantralay x amagisn 3 Slot Battery Charger Compatible for Insta360 X4 Camera  Charging Dock for X4 Accessories,1,1424.0,Shipment,Chennai,Shipment,1424.0,0.0,1,False,
2025-07-29,BOM5-992,GP43_OP3_STARTRC,B0CT3TFRJL,yantralay Ethylene Vinyl Acetate  EVA  Portable Carry Case for DJI Osmo Pocket 3 Creator Combo   Protective Bag with Adjustable Shoulder Strap   Large,1,999.0,Shipment,Pune,Shipment,999.0,0.0,1,False,
2025-07-18,BOM5-889,GP47_NEW,B0DRYJZ6VH,Yantralay 360  Rotatable Camera Bike Mount Clamp Motorcycle Handlebar Pole Aluminium Mount for Insta360 X4 X3  Ace Pro Pro2  Hero13 12 11 10 9 For Os,1,-1308.53,Refund,NEW DELHI,Refund,-1308.53,0.0,0,False,
2025-07-26,BOM7-1014,LED_P5-BGD-03_TLS,B0FCSFN993,Yantralay x Telesin Ice Cube Magnetic Phone Light   Crystal Clear RGB LED Fill Light for Mobile  Selfie   Video   Portable Photography Lighting with P,1,-2599.0,Refund,KANCHIPURAM,Refund,-2599.0,0.0,0,False,
2025-07-29,BOM7-1053,ACCHARGERONEX4_3_AMG,B0DWLH6MJ3,nan,1,0.0,Cancel,VIMAN NAGAR,Cancel,0.0,0.0,0,False,
2025-07-29,BOM5-989,PS2_BLACK,B0BL1CYSW6,yantralay Nylon Controller Gamepad Carry Case   Ultimate Protection Compatible for PS5 PS4 PS3 Switch Pro Xbox Joysticks Waterproof  Scratch Protectio,1,479.0,Shipment,KARJAT RAIGARH DISTRICT,Shipment,479.0,0.0,1,False,
2025-07-23,PNQ3-397,GP47-L_TLS,B0DJ9S3SY7,yantralay x Telesin Camera Clamp Mount   360  Ball Joint Handlebar Holder for Go Pro Hero 13 12 11 10 9  Insta360 X4 X3 X2  ONE R RS  DJI Osmo Action,1,-1899.0,Refund,Dehradun,Refund,-1899.0,0.0,0,False,
2025-07-29,BOM7-1052,PS5_CC1_GREY,B0BRJMPHKL,yantralay PS5 Carrying Case Bag for PS5 Console Gamepad  Controller  Headset  VR Play Station Accessories   Travel Bag   Grey,1,2449.0,Shipment,BENGALURU,Shipment,2449.0,0.0,1,False,
2025-07-27,BOM7-1034,CADEN_W9N,B09C89HZH5,CADeN Camera Backpack  Camera Bag Large DSLR SLR Mirrorless Waterproof with 15 6 Laptop Compartment   Tripod Holder  Compatible for Canon Nikon Sony D,1,5699.0,Shipment,Mumbai,Shipment,5699.0,0.0,1,False,
2025-07-29,BOM5-996,GP35,B0CHWDB134,yantralay Surfboard Mount for Action Cameras  Hero  Yi  SJCAM   Ideal for Surfing  Kayaking  Boating   Includes Stick On Baseplate  FCS Compatible Plu,1,599.0,Shipment,GURUGRAM,Shipment,599.0,0.0,1,False,
2025-07-20,BOM7-963,GP162TELESINN,B07G5XWJJM,TELESIN Motorcycle Helmet Strap Mount Front Chin Mount for GoPro Hero 2018 7 6 5 4 3  Session  SJCAM  AKASO  Campark  Polaroid  YI Action Camera Helme,1,-770.18,Refund,RAIGARH,Refund,-770.18,0.0,0,False,
2025-07-29,BOM5-997,ACCHARGERONEX4_3_AMG,B0DWLH6MJ3,Yantralay x amagisn 3 Slot Battery Charger Compatible for Insta360 X4 Camera  Charging Dock for X4 Accessories,1,1424.0,Shipment,VIMAN NAGAR,Shipment,1424.0,0.0,1,False,
2025-07-29,BOM5-993,GP10KIT_H9_GP17,B0FC2Z4XM3,yantralay Complete Go Pro Hero 12 11 10 9 Accessory Bundle   Waterproof Housing Case  Silicone Protector  Filter   Lens Kit  Tempered Glass Screen Pro,1,2199.0,Shipment,BALAGHAT,Shipment,2199.0,0.0,1,False,
2025-07-29,BOM5-998,GP1620_TLS,B08S7D4LKH,yantralay Upgraded Helmet Chin Strap Mount for Hero 13 12 11 10 9 8 7 6 5  SJCAM  Insta 360   DJI Osmo Action 3   4   Adjustable   Secure Camera Moun,1,1164.97,Shipment,VADODARA,Shipment,1164.97,0.0,1,False,
2025-07-29,PNQ3-410,MP_OA5,B0F9X1YNVL,yantralay Camera Lavalier Clip on Type C Microphone for DJ I Action 3 4 Collar Clip Microphone  Without Need of Mic Adapter  1 5M Cable Length   Black,1,1417.17,Shipment,TALEGAON DABHADE,Shipment,1417.17,0.0,1,False,
2025-07-25,BOM7-1008,PS5_CC1_BLACK,B0BRJM4R9Q,yantralay PS 5 Carrying Case Bag for PS5 Console Gamepad  Controller  Headset  VR Play Statio n Accessories   Travel Bag   Black,1,-2449.0,Refund,NEW DELHI,Refund,-2449.0,0.0,0,False,
2025-07-29,PNQ3-409,GP47_NEW,B0DRYJZ6VH,Yantralay 360  Rotatable Camera Bike Mount Clamp Motorcycle Handlebar Pole Aluminium Mount for Insta360 X4 X3  Ace Pro Pro2  Hero13 12 11 10 9 For Os,1,1349.0,Shipment,PUNE,Shipment,1349.0,0.0,1,False,
2025-07-22,BOM5-939,GP43_OP3_STARTRC,B0CT3TFRJL,yantralay Ethylene Vinyl Acetate  EVA  Portable Carry Case for DJI Osmo Pocket 3 Creator Combo   Protective Bag with Adjustable Shoulder Strap   Large,1,-999.0,Refund,ORDNANCE FACTORY ITARSI TOWNSHIP,Refund,-999.0,0.0,0,False,
2025-07-21,BOM5-925,GP43_OP3_STARTRC,B0CT3TFRJL,yantralay Ethylene Vinyl Acetate  EVA  Portable Carry Case for DJI Osmo Pocket 3 Creator Combo   Protective Bag with Adjustable Shoulder Strap   Large,1,-969.03,Refund,BETUL,Refund,-969.03,0.0,0,False,
2025-07-29,BOM5-1000,GP100,B0723FF53T,yantralay 40 in 1 Action Camera Mount Kit for Hero 13 12 11 10 9 8 7 6 5 SJCAM  Osmo Action 3   4  Insta 360   More   with Selfie Monopod  Straps  Mou,1,1139.0,Shipment,MUMBAI,Shipment,1139.0,0.0,1,False,
2025-07-29,BOM5-995,GP100,B0723FF53T,yantralay 40 in 1 Action Camera Mount Kit for Hero 13 12 11 10 9 8 7 6 5 SJCAM  Osmo Action 3   4  Insta 360   More   with Selfie Monopod  Straps  Mou,1,1139.0,Shipment,Port blair,Shipment,1139.0,0.0,1,False,
2025-07-29,BOM7-1054,PS5_CC1_BLACK,B0BRJM4R9Q,yantralay PS 5 Carrying Case Bag for PS5 Console Gamepad  Controller  Headset  VR Play Statio n Accessories   Travel Bag   Black,1,2449.0,Shipment,PUNE,Shipment,2449.0,0.0,1,False,
2025-07-29,PNQ3-411,GP47_NEW,B0DRYJZ6VH,Yantralay 360  Rotatable Camera Bike Mount Clamp Motorcycle Handlebar Pole Aluminium Mount for Insta360 X4 X3  Ace Pro Pro2  Hero13 12 11 10 9 For Os,1,1308.53,Shipment,PUNE,Shipment,1308.53,0.0,1,False,
2025-07-29,BOM7-1056,PS5_CC1_BLACK,B0BRJM4R9Q,yantralay PS 5 Carrying Case Bag for PS5 Console Gamepad  Controller  Headset  VR Play Statio n Accessories   Travel Bag   Black,1,2375.53,Shipment,Erode,Shipment,2375.53,0.0,1,False,
2025-07-29,BOM7-1055,PS5_CC1_BLACK,B0BRJM4R9Q,yantralay PS 5 Carrying Case Bag for PS5 Console Gamepad  Controller  Headset  VR Play Statio n Accessories   Travel Bag   Black,1,2375.53,Shipment,SITAMARHI,Shipment,2375.53,0.0,1,False,
2025-07-13,PNQ3-372,INONEX4_COMBO1,B0DX1SWJXZ,yantralay Lens Guard for Insta360 X4   Tempered Glass   Scratch Resistant Protective Lens Cover   Insta360 X4 Camera Accessories   ONEX4 Combo Kit,1,-1949.0,Refund,BARGARH,Refund,-1949.0,0.0,0,False,
2025-07-26,BOM7-1012,PS5_CC1_BLACK,B0BRJM4R9Q,yantralay PS 5 Carrying Case Bag for PS5 Console Gamepad  Controller  Headset  VR Play Statio n Accessories   Travel Bag   Black,1,-2449.0,Refund,hyderabad,Refund,-2449.0,0.0,0,False,
2025-07-26,BOM7-1019,PS5_CC1_BLACK,B0BRJM4R9Q,yantralay PS 5 Carrying Case Bag for PS5 Console Gamepad  Controller  Headset  VR Play Statio n Accessories   Travel Bag   Black,1,-2449.0,Refund,Bhopal,Refund,-2449.0,0.0,0,False,
2025-07-30,PNQ3-412,GP162TELESINN,B07G5XWJJM,TELESIN Motorcycle Helmet Strap Mount Front Chin Mount for GoPro Hero 2018 7 6 5 4 3  Session  SJCAM  AKASO  Campark  Polaroid  YI Action Camera Helme,1,770.18,Shipment,MUMBAI,Shipment,770.18,0.0,1,False,
2025-07-30,BOM5-1001,PS10_OLEDCOMBO_GREEN,B0DJFLRGQF,yantralay 4 in 1 Carrying Case Pouch with Protective Cover for Nintendo Switch OLED  Non Slip Soft Case Cover  Screen Protectors   Thumb Grips for Swi,1,1203.83,Shipment,Mumbai,Shipment,1203.83,0.0,1,False,
2025-07-30,BOM7-1058,GP10_DJIFLIP_NYLON_STARTRC,B0F839FBX3,yantralay x Start rc Nylon Carrying Case for DJ I Flip Drone   Lightweight Travel Bag for RC2 RC N3 Controller  Propeller Guard   2 Extra Batteries,1,1842.03,Shipment,Mayapur  Nadia,Shipment,1842.03,0.0,1,False,
2025-07-30,BOM7-1057,PS5_CC1_BLACK,B0BRJM4R9Q,yantralay PS 5 Carrying Case Bag for PS5 Console Gamepad  Controller  Headset  VR Play Statio n Accessories   Travel Bag   Black,1,2375.53,Shipment,FARIDABAD,Shipment,2375.53,0.0,1,False,
2025-07-30,BOM7-1060,DITTOPRO-GREEN_DIVOOMN,B0811XB8VB,Divoom Ditoo 10 Watt Wireless Bluetooth Speaker,1,14799.0,Shipment,MUMBAI,Shipment,14799.0,0.0,1,False,
2025-07-24,BOM7-984,GP10_DJIFLIP_STARTRC,B0F83B4HX3,yantralay x Start rc Pu Material Carrying Case for DJ I Flip Fly More Combo   Waterproof Travel Bag for RC2 RC N3 Remote  Batteries  Charging Hub  65W,1,-1899.0,Refund,Berhampur,Refund,-1899.0,0.0,0,False,
2025-07-30,BOM7-1059,SHOTGRIP_TLSN,B0F66YYCTQ,Magnetic Phone Camera Grip  Smartphone Shooting Holder Selfie Handle Snap with Wireless Shutter Button Remote for iPhone 16 15 14 13 12 Pro Max Androi,1,2375.53,Shipment,NAVI MUMBAI,Shipment,2375.53,0.0,1,False,
2025-07-30,BOM7-1061,PS5_CC1_BLACK,B0BRJM4R9Q,yantralay PS 5 Carrying Case Bag for PS5 Console Gamepad  Controller  Headset  VR Play Statio n Accessories   Travel Bag   Black,1,2375.53,Shipment,THANE,Shipment,2375.53,0.0,1,False,
2025-07-30,BOM7-1063,LM17,B0D455L1MN,yantralay Folding Fingers Replacement Magnet Adapter Mount with 1 4 Tripod Connector Port Compatible with Go Pro Hero 13 12 11 11 Mini 10 9 8   Hero M,1,901.0,Shipment,MUMBAI,Shipment,901.0,0.0,1,False,
2025-07-30,BOM5-1003,GP10KIT_KIT2,B0FBS5Q11T,yantralay 61 in 1 Action Camera Accessories Kit Compatible with Go Pro Hero 13 12 11 10 9  Action 5 4 3  Action  Insta 360 X5 X4 X3   All Other Action,1,1648.03,Shipment,Hyderabad,Shipment,1648.03,0.0,1,False,
2025-07-30,BOM7-1065,ACCHARGERONEX4_3_AMG,B0DWLH6MJ3,Yantralay x amagisn 3 Slot Battery Charger Compatible for Insta360 X4 Camera  Charging Dock for X4 Accessories,1,1381.28,Shipment,Huvina Hadagali,Shipment,1381.28,0.0,1,False,
2025-07-30,PNQ3-413,PS1,B0BJBL1XBS,yantralay Polyester Dual Controller Hard Carry Case Compatible With Ps5 Ps4 Xbox Ipega Controllers   3 Layer Protection Travel Carry Case   Grey,1,877.85,Shipment,GAUTAM BUDDHA NAGAR,Shipment,877.85,0.0,1,False,
2025-07-30,BOM7-1066,GP47_NEW,B0DRYJZ6VH,Yantralay 360  Rotatable Camera Bike Mount Clamp Motorcycle Handlebar Pole Aluminium Mount for Insta360 X4 X3  Ace Pro Pro2  Hero13 12 11 10 9 For Os,1,1308.53,Shipment,NEW DELHI,Shipment,1308.53,0.0,1,False,
2025-07-16,BOM7-912,GP10_ONEX4_STARTRC,B0DDXP86FQ,yantralay x Startr c Carrying Case for Insta 360 X4 X5  Portable PU Storage Protective Bag Travel Case for Insta 360 X4 X5 Accessories with Large Capa,1,-1547.15,Refund,DABRA,Refund,-1547.15,0.0,0,False,
2025-07-30,BOM7-1067,PS5_CC1_GREY,B0BRJMPHKL,yantralay PS5 Carrying Case Bag for PS5 Console Gamepad  Controller  Headset  VR Play Station Accessories   Travel Bag   Grey,1,2375.53,Shipment,NAVI MUMBAI,Shipment,2375.53,0.0,1,False,
2025-07-30,BOM5-1002,PS10_PS5PORTAL,B0DVT5SJD2,yantralay Hard Carrying Protective Case for Play Station Portal for PS5 Portal Console  Storage Case Only,1,969.03,Shipment,MUMBAI,Shipment,969.03,0.0,1,False,
2025-07-30,PNQ3-414,GP1620_TLSNK,B08MSR2SNJ,TELESIN Upgraded Motorcycle Helmet Chin Mount for GoPro Max Hero 10 9 8 7 One R One X DJI Osmo Action Pocket Cellphone   More Action Camera with Go Pr,1,1210.02,Shipment,BHATPARA,Shipment,1210.02,0.0,1,False,
2025-07-28,BOM5-980,GP290XL_AL,B0F7Y3T6JV,yantralay Triple Suction Aluminium Mount with 1 4  Standard Screw Mount Compatible for Hero 12 11 10 9  Insta 360 ONE X3 X2 ONER RS ACE PRO   All Othe,1,-2631.0,Refund,GURUGRAM,Refund,-2631.0,0.0,0,False,
2025-07-30,BOM7-1064,PS_CDRACK-BLACK,B0DWXZ4PH8,yantralay Game Storage Tower for PS5 Xbox Series Switch   Holds 18 Game Discs with 4 Controller Holders   Gaming Desk Organizer   Stand   Black,1,1745.03,Shipment,Mumbai,Shipment,1745.03,0.0,1,False,
2025-07-30,BOM7-1070,GP10_DJIFLIP_STARTRC,B0F83B4HX3,yantralay x Start rc Pu Material Carrying Case for DJ I Flip Fly More Combo   Waterproof Travel Bag for RC2 RC N3 Remote  Batteries  Charging Hub  65W,1,1842.03,Shipment,LONI,Shipment,1842.03,0.0,1,False,
2025-07-30,BOM7-1068,GP100,B0723FF53T,yantralay 40 in 1 Action Camera Mount Kit for Hero 13 12 11 10 9 8 7 6 5 SJCAM  Osmo Action 3   4  Insta 360   More   with Selfie Monopod  Straps  Mou,1,1139.0,Shipment,TIRUVANNAMALAI,Shipment,1139.0,0.0,1,False,
2025-07-30,BOM5-1004,PS2_RED,B0BL1HF4NJ,yantralay Nylon Controller Gamepad Carry Case   Ultimate Protection Compatible For PS5 PS4 PS3 Switch Pro Xbox Joysticks Waterproof  Scratch Protectio,1,464.07,Shipment,Pune,Shipment,464.07,0.0,1,False,
2025-07-30,BOM5-1004,PS2_WHITE,B0C46XWQRT,yantralay Controller Gamepad Carry Case   Ultimate Protection Compatible for PS5 PS4 PS3 Switch Pro Xbox Joysticks Waterproof  Scratch Protection  Dur,1,510.57,Shipment,Pune,Shipment,510.57,0.0,1,False,
2025-07-30,BOM5-1004,PS2_BLACK,B0BL1CYSW6,yantralay Nylon Controller Gamepad Carry Case   Ultimate Protection Compatible for PS5 PS4 PS3 Switch Pro Xbox Joysticks Waterproof  Scratch Protectio,1,445.47,Shipment,Pune,Shipment,445.47,0.0,1,False,
2025-07-30,BOM5-1004,PS2_BLUE,B0BL1H24P4,yantralay Controller Gamepad Carry Case   Ultimate Protection Compatible for PS5 PS4 PS3 Switch Pro Xbox Joysticks Waterproof  Scratch Protection  Dur,1,464.07,Shipment,Pune,Shipment,464.07,0.0,1,False,
2025-07-27,BOM5-976,PS10_PS5PORTALCOMBO,B0DF2Z2X1Q,yantralay 6 in 1 Hard Carrying Case with Protective Cover for Play Station 5 Portal  Non Slip Soft Case Cover   Screen Protectors   Thumb Grips for PS,1,2070.0,Shipment,Bhopal,Shipment,2070.0,0.0,1,False,
2025-07-30,BOM5-1006,GP100,B0723FF53T,yantralay 40 in 1 Action Camera Mount Kit for Hero 13 12 11 10 9 8 7 6 5 SJCAM  Osmo Action 3   4  Insta 360   More   with Selfie Monopod  Straps  Mou,1,1104.83,Shipment,PUNE,Shipment,1104.83,0.0,1,False,
2025-07-30,BOM5-1007,ACFRAMEONEX4_HZ_AL,B0DZZ6M6F2,yantralay Horizontal Vertical Mount Bracket for Insta360 ONE X4   90  Aluminum Vertical Frame Adapter  Durable   Lightweight Insta360 X4 Accessory fo,1,1648.03,Shipment,JAIPUR,Shipment,1648.03,0.0,1,False,
2025-07-30,BOM5-1005,GP46-M,B0F91GXT2N,yantralay Double Clamp Mount Bracket with 1 4  Ball Head for GoPro  Insta 360 X2 X3  Action Cameras   Handlebar  Motorcycle  Bicycle  Selfie Stick  St,1,1754.0,Shipment,AHMEDABAD,Shipment,1754.0,0.0,1,False,
2025-07-30,BOM7-1071,DA31,B0CGDMJ882,Yantralay DSLR Battery Pouch   Portable Waterproof Bag for lp e6 e8 e10 e12 en el14 el15 fw50 f550 Batteries   Convenient Access Design   Compact and,1,484.03,Shipment,Raipur,Shipment,484.03,0.0,1,False,
2025-07-30,BOM7-1069,PS1,B0BJBL1XBS,yantralay Polyester Dual Controller Hard Carry Case Compatible With Ps5 Ps4 Xbox Ipega Controllers   3 Layer Protection Travel Carry Case   Grey,1,877.85,Shipment,BAGBAHARA,Shipment,877.85,0.0,1,False,
2025-07-31,BOM7-1073,ACFRAMEOP3_PL_VRIG,B0DDQ7BWNC,yantralay Phone Holder for DJI Osmo Pocket 3  Vlogging Camera Expansion Bracket  Adjustable Adapter Frame  Live Streaming Accessories,1,1260.03,Shipment,HYDERABAD,Shipment,1260.03,0.0,1,False,
2025-07-31,BOM7-1074,PS10_OLEDCOMBO_GREEN,B0DJFLRGQF,yantralay 4 in 1 Carrying Case Pouch with Protective Cover for Nintendo Switch OLED  Non Slip Soft Case Cover  Screen Protectors   Thumb Grips for Swi,1,1104.83,Shipment,MUMBAI,Shipment,1104.83,0.0,1,False,
2025-07-26,BOM7-1021,CADEN_W9N,B09C89HZH5,CADeN Camera Backpack  Camera Bag Large DSLR SLR Mirrorless Waterproof with 15 6 Laptop Compartment   Tripod Holder  Compatible for Canon Nikon Sony D,1,-5699.0,Refund,SANCHORE,Refund,-5699.0,0.0,0,False,
2025-07-30,BOM7-1062,GP10_DJIFLIP_NYLON_STARTRC,B0F839FBX3,yantralay x Start rc Nylon Carrying Case for DJ I Flip Drone   Lightweight Travel Bag for RC2 RC N3 Controller  Propeller Guard   2 Extra Batteries,1,1842.03,Shipment,RAIGARH,Shipment,1842.03,0.0,1,False,
2025-07-31,BOM7-1076,GP10_DJIFLIP_STARTRC,B0F83B4HX3,yantralay x Start rc Pu Material Carrying Case for DJ I Flip Fly More Combo   Waterproof Travel Bag for RC2 RC N3 Remote  Batteries  Charging Hub  65W,1,1842.03,Shipment,Kolkata,Shipment,1842.03,0.0,1,False,
2025-07-31,PNQ3-415,GP47_NEW,B0DRYJZ6VH,Yantralay 360  Rotatable Camera Bike Mount Clamp Motorcycle Handlebar Pole Aluminium Mount for Insta360 X4 X3  Ace Pro Pro2  Hero13 12 11 10 9 For Os,1,1308.53,Shipment,KOTA,Shipment,1308.53,0.0,1,False,
2025-07-31,BOM7-1077,GP10_DJIFLIP_STARTRC,B0F83B4HX3,yantralay x Start rc Pu Material Carrying Case for DJ I Flip Fly More Combo   Waterproof Travel Bag for RC2 RC N3 Remote  Batteries  Charging Hub  65W,1,1842.03,Shipment,SHIVAMOGGA,Shipment,1842.03,0.0,1,False,
2025-07-31,BOM7-1072,PS5_CC1_BLACK,B0BRJM4R9Q,yantralay PS 5 Carrying Case Bag for PS5 Console Gamepad  Controller  Headset  VR Play Statio n Accessories   Travel Bag   Black,1,2375.53,Shipment,GHAZIABAD,Shipment,2375.53,0.0,1,False,
2025-07-31,BOM5-1008,LGONEX4,B0F7RT4HGJ,yantralay 2Pcs Lens Guard for Insta 360 X4   Scratch Resistant Protective Lens Cover   High Transparency Optical Coated Cap   Insta 360 X4 Camera Acce,1,755.63,Shipment,Chennai,Shipment,755.63,0.0,1,False,
2025-07-31,BOM7-1080,PS5_CC1_BLACK,B0BRJM4R9Q,yantralay PS 5 Carrying Case Bag for PS5 Console Gamepad  Controller  Headset  VR Play Statio n Accessories   Travel Bag   Black,1,2375.53,Shipment,KUCHAMAN CITY,Shipment,2375.53,0.0,1,False,
2025-07-31,BOM7-1083,GP47-S,B08RDGDZJG,Taisioner Super Clamp Mount Double Ball Head Adapter Compatible with GoPro AKASO DJI Action or DSLR Camera Accessories,1,0.0,FreeReplacement,NEW TOWN,FreeReplacement,0.0,0.0,0,True,
2025-07-31,BOM7-1078,GP162TELESINN,B07G5XWJJM,TELESIN Motorcycle Helmet Strap Mount Front Chin Mount for GoPro Hero 2018 7 6 5 4 3  Session  SJCAM  AKASO  Campark  Polaroid  YI Action Camera Helme,1,770.18,Shipment,INDORE,Shipment,770.18,0.0,1,False,
2025-07-31,BOM7-1075,ACFRAMEGP13_AL,B0F93ZW44W,Yantralay Premium Aluminum Protective Case for Go Pro Hero13 12 11 10 9 Tough Aluminum Cage Maximum Protection with Minimal Weight Accessory,1,2599.6,Shipment,LUDHIANA,Shipment,2599.6,0.0,1,False,
2025-07-19,BOM5-898,GP100,B0723FF53T,yantralay 40 in 1 Action Camera Mount Kit for Hero 13 12 11 10 9 8 7 6 5 SJCAM  Osmo Action 3   4  Insta 360   More   with Selfie Monopod  Straps  Mou,1,-1104.83,Refund,MUMBAI,Refund,-1104.83,0.0,0,False,
2025-07-31,BOM7-1081,GP28COMBO_X3N,B0BY8178B6,PellKing Camera Protective Accessories Kit for Insta360 X3  Inst 360 X3 Bundle Include Lens Guard Silicone Protective Cover Screen Protectors Camera C,1,1032.08,Shipment,BENGALURU,Shipment,1032.08,0.0,1,False,
2025-07-31,BOM7-1079,ACCASEONEX5,B0FF2D12YN,Yantralay Invisible Magnetic Dive Case for Insta360 X5   60M Waterproof Underwater Housing for Deep Sea   Snorkeling Shots,1,5819.03,Shipment,THANE,Shipment,5819.03,0.0,1,False,
2025-07-31,BOM7-1082,GP47_NEW,B0DRYJZ6VH,Yantralay 360  Rotatable Camera Bike Mount Clamp Motorcycle Handlebar Pole Aluminium Mount for Insta360 X4 X3  Ace Pro Pro2  Hero13 12 11 10 9 For Os,1,1308.53,Shipment,NAVI MUMBAI,Shipment,1308.53,0.0,1,False,
2025-07-31,BOM5-1011,ACCASEONEX4,B0DZZC8YJV,Yantralay Invisible Dive Case for Insta360 X4   Waterproof Diving Housing Cover  Protective PC Sealed Shell with Bracket for Underwater Photography,1,5209.87,Shipment,Mumbai,Shipment,5209.87,0.0,1,False,
2025-07-31,BOM5-1010,DR28_RC2COVER_MP,B0CL9TH14Q,STARTRC Mini 4 Pro Sun Hood for DJI RC 2 Controller 3 IN 1 Sunshade Joysticks Screen Protector for DJI Mini 4 Pro Air 3S Air 3 Accessories Anti Scratc,1,1617.96,Shipment,Mumbai,Shipment,1617.96,0.0,1,False,
2025-07-31,BOM7-1084,SHOTGRIP_TLS,B0FCSFYHRJ,nan,1,0.0,Cancel,PIMPRI CHINCHWAD,Cancel,0.0,0.0,0,False,
2025-07-31,BOM5-1013,GP28COMBO_X3N,B0BY8178B6,nan,1,0.0,Cancel,Kothali,Cancel,0.0,0.0,0,False,
2025-07-31,BOM5-1012,LGONEX4,B0F7RT4HGJ,yantralay 2Pcs Lens Guard for Insta 360 X4   Scratch Resistant Protective Lens Cover   High Transparency Optical Coated Cap   Insta 360 X4 Camera Acce,1,775.03,Shipment,PUNE,Shipment,775.03,0.0,1,False,
2025-07-31,PNQ3-416,PS1,B0BJBL1XBS,yantralay Polyester Dual Controller Hard Carry Case Compatible With Ps5 Ps4 Xbox Ipega Controllers   3 Layer Protection Travel Carry Case   Grey,1,833.23,Shipment,PUNE,Shipment,833.23,0.0,1,False,
2025-07-21,PNQ3-393,GP46-L,B0F91GCRP4,yantralay Double Clamp Mount Bracket with 1 4  Ball Head for Go Pro 13 12 11  Insta 360 X5 X4 X3 Handlebar  Motorcycle  Bicycle  Selfie Stick  Studio,1,-1851.0,Refund,pune,Refund,-1851.0,0.0,0,False,
2025-07-31,BOM7-1086,PS5_CC1_BLACK,B0BRJM4R9Q,yantralay PS 5 Carrying Case Bag for PS5 Console Gamepad  Controller  Headset  VR Play Statio n Accessories   Travel Bag   Black,1,2375.53,Shipment,DOMBIVLI,Shipment,2375.53,0.0,1,False,
2025-07-31,BOM7-1085,GP46-M,B0F91GXT2N,yantralay Double Clamp Mount Bracket with 1 4  Ball Head for GoPro  Insta 360 X2 X3  Action Cameras   Handlebar  Motorcycle  Bicycle  Selfie Stick  St,1,0.0,FreeReplacement,CHENNAI,FreeReplacement,0.0,0.0,0,True,
2025-07-31,BOM7-1087,PS_CDRACK-GREEN,B0DWXXDCX6,yantralay Game Storage Tower for PS5 Xbox Series Switch   Holds 18 Game Discs with 4 Controller Holders   Gaming Desk Organizer   Stand  Green,2,3346.14,Shipment,BENGALURU,Shipment,3346.14,0.0,2,False,
2025-07-31,IN-161,IN28_X5,B0F9KX96CY,yantralay Insta 360 X4 X5 Camera Mount Stand Base   Silicone Non Slip Desktop Bracket for Insta 360 X4   X5   Lightweight  Compact   Stable,1,474.33,Shipment,Malegon,Shipment,474.33,0.0,1,False,
2025-07-31,BOM5-1014,GP28COMBO_X3N,B0BY8178B6,PellKing Camera Protective Accessories Kit for Insta360 X3  Inst 360 X3 Bundle Include Lens Guard Silicone Protective Cover Screen Protectors Camera C,1,1032.08,Shipment,Kothali,Shipment,1032.08,0.0,1,False,
2025-06-27,BOM7-696,ACCASEONEX4,B0DZZC8YJV,Yantralay Invisible Dive Case for Insta360 X4   Waterproof Diving Housing Cover  Protective PC Sealed Shell with Bracket for Underwater Photography,1,-5509.05,Refund,Mumbai,Refund,-5509.05,0.0,0,False,
2025-06-25,BOM5-640,GP46-M_GP46-S_GP25_150CMS,B0F99WWGGT,yantralay Motorcycle Handlebar Clamp Kit with Dual Clamp Mounts   Invisible Selfie Stick for Insta 360 X4 X3 X2 One RS GO 3   Bike Action Camera Mount,1,-4274.05,Refund,AHMEDABAD,Refund,-4274.05,0.0,0,False,
2025-06-22,BOM7-652,HC10_RS3_STARTRC,B0C3YTL1CR,yantralay Acrylonitrile Butadiene Styrene  ABS  Hard Storage Carrying Flight Waterproof Case for DJI Gimbal Stabilizer Accessories   Heavy Duty Protec,1,-5509.0,Refund,PINDRA,Refund,-5509.0,0.0,0,False,
2025-06-30,PNQ3-336,LGONEX4,B0F7RT4HGJ,yantralay 2Pcs Lens Guard for Insta 360 X4   Scratch Resistant Protective Lens Cover   High Transparency Optical Coated Cap   Insta 360 X4 Camera Acce,1,-799.0,Refund,Kolhapur,Refund,-799.0,0.0,0,False,
2025-06-23,BOM5-625,GP100,B0723FF53T,yantralay 40 in 1 Action Camera Mount Kit for Hero 13 12 11 10 9 8 7 6 5 SJCAM  Osmo Action 3   4  Insta 360   More   with Selfie Monopod  Straps  Mou,1,-1139.0,Refund,NOIDA,Refund,-1139.0,0.0,0,False,
2025-06-28,BOM7-704,IN_MICMOUNT_X4,B0DZJQ8F1R,yantralay External Microphone Aluminium Mount Compatible with Insta 360 X4 X3 X2  Insta 360 Camera Accessories,1,-1472.0,Refund,Khanna,Refund,-1472.0,0.0,0,False,
2025-06-30,PNQ3-337,GP49,B0D456N4QM,yantralay Motorcycle Bike Bicycle Handlebar Mount Clamps with 1 4  Screw Compatible 8 35mm for Gopro Hero 13 12 11 10 9 Max Insta360 ONE X5 X4 X3  ONE,1,-901.0,Refund,Pune,Refund,-901.0,0.0,0,False,
2025-06-29,BOM5-673,ACCASEYTG9,B08NF6HMG6,yantralay YT G9 Vlogging Case with Dual Cold Shoe Mount for Hero 12 11 10 9  Removable 52mm Filter Ring  All in One Kit with Case Door  Lens Protector,1,-1044.0,Refund,Pune,Refund,-1044.0,0.0,0,False,
2025-06-30,BOM7-719,GP2KIT,B0F9WK57XQ,yantralay Phone Chest Mount Strap Harness for iPhone 16  Samsung  Xiaomi  Go Pro Hero 13 12 11 10 9 8 7  Action Cameras   DJ I Os mo   Mobile Holder B,1,-549.0,Refund,KUNNATHUNAD,Refund,-549.0,0.0,0,False,
2025-06-26,PNQ3-317,PS10_PS5PORTALCOMBO,B0DF2Z2X1Q,yantralay 6 in 1 Hard Carrying Case with Protective Cover for Play Station 5 Portal  Non Slip Soft Case Cover   Screen Protectors   Thumb Grips for PS,1,-2026.33,Refund,PUNE,Refund,-2026.33,0.0,0,False,
2025-06-28,BOM7-705,GP1620_TLS,B08S7D4LKH,yantralay Upgraded Helmet Chin Strap Mount for Hero 13 12 11 10 9 8 7 6 5  SJCAM  Insta 360   DJI Osmo Action 3   4   Adjustable   Secure Camera Moun,1,-1234.0,Refund,MUMBAI,Refund,-1234.0,0.0,0,False,
2025-06-27,BOM5-658,GP46-M,B0F91GXT2N,yantralay Double Clamp Mount Bracket with 1 4  Ball Head for GoPro  Insta 360 X2 X3  Action Cameras   Handlebar  Motorcycle  Bicycle  Selfie Stick  St,1,-1673.07,Refund,GANDHINAGAR,Refund,-1673.07,0.0,0,False,
2025-06-27,BOM5-658,GP46-S,B0F91G6H93,yantralay Double Clamp Mount Bracket with 1 4  Ball Head for GoPro  Insta 360 X2 X3  Action Cameras   Handlebar  Motorcycle  Bicycle  Selfie Stick  St,1,-1580.07,Refund,GANDHINAGAR,Refund,-1580.07,0.0,0,False,
2025-06-25,BOM7-680,ACCHARGERONEX4_3_AMG,B0DWLH6MJ3,Yantralay x amagisn 3 Slot Battery Charger Compatible for Insta360 X4 Camera  Charging Dock for X4 Accessories,1,-1387.95,Refund,GOKAK,Refund,-1387.95,0.0,0,False,
2025-06-19,BOM7-632,ND_OA5_TLS,B0DX7DQDVP,Yantralay x TELESIN Lens Filter Set for DJI Osmo Action 5 4 3   CPL  ND8  ND16  ND32 Camera Lens Filters  Professional Accessories for DJI OSMO Action,1,-2925.0,Refund,VASAI VIRAR,Refund,-2925.0,0.0,0,False,
2025-06-19,BOM7-631,GP10_OM7P_STARTRC,B0F2J6Z8WT,yantralay Osmo Mobile 7P Case Portable PU Shoulder Bag for DJI OM 7 Pro 7 Gimbal Stabilizer Travel Case for DJI Osmo Mobile 7 7P,1,-1299.0,Refund,POKARAN,Refund,-1299.0,0.0,0,False,
2025-07-01,BLR7-717,GP47_NEW,B0DRYJZ6VH,Yantralay 360  Rotatable Camera Bike Mount Clamp Motorcycle Handlebar Pole Aluminium Mount for Insta360 X4 X3  Ace Pro Pro2  Hero13 12 11 10 9 For Os,1,1349.0,Shipment,BENGALURU,Shipment,1349.0,0.0,1,False,
2025-07-01,BLR7-720,PS2_BLACK,B0BL1CYSW6,yantralay Nylon Controller Gamepad Carry Case   Ultimate Protection Compatible for PS5 PS4 PS3 Switch Pro Xbox Joysticks Waterproof  Scratch Protectio,1,479.0,Shipment,KOCHI,Shipment,479.0,0.0,1,False,
2025-07-01,BLR7-722,GP46-M_GP46-S_GP25_150CMS,B0F99WWGGT,nan,1,0.0,Cancel,Panaji,Cancel,0.0,0.0,0,False,
2025-07-01,BLR7-721,LM1_OA3,B0DRW3QS3C,nan,1,0.0,Cancel,BENGALURU,Cancel,0.0,0.0,0,False,
2025-07-01,BLR7-723,PS2_BLUE,B0BL1H24P4,yantralay Controller Gamepad Carry Case   Ultimate Protection Compatible for PS5 PS4 PS3 Switch Pro Xbox Joysticks Waterproof  Scratch Protection  Dur,1,499.0,Shipment,BENGALURU,Shipment,499.0,0.0,1,False,
2025-07-01,BLR7-719,SGONEX4-2_LGONEX4,B0F8VRR8JY,yantralay Insta 360 X4 Lens Guard   Screen Protector Combo Kit   Lens Covers   Anti Scratch  Tempered Glass Screen   Insta 360 X4 Accessories,1,1299.0,Shipment,BENGALURU,Shipment,1299.0,0.0,1,False,
2025-07-01,BLR7-718,PS1,B0BJBL1XBS,yantralay Polyester Dual Controller Hard Carry Case Compatible With Ps5 Ps4 Xbox Ipega Controllers   3 Layer Protection Travel Carry Case   Grey,1,979.0,Shipment,CHENNAI,Shipment,979.0,0.0,1,False,
2025-07-01,BLR7-726,GP47_NEW,B0DRYJZ6VH,Yantralay 360  Rotatable Camera Bike Mount Clamp Motorcycle Handlebar Pole Aluminium Mount for Insta360 X4 X3  Ace Pro Pro2  Hero13 12 11 10 9 For Os,1,1349.0,Shipment,Panjim,Shipment,1349.0,0.0,1,False,
2025-07-01,BLR7-727,PS10_OLED_GREEN,B0BRY5L26G,nan,1,0.0,Cancel,BENGALURU,Cancel,0.0,0.0,0,False,
2025-07-01,BLR7-729,PS10_PS5PORTALCOMBO,B0DF2Z2X1Q,yantralay 6 in 1 Hard Carrying Case with Protective Cover for Play Station 5 Portal  Non Slip Soft Case Cover   Screen Protectors   Thumb Grips for PS,1,2070.0,Shipment,BENGALURU,Shipment,2070.0,0.0,1,False,
2025-07-01,BLR7-724,LM1_OA3,B0DRW3QS3C,yantralay Magnet Adapter Mount for DJI Action 5 4 3   Quick Release Tripod Adapter with Secure Claws for Outdoor Use,1,999.0,Shipment,BENGALURU,Shipment,999.0,0.0,1,False,
2025-07-01,BLR7-730,DR28_RC2COVER_MP,B0CL9TH14Q,STARTRC Mini 4 Pro Sun Hood for DJI RC 2 Controller 3 IN 1 Sunshade Joysticks Screen Protector for DJI Mini 4 Pro Air 3S Air 3 Accessories Anti Scratc,1,1756.0,Shipment,BENGALURU,Shipment,1756.0,0.0,1,False,
2025-07-01,BLR7-728,GP47_NEW,B0DRYJZ6VH,Yantralay 360  Rotatable Camera Bike Mount Clamp Motorcycle Handlebar Pole Aluminium Mount for Insta360 X4 X3  Ace Pro Pro2  Hero13 12 11 10 9 For Os,1,1428.0,Shipment,Bengaluru,Shipment,1428.0,0.0,1,False,
2025-07-02,BLR7-732,GP43_ONEX4_STARTRC,B0DDXWLJ3D,yantralay Carry Pouch Bag Compatible with Insta 360 ONE X4 Camera Accessories,1,949.0,Shipment,Pune,Shipment,949.0,0.0,1,False,
2025-07-02,BLR7-731,GP47_NEW,B0DRYJZ6VH,Yantralay 360  Rotatable Camera Bike Mount Clamp Motorcycle Handlebar Pole Aluminium Mount for Insta360 X4 X3  Ace Pro Pro2  Hero13 12 11 10 9 For Os,1,1349.0,Shipment,Basavana Bagevadi,Shipment,1349.0,0.0,1,False,
2025-07-02,BLR7-733,GP12,B0D7BZ38X8,yantralay Aluminium Car Suction Mount 360  Rotatable for Insta 360 X4 X3 X2  Ace Pro ONE R RS  Hero 13 12 11 10 9 8 7  DJI Osmo Action Series   All O,1,1291.0,Shipment,VENKITANGU,Shipment,1291.0,0.0,1,False,
2025-07-02,BLR7-735,GP49,B0D456N4QM,yantralay Motorcycle Bike Bicycle Handlebar Mount Clamps with 1 4  Screw Compatible 8 35mm for Gopro Hero 13 12 11 10 9 Max Insta360 ONE X5 X4 X3  ONE,1,901.0,Shipment,BENGALURU,Shipment,901.0,0.0,1,False,
2025-07-02,BLR7-734,GP49,B0D456N4QM,yantralay Motorcycle Bike Bicycle Handlebar Mount Clamps with 1 4  Screw Compatible 8 35mm for Gopro Hero 13 12 11 10 9 Max Insta360 ONE X5 X4 X3  ONE,1,901.0,Shipment,Bangalore,Shipment,901.0,0.0,1,False,
2025-07-02,BLR7-736,GP46-L_GP46-S_GP25_150CMS_TUYU,B0FCYMLQ95,yantralay Aluminium Dual Clamp Handlebar Mount Kit for Action Cameras   Invisible Selfie Stick Setup   Compatible with Insta 360 X5 X4  Go Pro 13 12 1,1,4999.0,Shipment,Kannur,Shipment,4999.0,0.0,1,False,
2025-07-01,BLR7-725,LGONEX4,B0F7RT4HGJ,yantralay 2Pcs Lens Guard for Insta 360 X4   Scratch Resistant Protective Lens Cover   High Transparency Optical Coated Cap   Insta 360 X4 Camera Acce,1,799.0,Shipment,CHENNAI,Shipment,799.0,0.0,1,False,
2025-07-02,BLR7-738,GP10_OM7P_STARTRC,B0F2J6Z8WT,yantralay Osmo Mobile 7P Case Portable PU Shoulder Bag for DJI OM 7 Pro 7 Gimbal Stabilizer Travel Case for DJI Osmo Mobile 7 7P,1,1266.0,Shipment,BENGALURU,Shipment,1266.0,0.0,1,False,
2025-07-02,BLR7-740,PS2_BLACK,B0BL1CYSW6,yantralay Nylon Controller Gamepad Carry Case   Ultimate Protection Compatible for PS5 PS4 PS3 Switch Pro Xbox Joysticks Waterproof  Scratch Protectio,1,479.0,Shipment,CHENNAI,Shipment,479.0,0.0,1,False,
2025-07-02,BLR7-745,GP10KIT_H9_GP17,B0FC2Z4XM3,yantralay Complete Go Pro Hero 12 11 10 9 Accessory Bundle   Waterproof Housing Case  Silicone Protector  Filter   Lens Kit  Tempered Glass Screen Pro,1,2199.0,Shipment,BENGALURU,Shipment,2199.0,0.0,1,False,
2025-07-02,BLR7-739,GP46-M,B0F91GXT2N,yantralay Double Clamp Mount Bracket with 1 4  Ball Head for GoPro  Insta 360 X2 X3  Action Cameras   Handlebar  Motorcycle  Bicycle  Selfie Stick  St,1,1754.0,Shipment,BENGALURU,Shipment,1754.0,0.0,1,False,
2025-07-02,BLR7-739,GP46-S,B0F91G6H93,yantralay Double Clamp Mount Bracket with 1 4  Ball Head for GoPro  Insta 360 X2 X3  Action Cameras   Handlebar  Motorcycle  Bicycle  Selfie Stick  St,1,1656.0,Shipment,BENGALURU,Shipment,1656.0,0.0,1,False,
2025-07-02,BLR7-741,PS1,B0BJBL1XBS,yantralay Polyester Dual Controller Hard Carry Case Compatible With Ps5 Ps4 Xbox Ipega Controllers   3 Layer Protection Travel Carry Case   Grey,1,905.0,Shipment,BENGALURU,Shipment,905.0,0.0,1,False,
2025-07-02,BLR7-743,GP10_RS4MINI_STARTRC,B0DZZFNDHP,yantralay Portable Carrying Storage Case for DJ I Ronin RS4Mini Gimbal EVA Handbag Travel Handheld Shoulder Bag  RS4MINI,1,2631.0,Shipment,BENGALURU,Shipment,2631.0,0.0,1,False,
2025-07-02,BLR7-744,GP47_NEW,B0DRYJZ6VH,Yantralay 360  Rotatable Camera Bike Mount Clamp Motorcycle Handlebar Pole Aluminium Mount for Insta360 X4 X3  Ace Pro Pro2  Hero13 12 11 10 9 For Os,1,1349.0,Shipment,BENGALURU,Shipment,1349.0,0.0,1,False,
2025-07-02,BLR7-742,TY98_TUYU,B0F7RP62NV,yantralay Motorcycle Windshield Mounting Clamp Aluminum Mount for Go Pro Hero 13 12 11 10 9 Insta 360 X3 DJ I Action 3 Action Camera Accessories,1,1851.0,Shipment,Bengaluru,Shipment,1851.0,0.0,1,False,
2025-07-02,BLR7-737,PS2_RED,B0BL1HF4NJ,yantralay Nylon Controller Gamepad Carry Case   Ultimate Protection Compatible For PS5 PS4 PS3 Switch Pro Xbox Joysticks Waterproof  Scratch Protectio,1,499.0,Shipment,PARAMATHI,Shipment,499.0,0.0,1,False,
2025-07-03,BLR7-750,GP47_NEW,B0DRYJZ6VH,nan,1,0.0,Cancel,Bengaluru,Cancel,0.0,0.0,0,False,
2025-07-03,BLR7-749,GP47_NEW,B0DRYJZ6VH,Yantralay 360  Rotatable Camera Bike Mount Clamp Motorcycle Handlebar Pole Aluminium Mount for Insta360 X4 X3  Ace Pro Pro2  Hero13 12 11 10 9 For Os,1,1349.0,Shipment,GURUGRAM,Shipment,1349.0,0.0,1,False,
2025-07-03,BLR7-747,PS10_OLED_GREEN,B0BRY5L26G,yantralay Carry Case Pouch Cover Compatible with Nintendo Switch OLED with Game Card Slots for Switch Switch OLED Accessories  Video Game   Green,1,616.0,Shipment,HUBBALLI,Shipment,616.0,0.0,1,False,
2025-07-03,BLR7-752,DR28_RC2COVER_MP,B0CL9TH14Q,nan,1,0.0,Cancel,Bangalore,Cancel,0.0,0.0,0,False,
2025-07-01,BLR7-724,LM1_OA3,B0DRW3QS3C,yantralay Magnet Adapter Mount for DJI Action 5 4 3   Quick Release Tripod Adapter with Secure Claws for Outdoor Use,1,-999.0,Refund,BENGALURU,Refund,-999.0,0.0,0,False,
2025-07-03,BLR7-751,GP47_NEW,B0DRYJZ6VH,Yantralay 360  Rotatable Camera Bike Mount Clamp Motorcycle Handlebar Pole Aluminium Mount for Insta360 X4 X3  Ace Pro Pro2  Hero13 12 11 10 9 For Os,1,1349.0,Shipment,Bengaluru,Shipment,1349.0,0.0,1,False,
2025-07-03,BLR7-753,GP10_OM7P_STARTRC,B0F2J6Z8WT,yantralay Osmo Mobile 7P Case Portable PU Shoulder Bag for DJI OM 7 Pro 7 Gimbal Stabilizer Travel Case for DJI Osmo Mobile 7 7P,1,1266.0,Shipment,LEH,Shipment,1266.0,0.0,1,False,
2025-07-03,BLR7-758,PS10_PS5PORTALCOMBO,B0DF2Z2X1Q,nan,1,0.0,Cancel,COIMBATORE,Cancel,0.0,0.0,0,False,
2025-07-03,BLR7-748,PS1,B0BJBL1XBS,yantralay Polyester Dual Controller Hard Carry Case Compatible With Ps5 Ps4 Xbox Ipega Controllers   3 Layer Protection Travel Carry Case   Grey,1,905.0,Shipment,BENGALURU,Shipment,905.0,0.0,1,False,
2025-07-03,BLR7-758,PS10_PS5PORTALCOMBO,B0DF2Z2X1Q,yantralay 6 in 1 Hard Carrying Case with Protective Cover for Play Station 5 Portal  Non Slip Soft Case Cover   Screen Protectors   Thumb Grips for PS,1,2007.9,Shipment,COIMBATORE,Shipment,2007.9,0.0,1,False,
2025-07-03,BLR7-755,GP10_OM7P_STARTRC,B0F2J6Z8WT,yantralay Osmo Mobile 7P Case Portable PU Shoulder Bag for DJI OM 7 Pro 7 Gimbal Stabilizer Travel Case for DJI Osmo Mobile 7 7P,1,1228.02,Shipment,RAJKOT,Shipment,1228.02,0.0,1,False,
2025-07-03,BLR7-760,PS10_PS5PORTALCOMBO,B0DF2Z2X1Q,yantralay 6 in 1 Hard Carrying Case with Protective Cover for Play Station 5 Portal  Non Slip Soft Case Cover   Screen Protectors   Thumb Grips for PS,1,2007.9,Shipment,COIMBATORE,Shipment,2007.9,0.0,1,False,
2025-07-03,BLR7-754,DR28_RC2COVER_MP,B0CL9TH14Q,STARTRC Mini 4 Pro Sun Hood for DJI RC 2 Controller 3 IN 1 Sunshade Joysticks Screen Protector for DJI Mini 4 Pro Air 3S Air 3 Accessories Anti Scratc,1,1756.0,Shipment,Bangalore,Shipment,1756.0,0.0,1,False,
2025-07-03,BLR7-759,LGONEX4,B0F7RT4HGJ,yantralay 2Pcs Lens Guard for Insta 360 X4   Scratch Resistant Protective Lens Cover   High Transparency Optical Coated Cap   Insta 360 X4 Camera Acce,1,755.63,Shipment,KAVARAIPETTAI,Shipment,755.63,0.0,1,False,
2025-07-03,BLR7-757,GP46-S,B0F91G6H93,yantralay Double Clamp Mount Bracket with 1 4  Ball Head for GoPro  Insta 360 X2 X3  Action Cameras   Handlebar  Motorcycle  Bicycle  Selfie Stick  St,1,1606.32,Shipment,Bengaluru,Shipment,1606.32,0.0,1,False,
2025-07-03,BLR7-756,GP10_ONEX4_STARTRC,B0DDXP86FQ,yantralay x Startr c Carrying Case for Insta 360 X4 X5  Portable PU Storage Protective Bag Travel Case for Insta 360 X4 X5 Accessories with Large Capa,1,1637.0,Shipment,THIRUVANANTHAPURAM,Shipment,1637.0,0.0,1,False,
2025-07-04,BLR7-762,GP47_NEW,B0DRYJZ6VH,Yantralay 360  Rotatable Camera Bike Mount Clamp Motorcycle Handlebar Pole Aluminium Mount for Insta360 X4 X3  Ace Pro Pro2  Hero13 12 11 10 9 For Os,1,1308.53,Shipment,Bengaluru,Shipment,1308.53,0.0,1,False,
2025-07-03,BLR7-746,GP1620_TLSNK,B08MSR2SNJ,TELESIN Upgraded Motorcycle Helmet Chin Mount for GoPro Max Hero 10 9 8 7 One R One X DJI Osmo Action Pocket Cellphone   More Action Camera with Go Pr,1,1166.0,Shipment,NANDIVARAM GUDUVANCHERI,Shipment,1166.0,0.0,1,False,
2025-07-04,BLR7-761,GP47_NEW,B0DRYJZ6VH,Yantralay 360  Rotatable Camera Bike Mount Clamp Motorcycle Handlebar Pole Aluminium Mount for Insta360 X4 X3  Ace Pro Pro2  Hero13 12 11 10 9 For Os,1,1308.53,Shipment,Bangalore,Shipment,1308.53,0.0,1,False,
2025-07-02,BLR7-741,PS1,B0BJBL1XBS,yantralay Polyester Dual Controller Hard Carry Case Compatible With Ps5 Ps4 Xbox Ipega Controllers   3 Layer Protection Travel Carry Case   Grey,1,-905.0,Refund,BENGALURU,Refund,-905.0,0.0,0,False,
2025-07-04,BLR7-765,PS1,B0BJBL1XBS,yantralay Polyester Dual Controller Hard Carry Case Compatible With Ps5 Ps4 Xbox Ipega Controllers   3 Layer Protection Travel Carry Case   Grey,1,877.85,Shipment,BENGALURU,Shipment,877.85,0.0,1,False,
2025-07-04,BLR7-764,PS1,B0BJBL1XBS,yantralay Polyester Dual Controller Hard Carry Case Compatible With Ps5 Ps4 Xbox Ipega Controllers   3 Layer Protection Travel Carry Case   Grey,1,877.85,Shipment,CHENNAI,Shipment,877.85,0.0,1,False,
2025-07-04,BLR7-763,GP10_ONEX4_STARTRC,B0DDXP86FQ,yantralay x Startr c Carrying Case for Insta 360 X4 X5  Portable PU Storage Protective Bag Travel Case for Insta 360 X4 X5 Accessories with Large Capa,1,1522.41,Shipment,BENGALURU,Shipment,1522.41,0.0,1,False,
2025-07-04,BLR7-763,GP47_NEW,B0DRYJZ6VH,Yantralay 360  Rotatable Camera Bike Mount Clamp Motorcycle Handlebar Pole Aluminium Mount for Insta360 X4 X3  Ace Pro Pro2  Hero13 12 11 10 9 For Os,1,1254.57,Shipment,BENGALURU,Shipment,1254.57,0.0,1,False,
2025-07-04,BLR7-766,GP28COMBO1_H13,B0DHYCQR66,Yantralay Silicone Lanyard Sleeve Protective Cover   6PCS Tempered Glass Screen Guard with Silicone Lens Cover Compatible with GoPro Hero 9 Black Acti,1,626.62,Shipment,BENGALURU,Shipment,626.62,0.0,1,False,
2025-07-05,BLR7-768,GP29L,B08RXBFBG9,yantralay Windshield Car Suction Cup Mount for Hero 10 9 8  SJCAM  Osmo Action 3   4  Insta 360   Flexible  Multi Angle Adjustable   Mount for Smartph,1,579.09,Shipment,BENGALURU,Shipment,579.09,0.0,1,False,
2025-07-05,BLR7-767,GP47_NEW,B0DRYJZ6VH,Yantralay 360  Rotatable Camera Bike Mount Clamp Motorcycle Handlebar Pole Aluminium Mount for Insta360 X4 X3  Ace Pro Pro2  Hero13 12 11 10 9 For Os,1,1308.53,Shipment,Hanamkonda,Shipment,1308.53,0.0,1,False,
2025-07-05,BLR7-769,PS2_BLACK,B0BL1CYSW6,yantralay Nylon Controller Gamepad Carry Case   Ultimate Protection Compatible for PS5 PS4 PS3 Switch Pro Xbox Joysticks Waterproof  Scratch Protectio,1,464.63,Shipment,VAZHAKKALA,Shipment,464.63,0.0,1,False,
2025-07-05,BLR7-774,GP43_ONEX4_STARTRC,B0DDXWLJ3D,yantralay Carry Pouch Bag Compatible with Insta 360 ONE X4 Camera Accessories,1,944.78,Shipment,NEW DELHI,Shipment,944.78,0.0,1,False,
2025-07-05,BLR7-771,LGONEX4,B0F7RT4HGJ,yantralay 2Pcs Lens Guard for Insta 360 X4   Scratch Resistant Protective Lens Cover   High Transparency Optical Coated Cap   Insta 360 X4 Camera Acce,1,755.63,Shipment,THANE,Shipment,755.63,0.0,1,False,
2025-07-05,BLR7-775,LCONEX3,B0CQ6C5255,yantralay Silicone Protective Lens Cap for Insta 360 ONE X3 Camera   Dust Proof  Scratch Proof  Lightweight Design   Easy to Carry   Reliable Accessor,1,484.03,Shipment,BENGALURU,Shipment,484.03,0.0,1,False,
2025-07-05,BLR7-776,PS10_OLEDCOMBO_GREEN,B0DJFLRGQF,yantralay 4 in 1 Carrying Case Pouch with Protective Cover for Nintendo Switch OLED  Non Slip Soft Case Cover  Screen Protectors   Thumb Grips for Swi,1,1104.83,Shipment,HYDERABAD,Shipment,1104.83,0.0,1,False,
2025-07-05,BLR7-777,GP49,B0D456N4QM,yantralay Motorcycle Bike Bicycle Handlebar Mount Clamps with 1 4  Screw Compatible 8 35mm for Gopro Hero 13 12 11 10 9 Max Insta360 ONE X5 X4 X3  ONE,1,873.97,Shipment,BANGALORE,Shipment,873.97,0.0,1,False,
2025-07-05,BLR7-772,GP10_OM7P_STARTRC,B0F2J6Z8WT,yantralay Osmo Mobile 7P Case Portable PU Shoulder Bag for DJI OM 7 Pro 7 Gimbal Stabilizer Travel Case for DJI Osmo Mobile 7 7P,1,1228.02,Shipment,Lethpora,Shipment,1228.02,0.0,1,False,
2025-07-05,BLR7-773,GP47_NEW,B0DRYJZ6VH,Yantralay 360  Rotatable Camera Bike Mount Clamp Motorcycle Handlebar Pole Aluminium Mount for Insta360 X4 X3  Ace Pro Pro2  Hero13 12 11 10 9 For Os,1,1308.53,Shipment,SHILLONG,Shipment,1308.53,0.0,1,False,
2025-07-06,BLR7-779,PS10_OLED_GREEN,B0BRY5L26G,yantralay Carry Case Pouch Cover Compatible with Nintendo Switch OLED with Game Card Slots for Switch Switch OLED Accessories  Video Game   Green,1,597.52,Shipment,BENGALURU,Shipment,597.52,0.0,1,False,
2025-07-06,BLR7-778,GP49,B0D456N4QM,yantralay Motorcycle Bike Bicycle Handlebar Mount Clamps with 1 4  Screw Compatible 8 35mm for Gopro Hero 13 12 11 10 9 Max Insta360 ONE X5 X4 X3  ONE,1,873.97,Shipment,ANANTAPUR,Shipment,873.97,0.0,1,False,
2025-07-06,BLR7-780,GP49,B0D456N4QM,yantralay Motorcycle Bike Bicycle Handlebar Mount Clamps with 1 4  Screw Compatible 8 35mm for Gopro Hero 13 12 11 10 9 Max Insta360 ONE X5 X4 X3  ONE,1,873.97,Shipment,BENGALURU,Shipment,873.97,0.0,1,False,
2025-07-06,NAN,GP49,B0D456N4QM,nan,1,0.0,Cancel,BENGALURU,Cancel,0.0,0.0,0,False,
2025-07-06,BLR7-781,GP10_OM7P_STARTRC,B0F2J6Z8WT,yantralay Osmo Mobile 7P Case Portable PU Shoulder Bag for DJI OM 7 Pro 7 Gimbal Stabilizer Travel Case for DJI Osmo Mobile 7 7P,1,1228.02,Shipment,SRINAGAR,Shipment,1228.02,0.0,1,False,
2025-07-07,BLR7-785,MP_OA5,B0F9X1YNVL,yantralay Camera Lavalier Clip on Type C Microphone for DJ I Action 3 4 Collar Clip Microphone  Without Need of Mic Adapter  1 5M Cable Length   Black,1,1417.17,Shipment,BENGALURU,Shipment,1417.17,0.0,1,False,
2025-07-07,BLR7-784,PS1,B0BJBL1XBS,yantralay Polyester Dual Controller Hard Carry Case Compatible With Ps5 Ps4 Xbox Ipega Controllers   3 Layer Protection Travel Carry Case   Grey,1,877.85,Shipment,CHENNAI,Shipment,877.85,0.0,1,False,
2025-07-06,BLR7-782,GP49,B0D456N4QM,yantralay Motorcycle Bike Bicycle Handlebar Mount Clamps with 1 4  Screw Compatible 8 35mm for Gopro Hero 13 12 11 10 9 Max Insta360 ONE X5 X4 X3  ONE,1,873.97,Shipment,BENGALURU,Shipment,873.97,0.0,1,False,
2025-07-07,BLR7-786,GP29L,B08RXBFBG9,yantralay Windshield Car Suction Cup Mount for Hero 10 9 8  SJCAM  Osmo Action 3   4  Insta 360   Flexible  Multi Angle Adjustable   Mount for Smartph,1,579.09,Shipment,BENGALURU,Shipment,579.09,0.0,1,False,
2025-07-07,BLR7-788,TE-TSB-001_TLSN,B0B292K9X4,Triple Suction Camera Mount Car Holder  Heavy Duty Tripod Window Windshield Dash Dashboard Inside Outside Sucking Cup Attach Accessories for GoPro Ins,1,6004.3,Shipment,BENGALURU,Shipment,6004.3,0.0,1,False,
2025-07-07,BLR7-787,GP10_RS4MINI_STARTRC,B0DZZFNDHP,yantralay Portable Carrying Storage Case for DJ I Ronin RS4Mini Gimbal EVA Handbag Travel Handheld Shoulder Bag  RS4MINI,1,2552.07,Shipment,BENGALURU,Shipment,2552.07,0.0,1,False,
2025-07-07,BLR7-789,GP29L,B08RXBFBG9,yantralay Windshield Car Suction Cup Mount for Hero 10 9 8  SJCAM  Osmo Action 3   4  Insta 360   Flexible  Multi Angle Adjustable   Mount for Smartph,2,1194.0,Shipment,Coimbatore,Shipment,1194.0,0.0,2,False,
2025-07-07,BLR7-790,PS1,B0BJBL1XBS,yantralay Polyester Dual Controller Hard Carry Case Compatible With Ps5 Ps4 Xbox Ipega Controllers   3 Layer Protection Travel Carry Case   Grey,1,905.0,Shipment,BENGALURU,Shipment,905.0,0.0,1,False,
2025-07-07,BLR7-792,TY98_TUYU,B0F7RP62NV,yantralay Motorcycle Windshield Mounting Clamp Aluminum Mount for Go Pro Hero 13 12 11 10 9 Insta 360 X3 DJ I Action 3 Action Camera Accessories,1,1851.0,Shipment,BENGALURU,Shipment,1851.0,0.0,1,False,
2025-07-07,BLR7-791,GP10_OP3,B0CVQMKG3M,yantralay Protective Carry Case Compatible for DJI OSMO Pocket 3 Camera   Anti Scratch  Wear Resistant   Ideal Travel Accessory for OSMO Pocket 3 Acce,1,806.07,Shipment,DINDIGUL,Shipment,806.07,0.0,1,False,
2025-07-08,BLR7-796,GP10KIT_H9_GP17,B0FC2Z4XM3,yantralay Complete Go Pro Hero 12 11 10 9 Accessory Bundle   Waterproof Housing Case  Silicone Protector  Filter   Lens Kit  Tempered Glass Screen Pro,1,2199.0,Shipment,Bengaluru,Shipment,2199.0,0.0,1,False,
2025-07-08,BLR7-795,PS2_BLACK,B0BL1CYSW6,yantralay Nylon Controller Gamepad Carry Case   Ultimate Protection Compatible for PS5 PS4 PS3 Switch Pro Xbox Joysticks Waterproof  Scratch Protectio,1,479.0,Shipment,CHENNAI,Shipment,479.0,0.0,1,False,
2025-07-08,BLR7-794,GP49,B0D456N4QM,yantralay Motorcycle Bike Bicycle Handlebar Mount Clamps with 1 4  Screw Compatible 8 35mm for Gopro Hero 13 12 11 10 9 Max Insta360 ONE X5 X4 X3  ONE,1,901.0,Shipment,BENGALURU,Shipment,901.0,0.0,1,False,
2025-07-08,BLR7-799,GP43_ONEX4_STARTRC,B0DDXWLJ3D,nan,1,0.0,Cancel,MUMBAI,Cancel,0.0,0.0,0,False,
2025-07-08,BLR7-797,PS1,B0BJBL1XBS,yantralay Polyester Dual Controller Hard Carry Case Compatible With Ps5 Ps4 Xbox Ipega Controllers   3 Layer Protection Travel Carry Case   Grey,1,905.0,Shipment,CHENNAI,Shipment,905.0,0.0,1,False,
2025-07-07,BLR7-783,GP46-M_GP46-S_GP25_150CMS,B0F99WWGGT,yantralay Motorcycle Handlebar Clamp Kit with Dual Clamp Mounts   Invisible Selfie Stick for Insta 360 X4 X3 X2 One RS GO 3   Bike Action Camera Mount,1,4254.42,Shipment,KHAMBHALIA,Shipment,4254.42,0.0,1,False,
2025-07-08,BLR7-799,GP43_ONEX4_STARTRC,B0DDXWLJ3D,yantralay Carry Pouch Bag Compatible with Insta 360 ONE X4 Camera Accessories,1,974.0,Shipment,MUMBAI,Shipment,974.0,0.0,1,False,
2025-07-08,BLR7-803,PS5SLIM_CC1_BLACK,B0DDQGJB7N,nan,1,0.0,Cancel,BENGALURU,Cancel,0.0,0.0,0,False,
2025-07-08,BLR7-801,GP49,B0D456N4QM,yantralay Motorcycle Bike Bicycle Handlebar Mount Clamps with 1 4  Screw Compatible 8 35mm for Gopro Hero 13 12 11 10 9 Max Insta360 ONE X5 X4 X3  ONE,1,901.0,Shipment,BENGALURU,Shipment,901.0,0.0,1,False,
2025-07-08,BLR7-803,PS5SLIM_CC1_BLACK,B0DDQGJB7N,yantralay Carrying case for PS5 Slim Console Gamepad Controller Headphone VR Travel Bag  Playstatio n 5 Slim Accessories   Black,1,2241.0,Shipment,BENGALURU,Shipment,2241.0,0.0,1,False,
2025-07-07,BLR7-793,PS2_BLACK,B0BL1CYSW6,yantralay Nylon Controller Gamepad Carry Case   Ultimate Protection Compatible for PS5 PS4 PS3 Switch Pro Xbox Joysticks Waterproof  Scratch Protectio,1,479.0,Shipment,ullal,Shipment,479.0,0.0,1,False,
2025-07-08,BLR7-798,GP49,B0D456N4QM,yantralay Motorcycle Bike Bicycle Handlebar Mount Clamps with 1 4  Screw Compatible 8 35mm for Gopro Hero 13 12 11 10 9 Max Insta360 ONE X5 X4 X3  ONE,1,901.0,Shipment,BENGALURU,Shipment,901.0,0.0,1,False,
2025-07-08,BLR7-804,PS1,B0BJBL1XBS,yantralay Polyester Dual Controller Hard Carry Case Compatible With Ps5 Ps4 Xbox Ipega Controllers   3 Layer Protection Travel Carry Case   Grey,1,905.0,Shipment,THIRUVANANTHAPURAM,Shipment,905.0,0.0,1,False,
2025-07-09,BLR7-805,PS1,B0BJBL1XBS,nan,1,0.0,Cancel,Mangalore,Cancel,0.0,0.0,0,False,
2025-07-06,BLR7-782,GP49,B0D456N4QM,yantralay Motorcycle Bike Bicycle Handlebar Mount Clamps with 1 4  Screw Compatible 8 35mm for Gopro Hero 13 12 11 10 9 Max Insta360 ONE X5 X4 X3  ONE,1,-873.97,Refund,BENGALURU,Refund,-873.97,0.0,0,False,
2025-07-08,BLR7-802,GP49,B0D456N4QM,yantralay Motorcycle Bike Bicycle Handlebar Mount Clamps with 1 4  Screw Compatible 8 35mm for Gopro Hero 13 12 11 10 9 Max Insta360 ONE X5 X4 X3  ONE,1,0.0,FreeReplacement,ANANTAPUR,FreeReplacement,0.0,0.0,0,True,
2025-07-09,BLR7-806,PS2_BLACK,B0BL1CYSW6,yantralay Nylon Controller Gamepad Carry Case   Ultimate Protection Compatible for PS5 PS4 PS3 Switch Pro Xbox Joysticks Waterproof  Scratch Protectio,1,479.0,Shipment,COIMBATORE,Shipment,479.0,0.0,1,False,
2025-07-09,BLR7-809,PS1,B0BJBL1XBS,yantralay Polyester Dual Controller Hard Carry Case Compatible With Ps5 Ps4 Xbox Ipega Controllers   3 Layer Protection Travel Carry Case   Grey,1,905.0,Shipment,Mangalore,Shipment,905.0,0.0,1,False,
2025-07-09,BLR7-810,GP49,B0D456N4QM,yantralay Motorcycle Bike Bicycle Handlebar Mount Clamps with 1 4  Screw Compatible 8 35mm for Gopro Hero 13 12 11 10 9 Max Insta360 ONE X5 X4 X3  ONE,1,901.0,Shipment,ETTUMANOOR,Shipment,901.0,0.0,1,False,
2025-07-09,BLR7-811,GP43_ONEX4_STARTRC,B0DDXWLJ3D,yantralay Carry Pouch Bag Compatible with Insta 360 ONE X4 Camera Accessories,1,944.78,Shipment,MUMBAI,Shipment,944.78,0.0,1,False,
2025-07-09,BLR7-812,PS1,B0BJBL1XBS,yantralay Polyester Dual Controller Hard Carry Case Compatible With Ps5 Ps4 Xbox Ipega Controllers   3 Layer Protection Travel Carry Case   Grey,1,905.0,Shipment,CHENNAI,Shipment,905.0,0.0,1,False,
2025-07-09,BLR7-815,PS1,B0BJBL1XBS,yantralay Polyester Dual Controller Hard Carry Case Compatible With Ps5 Ps4 Xbox Ipega Controllers   3 Layer Protection Travel Carry Case   Grey,1,905.0,Shipment,BENGALURU,Shipment,905.0,0.0,1,False,
2025-07-09,BLR7-809,PS1,B0BJBL1XBS,yantralay Polyester Dual Controller Hard Carry Case Compatible With Ps5 Ps4 Xbox Ipega Controllers   3 Layer Protection Travel Carry Case   Grey,1,-905.0,Refund,Mangalore,Refund,-905.0,0.0,0,False,
2025-07-09,BLR7-816,DR28_RC2COVER_MP,B0CL9TH14Q,STARTRC Mini 4 Pro Sun Hood for DJI RC 2 Controller 3 IN 1 Sunshade Joysticks Screen Protector for DJI Mini 4 Pro Air 3S Air 3 Accessories Anti Scratc,1,1835.0,Shipment,BENGALURU,Shipment,1835.0,0.0,1,False,
2025-07-09,BLR7-817,GP28COMBO1_H13,B0DHYCQR66,Yantralay Silicone Lanyard Sleeve Protective Cover   6PCS Tempered Glass Screen Guard with Silicone Lens Cover Compatible with GoPro Hero 9 Black Acti,1,646.0,Shipment,BENGALURU,Shipment,646.0,0.0,1,False,
2025-07-09,BLR7-814,GP10_ONEX4_STARTRC,B0DDXP86FQ,yantralay x Startr c Carrying Case for Insta 360 X4 X5  Portable PU Storage Protective Bag Travel Case for Insta 360 X4 X5 Accessories with Large Capa,1,1637.0,Shipment,KAVARAIPETTAI,Shipment,1637.0,0.0,1,False,
2025-07-09,BLR7-813,GP28COMBO1_H13,B0DHYCQR66,Yantralay Silicone Lanyard Sleeve Protective Cover   6PCS Tempered Glass Screen Guard with Silicone Lens Cover Compatible with GoPro Hero 9 Black Acti,1,646.0,Shipment,CHENNAI,Shipment,646.0,0.0,1,False,
2025-07-09,BLR7-808,GP28COMBO1_H13,B0DHYCQR66,Yantralay Silicone Lanyard Sleeve Protective Cover   6PCS Tempered Glass Screen Guard with Silicone Lens Cover Compatible with GoPro Hero 9 Black Acti,1,646.0,Shipment,BENGALURU,Shipment,646.0,0.0,1,False,
2025-07-07,BLR7-784,PS1,B0BJBL1XBS,yantralay Polyester Dual Controller Hard Carry Case Compatible With Ps5 Ps4 Xbox Ipega Controllers   3 Layer Protection Travel Carry Case   Grey,1,-877.85,Refund,CHENNAI,Refund,-877.85,0.0,0,False,
2025-07-09,BLR7-819,GP10_ONEX4_STARTRC,B0DDXP86FQ,yantralay x Startr c Carrying Case for Insta 360 X4 X5  Portable PU Storage Protective Bag Travel Case for Insta 360 X4 X5 Accessories with Large Capa,1,1637.0,Shipment,Bengaluru,Shipment,1637.0,0.0,1,False,
2025-07-09,BLR7-819,GP43_ONEX4_STARTRC,B0DDXWLJ3D,yantralay Carry Pouch Bag Compatible with Insta 360 ONE X4 Camera Accessories,1,974.0,Shipment,Bengaluru,Shipment,974.0,0.0,1,False,
2025-07-09,BLR7-818,PS1,B0BJBL1XBS,yantralay Polyester Dual Controller Hard Carry Case Compatible With Ps5 Ps4 Xbox Ipega Controllers   3 Layer Protection Travel Carry Case   Grey,1,905.0,Shipment,Mangalore,Shipment,905.0,0.0,1,False,
2025-07-09,BLR7-807,GP49,B0D456N4QM,yantralay Motorcycle Bike Bicycle Handlebar Mount Clamps with 1 4  Screw Compatible 8 35mm for Gopro Hero 13 12 11 10 9 Max Insta360 ONE X5 X4 X3  ONE,1,901.0,Shipment,AMRAVATI,Shipment,901.0,0.0,1,False,
2025-07-10,BLR7-821,GP28_H13,B0DHYDQL5V,Yantralay Silicone Lanyard Sleeve Protective Cover   6PCS Tempered Glass Screen Guard with Silicone Lens Cover Compatible with Go Pro Hero 9 Black Act,1,399.0,Shipment,BENGALURU,Shipment,399.0,0.0,1,False,
2025-07-08,BLR7-800,PS1,B0BJBL1XBS,yantralay Polyester Dual Controller Hard Carry Case Compatible With Ps5 Ps4 Xbox Ipega Controllers   3 Layer Protection Travel Carry Case   Grey,1,905.0,Shipment,BENGALURU,Shipment,905.0,0.0,1,False,
2025-07-10,BLR7-823,DR28_RC2COVER_MP,B0CL9TH14Q,STARTRC Mini 4 Pro Sun Hood for DJI RC 2 Controller 3 IN 1 Sunshade Joysticks Screen Protector for DJI Mini 4 Pro Air 3S Air 3 Accessories Anti Scratc,1,1756.0,Shipment,BENGALURU,Shipment,1756.0,0.0,1,False,
2025-07-10,BLR7-822,PS2_BLACK,B0BL1CYSW6,yantralay Nylon Controller Gamepad Carry Case   Ultimate Protection Compatible for PS5 PS4 PS3 Switch Pro Xbox Joysticks Waterproof  Scratch Protectio,1,479.0,Shipment,BENGALURU,Shipment,479.0,0.0,1,False,
2025-07-10,BLR7-824,PS5SLIM_CC1_BLACK,B0DDQGJB7N,yantralay Carrying case for PS5 Slim Console Gamepad Controller Headphone VR Travel Bag  Playstatio n 5 Slim Accessories   Black,1,2241.0,Shipment,BENGALURU,Shipment,2241.0,0.0,1,False,
2025-07-10,BLR7-827,PS2_BLACK,B0BL1CYSW6,yantralay Nylon Controller Gamepad Carry Case   Ultimate Protection Compatible for PS5 PS4 PS3 Switch Pro Xbox Joysticks Waterproof  Scratch Protectio,1,479.0,Shipment,BENGALURU,Shipment,479.0,0.0,1,False,
2025-07-10,BLR7-826,LED_T2,B0F2GKLDXR,Yantralay Slab Key Light for Video Shooting   Content Creation   Adjustable Photography Fill Light   5 Color Temperatures  3200K 5600K    1455 Lumens,1,1804.0,Shipment,CHENNAI,Shipment,1804.0,0.0,1,False,
2025-07-10,BLR7-828,PS10_OLEDCOMBO_GREEN,B0DJFLRGQF,yantralay 4 in 1 Carrying Case Pouch with Protective Cover for Nintendo Switch OLED  Non Slip Soft Case Cover  Screen Protectors   Thumb Grips for Swi,1,1139.0,Shipment,BENGALURU,Shipment,1139.0,0.0,1,False,
2025-07-09,BLR7-811,GP43_ONEX4_STARTRC,B0DDXWLJ3D,yantralay Carry Pouch Bag Compatible with Insta 360 ONE X4 Camera Accessories,1,-944.78,Refund,MUMBAI,Refund,-944.78,0.0,0,False,
2025-07-08,BLR7-797,PS1,B0BJBL1XBS,yantralay Polyester Dual Controller Hard Carry Case Compatible With Ps5 Ps4 Xbox Ipega Controllers   3 Layer Protection Travel Carry Case   Grey,1,-905.0,Refund,CHENNAI,Refund,-905.0,0.0,0,False,
2025-07-10,BLR7-825,IN1_AL,B0D4536M61,yantralay 4 in 1 Motorcycle Mount Bundle with Unicorn Helmet Extension Arm Adhesive Kit Compatible for Insta360 One X4 X3 X2  ONE R RS  Hero 13 12 11,1,1987.0,Shipment,Bengaluru,Shipment,1987.0,0.0,1,False,
2025-07-11,BLR7-829,GP29L,B08RXBFBG9,yantralay Windshield Car Suction Cup Mount for Hero 10 9 8  SJCAM  Osmo Action 3   4  Insta 360   Flexible  Multi Angle Adjustable   Mount for Smartph,1,597.0,Shipment,BENGALURU,Shipment,597.0,0.0,1,False,
2025-07-11,BLR7-830,GP1620_TLSNK,B08MSR2SNJ,TELESIN Upgraded Motorcycle Helmet Chin Mount for GoPro Max Hero 10 9 8 7 One R One X DJI Osmo Action Pocket Cellphone   More Action Camera with Go Pr,1,1166.0,Shipment,Thodupuzha,Shipment,1166.0,0.0,1,False,
2025-07-11,BLR7-831,GP10_OP3,B0CVQMKG3M,nan,1,0.0,Cancel,DORAHA,Cancel,0.0,0.0,0,False,
2025-07-11,BLR7-832,GP49,B0D456N4QM,yantralay Motorcycle Bike Bicycle Handlebar Mount Clamps with 1 4  Screw Compatible 8 35mm for Gopro Hero 13 12 11 10 9 Max Insta360 ONE X5 X4 X3  ONE,1,901.0,Shipment,BENGALURU,Shipment,901.0,0.0,1,False,
2025-07-11,BLR7-833,PS1,B0BJBL1XBS,yantralay Polyester Dual Controller Hard Carry Case Compatible With Ps5 Ps4 Xbox Ipega Controllers   3 Layer Protection Travel Carry Case   Grey,1,905.0,Shipment,BENGALURU,Shipment,905.0,0.0,1,False,
2025-07-12,BLR7-834,DR28_RC2COVER_MP,B0CL9TH14Q,STARTRC Mini 4 Pro Sun Hood for DJI RC 2 Controller 3 IN 1 Sunshade Joysticks Screen Protector for DJI Mini 4 Pro Air 3S Air 3 Accessories Anti Scratc,1,1756.0,Shipment,BENGALURU,Shipment,1756.0,0.0,1,False,
2025-07-12,BLR7-835,PS1,B0BJBL1XBS,yantralay Polyester Dual Controller Hard Carry Case Compatible With Ps5 Ps4 Xbox Ipega Controllers   3 Layer Protection Travel Carry Case   Grey,1,905.0,Shipment,BENGALURU,Shipment,905.0,0.0,1,False,
2025-07-05,BLR7-777,GP49,B0D456N4QM,yantralay Motorcycle Bike Bicycle Handlebar Mount Clamps with 1 4  Screw Compatible 8 35mm for Gopro Hero 13 12 11 10 9 Max Insta360 ONE X5 X4 X3  ONE,1,-873.97,Refund,BANGALORE,Refund,-873.97,0.0,0,False,
2025-07-12,BLR7-836,GP43_ONEX4_STARTRC,B0DDXWLJ3D,yantralay Carry Pouch Bag Compatible with Insta 360 ONE X4 Camera Accessories,1,999.0,Shipment,OTTAPPALAM,Shipment,999.0,0.0,1,False,
2025-07-12,BLR7-836,GP10_ONEX4_STARTRC,B0DDXP86FQ,yantralay x Startr c Carrying Case for Insta 360 X4 X5  Portable PU Storage Protective Bag Travel Case for Insta 360 X4 X5 Accessories with Large Capa,1,1595.0,Shipment,OTTAPPALAM,Shipment,1595.0,0.0,1,False,
2025-07-12,BLR7-842,PS1,B0BJBL1XBS,yantralay Polyester Dual Controller Hard Carry Case Compatible With Ps5 Ps4 Xbox Ipega Controllers   3 Layer Protection Travel Carry Case   Grey,1,979.0,Shipment,BENGALURU,Shipment,979.0,0.0,1,False,
2025-07-12,BLR7-838,GP10_ONEX4_STARTRC,B0DDXP86FQ,yantralay x Startr c Carrying Case for Insta 360 X4 X5  Portable PU Storage Protective Bag Travel Case for Insta 360 X4 X5 Accessories with Large Capa,1,1595.0,Shipment,BENGALURU,Shipment,1595.0,0.0,1,False,
2025-07-12,BLR7-844,PS1,B0BJBL1XBS,yantralay Polyester Dual Controller Hard Carry Case Compatible With Ps5 Ps4 Xbox Ipega Controllers   3 Layer Protection Travel Carry Case   Grey,1,906.0,Shipment,BENGALURU,Shipment,906.0,0.0,1,False,
2025-07-12,BLR7-839,GP10KIT_KIT2,B0FBS5Q11T,yantralay 61 in 1 Action Camera Accessories Kit Compatible with Go Pro Hero 13 12 11 10 9  Action 5 4 3  Action  Insta 360 X5 X4 X3   All Other Action,1,1699.0,Shipment,BENGALURU,Shipment,1699.0,0.0,1,False,
2025-07-12,BLR7-843,PS2_BLACK,B0BL1CYSW6,yantralay Nylon Controller Gamepad Carry Case   Ultimate Protection Compatible for PS5 PS4 PS3 Switch Pro Xbox Joysticks Waterproof  Scratch Protectio,1,479.0,Shipment,BENGALURU,Shipment,479.0,0.0,1,False,
2025-07-12,BLR7-841,GP28_H13,B0DHYDQL5V,Yantralay Silicone Lanyard Sleeve Protective Cover   6PCS Tempered Glass Screen Guard with Silicone Lens Cover Compatible with Go Pro Hero 9 Black Act,1,399.0,Shipment,BENGALURU,Shipment,399.0,0.0,1,False,
2025-07-12,BLR7-840,GP49,B0D456N4QM,yantralay Motorcycle Bike Bicycle Handlebar Mount Clamps with 1 4  Screw Compatible 8 35mm for Gopro Hero 13 12 11 10 9 Max Insta360 ONE X5 X4 X3  ONE,1,949.0,Shipment,BENGALURU,Shipment,949.0,0.0,1,False,
2025-07-12,BLR7-845,GP46-M,B0F91GXT2N,yantralay Double Clamp Mount Bracket with 1 4  Ball Head for GoPro  Insta 360 X2 X3  Action Cameras   Handlebar  Motorcycle  Bicycle  Selfie Stick  St,1,1799.0,Shipment,MANGALURU,Shipment,1799.0,0.0,1,False,
2025-07-12,BLR7-846,GP49,B0D456N4QM,yantralay Motorcycle Bike Bicycle Handlebar Mount Clamps with 1 4  Screw Compatible 8 35mm for Gopro Hero 13 12 11 10 9 Max Insta360 ONE X5 X4 X3  ONE,1,949.0,Shipment,BENGALURU,Shipment,949.0,0.0,1,False,
2025-07-13,BLR7-848,GP10KIT_KIT2,B0FBS5Q11T,yantralay 61 in 1 Action Camera Accessories Kit Compatible with Go Pro Hero 13 12 11 10 9  Action 5 4 3  Action  Insta 360 X5 X4 X3   All Other Action,1,1699.0,Shipment,BODA,Shipment,1699.0,0.0,1,False,
2025-07-13,BLR7-847,PS10_OLED_GREEN,B0BRY5L26G,yantralay Carry Case Pouch Cover Compatible with Nintendo Switch OLED with Game Card Slots for Switch Switch OLED Accessories  Video Game   Green,1,597.52,Shipment,BENGALURU,Shipment,597.52,0.0,1,False,
2025-07-13,NAN,DR28_RC2COVER_MP,B0CL9TH14Q,nan,1,0.0,Cancel,METTUPALAYAM COIMBATORE DISTRICT,Cancel,0.0,0.0,0,False,
2025-07-13,BLR7-851,DR28_RC2COVER_MP,B0CL9TH14Q,STARTRC Mini 4 Pro Sun Hood for DJI RC 2 Controller 3 IN 1 Sunshade Joysticks Screen Protector for DJI Mini 4 Pro Air 3S Air 3 Accessories Anti Scratc,1,1703.32,Shipment,METTUPALAYAM COIMBATORE DISTRICT,Shipment,1703.32,0.0,1,False,
2025-07-13,BLR7-850,GP46-L_GP46-S_GP25_150CMS_TUYU,B0FCYMLQ95,yantralay Aluminium Dual Clamp Handlebar Mount Kit for Action Cameras   Invisible Selfie Stick Setup   Compatible with Insta 360 X5 X4  Go Pro 13 12 1,1,4649.07,Shipment,BELLARY,Shipment,4649.07,0.0,1,False,
2025-07-13,BLR7-850,GP10KIT_KIT2,B0FBS5Q11T,yantralay 61 in 1 Action Camera Accessories Kit Compatible with Go Pro Hero 13 12 11 10 9  Action 5 4 3  Action  Insta 360 X5 X4 X3   All Other Action,1,1580.07,Shipment,BELLARY,Shipment,1580.07,0.0,1,False,
2025-07-13,BLR7-854,DR28_RC2COVER_MP,B0CL9TH14Q,STARTRC Mini 4 Pro Sun Hood for DJI RC 2 Controller 3 IN 1 Sunshade Joysticks Screen Protector for DJI Mini 4 Pro Air 3S Air 3 Accessories Anti Scratc,1,1703.32,Shipment,BENGALURU,Shipment,1703.32,0.0,1,False,
2025-07-13,BLR7-849,GP46-M_GP46-S_GP25_150CMS,B0F99WWGGT,yantralay Motorcycle Handlebar Clamp Kit with Dual Clamp Mounts   Invisible Selfie Stick for Insta 360 X4 X3 X2 One RS GO 3   Bike Action Camera Mount,1,3879.03,Shipment,BENGALURU,Shipment,3879.03,0.0,1,False,
2025-07-13,BLR7-855,GP47-L_TLS,B0DJ9S3SY7,yantralay x Telesin Camera Clamp Mount   360  Ball Joint Handlebar Holder for Go Pro Hero 13 12 11 10 9  Insta360 X4 X3 X2  ONE R RS  DJI Osmo Action,1,1842.03,Shipment,BANGALORE,Shipment,1842.03,0.0,1,False,
2025-07-13,BLR7-853,GP10_OP3,B0CVQMKG3M,yantralay Protective Carry Case Compatible for DJI OSMO Pocket 3 Camera   Anti Scratch  Wear Resistant   Ideal Travel Accessory for OSMO Pocket 3 Acce,1,828.38,Shipment,BENGALURU,Shipment,828.38,0.0,1,False,
2025-07-10,BLR7-820,GP49,B0D456N4QM,yantralay Motorcycle Bike Bicycle Handlebar Mount Clamps with 1 4  Screw Compatible 8 35mm for Gopro Hero 13 12 11 10 9 Max Insta360 ONE X5 X4 X3  ONE,1,901.0,Shipment,BENGALURU,Shipment,901.0,0.0,1,False,
2025-07-12,BLR7-837,MS_GP34,B0DG2LBC8V,yantralay Magnetic Neck Mount   2 in 1 Flexible Holder for Phones and Action Cameras   Adjustable Neck Strap  Secure Magnetic Magsaf Mounts  for Gopro,1,1999.0,Shipment,NAVI MUMBAI,Shipment,1999.0,0.0,1,False,
2025-07-13,BLR7-856,PS1,B0BJBL1XBS,yantralay Polyester Dual Controller Hard Carry Case Compatible With Ps5 Ps4 Xbox Ipega Controllers   3 Layer Protection Travel Carry Case   Grey,1,822.56,Shipment,BENGALURU,Shipment,822.56,0.0,1,False,
2025-07-14,BLR7-858,GP49,B0D456N4QM,nan,1,0.0,Cancel,VISAKHAPATNAM,Cancel,0.0,0.0,0,False,
2025-07-09,BLR7-807,GP49,B0D456N4QM,yantralay Motorcycle Bike Bicycle Handlebar Mount Clamps with 1 4  Screw Compatible 8 35mm for Gopro Hero 13 12 11 10 9 Max Insta360 ONE X5 X4 X3  ONE,1,-901.0,Refund,AMRAVATI,Refund,-901.0,0.0,0,False,
2025-07-14,BLR7-859,GP46-L_GP46-S_GP25_150CMS_TUYU,B0FCYMLQ95,yantralay Aluminium Dual Clamp Handlebar Mount Kit for Action Cameras   Invisible Selfie Stick Setup   Compatible with Insta 360 X5 X4  Go Pro 13 12 1,1,4849.03,Shipment,MUMBAI,Shipment,4849.03,0.0,1,False,
2025-07-14,BLR7-860,GP28COMBO1_H13,B0DHYCQR66,Yantralay Silicone Lanyard Sleeve Protective Cover   6PCS Tempered Glass Screen Guard with Silicone Lens Cover Compatible with GoPro Hero 9 Black Acti,1,678.03,Shipment,MUMBAI,Shipment,678.03,0.0,1,False,
2025-07-13,BLR7-852,GP43_ONEX4_STARTRC,B0DDXWLJ3D,yantralay Carry Pouch Bag Compatible with Insta 360 ONE X4 Camera Accessories,1,969.03,Shipment,TIRUPATI,Shipment,969.03,0.0,1,False,
2025-07-13,BLR7-847,PS10_OLED_GREEN,B0BRY5L26G,yantralay Carry Case Pouch Cover Compatible with Nintendo Switch OLED with Game Card Slots for Switch Switch OLED Accessories  Video Game   Green,1,-597.52,Refund,BENGALURU,Refund,-597.52,0.0,0,False,
2025-07-14,BLR7-862,DR28_RC2COVER_MP,B0CL9TH14Q,STARTRC Mini 4 Pro Sun Hood for DJI RC 2 Controller 3 IN 1 Sunshade Joysticks Screen Protector for DJI Mini 4 Pro Air 3S Air 3 Accessories Anti Scratc,1,1703.32,Shipment,BENGALURU,Shipment,1703.32,0.0,1,False,
2025-07-14,BLR7-863,PS1,B0BJBL1XBS,yantralay Polyester Dual Controller Hard Carry Case Compatible With Ps5 Ps4 Xbox Ipega Controllers   3 Layer Protection Travel Carry Case   Grey,1,822.56,Shipment,BENGALURU,Shipment,822.56,0.0,1,False,
2025-07-03,BLR7-753,GP10_OM7P_STARTRC,B0F2J6Z8WT,yantralay Osmo Mobile 7P Case Portable PU Shoulder Bag for DJI OM 7 Pro 7 Gimbal Stabilizer Travel Case for DJI Osmo Mobile 7 7P,1,-1266.0,Refund,LEH,Refund,-1266.0,0.0,0,False,
2025-07-14,BLR7-864,DR28_RC2COVER_MP,B0CL9TH14Q,STARTRC Mini 4 Pro Sun Hood for DJI RC 2 Controller 3 IN 1 Sunshade Joysticks Screen Protector for DJI Mini 4 Pro Air 3S Air 3 Accessories Anti Scratc,1,1703.32,Shipment,MYSURU,Shipment,1703.32,0.0,1,False,
2025-07-14,BLR7-857,GP46-L,B0F91GCRP4,yantralay Double Clamp Mount Bracket with 1 4  Ball Head for Go Pro 13 12 11  Insta 360 X5 X4 X3 Handlebar  Motorcycle  Bicycle  Selfie Stick  Studio,1,1842.03,Shipment,BENGALURU,Shipment,1842.03,0.0,1,False,
2025-07-15,BLR7-870,GP49,B0D456N4QM,yantralay Motorcycle Bike Bicycle Handlebar Mount Clamps with 1 4  Screw Compatible 8 35mm for Gopro Hero 13 12 11 10 9 Max Insta360 ONE X5 X4 X3  ONE,1,999.53,Shipment,HYDERABAD,Shipment,999.53,0.0,1,False,
2025-07-15,BLR7-866,PS1,B0BJBL1XBS,yantralay Polyester Dual Controller Hard Carry Case Compatible With Ps5 Ps4 Xbox Ipega Controllers   3 Layer Protection Travel Carry Case   Grey,1,822.56,Shipment,COIMBATORE,Shipment,822.56,0.0,1,False,
2025-07-15,BLR7-867,LM1_OA3,B0DRW3QS3C,yantralay Magnet Adapter Mount for DJI Action 5 4 3   Quick Release Tripod Adapter with Secure Claws for Outdoor Use,1,897.25,Shipment,BENGALURU,Shipment,897.25,0.0,1,False,
2025-07-12,BLR7-836,GP10_ONEX4_STARTRC,B0DDXP86FQ,yantralay x Startr c Carrying Case for Insta 360 X4 X5  Portable PU Storage Protective Bag Travel Case for Insta 360 X4 X5 Accessories with Large Capa,1,-1595.0,Refund,OTTAPPALAM,Refund,-1595.0,0.0,0,False,
2025-07-15,BLR7-871,GP10_OP3,B0CVQMKG3M,yantralay Protective Carry Case Compatible for DJI OSMO Pocket 3 Camera   Anti Scratch  Wear Resistant   Ideal Travel Accessory for OSMO Pocket 3 Acce,1,828.38,Shipment,BENGALURU,Shipment,828.38,0.0,1,False,
2025-07-15,BLR7-865,GP49,B0D456N4QM,yantralay Motorcycle Bike Bicycle Handlebar Mount Clamps with 1 4  Screw Compatible 8 35mm for Gopro Hero 13 12 11 10 9 Max Insta360 ONE X5 X4 X3  ONE,1,920.53,Shipment,VISAKHAPATNAM,Shipment,920.53,0.0,1,False,
2025-07-14,BLR7-861,GP10KIT_KIT2,B0FBS5Q11T,yantralay 61 in 1 Action Camera Accessories Kit Compatible with Go Pro Hero 13 12 11 10 9  Action 5 4 3  Action  Insta 360 X5 X4 X3   All Other Action,1,1648.03,Shipment,PUNE,Shipment,1648.03,0.0,1,False,
2025-07-16,BLR7-873,GP10_RS4_STARTRC,B0DB1TQPH3,yantralay Portable Carrying Storage Case for DJ I Ronin RS4   RS4 Pro Gimbal EVA Handbag Travel Handheld Shoulder Bag  Grey,1,2555.95,Shipment,THIRUVANANTHAPURAM,Shipment,2555.95,0.0,1,False,
2025-07-15,BLR7-872,PS1,B0BJBL1XBS,yantralay Polyester Dual Controller Hard Carry Case Compatible With Ps5 Ps4 Xbox Ipega Controllers   3 Layer Protection Travel Carry Case   Grey,1,822.56,Shipment,BENGALURU,Shipment,822.56,0.0,1,False,
2025-07-16,BLR7-874,IN1_AL,B0D4536M61,yantralay 4 in 1 Motorcycle Mount Bundle with Unicorn Helmet Extension Arm Adhesive Kit Compatible for Insta360 One X4 X3 X2  ONE R RS  Hero 13 12 11,1,2084.53,Shipment,HYDERABAD,Shipment,2084.53,0.0,1,False,
2025-07-15,BLR7-869,GP28COMBO1_H13,B0DHYCQR66,Yantralay Silicone Lanyard Sleeve Protective Cover   6PCS Tempered Glass Screen Guard with Silicone Lens Cover Compatible with GoPro Hero 9 Black Acti,1,678.03,Shipment,IMPHAL,Shipment,678.03,0.0,1,False,
2025-07-16,BLR7-879,GP43_ONEX4_STARTRC,B0DDXWLJ3D,yantralay Carry Pouch Bag Compatible with Insta 360 ONE X4 Camera Accessories,1,969.03,Shipment,Bengaluru,Shipment,969.03,0.0,1,False,
2025-07-16,BLR7-876,PS1,B0BJBL1XBS,yantralay Polyester Dual Controller Hard Carry Case Compatible With Ps5 Ps4 Xbox Ipega Controllers   3 Layer Protection Travel Carry Case   Grey,1,822.56,Shipment,BENGALURU,Shipment,822.56,0.0,1,False,
2025-07-16,BLR7-881,GP46-M_GP46-S_GP25_150CMS,B0F99WWGGT,yantralay Motorcycle Handlebar Clamp Kit with Dual Clamp Mounts   Invisible Selfie Stick for Insta 360 X4 X3 X2 One RS GO 3   Bike Action Camera Mount,1,3719.07,Shipment,BENGALURU,Shipment,3719.07,0.0,1,False,
2025-07-16,BLR7-881,GP49,B0D456N4QM,yantralay Motorcycle Bike Bicycle Handlebar Mount Clamps with 1 4  Screw Compatible 8 35mm for Gopro Hero 13 12 11 10 9 Max Insta360 ONE X5 X4 X3  ONE,1,882.57,Shipment,BENGALURU,Shipment,882.57,0.0,1,False,
2025-07-16,BLR7-880,DR_STRAP-1133202,B0CNLDVL42,STARTRC Lanyard Neck Strap for DJI RC Controller  Adjustable for Mini 4 Pro Air 3 Mini 3 Mavic 3 Remote Controller Accessories  Grey,1,1648.03,Shipment,Bengaluru,Shipment,1648.03,0.0,1,False,
2025-07-16,BLR7-883,PS1,B0BJBL1XBS,yantralay Polyester Dual Controller Hard Carry Case Compatible With Ps5 Ps4 Xbox Ipega Controllers   3 Layer Protection Travel Carry Case   Grey,1,822.56,Shipment,CHENNAI,Shipment,822.56,0.0,1,False,
2025-07-16,BLR7-875,GP10_ACEPRO_STARTRC,B0CVQHCGFS,yantralay Polyurethane Portable Protective Carrying Case For Insta360 Ace Ace Pro Action Camera   Accessories   Double Protection  Lightweight With Sh,1,1614.08,Shipment,Bikihakola,Shipment,1614.08,0.0,1,False,
2025-07-16,BLR7-878,GP29L,B08RXBFBG9,yantralay Windshield Car Suction Cup Mount for Hero 10 9 8  SJCAM  Osmo Action 3   4  Insta 360   Flexible  Multi Angle Adjustable   Mount for Smartph,1,549.99,Shipment,Hyderabad,Shipment,549.99,0.0,1,False,
2025-07-14,BLR7-859,GP46-L_GP46-S_GP25_150CMS_TUYU,B0FCYMLQ95,yantralay Aluminium Dual Clamp Handlebar Mount Kit for Action Cameras   Invisible Selfie Stick Setup   Compatible with Insta 360 X5 X4  Go Pro 13 12 1,1,-4849.03,Refund,MUMBAI,Refund,-4849.03,0.0,0,False,
2025-07-16,BLR7-877,GP49,B0D456N4QM,yantralay Motorcycle Bike Bicycle Handlebar Mount Clamps with 1 4  Screw Compatible 8 35mm for Gopro Hero 13 12 11 10 9 Max Insta360 ONE X5 X4 X3  ONE,1,920.53,Shipment,NAVI MUMBAI,Shipment,920.53,0.0,1,False,
2025-07-16,BLR7-882,GP43_ONEX4_STARTRC,B0DDXWLJ3D,yantralay Carry Pouch Bag Compatible with Insta 360 ONE X4 Camera Accessories,1,969.03,Shipment,PALAMPUR,Shipment,969.03,0.0,1,False,
2025-07-17,BLR7-885,HC10_PS5_STARTRC,B0CYBVZ483,yantralay Hard Shell Waterproof Case Compatible with PlayStation 5 Console  Controllers  Games and Accessories   Waterproof PS5 Case for Both Standard,1,7759.03,Shipment,NEW DELHI,Shipment,7759.03,0.0,1,False,
2025-07-16,BLR7-884,PS1,B0BJBL1XBS,yantralay Polyester Dual Controller Hard Carry Case Compatible With Ps5 Ps4 Xbox Ipega Controllers   3 Layer Protection Travel Carry Case   Grey,1,822.56,Shipment,Bengalore,Shipment,822.56,0.0,1,False,
2025-07-17,BLR7-892,GP46-M_GP46-S_GP25_150CMS,B0F99WWGGT,yantralay Motorcycle Handlebar Clamp Kit with Dual Clamp Mounts   Invisible Selfie Stick for Insta 360 X4 X3 X2 One RS GO 3   Bike Action Camera Mount,1,3879.03,Shipment,BENGALURU,Shipment,3879.03,0.0,1,False,
2025-07-17,BLR7-889,SGOLED2,B0FDQL7DFH,yantralay Tempered Glass Screen Protector for Nintendo Switch 2  2025    Ultra Thin HD Clear Film Guard with Rounded Edges for 7 9 Inch Display  1 Pac,1,484.03,Shipment,BENGALURU,Shipment,484.03,0.0,1,False,
2025-07-17,BLR7-891,GP46-M,B0F91GXT2N,yantralay Double Clamp Mount Bracket with 1 4  Ball Head for GoPro  Insta 360 X2 X3  Action Cameras   Handlebar  Motorcycle  Bicycle  Selfie Stick  St,1,1745.03,Shipment,BENGALURU,Shipment,1745.03,0.0,1,False,
2025-07-17,BLR7-894,PS10_OLEDCOMBO_YELLOW,B0DJFL8DBY,yantralay 4 in 1 Carrying Case Pouch with Protective Cover for Nintendo Switch OLED  Non Slip Soft Case Cover  Screen Protectors   Thumb Grips for Swi,1,1104.83,Shipment,Bengaluru,Shipment,1104.83,0.0,1,False,
2025-07-17,BLR7-888,GP28_H13,B0DHYDQL5V,Yantralay Silicone Lanyard Sleeve Protective Cover   6PCS Tempered Glass Screen Guard with Silicone Lens Cover Compatible with Go Pro Hero 9 Black Act,1,387.03,Shipment,CHENNAI,Shipment,387.03,0.0,1,False,
2025-07-17,BLR7-890,GP49,B0D456N4QM,yantralay Motorcycle Bike Bicycle Handlebar Mount Clamps with 1 4  Screw Compatible 8 35mm for Gopro Hero 13 12 11 10 9 Max Insta360 ONE X5 X4 X3  ONE,1,920.53,Shipment,Bengaluru,Shipment,920.53,0.0,1,False,
2025-07-17,BLR7-886,DA24,B078DMT8KR,Yantralay Nylon Universal Drone and Quadcopter Landing Pad   Portable   Foldable   Compatible with DJI  Parrot  Syma  Hubsan  Holy Stone  UDI Drones,1,1502.53,Shipment,BANGALORE SOUTH,Shipment,1502.53,0.0,1,False,
2025-07-17,BLR7-893,XHS_TARION,B0F2W1X1S1,yantralay x TARI ON XHS Hard Shell Camera Case Bag Roll Top Shoulder Sling Bag for Outdoor Photography  DSLR   Mirrorless Cameras  Lenses   Tripod   W,1,4443.03,Shipment,BENGALURU,Shipment,4443.03,0.0,1,False,
2025-07-17,BLR7-887,PS10_OLED_YELLOW,B0BRY5GJ5Y,yantralay Carry Case Pouch Cover Compatible with Nintendo Switch OLED with Game Card Slots for Switch Switch OLED Accessories  Video Game   Yellow,1,629.53,Shipment,NAVI MUMBAI,Shipment,629.53,0.0,1,False,
2025-07-18,BLR7-897,GP10_OP3,B0CVQMKG3M,yantralay Protective Carry Case Compatible for DJI OSMO Pocket 3 Camera   Anti Scratch  Wear Resistant   Ideal Travel Accessory for OSMO Pocket 3 Acce,1,872.03,Shipment,THANE,Shipment,872.03,0.0,1,False,
2025-07-18,BLR7-896,PS10_OLEDCOMBO_GREEN,B0DJFLRGQF,yantralay 4 in 1 Carrying Case Pouch with Protective Cover for Nintendo Switch OLED  Non Slip Soft Case Cover  Screen Protectors   Thumb Grips for Swi,1,1163.03,Shipment,CHENNAI,Shipment,1163.03,0.0,1,False,
2025-07-18,BLR7-895,GP49,B0D456N4QM,yantralay Motorcycle Bike Bicycle Handlebar Mount Clamps with 1 4  Screw Compatible 8 35mm for Gopro Hero 13 12 11 10 9 Max Insta360 ONE X5 X4 X3  ONE,1,920.53,Shipment,Haveli,Shipment,920.53,0.0,1,False,
2025-07-18,BLR7-898,PS1,B0BJBL1XBS,yantralay Polyester Dual Controller Hard Carry Case Compatible With Ps5 Ps4 Xbox Ipega Controllers   3 Layer Protection Travel Carry Case   Grey,1,881.56,Shipment,HYDERABAD,Shipment,881.56,0.0,1,False,
2025-07-18,BLR7-899,GP46-M,B0F91GXT2N,yantralay Double Clamp Mount Bracket with 1 4  Ball Head for GoPro  Insta 360 X2 X3  Action Cameras   Handlebar  Motorcycle  Bicycle  Selfie Stick  St,1,1701.38,Shipment,BENGALURU,Shipment,1701.38,0.0,1,False,
2025-07-19,BLR7-902,MP_ONEX4,B0F9X132RD,yantralay Camera Lavalier Clip on Type C Microphone for Insta 360 X4 Collar Clip Microphone  Without Need of Mic Adapter  1 5M Cable Length   Black  I,1,1454.03,Shipment,BENGALURU,Shipment,1454.03,0.0,1,False,
2025-07-19,BLR7-903,GP49,B0D456N4QM,nan,1,0.0,Cancel,MYSURU,Cancel,0.0,0.0,0,False,
2025-07-19,BLR7-901,ACCASEONEX5,B0FF2D12YN,Yantralay Invisible Magnetic Dive Case for Insta360 X5   60M Waterproof Underwater Housing for Deep Sea   Snorkeling Shots,1,5819.03,Shipment,DEVANAHALLI,Shipment,5819.03,0.0,1,False,
2025-07-19,BLR7-904,PS1,B0BJBL1XBS,nan,1,0.0,Cancel,CHENNAI,Cancel,0.0,0.0,0,False,
2025-07-19,BLR7-903,GP49,B0D456N4QM,yantralay Motorcycle Bike Bicycle Handlebar Mount Clamps with 1 4  Screw Compatible 8 35mm for Gopro Hero 13 12 11 10 9 Max Insta360 ONE X5 X4 X3  ONE,1,873.97,Shipment,MYSURU,Shipment,873.97,0.0,1,False,
2025-07-19,BLR7-900,GP29L,B08RXBFBG9,yantralay Windshield Car Suction Cup Mount for Hero 10 9 8  SJCAM  Osmo Action 3   4  Insta 360   Flexible  Multi Angle Adjustable   Mount for Smartph,1,579.09,Shipment,BHADRAK,Shipment,579.09,0.0,1,False,
2025-07-19,BLR7-905,GP10_ONEX4_STARTRC,B0DDXP86FQ,yantralay x Startr c Carrying Case for Insta 360 X4 X5  Portable PU Storage Protective Bag Travel Case for Insta 360 X4 X5 Accessories with Large Capa,1,1587.89,Shipment,RANIPETTAI,Shipment,1587.89,0.0,1,False,
2025-07-20,BLR7-908,GP46-L,B0F91GCRP4,yantralay Double Clamp Mount Bracket with 1 4  Ball Head for Go Pro 13 12 11  Insta 360 X5 X4 X3 Handlebar  Motorcycle  Bicycle  Selfie Stick  Studio,1,1795.47,Shipment,MUMBAI,Shipment,1795.47,0.0,1,False,
2025-07-19,BLR7-906,PS10_OLEDCOMBO_GREEN,B0DJFLRGQF,yantralay 4 in 1 Carrying Case Pouch with Protective Cover for Nintendo Switch OLED  Non Slip Soft Case Cover  Screen Protectors   Thumb Grips for Swi,1,1163.03,Shipment,BENGALURU,Shipment,1163.03,0.0,1,False,
2025-07-20,BLR7-909,DR28_RC2COVER_MP,B0CL9TH14Q,STARTRC Mini 4 Pro Sun Hood for DJI RC 2 Controller 3 IN 1 Sunshade Joysticks Screen Protector for DJI Mini 4 Pro Air 3S Air 3 Accessories Anti Scratc,1,1703.32,Shipment,BENGALURU,Shipment,1703.32,0.0,1,False,
2025-07-20,NAN,PS10_OLEDCOMBO_GREEN,B0DJFLRGQF,nan,1,0.0,Cancel,CHENNAI,Cancel,0.0,0.0,0,False,
2025-07-20,BLR7-913,PS10_OLEDCOMBO_GREEN,B0DJFLRGQF,yantralay 4 in 1 Carrying Case Pouch with Protective Cover for Nintendo Switch OLED  Non Slip Soft Case Cover  Screen Protectors   Thumb Grips for Swi,1,0.0,FreeReplacement,CHENNAI,FreeReplacement,0.0,0.0,0,True,
2025-07-19,BLR7-902,MP_ONEX4,B0F9X132RD,yantralay Camera Lavalier Clip on Type C Microphone for Insta 360 X4 Collar Clip Microphone  Without Need of Mic Adapter  1 5M Cable Length   Black  I,1,-1454.03,Refund,BENGALURU,Refund,-1454.03,0.0,0,False,
2025-07-20,BLR7-915,GP10_ONEX4_STARTRC,B0DDXP86FQ,yantralay x Startr c Carrying Case for Insta 360 X4 X5  Portable PU Storage Protective Bag Travel Case for Insta 360 X4 X5 Accessories with Large Capa,1,1587.89,Shipment,CHENNAI,Shipment,1587.89,0.0,1,False,
2025-07-20,BLR7-912,PS1,B0BJBL1XBS,yantralay Polyester Dual Controller Hard Carry Case Compatible With Ps5 Ps4 Xbox Ipega Controllers   3 Layer Protection Travel Carry Case   Grey,1,877.85,Shipment,BENGALURU,Shipment,877.85,0.0,1,False,
2025-07-20,BLR7-911,GP10_ONEX4_STARTRC,B0DDXP86FQ,yantralay x Startr c Carrying Case for Insta 360 X4 X5  Portable PU Storage Protective Bag Travel Case for Insta 360 X4 X5 Accessories with Large Capa,1,1587.89,Shipment,BENGALURU,Shipment,1587.89,0.0,1,False,
2025-07-13,BLR7-848,GP10KIT_KIT2,B0FBS5Q11T,yantralay 61 in 1 Action Camera Accessories Kit Compatible with Go Pro Hero 13 12 11 10 9  Action 5 4 3  Action  Insta 360 X5 X4 X3   All Other Action,1,-1699.0,Refund,BODA,Refund,-1699.0,0.0,0,False,
2025-07-20,BLR7-916,GP46-L,B0F91GCRP4,yantralay Double Clamp Mount Bracket with 1 4  Ball Head for Go Pro 13 12 11  Insta 360 X5 X4 X3 Handlebar  Motorcycle  Bicycle  Selfie Stick  Studio,1,1795.47,Shipment,PUNE,Shipment,1795.47,0.0,1,False,
2025-07-02,BLR7-731,GP47_NEW,B0DRYJZ6VH,Yantralay 360  Rotatable Camera Bike Mount Clamp Motorcycle Handlebar Pole Aluminium Mount for Insta360 X4 X3  Ace Pro Pro2  Hero13 12 11 10 9 For Os,1,-1349.0,Refund,Basavana Bagevadi,Refund,-1349.0,0.0,0,False,
2025-07-20,BLR7-914,DA31,B0CGDMJ882,Yantralay DSLR Battery Pouch   Portable Waterproof Bag for lp e6 e8 e10 e12 en el14 el15 fw50 f550 Batteries   Convenient Access Design   Compact and,1,484.03,Shipment,Bengaluru,Shipment,484.03,0.0,1,False,
2025-07-20,BLR7-919,GP49,B0D456N4QM,yantralay Motorcycle Bike Bicycle Handlebar Mount Clamps with 1 4  Screw Compatible 8 35mm for Gopro Hero 13 12 11 10 9 Max Insta360 ONE X5 X4 X3  ONE,1,873.97,Shipment,BENGALURU,Shipment,873.97,0.0,1,False,
2025-07-20,BLR7-920,GP10_ONEX4_STARTRC,B0DDXP86FQ,yantralay x Startr c Carrying Case for Insta 360 X4 X5  Portable PU Storage Protective Bag Travel Case for Insta 360 X4 X5 Accessories with Large Capa,1,1587.89,Shipment,BENGALURU,Shipment,1587.89,0.0,1,False,
2025-07-20,BLR7-917,GP28_H13,B0DHYDQL5V,Yantralay Silicone Lanyard Sleeve Protective Cover   6PCS Tempered Glass Screen Guard with Silicone Lens Cover Compatible with Go Pro Hero 9 Black Act,1,387.03,Shipment,HYDERABAD,Shipment,387.03,0.0,1,False,
2025-07-20,BLR7-910,PS10_OLEDCOMBO_GREEN,B0DJFLRGQF,yantralay 4 in 1 Carrying Case Pouch with Protective Cover for Nintendo Switch OLED  Non Slip Soft Case Cover  Screen Protectors   Thumb Grips for Swi,1,1163.03,Shipment,HYDERABAD,Shipment,1163.03,0.0,1,False,
2025-07-21,BLR7-921,PS10_OLEDCOMBO_GREEN,B0DJFLRGQF,yantralay 4 in 1 Carrying Case Pouch with Protective Cover for Nintendo Switch OLED  Non Slip Soft Case Cover  Screen Protectors   Thumb Grips for Swi,1,1104.83,Shipment,Hyderabad,Shipment,1104.83,0.0,1,False,
2025-07-21,BLR7-923,MP_ONEX4,B0F9X132RD,yantralay Camera Lavalier Clip on Type C Microphone for Insta 360 X4 Collar Clip Microphone  Without Need of Mic Adapter  1 5M Cable Length   Black  I,1,1454.03,Shipment,BENGALURU,Shipment,1454.03,0.0,1,False,
2025-07-12,BLR7-838,GP10_ONEX4_STARTRC,B0DDXP86FQ,yantralay x Startr c Carrying Case for Insta 360 X4 X5  Portable PU Storage Protective Bag Travel Case for Insta 360 X4 X5 Accessories with Large Capa,1,-1595.0,Refund,BENGALURU,Refund,-1595.0,0.0,0,False,
2025-07-21,BLR7-922,GP47-L_TLSNK,B0BBVGXFZ2,Camera Bike Mount Motorcycle Handlebar Clamp Holder for GoPro Insta360 Accessories  TELESIN 360    Rotating Bicycle Cycling Attachment Accessory for,1,1793.53,Shipment,HYDERABAD,Shipment,1793.53,0.0,1,False,
2025-07-21,BLR7-924,PS1,B0BJBL1XBS,yantralay Polyester Dual Controller Hard Carry Case Compatible With Ps5 Ps4 Xbox Ipega Controllers   3 Layer Protection Travel Carry Case   Grey,1,905.0,Shipment,Bengaluru,Shipment,905.0,0.0,1,False,
2025-07-21,BLR7-926,PS1,B0BJBL1XBS,yantralay Polyester Dual Controller Hard Carry Case Compatible With Ps5 Ps4 Xbox Ipega Controllers   3 Layer Protection Travel Carry Case   Grey,1,905.0,Shipment,VASCO DA GAMA,Shipment,905.0,0.0,1,False,
2025-07-21,BLR7-927,GP10_ONEX4_STARTRC,B0DDXP86FQ,yantralay x Startr c Carrying Case for Insta 360 X4 X5  Portable PU Storage Protective Bag Travel Case for Insta 360 X4 X5 Accessories with Large Capa,1,1637.0,Shipment,BENGALURU,Shipment,1637.0,0.0,1,False,
2025-07-21,BLR7-928,PS10_OLED_GREEN,B0BRY5L26G,yantralay Carry Case Pouch Cover Compatible with Nintendo Switch OLED with Game Card Slots for Switch Switch OLED Accessories  Video Game   Green,1,616.0,Shipment,ILAMPILLAI,Shipment,616.0,0.0,1,False,
2025-07-21,BLR7-930,GP49,B0D456N4QM,yantralay Motorcycle Bike Bicycle Handlebar Mount Clamps with 1 4  Screw Compatible 8 35mm for Gopro Hero 13 12 11 10 9 Max Insta360 ONE X5 X4 X3  ONE,1,901.0,Shipment,BENGALURU,Shipment,901.0,0.0,1,False,
2025-07-21,BLR7-925,GP49,B0D456N4QM,yantralay Motorcycle Bike Bicycle Handlebar Mount Clamps with 1 4  Screw Compatible 8 35mm for Gopro Hero 13 12 11 10 9 Max Insta360 ONE X5 X4 X3  ONE,1,901.0,Shipment,Bengaluru,Shipment,901.0,0.0,1,False,
2025-07-20,BLR7-918,PS1,B0BJBL1XBS,yantralay Polyester Dual Controller Hard Carry Case Compatible With Ps5 Ps4 Xbox Ipega Controllers   3 Layer Protection Travel Carry Case   Grey,1,822.56,Shipment,CHENNAI,Shipment,822.56,0.0,1,False,
2025-07-20,BLR7-915,GP10_ONEX4_STARTRC,B0DDXP86FQ,yantralay x Startr c Carrying Case for Insta 360 X4 X5  Portable PU Storage Protective Bag Travel Case for Insta 360 X4 X5 Accessories with Large Capa,1,-1587.89,Refund,CHENNAI,Refund,-1587.89,0.0,0,False,
2025-07-21,BLR7-929,PS10_OLEDCOMBO_GREEN,B0DJFLRGQF,yantralay 4 in 1 Carrying Case Pouch with Protective Cover for Nintendo Switch OLED  Non Slip Soft Case Cover  Screen Protectors   Thumb Grips for Swi,1,1139.0,Shipment,HYDERABAD,Shipment,1139.0,0.0,1,False,
2025-07-22,BLR7-932,GP47-L_TLSNK,B0BBVGXFZ2,Camera Bike Mount Motorcycle Handlebar Clamp Holder for GoPro Insta360 Accessories  TELESIN 360    Rotating Bicycle Cycling Attachment Accessory for,1,1849.0,Shipment,BENGALURU,Shipment,1849.0,0.0,1,False,
2025-07-22,BLR7-931,GP46-L_GP46-S_GP25_150CMS_TUYU,B0FCYMLQ95,yantralay Aluminium Dual Clamp Handlebar Mount Kit for Action Cameras   Invisible Selfie Stick Setup   Compatible with Insta 360 X5 X4  Go Pro 13 12 1,1,4999.0,Shipment,HOWRAH,Shipment,4999.0,0.0,1,False,
2025-07-22,BLR7-933,PS1,B0BJBL1XBS,yantralay Polyester Dual Controller Hard Carry Case Compatible With Ps5 Ps4 Xbox Ipega Controllers   3 Layer Protection Travel Carry Case   Grey,1,905.0,Shipment,HUBBALLI,Shipment,905.0,0.0,1,False,
2025-07-20,BLR7-919,GP49,B0D456N4QM,yantralay Motorcycle Bike Bicycle Handlebar Mount Clamps with 1 4  Screw Compatible 8 35mm for Gopro Hero 13 12 11 10 9 Max Insta360 ONE X5 X4 X3  ONE,1,-873.97,Refund,BENGALURU,Refund,-873.97,0.0,0,False,
2025-07-20,BLR7-916,GP46-L,B0F91GCRP4,yantralay Double Clamp Mount Bracket with 1 4  Ball Head for Go Pro 13 12 11  Insta 360 X5 X4 X3 Handlebar  Motorcycle  Bicycle  Selfie Stick  Studio,1,-1795.47,Refund,PUNE,Refund,-1795.47,0.0,0,False,
2025-07-17,BLR7-893,XHS_TARION,B0F2W1X1S1,yantralay x TARI ON XHS Hard Shell Camera Case Bag Roll Top Shoulder Sling Bag for Outdoor Photography  DSLR   Mirrorless Cameras  Lenses   Tripod   W,1,-4443.03,Refund,BENGALURU,Refund,-4443.03,0.0,0,False,
2025-07-23,BLR7-935,PS10_OLEDCOMBO_GREEN,B0DJFLRGQF,yantralay 4 in 1 Carrying Case Pouch with Protective Cover for Nintendo Switch OLED  Non Slip Soft Case Cover  Screen Protectors   Thumb Grips for Swi,1,1139.0,Shipment,KOLENCHERY,Shipment,1139.0,0.0,1,False,
2025-07-23,BLR7-934,ACCASEGP8N,B084KHRNRN,yantralay 60M Underwater Protective Waterproof Housing Case for Hero 8   Quick Release Mount   High Transmission Lens   Ideal for Scuba Diving   Water,1,999.0,Shipment,ERNAKULAM,Shipment,999.0,0.0,1,False,
2025-07-23,BLR7-939,GP10_ONEX4_STARTRC,B0DDXP86FQ,yantralay x Startr c Carrying Case for Insta 360 X4 X5  Portable PU Storage Protective Bag Travel Case for Insta 360 X4 X5 Accessories with Large Capa,1,1637.0,Shipment,BENGALURU,Shipment,1637.0,0.0,1,False,
2025-07-23,BLR7-938,GP10_ONEX4_STARTRC,B0DDXP86FQ,yantralay x Startr c Carrying Case for Insta 360 X4 X5  Portable PU Storage Protective Bag Travel Case for Insta 360 X4 X5 Accessories with Large Capa,1,1637.0,Shipment,visakhapatnam,Shipment,1637.0,0.0,1,False,
2025-07-24,BLR7-940,PS1,B0BJBL1XBS,yantralay Polyester Dual Controller Hard Carry Case Compatible With Ps5 Ps4 Xbox Ipega Controllers   3 Layer Protection Travel Carry Case   Grey,1,905.0,Shipment,BENGALURU,Shipment,905.0,0.0,1,False,
2025-07-24,BLR7-942,ACCASEYTG9,B08NF6HMG6,yantralay YT G9 Vlogging Case with Dual Cold Shoe Mount for Hero 12 11 10 9  Removable 52mm Filter Ring  All in One Kit with Case Door  Lens Protector,1,965.0,Shipment,BENGALURU,Shipment,965.0,0.0,1,False,
2025-07-19,BLR7-905,GP10_ONEX4_STARTRC,B0DDXP86FQ,yantralay x Startr c Carrying Case for Insta 360 X4 X5  Portable PU Storage Protective Bag Travel Case for Insta 360 X4 X5 Accessories with Large Capa,1,-1587.89,Refund,RANIPETTAI,Refund,-1587.89,0.0,0,False,
2025-07-20,BLR7-917,GP28_H13,B0DHYDQL5V,Yantralay Silicone Lanyard Sleeve Protective Cover   6PCS Tempered Glass Screen Guard with Silicone Lens Cover Compatible with Go Pro Hero 9 Black Act,1,-387.03,Refund,HYDERABAD,Refund,-387.03,0.0,0,False,
2025-07-24,BLR7-941,PS10_OLED_GREEN,B0BRY5L26G,yantralay Carry Case Pouch Cover Compatible with Nintendo Switch OLED with Game Card Slots for Switch Switch OLED Accessories  Video Game   Green,1,616.0,Shipment,DURG,Shipment,616.0,0.0,1,False,
2025-07-21,BLR7-923,MP_ONEX4,B0F9X132RD,yantralay Camera Lavalier Clip on Type C Microphone for Insta 360 X4 Collar Clip Microphone  Without Need of Mic Adapter  1 5M Cable Length   Black  I,1,-1454.03,Refund,BENGALURU,Refund,-1454.03,0.0,0,False,
2025-07-24,BLR7-943,IN1_AL,B0D4536M61,yantralay 4 in 1 Motorcycle Mount Bundle with Unicorn Helmet Extension Arm Adhesive Kit Compatible for Insta360 One X4 X3 X2  ONE R RS  Hero 13 12 11,1,1987.0,Shipment,CHENNAI,Shipment,1987.0,0.0,1,False,
2025-07-24,BLR7-944,GP162TELESINN,B07G5XWJJM,TELESIN Motorcycle Helmet Strap Mount Front Chin Mount for GoPro Hero 2018 7 6 5 4 3  Session  SJCAM  AKASO  Campark  Polaroid  YI Action Camera Helme,1,794.0,Shipment,CHENNAI,Shipment,794.0,0.0,1,False,
2025-07-25,BLR7-946,PS1,B0BJBL1XBS,yantralay Polyester Dual Controller Hard Carry Case Compatible With Ps5 Ps4 Xbox Ipega Controllers   3 Layer Protection Travel Carry Case   Grey,1,905.0,Shipment,BENGALURU,Shipment,905.0,0.0,1,False,
2025-07-25,BLR7-945,DA24,B078DMT8KR,Yantralay Nylon Universal Drone and Quadcopter Landing Pad   Portable   Foldable   Compatible with DJI  Parrot  Syma  Hubsan  Holy Stone  UDI Drones,1,1549.0,Shipment,CHENNAI,Shipment,1549.0,0.0,1,False,
2025-07-25,BLR7-949,GP43_ONEX4_STARTRC,B0DDXWLJ3D,yantralay Carry Pouch Bag Compatible with Insta 360 ONE X4 Camera Accessories,1,949.0,Shipment,HYDERABAD,Shipment,949.0,0.0,1,False,
2025-07-25,BLR7-951,PS10_OLEDCOMBO_GREEN,B0DJFLRGQF,yantralay 4 in 1 Carrying Case Pouch with Protective Cover for Nintendo Switch OLED  Non Slip Soft Case Cover  Screen Protectors   Thumb Grips for Swi,1,1139.0,Shipment,BENGALURU,Shipment,1139.0,0.0,1,False,
2025-07-25,BLR7-947,GP10_ONEX4_STARTRC,B0DDXP86FQ,yantralay x Startr c Carrying Case for Insta 360 X4 X5  Portable PU Storage Protective Bag Travel Case for Insta 360 X4 X5 Accessories with Large Capa,1,1637.0,Shipment,BENGALURU,Shipment,1637.0,0.0,1,False,
2025-07-25,BLR7-952,GP46-M_GP46-S_GP25_150CMS,B0F99WWGGT,yantralay Motorcycle Handlebar Clamp Kit with Dual Clamp Mounts   Invisible Selfie Stick for Insta 360 X4 X3 X2 One RS GO 3   Bike Action Camera Mount,1,4386.0,Shipment,BENGALURU,Shipment,4386.0,0.0,1,False,
2025-07-25,BLR7-952,GP10_ONEX4_STARTRC,B0DDXP86FQ,yantralay x Startr c Carrying Case for Insta 360 X4 X5  Portable PU Storage Protective Bag Travel Case for Insta 360 X4 X5 Accessories with Large Capa,1,1637.0,Shipment,BENGALURU,Shipment,1637.0,0.0,1,False,
2025-07-25,BLR7-948,MS_GP34,B0DG2LBC8V,yantralay Magnetic Neck Mount   2 in 1 Flexible Holder for Phones and Action Cameras   Adjustable Neck Strap  Secure Magnetic Magsaf Mounts  for Gopro,1,1999.0,Shipment,VISAKHAPATNAM,Shipment,1999.0,0.0,1,False,
2025-07-26,BLR7-953,PS10_OLEDCOMBO_GREEN,B0DJFLRGQF,yantralay 4 in 1 Carrying Case Pouch with Protective Cover for Nintendo Switch OLED  Non Slip Soft Case Cover  Screen Protectors   Thumb Grips for Swi,1,1139.0,Shipment,HYDERABAD,Shipment,1139.0,0.0,1,False,
2025-07-26,BLR7-954,ACCHARGERGP13_CD_AMG,B0DZVVQPKD,Yantralay 3 Channel Fast Charging Box Battery Charger for GoPro Hero 13 Black   Compatible with Original GoPro Hero 13 Batteries  Portable GoPro Hero,1,2136.0,Shipment,BENGALURU,Shipment,2136.0,0.0,1,False,
2025-07-26,BLR7-956,GP10_ONEX4_STARTRC,B0DDXP86FQ,yantralay x Startr c Carrying Case for Insta 360 X4 X5  Portable PU Storage Protective Bag Travel Case for Insta 360 X4 X5 Accessories with Large Capa,1,1637.0,Shipment,BENGALURU,Shipment,1637.0,0.0,1,False,
2025-07-26,BLR7-957,GP10_RS4_STARTRC,B0DB1TQPH3,yantralay Portable Carrying Storage Case for DJ I Ronin RS4   RS4 Pro Gimbal EVA Handbag Travel Handheld Shoulder Bag  Grey,1,2706.0,Shipment,CHENNAI,Shipment,2706.0,0.0,1,False,
2025-07-26,BLR7-955,GP46-M_GP46-S_GP25_150CMS,B0F99WWGGT,yantralay Motorcycle Handlebar Clamp Kit with Dual Clamp Mounts   Invisible Selfie Stick for Insta 360 X4 X3 X2 One RS GO 3   Bike Action Camera Mount,1,4386.0,Shipment,BENGALURU,Shipment,4386.0,0.0,1,False,
2025-07-26,BLR7-958,ACCASEONEX5,B0FF2D12YN,Yantralay Invisible Magnetic Dive Case for Insta360 X5   60M Waterproof Underwater Housing for Deep Sea   Snorkeling Shots,1,5999.0,Shipment,THALASSERY,Shipment,5999.0,0.0,1,False,
2025-07-26,BLR7-960,GP162TELESINN,B07G5XWJJM,TELESIN Motorcycle Helmet Strap Mount Front Chin Mount for GoPro Hero 2018 7 6 5 4 3  Session  SJCAM  AKASO  Campark  Polaroid  YI Action Camera Helme,1,794.0,Shipment,BENGALURU,Shipment,794.0,0.0,1,False,
2025-07-26,BLR7-959,PS10_OLED_YELLOW,B0BRY5GJ5Y,yantralay Carry Case Pouch Cover Compatible with Nintendo Switch OLED with Game Card Slots for Switch Switch OLED Accessories  Video Game   Yellow,1,616.0,Shipment,BENGALURU,Shipment,616.0,0.0,1,False,
2025-07-25,BLR7-950,GP10_RS4_STARTRC,B0DB1TQPH3,yantralay Portable Carrying Storage Case for DJ I Ronin RS4   RS4 Pro Gimbal EVA Handbag Travel Handheld Shoulder Bag  Grey,1,2706.0,Shipment,THENI ALLINAGARAM,Shipment,2706.0,0.0,1,False,
2025-07-27,BLR7-961,GP162TELESINN,B07G5XWJJM,TELESIN Motorcycle Helmet Strap Mount Front Chin Mount for GoPro Hero 2018 7 6 5 4 3  Session  SJCAM  AKASO  Campark  Polaroid  YI Action Camera Helme,1,794.0,Shipment,COIMBATORE,Shipment,794.0,0.0,1,False,
2025-07-27,BLR7-962,PS5SLIM_CC1_BLACK,B0DDQGJB7N,yantralay Carrying case for PS5 Slim Console Gamepad Controller Headphone VR Travel Bag  Playstatio n 5 Slim Accessories   Black,1,0.0,FreeReplacement,NEW DELHI,FreeReplacement,0.0,0.0,0,True,
2025-07-27,BLR7-964,PS1,B0BJBL1XBS,yantralay Polyester Dual Controller Hard Carry Case Compatible With Ps5 Ps4 Xbox Ipega Controllers   3 Layer Protection Travel Carry Case   Grey,1,905.0,Shipment,Bengaluru,Shipment,905.0,0.0,1,False,
2025-07-27,BLR7-963,SGONEX4-2_LGONEX4,B0F8VRR8JY,yantralay Insta 360 X4 Lens Guard   Screen Protector Combo Kit   Lens Covers   Anti Scratch  Tempered Glass Screen   Insta 360 X4 Accessories,1,1266.0,Shipment,BENGALURU,Shipment,1266.0,0.0,1,False,
2025-07-27,BLR7-965,IN1_AL,B0D4536M61,yantralay 4 in 1 Motorcycle Mount Bundle with Unicorn Helmet Extension Arm Adhesive Kit Compatible for Insta360 One X5 X4 X3 X2  ONE R RS  Hero 13 12,1,1987.0,Shipment,HASSAN,Shipment,1987.0,0.0,1,False,
2025-07-28,BLR7-967,GP49,B0D456N4QM,yantralay Motorcycle Bike Bicycle Handlebar Mount Clamps with 1 4  Screw Compatible 8 35mm for Gopro Hero 13 12 11 10 9 Max Insta360 ONE X5 X4 X3  ONE,1,901.0,Shipment,HYDERABAD,Shipment,901.0,0.0,1,False,
2025-07-27,BLR7-966,MP_ONEX4,B0F9X132RD,yantralay Camera Lavalier Clip on Type C Microphone for Insta 360 X4 Collar Clip Microphone  Without Need of Mic Adapter  1 5M Cable Length   Black  I,1,1499.0,Shipment,BENGALURU,Shipment,1499.0,0.0,1,False,
2025-07-25,BLR7-945,DA24,B078DMT8KR,Yantralay Nylon Universal Drone and Quadcopter Landing Pad   Portable   Foldable   Compatible with DJI  Parrot  Syma  Hubsan  Holy Stone  UDI Drones,1,-1549.0,Refund,CHENNAI,Refund,-1549.0,0.0,0,False,
2025-07-28,BLR7-968,GP47_NEW,B0DRYJZ6VH,Yantralay 360  Rotatable Camera Bike Mount Clamp Motorcycle Handlebar Pole Aluminium Mount for Insta360 X4 X3  Ace Pro Pro2  Hero13 12 11 10 9 For Os,1,1349.0,Shipment,BENGALURU,Shipment,1349.0,0.0,1,False,
2025-07-28,BLR7-970,GP10_ONEX4_STARTRC,B0DDXP86FQ,yantralay x Startr c Carrying Case for Insta 360 X4 X5  Portable PU Storage Protective Bag Travel Case for Insta 360 X4 X5 Accessories with Large Capa,1,0.0,FreeReplacement,BANGALORE,FreeReplacement,0.0,0.0,0,True,
2025-07-28,BLR7-972,DA24,B078DMT8KR,Yantralay Nylon Universal Drone and Quadcopter Landing Pad   Portable   Foldable   Compatible with DJI  Parrot  Syma  Hubsan  Holy Stone  UDI Drones,1,1549.0,Shipment,BENGALURU,Shipment,1549.0,0.0,1,False,
2025-07-28,BLR7-969,GP47_NEW,B0DRYJZ6VH,Yantralay 360  Rotatable Camera Bike Mount Clamp Motorcycle Handlebar Pole Aluminium Mount for Insta360 X4 X3  Ace Pro Pro2  Hero13 12 11 10 9 For Os,1,1349.0,Shipment,Bengaluru,Shipment,1349.0,0.0,1,False,
2025-07-28,BLR7-974,PS1,B0BJBL1XBS,nan,1,0.0,Cancel,BENGALURU,Cancel,0.0,0.0,0,False,
2025-07-28,BLR7-974,PS1,B0BJBL1XBS,yantralay Polyester Dual Controller Hard Carry Case Compatible With Ps5 Ps4 Xbox Ipega Controllers   3 Layer Protection Travel Carry Case   Grey,1,905.0,Shipment,BENGALURU,Shipment,905.0,0.0,1,False,
2025-07-28,BLR7-973,GP10_ONEX4_STARTRC,B0DDXP86FQ,yantralay x Startr c Carrying Case for Insta 360 X4 X5  Portable PU Storage Protective Bag Travel Case for Insta 360 X4 X5 Accessories with Large Capa,1,1637.0,Shipment,BENGALURU,Shipment,1637.0,0.0,1,False,
2025-07-29,BLR7-976,CWATCUN_D136-LN,B0D8J5PSRZ,Cwatcun Rolling Camera Backpack 2 in 1 Convertible Trolley Wheeled Camera Case for DSLR Cameras Lenses Extra Large Professional Photographer Luggage C,1,15499.0,Shipment,NANDYAL,Shipment,15499.0,0.0,1,False,
2025-07-29,BLR7-975,GP47_NEW,B0DRYJZ6VH,Yantralay 360  Rotatable Camera Bike Mount Clamp Motorcycle Handlebar Pole Aluminium Mount for Insta360 X4 X3  Ace Pro Pro2  Hero13 12 11 10 9 For Os,1,1349.0,Shipment,POLASARA,Shipment,1349.0,0.0,1,False,
2025-07-29,BLR7-978,GP162TELESINN,B07G5XWJJM,TELESIN Motorcycle Helmet Strap Mount Front Chin Mount for GoPro Hero 2018 7 6 5 4 3  Session  SJCAM  AKASO  Campark  Polaroid  YI Action Camera Helme,1,794.0,Shipment,Bhubaneswar,Shipment,794.0,0.0,1,False,
2025-07-29,BLR7-980,GP47_NEW,B0DRYJZ6VH,nan,1,0.0,Cancel,PUNE,Cancel,0.0,0.0,0,False,
2025-07-29,BLR7-977,GP10_RS4MINI_STARTRC,B0DZZFNDHP,yantralay Portable Carrying Storage Case for DJ I Ronin RS4Mini Gimbal EVA Handbag Travel Handheld Shoulder Bag  RS4MINI,1,2631.0,Shipment,ROBERTSONPET,Shipment,2631.0,0.0,1,False,
2025-07-29,BLR7-979,GP10_RS4MINI_STARTRC,B0DZZFNDHP,yantralay Portable Carrying Storage Case for DJ I Ronin RS4Mini Gimbal EVA Handbag Travel Handheld Shoulder Bag  RS4MINI,1,2631.0,Shipment,BENGALURU,Shipment,2631.0,0.0,1,False,
2025-07-24,BLR7-942,ACCASEYTG9,B08NF6HMG6,yantralay YT G9 Vlogging Case with Dual Cold Shoe Mount for Hero 12 11 10 9  Removable 52mm Filter Ring  All in One Kit with Case Door  Lens Protector,1,-965.0,Refund,BENGALURU,Refund,-965.0,0.0,0,False,
2025-07-29,BLR7-982,IN1_AL,B0D4536M61,yantralay 4 in 1 Motorcycle Mount Bundle with Unicorn Helmet Extension Arm Adhesive Kit Compatible for Insta360 One X5 X4 X3 X2  ONE R RS  Hero 13 12,1,1927.39,Shipment,PUNE,Shipment,1927.39,0.0,1,False,
2025-07-29,BLR7-983,GP29L,B08RXBFBG9,yantralay Windshield Car Suction Cup Mount for Hero 10 9 8  SJCAM  Osmo Action 3   4  Insta 360   Flexible  Multi Angle Adjustable   Mount for Smartph,1,579.09,Shipment,BENGALURU,Shipment,579.09,0.0,1,False,
2025-07-29,BLR7-984,GP10_OP3,B0CVQMKG3M,nan,1,0.0,Cancel,BENGALURU,Cancel,0.0,0.0,0,False,
2025-07-29,BLR7-984,GP10_OP3,B0CVQMKG3M,yantralay Protective Carry Case Compatible for DJI OSMO Pocket 3 Camera   Anti Scratch  Wear Resistant   Ideal Travel Accessory for OSMO Pocket 3 Acce,1,831.0,Shipment,BENGALURU,Shipment,831.0,0.0,1,False,
2025-07-25,BLR7-950,GP10_RS4_STARTRC,B0DB1TQPH3,yantralay Portable Carrying Storage Case for DJ I Ronin RS4   RS4 Pro Gimbal EVA Handbag Travel Handheld Shoulder Bag  Grey,1,-2706.0,Refund,THENI ALLINAGARAM,Refund,-2706.0,0.0,0,False,
2025-07-30,BLR7-985,GP47_NEW,B0DRYJZ6VH,Yantralay 360  Rotatable Camera Bike Mount Clamp Motorcycle Handlebar Pole Aluminium Mount for Insta360 X4 X3  Ace Pro Pro2  Hero13 12 11 10 9 For Os,1,1308.53,Shipment,RAIPUR,Shipment,1308.53,0.0,1,False,
2025-07-29,BLR7-981,GP10_RS4_STARTRC,B0DB1TQPH3,yantralay Portable Carrying Storage Case for DJ I Ronin RS4   RS4 Pro Gimbal EVA Handbag Travel Handheld Shoulder Bag  Grey,1,2706.0,Shipment,Bengaluru,Shipment,2706.0,0.0,1,False,
2025-07-30,BLR7-986,MP_OA5,B0F9X1YNVL,yantralay Camera Lavalier Clip on Type C Microphone for DJ I Action 3 4 Collar Clip Microphone  Without Need of Mic Adapter  1 5M Cable Length   Black,1,1417.17,Shipment,BENGALURU,Shipment,1417.17,0.0,1,False,
2025-07-30,BLR7-988,MP_ONEX4,B0F9X132RD,yantralay Camera Lavalier Clip on Type C Microphone for Insta 360 X4 Collar Clip Microphone  Without Need of Mic Adapter  1 5M Cable Length   Black  I,1,1454.03,Shipment,BENGALURU,Shipment,1454.03,0.0,1,False,
2025-07-30,BLR7-987,GP29L,B08RXBFBG9,yantralay Windshield Car Suction Cup Mount for Hero 10 9 8  SJCAM  Osmo Action 3   4  Insta 360   Flexible  Multi Angle Adjustable   Mount for Smartph,1,579.09,Shipment,HYDERABAD,Shipment,579.09,0.0,1,False,
2025-07-31,BLR7-992,GP29L,B08RXBFBG9,yantralay Windshield Car Suction Cup Mount for Hero 10 9 8  SJCAM  Osmo Action 3   4  Insta 360   Flexible  Multi Angle Adjustable   Mount for Smartph,1,0.0,FreeReplacement,BENGALURU,FreeReplacement,0.0,0.0,0,True,
2025-07-31,BLR7-990,GP10_RS4MINI_STARTRC,B0DZZFNDHP,yantralay Portable Carrying Storage Case for DJ I Ronin RS4Mini Gimbal EVA Handbag Travel Handheld Shoulder Bag  RS4MINI,1,2552.07,Shipment,ROURKELA sector 6,Shipment,2552.07,0.0,1,False,
2025-07-31,BLR7-993,PS1,B0BJBL1XBS,yantralay Polyester Dual Controller Hard Carry Case Compatible With Ps5 Ps4 Xbox Ipega Controllers   3 Layer Protection Travel Carry Case   Grey,1,833.23,Shipment,BENGALURU,Shipment,833.23,0.0,1,False,
2025-07-31,BLR7-991,GP10_ONEX4_STARTRC,B0DDXP86FQ,yantralay x Startr c Carrying Case for Insta 360 X4 X5  Portable PU Storage Protective Bag Travel Case for Insta 360 X4 X5 Accessories with Large Capa,1,1522.41,Shipment,MUMBAI,Shipment,1522.41,0.0,1,False,
2025-07-31,BLR7-991,GP47_NEW,B0DRYJZ6VH,Yantralay 360  Rotatable Camera Bike Mount Clamp Motorcycle Handlebar Pole Aluminium Mount for Insta360 X4 X3  Ace Pro Pro2  Hero13 12 11 10 9 For Os,1,1254.57,Shipment,MUMBAI,Shipment,1254.57,0.0,1,False,
2025-07-30,BLR7-989,S13,B07MG832T8,yantralay Universal 360  Rotating Vertical Mobile Tripod Monopod Mount for Smartphones up to 4 1  Width   Compatible with Samsung  iPhone  Xiaomi  On,1,249.0,Shipment,THIRUVANANTHAPURAM,Shipment,249.0,0.0,1,False,
2025-07-31,BLR7-994,GP47_NEW,B0DRYJZ6VH,Yantralay 360  Rotatable Camera Bike Mount Clamp Motorcycle Handlebar Pole Aluminium Mount for Insta360 X4 X3  Ace Pro Pro2  Hero13 12 11 10 9 For Os,1,1308.53,Shipment,VILLUPURAM,Shipment,1308.53,0.0,1,False,
2025-07-26,BLR7-957,GP10_RS4_STARTRC,B0DB1TQPH3,yantralay Portable Carrying Storage Case for DJ I Ronin RS4   RS4 Pro Gimbal EVA Handbag Travel Handheld Shoulder Bag  Grey,1,-2706.0,Refund,CHENNAI,Refund,-2706.0,0.0,0,False,
2025-07-29,BLR7-975,GP47_NEW,B0DRYJZ6VH,Yantralay 360  Rotatable Camera Bike Mount Clamp Motorcycle Handlebar Pole Aluminium Mount for Insta360 X4 X3  Ace Pro Pro2  Hero13 12 11 10 9 For Os,1,-1349.0,Refund,POLASARA,Refund,-1349.0,0.0,0,False,
2025-07-31,BLR7-995,PS1,B0BJBL1XBS,yantralay Polyester Dual Controller Hard Carry Case Compatible With Ps5 Ps4 Xbox Ipega Controllers   3 Layer Protection Travel Carry Case   Grey,1,833.23,Shipment,BENGALURU,Shipment,833.23,0.0,1,False,
2025-07-31,BLR7-998,GP47_NEW,B0DRYJZ6VH,Yantralay 360  Rotatable Camera Bike Mount Clamp Motorcycle Handlebar Pole Aluminium Mount for Insta360 X4 X3  Ace Pro Pro2  Hero13 12 11 10 9 For Os,1,1308.53,Shipment,HYDERABAD,Shipment,1308.53,0.0,1,False,
2025-07-31,BLR7-1001,PS1,B0BJBL1XBS,yantralay Polyester Dual Controller Hard Carry Case Compatible With Ps5 Ps4 Xbox Ipega Controllers   3 Layer Protection Travel Carry Case   Grey,1,833.23,Shipment,KARUR,Shipment,833.23,0.0,1,False,
2025-07-31,BLR7-1000,GP29L,B08RXBFBG9,yantralay Windshield Car Suction Cup Mount for Hero 10 9 8  SJCAM  Osmo Action 3   4  Insta 360   Flexible  Multi Angle Adjustable   Mount for Smartph,1,610.13,Shipment,BENGALURU,Shipment,610.13,0.0,1,False,
2025-06-30,BLR7-704,GP10_OP3,B0CVQMKG3M,yantralay Protective Carry Case Compatible for DJI OSMO Pocket 3 Camera   Anti Scratch  Wear Resistant   Ideal Travel Accessory for OSMO Pocket 3 Acce,1,-854.0,Refund,MUMBAI,Refund,-854.0,0.0,0,False,
2025-06-29,BLR7-702,GP10_ONEX4_STARTRC,B0DDXP86FQ,yantralay x Startr c Carrying Case for Insta 360 X4 X5  Portable PU Storage Protective Bag Travel Case for Insta 360 X4 X5 Accessories with Large Capa,5,-8395.0,Refund,RAYADURG,Refund,-8395.0,0.0,0,False,
2025-06-22,BLR7-610,LED_T2,B0F2GKLDXR,Yantralay Slab Key Light for Video Shooting   Content Creation   Adjustable Photography Fill Light   5 Color Temperatures  3200K 5600K    1455 Lumens,1,-1804.0,Refund,BENGALURU,Refund,-1804.0,0.0,0,False,
2025-06-29,BLR7-697,GP10_OM7P_STARTRC,B0F2J6Z8WT,yantralay Osmo Mobile 7P Case Portable PU Shoulder Bag for DJI OM 7 Pro 7 Gimbal Stabilizer Travel Case for DJI Osmo Mobile 7 7P,1,-1398.0,Refund,Bengaluru,Refund,-1398.0,0.0,0,False,
2025-06-30,BLR7-703,GP10KIT_H9_GP17,B0FC2Z4XM3,yantralay Complete Go Pro Hero 12 11 10 9 Accessory Bundle   Waterproof Housing Case  Silicone Protector  Filter   Lens Kit  Tempered Glass Screen Pro,1,-2199.0,Refund,SHILLONG,Refund,-2199.0,0.0,0,False,
2025-06-30,BLR7-708,MS_GP34,B0DG2LBC8V,yantralay Magnetic Neck Mount   2 in 1 Flexible Holder for Phones and Action Cameras   Adjustable Neck Strap  Secure Magnetic Magsaf Mounts  for Gopro,1,-1999.0,Refund,BENGALURU,Refund,-1999.0,0.0,0,False,
2025-06-28,BLR7-679,MS_GP34,B0DG2LBC8V,yantralay Magnetic Neck Mount   2 in 1 Flexible Holder for Phones and Action Cameras   Adjustable Neck Strap  Secure Magnetic Magsaf Mounts  for Gopro,1,-1999.0,Refund,NOIDA,Refund,-1999.0,0.0,0,False,
2025-06-19,BLR7-591,GP46-M_GP46-S_GP25_150CMS,B0F99WWGGT,yantralay Motorcycle Handlebar Clamp Kit with Dual Clamp Mounts   Invisible Selfie Stick for Insta 360 X4 X3 X2 One RS GO 3   Bike Action Camera Mount,1,-3999.0,Refund,LINGSUGUR,Refund,-3999.0,0.0,0,False,
2025-07-01,MAA4-286,DR_STRAP-1133202,B0CNLDVL42,STARTRC Lanyard Neck Strap for DJI RC Controller  Adjustable for Mini 4 Pro Air 3 Mini 3 Mavic 3 Remote Controller Accessories  Grey,1,1614.0,Shipment,Port Blair,Shipment,1614.0,0.0,1,False,
2025-07-01,MAA4-285,IN_MICMOUNT_X4,B0DZJQ8F1R,yantralay External Microphone Aluminium Mount Compatible with Insta 360 X4 X3 X2  Insta 360 Camera Accessories,1,1549.0,Shipment,KUDLIGI,Shipment,1549.0,0.0,1,False,
2025-07-01,CJB1-216,CWATCUN_D105-L-BLACKN,B0CQ1QXC2X,Cwatcun Waterresist Camera Waist Pack Compact Crossbody Sling Bag for DSLR SLR Mirrorless Cameras,1,2999.0,Shipment,BENGALURU,Shipment,2999.0,0.0,1,False,
2025-07-01,CJB1-215,MS_GP34,B0DG2LBC8V,yantralay Magnetic Neck Mount   2 in 1 Flexible Holder for Phones and Action Cameras   Adjustable Neck Strap  Secure Magnetic Magsaf Mounts  for Gopro,1,1999.0,Shipment,ERNAKULAM,Shipment,1999.0,0.0,1,False,
2025-07-01,MAA4-287,ACCASEYTG9,B08NF6HMG6,nan,1,0.0,Cancel,PUDUCHERRY,Cancel,0.0,0.0,0,False,
2025-07-01,MAA4-284,GP10_ONEX4_STARTRC,B0DDXP86FQ,yantralay x Startr c Carrying Case for Insta 360 X4 X5  Portable PU Storage Protective Bag Travel Case for Insta 360 X4 X5 Accessories with Large Capa,1,1679.0,Shipment,CHENNAI,Shipment,1679.0,0.0,1,False,
2025-07-01,MAA4-288,ACCASEYTG9,B08NF6HMG6,yantralay YT G9 Vlogging Case with Dual Cold Shoe Mount for Hero 12 11 10 9  Removable 52mm Filter Ring  All in One Kit with Case Door  Lens Protector,1,1044.0,Shipment,PUDUCHERRY,Shipment,1044.0,0.0,1,False,
2025-07-01,MAA4-290,PS2_BLACK,B0BL1CYSW6,yantralay Nylon Controller Gamepad Carry Case   Ultimate Protection Compatible for PS5 PS4 PS3 Switch Pro Xbox Joysticks Waterproof  Scratch Protectio,1,479.0,Shipment,KANCHIPURAM,Shipment,479.0,0.0,1,False,
2025-07-01,MAA4-289,ND_AVATA2_STARTRC,B0DX7CQYH1,Yantralay x Start rc 4 Pack ND8 ND16 ND32 ND64 Filter Compatible with DJI Avata 2  Neutral Density Camera Lens ND Filter,1,3399.0,Shipment,SULYA,Shipment,3399.0,0.0,1,False,
2025-07-02,CJB1-218,GP49,B0D456N4QM,yantralay Motorcycle Bike Bicycle Handlebar Mount Clamps with 1 4  Screw Compatible 8 35mm for Gopro Hero 13 12 11 10 9 Max Insta360 ONE X5 X4 X3  ONE,1,901.0,Shipment,THIRUVANANTHAPURAM,Shipment,901.0,0.0,1,False,
2025-07-02,MAA4-291,GP28COMBO_X3N,B0BY8178B6,PellKing Camera Protective Accessories Kit for Insta360 X3  Inst 360 X3 Bundle Include Lens Guard Silicone Protective Cover Screen Protectors Camera C,1,1120.0,Shipment,CHENNAI,Shipment,1120.0,0.0,1,False,
2025-07-02,CJB1-217,MS_GP34,B0DG2LBC8V,yantralay Magnetic Neck Mount   2 in 1 Flexible Holder for Phones and Action Cameras   Adjustable Neck Strap  Secure Magnetic Magsaf Mounts  for Gopro,1,1999.0,Shipment,BENGALURU,Shipment,1999.0,0.0,1,False,
2025-07-02,CJB1-219,ACFRAMEOP3_PL_VRIG,B0DDQ7BWNC,yantralay Phone Holder for DJI Osmo Pocket 3  Vlogging Camera Expansion Bracket  Adjustable Adapter Frame  Live Streaming Accessories,1,1299.0,Shipment,CHENNAI,Shipment,1299.0,0.0,1,False,
2025-07-02,CJB1-221,GP1620_TLS,B08S7D4LKH,yantralay Upgraded Helmet Chin Strap Mount for Hero 13 12 11 10 9 8 7 6 5  SJCAM  Insta 360   DJI Osmo Action 3   4   Adjustable   Secure Camera Moun,1,1201.0,Shipment,BENGALURU,Shipment,1201.0,0.0,1,False,
2025-07-02,NAN,GP10_ONEX4_STARTRC,B0DDXP86FQ,nan,1,0.0,Cancel,CHENNAI,Cancel,0.0,0.0,0,False,
2025-07-02,MAA4-294,GP47_NEW,B0DRYJZ6VH,Yantralay 360  Rotatable Camera Bike Mount Clamp Motorcycle Handlebar Pole Aluminium Mount for Insta360 X4 X3  Ace Pro Pro2  Hero13 12 11 10 9 For Os,1,1349.0,Shipment,Tirupati,Shipment,1349.0,0.0,1,False,
2025-07-02,MAA4-293,GP47_NEW,B0DRYJZ6VH,nan,1,0.0,Cancel,Tirupati,Cancel,0.0,0.0,0,False,
2025-07-02,MAA4-295,CWATCUN_D128-M-BLACKN,B0D8HVVY42,Cwatcun Canvas Camera Bag  DSLR SLR Camera Backpack for Photographers with Waterproof Rain Cover  Camera Case with 16  Laptop Compartment   Tripod Hol,1,5999.0,Shipment,HYDERABAD,Shipment,5999.0,0.0,1,False,
2025-07-02,CJB1-222,GP28COMBO_X3N,B0BY8178B6,PellKing Camera Protective Accessories Kit for Insta360 X3  Inst 360 X3 Bundle Include Lens Guard Silicone Protective Cover Screen Protectors Camera C,1,1120.0,Shipment,THIRUKKADAIYUR,Shipment,1120.0,0.0,1,False,
2025-07-02,MAA4-292,GP10_ONEX4_STARTRC,B0DDXP86FQ,yantralay x Startr c Carrying Case for Insta 360 X4 X5  Portable PU Storage Protective Bag Travel Case for Insta 360 X4 X5 Accessories with Large Capa,1,1637.0,Shipment,CHENNAI,Shipment,1637.0,0.0,1,False,
2025-07-03,CJB1-223,GP47_NEW,B0DRYJZ6VH,Yantralay 360  Rotatable Camera Bike Mount Clamp Motorcycle Handlebar Pole Aluminium Mount for Insta360 X4 X3  Ace Pro Pro2  Hero13 12 11 10 9 For Os,1,1349.0,Shipment,CHENNAI,Shipment,1349.0,0.0,1,False,
2025-07-03,CJB1-225,GP47_NEW,B0DRYJZ6VH,Yantralay 360  Rotatable Camera Bike Mount Clamp Motorcycle Handlebar Pole Aluminium Mount for Insta360 X4 X3  Ace Pro Pro2  Hero13 12 11 10 9 For Os,1,1349.0,Shipment,MAVELIKKARA,Shipment,1349.0,0.0,1,False,
2025-07-02,MAA4-296,LGONEX4,B0F7RT4HGJ,yantralay 2Pcs Lens Guard for Insta 360 X4   Scratch Resistant Protective Lens Cover   High Transparency Optical Coated Cap   Insta 360 X4 Camera Acce,1,799.0,Shipment,CHENNAI,Shipment,799.0,0.0,1,False,
2025-07-03,MAA4-297,PS5_VERTICALSTAND,B0DGTZGCNQ,yantralay 2 in 1 Vertical Stand for PS 5   PS 5 Slim Consoles Non Slip Base Mount for PS 5 Accessories  for PS5   PS5 Slim Digital   Disc Version,1,899.0,Shipment,SRIKALAHASTI,Shipment,899.0,0.0,1,False,
2025-07-03,CJB1-224,PS10_OLEDCOMBO_GREEN,B0DJFLRGQF,yantralay 4 in 1 Carrying Case Pouch with Protective Cover for Nintendo Switch OLED  Non Slip Soft Case Cover  Screen Protectors   Thumb Grips for Swi,1,1104.83,Shipment,Madurai,Shipment,1104.83,0.0,1,False,
2025-07-03,MAA4-298,GP47-L_TLSNK,B0BBVGXFZ2,Camera Bike Mount Motorcycle Handlebar Clamp Holder for GoPro Insta360 Accessories  TELESIN 360    Rotating Bicycle Cycling Attachment Accessory for,1,1849.0,Shipment,Bengaluru,Shipment,1849.0,0.0,1,False,
2025-07-02,CJB1-220,GP47-L_TLSNK,B0BBVGXFZ2,Camera Bike Mount Motorcycle Handlebar Clamp Holder for GoPro Insta360 Accessories  TELESIN 360    Rotating Bicycle Cycling Attachment Accessory for,1,1849.0,Shipment,THIRUVANANTHAPURAM,Shipment,1849.0,0.0,1,False,
2025-07-03,MAA4-300,PS5_VERTICALSTAND,B0DGTZGCNQ,yantralay 2 in 1 Vertical Stand for PS 5   PS 5 Slim Consoles Non Slip Base Mount for PS 5 Accessories  for PS5   PS5 Slim Digital   Disc Version,1,899.0,Shipment,BENGALURU,Shipment,899.0,0.0,1,False,
2025-07-04,MAA4-301,PS5_VERTICALSTAND,B0DGTZGCNQ,yantralay 2 in 1 Vertical Stand for PS 5   PS 5 Slim Consoles Non Slip Base Mount for PS 5 Accessories  for PS5   PS5 Slim Digital   Disc Version,1,872.03,Shipment,Bengaluru,Shipment,872.03,0.0,1,False,
2025-07-04,MAA4-302,GP28COMBO1_H13,B0DHYCQR66,Yantralay Silicone Lanyard Sleeve Protective Cover   6PCS Tempered Glass Screen Guard with Silicone Lens Cover Compatible with GoPro Hero 9 Black Acti,1,626.62,Shipment,TIRUPATI,Shipment,626.62,0.0,1,False,
2025-07-04,CJB1-226,LGONEX4,B0F7RT4HGJ,yantralay 2Pcs Lens Guard for Insta 360 X4   Scratch Resistant Protective Lens Cover   High Transparency Optical Coated Cap   Insta 360 X4 Camera Acce,1,755.63,Shipment,COIMBATORE,Shipment,755.63,0.0,1,False,
2025-07-05,CJB1-227,GP47_NEW,B0DRYJZ6VH,Yantralay 360  Rotatable Camera Bike Mount Clamp Motorcycle Handlebar Pole Aluminium Mount for Insta360 X4 X3  Ace Pro Pro2  Hero13 12 11 10 9 For Os,1,1308.53,Shipment,KOTTAYAM,Shipment,1308.53,0.0,1,False,
2025-07-05,CJB1-228,GP45-S,B0F88FL4CN,yantralay Magnetic Camera Mount for Hero 13 12 11 10 9  Insta360 X5 X4 X3  Action 4 5  Osmo Pocket 3   360  Quick Release Car Holder  Heavy Duty Magn,1,1502.53,Shipment,SECUNDERABAD,Shipment,1502.53,0.0,1,False,
2025-07-03,MAA4-297,PS5_VERTICALSTAND,B0DGTZGCNQ,yantralay 2 in 1 Vertical Stand for PS 5   PS 5 Slim Consoles Non Slip Base Mount for PS 5 Accessories  for PS5   PS5 Slim Digital   Disc Version,1,-899.0,Refund,SRIKALAHASTI,Refund,-899.0,0.0,0,False,
2025-07-05,CJB1-229,GP46-S,B0F91G6H93,yantralay Double Clamp Mount Bracket with 1 4  Ball Head for GoPro  Insta 360 X2 X3  Action Cameras   Handlebar  Motorcycle  Bicycle  Selfie Stick  St,1,1606.32,Shipment,MALLAPPALLY,Shipment,1606.32,0.0,1,False,
2025-07-06,MAA4-303,GP45-S,B0F88FL4CN,yantralay Magnetic Camera Mount for Hero 13 12 11 10 9  Insta360 X5 X4 X3  Action 4 5  Osmo Pocket 3   360  Quick Release Car Holder  Heavy Duty Magn,1,1502.53,Shipment,MYSURU,Shipment,1502.53,0.0,1,False,
2025-07-05,CJB1-228,GP45-S,B0F88FL4CN,yantralay Magnetic Camera Mount for Hero 13 12 11 10 9  Insta360 X5 X4 X3  Action 4 5  Osmo Pocket 3   360  Quick Release Car Holder  Heavy Duty Magn,1,-1502.53,Refund,SECUNDERABAD,Refund,-1502.53,0.0,0,False,
2025-07-06,CJB1-230,GP10_ONEX4_STARTRC,B0DDXP86FQ,yantralay x Startr c Carrying Case for Insta 360 X4 X5  Portable PU Storage Protective Bag Travel Case for Insta 360 X4 X5 Accessories with Large Capa,1,1587.89,Shipment,BENGALURU,Shipment,1587.89,0.0,1,False,
2025-07-06,MAA4-305,ACCASEYTG9,B08NF6HMG6,yantralay YT G9 Vlogging Case with Dual Cold Shoe Mount for Hero 12 11 10 9  Removable 52mm Filter Ring  All in One Kit with Case Door  Lens Protector,1,1012.68,Shipment,NILAMBUR,Shipment,1012.68,0.0,1,False,
2025-07-06,MAA4-304,PS5_VERTICALSTAND,B0DGTZGCNQ,yantralay 2 in 1 Vertical Stand for PS 5   PS 5 Slim Consoles Non Slip Base Mount for PS 5 Accessories  for PS5   PS5 Slim Digital   Disc Version,1,872.03,Shipment,BENGALURU,Shipment,872.03,0.0,1,False,
2025-07-06,CJB1-232,GP10_RS4_STARTRC,B0DB1TQPH3,yantralay Portable Carrying Storage Case for DJ I Ronin RS4   RS4 Pro Gimbal EVA Handbag Travel Handheld Shoulder Bag  Grey,1,2624.82,Shipment,Pathanamthitta,Shipment,2624.82,0.0,1,False,
2025-07-06,CJB1-231,CWATCUN_D128-M-BLACKN,B0D8HVVY42,Cwatcun Canvas Camera Bag  DSLR SLR Camera Backpack for Photographers with Waterproof Rain Cover  Camera Case with 16  Laptop Compartment   Tripod Hol,1,5999.0,Shipment,IMPHAL,Shipment,5999.0,0.0,1,False,
2025-07-07,CJB1-233,PS10_PS5PORTALCOMBO,B0DF2Z2X1Q,yantralay 6 in 1 Hard Carrying Case with Protective Cover for Play Station 5 Portal  Non Slip Soft Case Cover   Screen Protectors   Thumb Grips for PS,1,0.0,FreeReplacement,COIMBATORE,FreeReplacement,0.0,0.0,0,True,
2025-07-03,MAA4-300,PS5_VERTICALSTAND,B0DGTZGCNQ,yantralay 2 in 1 Vertical Stand for PS 5   PS 5 Slim Consoles Non Slip Base Mount for PS 5 Accessories  for PS5   PS5 Slim Digital   Disc Version,1,-899.0,Refund,BENGALURU,Refund,-899.0,0.0,0,False,
2025-07-07,MAA4-307,GP46-M_GP46-S_GP25_150CMS,B0F99WWGGT,yantralay Motorcycle Handlebar Clamp Kit with Dual Clamp Mounts   Invisible Selfie Stick for Insta 360 X4 X3 X2 One RS GO 3   Bike Action Camera Mount,1,4386.0,Shipment,BAZPUR,Shipment,4386.0,0.0,1,False,
2025-07-07,MAA4-306,PS10_OLEDCOMBO_GREEN,B0DJFLRGQF,yantralay 4 in 1 Carrying Case Pouch with Protective Cover for Nintendo Switch OLED  Non Slip Soft Case Cover  Screen Protectors   Thumb Grips for Swi,1,1104.83,Shipment,CHENNAI,Shipment,1104.83,0.0,1,False,
2025-07-08,MAA4-308,GP47-SN,B0F91PMBC5,yantralay Action Camera Handlebar Mount with 360  Dual Ball Head   Super Clamp for Go Pro  Insta 360  Mobile  Bike  Motorcycle   Universal Quick Rele,1,1656.0,Shipment,BAREILLY,Shipment,1656.0,0.0,1,False,
2025-07-08,CJB1-235,GP46-M,B0F91GXT2N,yantralay Double Clamp Mount Bracket with 1 4  Ball Head for GoPro  Insta 360 X2 X3  Action Cameras   Handlebar  Motorcycle  Bicycle  Selfie Stick  St,2,3508.0,Shipment,KOCHI,Shipment,3508.0,0.0,2,False,
2025-07-08,MAA4-310,SGONEX4-2_LGONEX4,B0F8VRR8JY,yantralay Insta 360 X4 Lens Guard   Screen Protector Combo Kit   Lens Covers   Anti Scratch  Tempered Glass Screen   Insta 360 X4 Accessories,1,1266.0,Shipment,Chennai,Shipment,1266.0,0.0,1,False,
2025-07-08,CJB1-234,TY98_TUYU,B0F7RP62NV,yantralay Motorcycle Windshield Mounting Clamp Aluminum Mount for Go Pro Hero 13 12 11 10 9 Insta 360 X3 DJ I Action 3 Action Camera Accessories,1,1851.0,Shipment,SARCARSAMAKULAM,Shipment,1851.0,0.0,1,False,
2025-07-08,MAA4-311,PS5_VERTICALSTAND,B0DGTZGCNQ,yantralay 2 in 1 Vertical Stand for PS 5   PS 5 Slim Consoles Non Slip Base Mount for PS 5 Accessories  for PS5   PS5 Slim Digital   Disc Version,1,899.0,Shipment,BENGALURU,Shipment,899.0,0.0,1,False,
2025-07-08,MAA4-312,PS5_VERTICALSTAND,B0DGTZGCNQ,yantralay 2 in 1 Vertical Stand for PS 5   PS 5 Slim Consoles Non Slip Base Mount for PS 5 Accessories  for PS5   PS5 Slim Digital   Disc Version,1,899.0,Shipment,Bengaluru,Shipment,899.0,0.0,1,False,
2025-07-08,MAA4-309,PS10_PS5PORTALCOMBO,B0DF2Z2X1Q,yantralay 6 in 1 Hard Carrying Case with Protective Cover for Play Station 5 Portal  Non Slip Soft Case Cover   Screen Protectors   Thumb Grips for PS,1,2070.0,Shipment,Chennai,Shipment,2070.0,0.0,1,False,
2025-07-09,MAA4-314,GP47_NEW,B0DRYJZ6VH,Yantralay 360  Rotatable Camera Bike Mount Clamp Motorcycle Handlebar Pole Aluminium Mount for Insta360 X4 X3  Ace Pro Pro2  Hero13 12 11 10 9 For Os,1,1349.0,Shipment,HYDERABAD,Shipment,1349.0,0.0,1,False,
2025-07-09,CJB1-236,GP162TELESINN,B07G5XWJJM,TELESIN Motorcycle Helmet Strap Mount Front Chin Mount for GoPro Hero 2018 7 6 5 4 3  Session  SJCAM  AKASO  Campark  Polaroid  YI Action Camera Helme,1,794.0,Shipment,KOLLAM,Shipment,794.0,0.0,1,False,
2025-07-09,MAA4-315,PS5_VERTICALSTAND,B0DGTZGCNQ,yantralay 2 in 1 Vertical Stand for PS 5   PS 5 Slim Consoles Non Slip Base Mount for PS 5 Accessories  for PS5   PS5 Slim Digital   Disc Version,1,899.0,Shipment,CHENNAI,Shipment,899.0,0.0,1,False,
2025-07-09,MAA4-313,GP10_ONEX4_STARTRC,B0DDXP86FQ,yantralay x Startr c Carrying Case for Insta 360 X4 X5  Portable PU Storage Protective Bag Travel Case for Insta 360 X4 X5 Accessories with Large Capa,1,1637.0,Shipment,Bengaluru,Shipment,1637.0,0.0,1,False,
2025-07-09,MAA4-316,PS10_OLEDCOMBO_YELLOW,B0DJFL8DBY,yantralay 4 in 1 Carrying Case Pouch with Protective Cover for Nintendo Switch OLED  Non Slip Soft Case Cover  Screen Protectors   Thumb Grips for Swi,1,1139.0,Shipment,VELLORE,Shipment,1139.0,0.0,1,False,
2025-07-10,MAA4-317,CADEN_W9N,B09C89HZH5,CADeN Camera Backpack  Camera Bag Large DSLR SLR Mirrorless Waterproof with 15 6 Laptop Compartment   Tripod Holder  Compatible for Canon Nikon Sony D,1,5699.0,Shipment,KOLKATA,Shipment,5699.0,0.0,1,False,
2025-07-10,CJB1-237,DR28_RC2COVER_MP,B0CL9TH14Q,STARTRC Mini 4 Pro Sun Hood for DJI RC 2 Controller 3 IN 1 Sunshade Joysticks Screen Protector for DJI Mini 4 Pro Air 3S Air 3 Accessories Anti Scratc,1,1756.0,Shipment,Coimbatore,Shipment,1756.0,0.0,1,False,
2025-07-11,CJB1-238,LCONEX3,B0CQ6C5255,yantralay Silicone Protective Lens Cap for Insta 360 ONE X3 Camera   Dust Proof  Scratch Proof  Lightweight Design   Easy to Carry   Reliable Accessor,1,499.0,Shipment,BENGALURU,Shipment,499.0,0.0,1,False,
2025-07-12,CJB1-239,ACFRAMEOP3_STARTRCN,B0CR1C9243,STARTRC OSMO Pocket 3 360  Rotation Backpack Clip Mount Shoulder Strap Accessories for DJI Pocket 3 OSMO Pocket 3 Action Cameras,1,1763.0,Shipment,THIRUVANANTHAPURAM,Shipment,1763.0,0.0,1,False,
2025-07-12,MAA4-318,LM17,B0D455L1MN,yantralay Folding Fingers Replacement Magnet Adapter Mount with 1 4 Tripod Connector Port Compatible with Go Pro Hero 13 12 11 11 Mini 10 9 8   Hero M,1,949.0,Shipment,MUMBAI,Shipment,949.0,0.0,1,False,
2025-07-12,CJB1-240,PS1,B0BJBL1XBS,yantralay Polyester Dual Controller Hard Carry Case Compatible With Ps5 Ps4 Xbox Ipega Controllers   3 Layer Protection Travel Carry Case   Grey,1,906.0,Shipment,Kottayam,Shipment,906.0,0.0,1,False,
2025-07-13,CJB1-241,GP28COMBO1_H13,B0DHYCQR66,Yantralay Silicone Lanyard Sleeve Protective Cover   6PCS Tempered Glass Screen Guard with Silicone Lens Cover Compatible with GoPro Hero 9 Black Acti,1,678.03,Shipment,MANGATTIDAM,Shipment,678.03,0.0,1,False,
2025-07-13,CJB1-242,PS1,B0BJBL1XBS,yantralay Polyester Dual Controller Hard Carry Case Compatible With Ps5 Ps4 Xbox Ipega Controllers   3 Layer Protection Travel Carry Case   Grey,1,822.56,Shipment,DINDIGUL,Shipment,822.56,0.0,1,False,
2025-07-13,MAA4-319,LM1_OA3,B0DRW3QS3C,yantralay Magnet Adapter Mount for DJI Action 5 4 3   Quick Release Tripod Adapter with Secure Claws for Outdoor Use,1,897.25,Shipment,Chennai,Shipment,897.25,0.0,1,False,
2025-07-13,CJB1-244,DA31,B0CGDMJ882,Yantralay DSLR Battery Pouch   Portable Waterproof Bag for lp e6 e8 e10 e12 en el14 el15 fw50 f550 Batteries   Convenient Access Design   Compact and,1,484.03,Shipment,PALAKKAD,Shipment,484.03,0.0,1,False,
2025-07-14,CJB1-245,GP29L,B08RXBFBG9,yantralay Windshield Car Suction Cup Mount for Hero 10 9 8  SJCAM  Osmo Action 3   4  Insta 360   Flexible  Multi Angle Adjustable   Mount for Smartph,1,549.99,Shipment,THIRUVANANTHAPURAM,Shipment,549.99,0.0,1,False,
2025-07-13,MAA4-320,CWATCUN_D125-OLIVEGREENN,B0D8HWN2JJ,Cwatcun Camera Backpack Bag Small Fashion DSLR Camera Bag with Tripod Strap Laptop Compartment and Removable Padded Dividers  Green  Small  Fashion,1,3394.03,Shipment,BENGALURU,Shipment,3394.03,0.0,1,False,
2025-07-15,MAA4-322,GP290XL_AL,B0F7Y3T6JV,yantralay Triple Suction Aluminium Mount with 1 4  Standard Screw Mount Compatible for Hero 12 11 10 9  Insta 360 ONE X3 X2 ONER RS ACE PRO   All Othe,1,2618.03,Shipment,HYDERABAD,Shipment,2618.03,0.0,1,False,
2025-07-14,CJB1-248,PS1,B0BJBL1XBS,yantralay Polyester Dual Controller Hard Carry Case Compatible With Ps5 Ps4 Xbox Ipega Controllers   3 Layer Protection Travel Carry Case   Grey,1,822.56,Shipment,Pondicherry,Shipment,822.56,0.0,1,False,
2025-07-16,CJB1-249,PS1,B0BJBL1XBS,nan,1,0.0,Cancel,BENGALURU,Cancel,0.0,0.0,0,False,
2025-07-14,MAA4-321,LGONEX4_PREMIUM,B0DZ13Z8RF,yantralay Lens Protector for Insta360 X4  Removable Optical Glass Lens   Anti Scratch  Insta 360 X4 Accessories,1,2394.93,Shipment,KANHANGAD,Shipment,2394.93,0.0,1,False,
2025-07-14,CJB1-247,GP28COMBO1_H13,B0DHYCQR66,Yantralay Silicone Lanyard Sleeve Protective Cover   6PCS Tempered Glass Screen Guard with Silicone Lens Cover Compatible with GoPro Hero 9 Black Acti,1,678.03,Shipment,JAYGAON,Shipment,678.03,0.0,1,False,
2025-07-16,CJB1-250,GP10_RS4MINI_STARTRC,B0DZZFNDHP,yantralay Portable Carrying Storage Case for DJ I Ronin RS4Mini Gimbal EVA Handbag Travel Handheld Shoulder Bag  RS4MINI,1,2618.03,Shipment,GURUGRAM,Shipment,2618.03,0.0,1,False,
2025-07-14,CJB1-246,DA24,B078DMT8KR,Yantralay Nylon Universal Drone and Quadcopter Landing Pad   Portable   Foldable   Compatible with DJI  Parrot  Syma  Hubsan  Holy Stone  UDI Drones,1,1502.53,Shipment,Chelari,Shipment,1502.53,0.0,1,False,
2025-07-16,MAA4-324,ACFRAMEGP13_AL,B0F93ZW44W,Yantralay Premium Aluminum Protective Case for Go Pro Hero13 12 11 10 9 Tough Aluminum Cage Maximum Protection with Minimal Weight Accessory,1,2181.53,Shipment,MYSURU,Shipment,2181.53,0.0,1,False,
2025-07-09,MAA4-315,PS5_VERTICALSTAND,B0DGTZGCNQ,yantralay 2 in 1 Vertical Stand for PS 5   PS 5 Slim Consoles Non Slip Base Mount for PS 5 Accessories  for PS5   PS5 Slim Digital   Disc Version,1,-899.0,Refund,CHENNAI,Refund,-899.0,0.0,0,False,
2025-07-16,CJB1-249,PS1,B0BJBL1XBS,yantralay Polyester Dual Controller Hard Carry Case Compatible With Ps5 Ps4 Xbox Ipega Controllers   3 Layer Protection Travel Carry Case   Grey,1,822.56,Shipment,BENGALURU,Shipment,822.56,0.0,1,False,
2025-07-16,CJB1-251,PS10_OLEDCOMBO_GREEN,B0DJFLRGQF,yantralay 4 in 1 Carrying Case Pouch with Protective Cover for Nintendo Switch OLED  Non Slip Soft Case Cover  Screen Protectors   Thumb Grips for Swi,1,1163.03,Shipment,HYDERABAD,Shipment,1163.03,0.0,1,False,
2025-07-06,CJB1-231,CWATCUN_D128-M-BLACKN,B0D8HVVY42,Cwatcun Canvas Camera Bag  DSLR SLR Camera Backpack for Photographers with Waterproof Rain Cover  Camera Case with 16  Laptop Compartment   Tripod Hol,1,-5999.0,Refund,IMPHAL,Refund,-5999.0,0.0,0,False,
2025-07-16,CJB1-252,GP47-LN,B0F91S2PFT,Yantralay Action Camera Handlebar Mount with 360  Dual Ball Head   Super Clamp for Go Pro  Insta 360  Mobile  Bike  Motorcycle   Universal Quick Rele,1,1842.03,Shipment,THODUPUZHA,Shipment,1842.03,0.0,1,False,
2025-07-16,MAA4-326,INONEX4_COMBO1,B0DX1SWJXZ,yantralay Lens Guard for Insta360 X4   Tempered Glass   Scratch Resistant Protective Lens Cover   Insta360 X4 Camera Accessories   ONEX4 Combo Kit,1,1890.53,Shipment,TIRUPATI,Shipment,1890.53,0.0,1,False,
2025-07-16,MAA4-325,PS10_OLEDCOMBO_GREEN,B0DJFLRGQF,yantralay 4 in 1 Carrying Case Pouch with Protective Cover for Nintendo Switch OLED  Non Slip Soft Case Cover  Screen Protectors   Thumb Grips for Swi,1,1163.03,Shipment,CHENNAI,Shipment,1163.03,0.0,1,False,
2025-07-16,MAA4-327,GP10_RS4_STARTRC,B0DB1TQPH3,yantralay Portable Carrying Storage Case for DJ I Ronin RS4   RS4 Pro Gimbal EVA Handbag Travel Handheld Shoulder Bag  Grey,1,2555.95,Shipment,CHENNAI,Shipment,2555.95,0.0,1,False,
2025-07-17,MAA4-328,PS10_OLEDCOMBO_GREEN,B0DJFLRGQF,yantralay 4 in 1 Carrying Case Pouch with Protective Cover for Nintendo Switch OLED  Non Slip Soft Case Cover  Screen Protectors   Thumb Grips for Swi,1,1163.03,Shipment,CHENNAI,Shipment,1163.03,0.0,1,False,
2025-07-17,MAA4-329,GP28COMBO_X3N,B0BY8178B6,PellKing Camera Protective Accessories Kit for Insta360 X3  Inst 360 X3 Bundle Include Lens Guard Silicone Protective Cover Screen Protectors Camera C,1,1114.53,Shipment,MYSURU,Shipment,1114.53,0.0,1,False,
2025-07-17,MAA4-331,S13,B07MG832T8,yantralay Universal 360  Rotating Vertical Mobile Tripod Monopod Mount for Smartphones up to 4 1  Width   Compatible with Samsung  iPhone  Xiaomi  On,1,241.53,Shipment,Mettur Dam 1 Salem  DT,Shipment,241.53,0.0,1,False,
2025-07-17,MAA4-330,PS2_BLUE,B0BL1H24P4,yantralay Controller Gamepad Carry Case   Ultimate Protection Compatible for PS5 PS4 PS3 Switch Pro Xbox Joysticks Waterproof  Scratch Protection  Dur,1,484.03,Shipment,CHENNAI,Shipment,484.03,0.0,1,False,
2025-07-15,MAA4-323,PS10_PS5PORTALCOMBO,B0DF2Z2X1Q,yantralay 6 in 1 Hard Carrying Case with Protective Cover for Play Station 5 Portal  Non Slip Soft Case Cover   Screen Protectors   Thumb Grips for PS,1,0.0,FreeReplacement,GURUGRAM,FreeReplacement,0.0,0.0,0,True,
2025-07-18,MAA4-334,GP28COMBO_X3N,B0BY8178B6,nan,1,0.0,Cancel,Mysuru,Cancel,0.0,0.0,0,False,
2025-07-17,MAA4-332,GP100,B0723FF53T,yantralay 40 in 1 Action Camera Mount Kit for Hero 13 12 11 10 9 8 7 6 5 SJCAM  Osmo Action 3   4  Insta 360   More   with Selfie Monopod  Straps  Mou,1,1104.83,Shipment,BHUBANESWAR,Shipment,1104.83,0.0,1,False,
2025-07-17,MAA4-333,GP28COMBO_X3N,B0BY8178B6,PellKing Camera Protective Accessories Kit for Insta360 X3  Inst 360 X3 Bundle Include Lens Guard Silicone Protective Cover Screen Protectors Camera C,1,1114.53,Shipment,VIJAYAWADA,Shipment,1114.53,0.0,1,False,
2025-07-17,CJB1-253,GP10_RS4_STARTRC,B0DB1TQPH3,yantralay Portable Carrying Storage Case for DJ I Ronin RS4   RS4 Pro Gimbal EVA Handbag Travel Handheld Shoulder Bag  Grey,1,2763.53,Shipment,MADURAI,Shipment,2763.53,0.0,1,False,
2025-07-18,MAA4-335,GP28COMBO_X3N,B0BY8178B6,PellKing Camera Protective Accessories Kit for Insta360 X3  Inst 360 X3 Bundle Include Lens Guard Silicone Protective Cover Screen Protectors Camera C,1,1114.53,Shipment,Mysuru,Shipment,1114.53,0.0,1,False,
2025-07-18,CJB1-255,GP46-L,B0F91GCRP4,yantralay Double Clamp Mount Bracket with 1 4  Ball Head for Go Pro 13 12 11  Insta 360 X5 X4 X3 Handlebar  Motorcycle  Bicycle  Selfie Stick  Studio,1,1795.47,Shipment,CUNCOLIM,Shipment,1795.47,0.0,1,False,
2025-07-18,MAA4-336,ACFRAMEONEX4_HZ_AL,B0DZZ6M6F2,yantralay Horizontal Vertical Mount Bracket for Insta360 ONE X4   90  Aluminum Vertical Frame Adapter  Durable   Lightweight Insta360 X4 Accessory fo,1,1648.03,Shipment,TALCHER,Shipment,1648.03,0.0,1,False,
2025-07-18,MAA4-339,PS1,B0BJBL1XBS,yantralay Polyester Dual Controller Hard Carry Case Compatible With Ps5 Ps4 Xbox Ipega Controllers   3 Layer Protection Travel Carry Case   Grey,1,877.85,Shipment,CHENNAI,Shipment,877.85,0.0,1,False,
2025-07-18,MAA4-340,PS1,B0BJBL1XBS,yantralay Polyester Dual Controller Hard Carry Case Compatible With Ps5 Ps4 Xbox Ipega Controllers   3 Layer Protection Travel Carry Case   Grey,1,877.85,Shipment,CHENNAI,Shipment,877.85,0.0,1,False,
2025-07-18,MAA4-338,PS2_WHITE,B0C46XWQRT,yantralay Controller Gamepad Carry Case   Ultimate Protection Compatible for PS5 PS4 PS3 Switch Pro Xbox Joysticks Waterproof  Scratch Protection  Dur,1,532.53,Shipment,CHENNAI,Shipment,532.53,0.0,1,False,
2025-07-18,MAA4-345,SGOLED2,B0FDQL7DFH,yantralay Tempered Glass Screen Protector for Nintendo Switch 2  2025    Ultra Thin HD Clear Film Guard with Rounded Edges for 7 9 Inch Display  1 Pac,1,484.03,Shipment,SHIMLA,Shipment,484.03,0.0,1,False,
2025-07-18,MAA4-343,GP47_NEW,B0DRYJZ6VH,Yantralay 360  Rotatable Camera Bike Mount Clamp Motorcycle Handlebar Pole Aluminium Mount for Insta360 X4 X3  Ace Pro Pro2  Hero13 12 11 10 9 For Os,1,1308.53,Shipment,ALIGARH,Shipment,1308.53,0.0,1,False,
2025-07-18,MAA4-342,SGOLED2,B0FDQL7DFH,yantralay Tempered Glass Screen Protector for Nintendo Switch 2  2025    Ultra Thin HD Clear Film Guard with Rounded Edges for 7 9 Inch Display  1 Pac,1,484.03,Shipment,PUDUPAKKAM,Shipment,484.03,0.0,1,False,
2025-07-18,MAA4-344,GP28COMBO_X3N,B0BY8178B6,PellKing Camera Protective Accessories Kit for Insta360 X3  Inst 360 X3 Bundle Include Lens Guard Silicone Protective Cover Screen Protectors Camera C,1,1086.4,Shipment,BENGALURU,Shipment,1086.4,0.0,1,False,
2025-07-18,MAA4-337,PS2_BLACK,B0BL1CYSW6,yantralay Nylon Controller Gamepad Carry Case   Ultimate Protection Compatible for PS5 PS4 PS3 Switch Pro Xbox Joysticks Waterproof  Scratch Protectio,1,464.63,Shipment,Chennai,Shipment,464.63,0.0,1,False,
2025-07-17,CJB1-254,IN1_AL,B0D4536M61,yantralay 4 in 1 Motorcycle Mount Bundle with Unicorn Helmet Extension Arm Adhesive Kit Compatible for Insta360 One X4 X3 X2  ONE R RS  Hero 13 12 11,1,2084.53,Shipment,KOCHI,Shipment,2084.53,0.0,1,False,
2025-07-12,MAA4-318,LM17,B0D455L1MN,yantralay Folding Fingers Replacement Magnet Adapter Mount with 1 4 Tripod Connector Port Compatible with Go Pro Hero 13 12 11 11 Mini 10 9 8   Hero M,1,-949.0,Refund,MUMBAI,Refund,-949.0,0.0,0,False,
2025-07-18,MAA4-341,GP48-L,B0FDX3LQT2,Yantralay Suction Jaw Clamp Mount Bracket with Ball Head of 360 Degree Rotation for Insta 360 X5 X4 X3,1,1357.03,Shipment,THANE,Shipment,1357.03,0.0,1,False,
2025-07-17,CJB1-253,GP10_RS4_STARTRC,B0DB1TQPH3,yantralay Portable Carrying Storage Case for DJ I Ronin RS4   RS4 Pro Gimbal EVA Handbag Travel Handheld Shoulder Bag  Grey,1,-2763.53,Refund,MADURAI,Refund,-2763.53,0.0,0,False,
2025-07-19,MAA4-348,GP47-L_TLSNK,B0BBVGXFZ2,nan,1,0.0,Cancel,KUTHANALLUR,Cancel,0.0,0.0,0,False,
2025-07-19,MAA4-346,GP47-L_TLSNK,B0BBVGXFZ2,Camera Bike Mount Motorcycle Handlebar Clamp Holder for GoPro Insta360 Accessories  TELESIN 360    Rotating Bicycle Cycling Attachment Accessory for,1,1793.53,Shipment,MALAPPURAM,Shipment,1793.53,0.0,1,False,
2025-07-19,CJB1-257,PS10_OLEDCOMBO_GREEN,B0DJFLRGQF,yantralay 4 in 1 Carrying Case Pouch with Protective Cover for Nintendo Switch OLED  Non Slip Soft Case Cover  Screen Protectors   Thumb Grips for Swi,1,1104.83,Shipment,CHENNAI,Shipment,1104.83,0.0,1,False,
2025-07-18,CJB1-256,ACFRAMEOP3_STARTRCN,B0CR1C9243,STARTRC OSMO Pocket 3 360  Rotation Backpack Clip Mount Shoulder Strap Accessories for DJI Pocket 3 OSMO Pocket 3 Action Cameras,1,1710.11,Shipment,VADI,Shipment,1710.11,0.0,1,False,
2025-07-19,MAA4-349,GP47-L_TLSNK,B0BBVGXFZ2,Camera Bike Mount Motorcycle Handlebar Clamp Holder for GoPro Insta360 Accessories  TELESIN 360    Rotating Bicycle Cycling Attachment Accessory for,1,1793.53,Shipment,KUTHANALLUR,Shipment,1793.53,0.0,1,False,
2025-07-19,MAA4-347,GP47-L_TLSNK,B0BBVGXFZ2,Camera Bike Mount Motorcycle Handlebar Clamp Holder for GoPro Insta360 Accessories  TELESIN 360    Rotating Bicycle Cycling Attachment Accessory for,1,1793.53,Shipment,NASHIK,Shipment,1793.53,0.0,1,False,
2025-07-20,MAA4-350,GP28COMBO_X3N,B0BY8178B6,PellKing Camera Protective Accessories Kit for Insta360 X3  Inst 360 X3 Bundle Include Lens Guard Silicone Protective Cover Screen Protectors Camera C,1,1086.4,Shipment,MUMBAI,Shipment,1086.4,0.0,1,False,
2025-07-20,CJB1-258,PS2_WHITE,B0C46XWQRT,yantralay Controller Gamepad Carry Case   Ultimate Protection Compatible for PS5 PS4 PS3 Switch Pro Xbox Joysticks Waterproof  Scratch Protection  Dur,1,532.53,Shipment,NAMAKKAL,Shipment,532.53,0.0,1,False,
2025-07-14,CJB1-245,GP29L,B08RXBFBG9,yantralay Windshield Car Suction Cup Mount for Hero 10 9 8  SJCAM  Osmo Action 3   4  Insta 360   Flexible  Multi Angle Adjustable   Mount for Smartph,1,-549.99,Refund,THIRUVANANTHAPURAM,Refund,-549.99,0.0,0,False,
2025-07-20,MAA4-351,CWATCUN_D129N,B0D8HTSVZH,Cwatcun Camera Backpack Hardshell for Photography  2 in1 Shockproof Camera Sling Bag  Waterproof Camera Case Crossbody with Tripod Holder  Rain Cover,1,4461.03,Shipment,Rewari,Shipment,4461.03,0.0,1,False,
2025-07-20,MAA4-353,GP47-L_TLSNK,B0BBVGXFZ2,Camera Bike Mount Motorcycle Handlebar Clamp Holder for GoPro Insta360 Accessories  TELESIN 360    Rotating Bicycle Cycling Attachment Accessory for,1,1793.53,Shipment,PIMPRI CHINCHWAD,Shipment,1793.53,0.0,1,False,
2025-07-20,MAA4-355,GP47-L_TLSNK,B0BBVGXFZ2,Camera Bike Mount Motorcycle Handlebar Clamp Holder for GoPro Insta360 Accessories  TELESIN 360    Rotating Bicycle Cycling Attachment Accessory for,1,0.0,FreeReplacement,MUMBAI,FreeReplacement,0.0,0.0,0,True,
2025-07-20,MAA4-356,PS1,B0BJBL1XBS,yantralay Polyester Dual Controller Hard Carry Case Compatible With Ps5 Ps4 Xbox Ipega Controllers   3 Layer Protection Travel Carry Case   Grey,1,822.56,Shipment,NANDIVARAM GUDUVANCHERI,Shipment,822.56,0.0,1,False,
2025-07-20,MAA4-357,GP47-L_TLSNK,B0BBVGXFZ2,Camera Bike Mount Motorcycle Handlebar Clamp Holder for GoPro Insta360 Accessories  TELESIN 360    Rotating Bicycle Cycling Attachment Accessory for,1,1793.53,Shipment,KOLKATA,Shipment,1793.53,0.0,1,False,
2025-07-20,MAA4-352,DA31,B0CGDMJ882,Yantralay DSLR Battery Pouch   Portable Waterproof Bag for lp e6 e8 e10 e12 en el14 el15 fw50 f550 Batteries   Convenient Access Design   Compact and,1,484.03,Shipment,CHENNAI,Shipment,484.03,0.0,1,False,
2025-07-21,MAA4-361,GP47-L_TLSNK,B0BBVGXFZ2,nan,1,0.0,Cancel,NAGERCOIL,Cancel,0.0,0.0,0,False,
2025-07-21,CJB1-260,GP46-L,B0F91GCRP4,yantralay Double Clamp Mount Bracket with 1 4  Ball Head for Go Pro 13 12 11  Insta 360 X5 X4 X3 Handlebar  Motorcycle  Bicycle  Selfie Stick  Studio,1,1851.0,Shipment,HYDERABAD,Shipment,1851.0,0.0,1,False,
2025-07-21,MAA4-360,LM1_OA5,B0F8V1KY4M,yantralay Magnetic Adapter Mount for DJ I Osm o Action 5 Pro 4 3   Quick Release Tripod Adapter with 1 4  Thread   Aluminum Alloy Mount for Vlogging,1,1851.0,Shipment,Chennai,Shipment,1851.0,0.0,1,False,
2025-07-21,MAA4-364,DR28_RC2COVER_MP,B0CL9TH14Q,STARTRC Mini 4 Pro Sun Hood for DJI RC 2 Controller 3 IN 1 Sunshade Joysticks Screen Protector for DJI Mini 4 Pro Air 3S Air 3 Accessories Anti Scratc,1,1756.0,Shipment,GUDIVADA KRISHNA DISTRICT,Shipment,1756.0,0.0,1,False,
2025-07-21,CJB1-259,GP46-L,B0F91GCRP4,yantralay Double Clamp Mount Bracket with 1 4  Ball Head for Go Pro 13 12 11  Insta 360 X5 X4 X3 Handlebar  Motorcycle  Bicycle  Selfie Stick  Studio,1,1795.47,Shipment,HYDERABAD,Shipment,1795.47,0.0,1,False,
2025-07-21,MAA4-358,GP47-L_TLSNK,B0BBVGXFZ2,Camera Bike Mount Motorcycle Handlebar Clamp Holder for GoPro Insta360 Accessories  TELESIN 360    Rotating Bicycle Cycling Attachment Accessory for,1,1793.53,Shipment,DURLLABHGANJ,Shipment,1793.53,0.0,1,False,
2025-07-21,MAA4-367,GP28COMBO_X3N,B0BY8178B6,PellKing Camera Protective Accessories Kit for Insta360 X3  Inst 360 X3 Bundle Include Lens Guard Silicone Protective Cover Screen Protectors Camera C,1,1120.0,Shipment,Bengaluru,Shipment,1120.0,0.0,1,False,
2025-07-22,CJB1-261,PS1,B0BJBL1XBS,yantralay Polyester Dual Controller Hard Carry Case Compatible With Ps5 Ps4 Xbox Ipega Controllers   3 Layer Protection Travel Carry Case   Grey,1,905.0,Shipment,CHENNAI,Shipment,905.0,0.0,1,False,
2025-07-21,MAA4-365,S13,B07MG832T8,yantralay Universal 360  Rotating Vertical Mobile Tripod Monopod Mount for Smartphones up to 4 1  Width   Compatible with Samsung  iPhone  Xiaomi  On,1,241.53,Shipment,OSMANABAD,Shipment,241.53,0.0,1,False,
2025-07-21,MAA4-366,GP47-L_TLSNK,B0BBVGXFZ2,Camera Bike Mount Motorcycle Handlebar Clamp Holder for GoPro Insta360 Accessories  TELESIN 360    Rotating Bicycle Cycling Attachment Accessory for,1,1793.53,Shipment,NAGERCOIL,Shipment,1793.53,0.0,1,False,
2025-07-21,MAA4-363,SGONEX4-2_LGONEX4,B0F8VRR8JY,yantralay Insta 360 X4 Lens Guard   Screen Protector Combo Kit   Lens Covers   Anti Scratch  Tempered Glass Screen   Insta 360 X4 Accessories,1,1228.02,Shipment,CHENNAI,Shipment,1228.02,0.0,1,False,
2025-07-22,CJB1-263,PS5_CC1_GREY,B0BRJMPHKL,nan,1,0.0,Cancel,CHENNAI,Cancel,0.0,0.0,0,False,
2025-07-20,MAA4-357,GP47-L_TLSNK,B0BBVGXFZ2,Camera Bike Mount Motorcycle Handlebar Clamp Holder for GoPro Insta360 Accessories  TELESIN 360    Rotating Bicycle Cycling Attachment Accessory for,1,-1793.53,Refund,KOLKATA,Refund,-1793.53,0.0,0,False,
2025-07-21,MAA4-362,GP47_NEW,B0DRYJZ6VH,Yantralay 360  Rotatable Camera Bike Mount Clamp Motorcycle Handlebar Pole Aluminium Mount for Insta360 X4 X3  Ace Pro Pro2  Hero13 12 11 10 9 For Os,1,1308.53,Shipment,CHENNAI,Shipment,1308.53,0.0,1,False,
2025-07-22,MAA4-369,ACFRAMEOP3_STARTRCN,B0CR1C9243,STARTRC OSMO Pocket 3 360  Rotation Backpack Clip Mount Shoulder Strap Accessories for DJI Pocket 3 OSMO Pocket 3 Action Cameras,1,1763.0,Shipment,Chennai,Shipment,1763.0,0.0,1,False,
2025-07-22,MAA4-370,GP47-L_TLSNK,B0BBVGXFZ2,Camera Bike Mount Motorcycle Handlebar Clamp Holder for GoPro Insta360 Accessories  TELESIN 360    Rotating Bicycle Cycling Attachment Accessory for,1,1849.0,Shipment,NASHIK,Shipment,1849.0,0.0,1,False,
2025-07-22,CJB1-262,GP10_RS4_STARTRC,B0DB1TQPH3,yantralay Portable Carrying Storage Case for DJ I Ronin RS4   RS4 Pro Gimbal EVA Handbag Travel Handheld Shoulder Bag  Grey,1,2706.0,Shipment,TALIPARAMBA,Shipment,2706.0,0.0,1,False,
2025-07-22,MAA4-368,PS1,B0BJBL1XBS,yantralay Polyester Dual Controller Hard Carry Case Compatible With Ps5 Ps4 Xbox Ipega Controllers   3 Layer Protection Travel Carry Case   Grey,1,905.0,Shipment,BENGALURU,Shipment,905.0,0.0,1,False,
2025-07-22,CJB1-265,GP46-M,B0F91GXT2N,yantralay Double Clamp Mount Bracket with 1 4  Ball Head for GoPro  Insta 360 X2 X3  Action Cameras   Handlebar  Motorcycle  Bicycle  Selfie Stick  St,1,1754.0,Shipment,COIMBATORE,Shipment,1754.0,0.0,1,False,
2025-07-22,MAA4-371,GP47-L_TLSNK,B0BBVGXFZ2,Camera Bike Mount Motorcycle Handlebar Clamp Holder for GoPro Insta360 Accessories  TELESIN 360    Rotating Bicycle Cycling Attachment Accessory for,1,1849.0,Shipment,jogabani,Shipment,1849.0,0.0,1,False,
2025-07-22,CJB1-264,PS5_CC1_GREY,B0BRJMPHKL,yantralay PS5 Carrying Case Bag for PS5 Console Gamepad  Controller  Headset  VR Play Station Accessories   Travel Bag   Grey,1,2449.0,Shipment,CHENNAI,Shipment,2449.0,0.0,1,False,
2025-07-23,MAA4-373,GP49,B0D456N4QM,yantralay Motorcycle Bike Bicycle Handlebar Mount Clamps with 1 4  Screw Compatible 8 35mm for Gopro Hero 13 12 11 10 9 Max Insta360 ONE X5 X4 X3  ONE,1,901.0,Shipment,BENGALURU,Shipment,901.0,0.0,1,False,
2025-07-23,CJB1-267,PS1,B0BJBL1XBS,nan,1,0.0,Cancel,ERNAKULAM,Cancel,0.0,0.0,0,False,
2025-07-23,MAA4-372,GP47-L_TLSNK,B0BBVGXFZ2,Camera Bike Mount Motorcycle Handlebar Clamp Holder for GoPro Insta360 Accessories  TELESIN 360    Rotating Bicycle Cycling Attachment Accessory for,1,1849.0,Shipment,BENGALURU,Shipment,1849.0,0.0,1,False,
2025-07-23,MAA4-374,GP47-L_TLSNK,B0BBVGXFZ2,Camera Bike Mount Motorcycle Handlebar Clamp Holder for GoPro Insta360 Accessories  TELESIN 360    Rotating Bicycle Cycling Attachment Accessory for,1,1849.0,Shipment,GURUGRAM,Shipment,1849.0,0.0,1,False,
2025-07-23,CJB1-267,PS1,B0BJBL1XBS,yantralay Polyester Dual Controller Hard Carry Case Compatible With Ps5 Ps4 Xbox Ipega Controllers   3 Layer Protection Travel Carry Case   Grey,1,905.0,Shipment,ERNAKULAM,Shipment,905.0,0.0,1,False,
2025-07-23,CJB1-266,ACCASEONEX4,B0DZZC8YJV,Yantralay Invisible Dive Case for Insta360 X4   Waterproof Diving Housing Cover  Protective PC Sealed Shell with Bracket for Underwater Photography,1,5654.0,Shipment,ERNAKULAM,Shipment,5654.0,0.0,1,False,
2025-07-24,CJB1-268,PS1,B0BJBL1XBS,yantralay Polyester Dual Controller Hard Carry Case Compatible With Ps5 Ps4 Xbox Ipega Controllers   3 Layer Protection Travel Carry Case   Grey,1,905.0,Shipment,UDUMALAIPETTAI,Shipment,905.0,0.0,1,False,
2025-07-24,MAA4-377,ACCHARGERONEX2N,B09Y23TXKZ,yantralay Dual Slot Battery Charger Compatible for Insta 360 ONE X2   Fast Charging  Compact Design  LED Indicators   Includes USB Cable   Travel Frie,1,949.0,Shipment,BENGALURU,Shipment,949.0,0.0,1,False,
2025-07-24,CJB1-269,ACCASEONEX5,B0FF2D12YN,Yantralay Invisible Magnetic Dive Case for Insta360 X5   60M Waterproof Underwater Housing for Deep Sea   Snorkeling Shots,1,5999.0,Shipment,Karaikudi,Shipment,5999.0,0.0,1,False,
2025-07-24,CJB1-270,TY98_TUYU,B0F7RP62NV,yantralay Motorcycle Windshield Mounting Clamp Aluminum Mount for Go Pro Hero 13 12 11 10 9 Insta 360 X3 DJ I Action 3 Action Camera Accessories,1,1851.0,Shipment,BENGALURU,Shipment,1851.0,0.0,1,False,
2025-07-23,MAA4-376,PS2_WHITE,B0C46XWQRT,yantralay Controller Gamepad Carry Case   Ultimate Protection Compatible for PS5 PS4 PS3 Switch Pro Xbox Joysticks Waterproof  Scratch Protection  Dur,1,549.0,Shipment,CHENNAI,Shipment,549.0,0.0,1,False,
2025-07-24,CJB1-271,GP100,B0723FF53T,yantralay 40 in 1 Action Camera Mount Kit for Hero 13 12 11 10 9 8 7 6 5 SJCAM  Osmo Action 3   4  Insta 360   More   with Selfie Monopod  Straps  Mou,1,1139.0,Shipment,BANGALORE,Shipment,1139.0,0.0,1,False,
2025-07-24,NAN,PS1,B0BJBL1XBS,nan,1,0.0,Cancel,CHENNAI,Cancel,0.0,0.0,0,False,
2025-07-24,MAA4-381,PS1,B0BJBL1XBS,yantralay Polyester Dual Controller Hard Carry Case Compatible With Ps5 Ps4 Xbox Ipega Controllers   3 Layer Protection Travel Carry Case   Grey,1,905.0,Shipment,CHENNAI,Shipment,905.0,0.0,1,False,
2025-07-24,MAA4-378,CWATCUN_D125-BLACKN,B0D8J126MV,Cwatcun Camera Backpack Bag Small Fashion DSLR Camera Bag with Tripod Strap Laptop Compartment and Removable Padded Dividers Lightweight Photograhy,1,3499.0,Shipment,CHENNAI,Shipment,3499.0,0.0,1,False,
2025-07-25,MAA4-382,ACCASEONEX4,B0DZZC8YJV,Yantralay Invisible Dive Case for Insta360 X4   Waterproof Diving Housing Cover  Protective PC Sealed Shell with Bracket for Underwater Photography,1,5654.0,Shipment,CHENNAI,Shipment,5654.0,0.0,1,False,
2025-07-25,CJB1-272,PS10_OLED_GREEN,B0BRY5L26G,yantralay Carry Case Pouch Cover Compatible with Nintendo Switch OLED with Game Card Slots for Switch Switch OLED Accessories  Video Game   Green,1,616.0,Shipment,BENGALURU,Shipment,616.0,0.0,1,False,
2025-07-24,MAA4-380,GP10_ONEX4_STARTRC,B0DDXP86FQ,yantralay x Startr c Carrying Case for Insta 360 X4 X5  Portable PU Storage Protective Bag Travel Case for Insta 360 X4 X5 Accessories with Large Capa,1,1637.0,Shipment,BANGALORE,Shipment,1637.0,0.0,1,False,
2025-07-25,MAA4-383,PS1,B0BJBL1XBS,yantralay Polyester Dual Controller Hard Carry Case Compatible With Ps5 Ps4 Xbox Ipega Controllers   3 Layer Protection Travel Carry Case   Grey,1,905.0,Shipment,BENGALURU,Shipment,905.0,0.0,1,False,
2025-07-24,MAA4-379,GP28COMBO_X3N,B0BY8178B6,PellKing Camera Protective Accessories Kit for Insta360 X3  Inst 360 X3 Bundle Include Lens Guard Silicone Protective Cover Screen Protectors Camera C,1,1120.0,Shipment,TAMBARAM,Shipment,1120.0,0.0,1,False,
2025-07-23,MAA4-375,GP47-L_TLSNK,B0BBVGXFZ2,Camera Bike Mount Motorcycle Handlebar Clamp Holder for GoPro Insta360 Accessories  TELESIN 360    Rotating Bicycle Cycling Attachment Accessory for,1,1849.0,Shipment,Oragadam industrial area,Shipment,1849.0,0.0,1,False,
2025-07-26,CJB1-273,ACFRAMEOP3_STARTRCN,B0CR1C9243,STARTRC OSMO Pocket 3 360  Rotation Backpack Clip Mount Shoulder Strap Accessories for DJI Pocket 3 OSMO Pocket 3 Action Cameras,1,1763.0,Shipment,Bengaluru,Shipment,1763.0,0.0,1,False,
2025-07-26,CJB1-274,PS5_CC1_GREY,B0BRJMPHKL,yantralay PS5 Carrying Case Bag for PS5 Console Gamepad  Controller  Headset  VR Play Station Accessories   Travel Bag   Grey,1,2449.0,Shipment,BENGALURU,Shipment,2449.0,0.0,1,False,
2025-07-27,CJB1-275,PS10_OLED_GREEN,B0BRY5L26G,yantralay Carry Case Pouch Cover Compatible with Nintendo Switch OLED with Game Card Slots for Switch Switch OLED Accessories  Video Game   Green,1,0.0,FreeReplacement,BENGALURU,FreeReplacement,0.0,0.0,0,True,
2025-07-26,MAA4-384,GP29L,B08RXBFBG9,yantralay Windshield Car Suction Cup Mount for Hero 10 9 8  SJCAM  Osmo Action 3   4  Insta 360   Flexible  Multi Angle Adjustable   Mount for Smartph,1,597.0,Shipment,Kalamassery,Shipment,597.0,0.0,1,False,
2025-07-27,MAA4-385,PS1,B0BJBL1XBS,yantralay Polyester Dual Controller Hard Carry Case Compatible With Ps5 Ps4 Xbox Ipega Controllers   3 Layer Protection Travel Carry Case   Grey,1,905.0,Shipment,Chennai,Shipment,905.0,0.0,1,False,
2025-07-27,MAA4-386,GP28COMBO_X3N,B0BY8178B6,PellKing Camera Protective Accessories Kit for Insta360 X3  Inst 360 X3 Bundle Include Lens Guard Silicone Protective Cover Screen Protectors Camera C,1,1120.0,Shipment,Jammu,Shipment,1120.0,0.0,1,False,
2025-07-28,CJB1-276,GP10_OM6_STARTRC,B0C55JFPKR,yantralay Waterproof Storage Case for DJI Osmo Mobile 6 with Ultimate Protection for Gimbal  Tripod  Phone Clamp  and Accessories   Includes Shoulder,1,1299.0,Shipment,SIVAGANGA,Shipment,1299.0,0.0,1,False,
2025-07-28,CJB1-277,PS5_CC1_GREY,B0BRJMPHKL,yantralay PS5 Carrying Case Bag for PS5 Console Gamepad  Controller  Headset  VR Play Station Accessories   Travel Bag   Grey,1,2449.0,Shipment,CHENNAI,Shipment,2449.0,0.0,1,False,
2025-07-16,CJB1-250,GP10_RS4MINI_STARTRC,B0DZZFNDHP,yantralay Portable Carrying Storage Case for DJ I Ronin RS4Mini Gimbal EVA Handbag Travel Handheld Shoulder Bag  RS4MINI,1,-2618.03,Refund,GURUGRAM,Refund,-2618.03,0.0,0,False,
2025-07-20,MAA4-351,CWATCUN_D129N,B0D8HTSVZH,Cwatcun Camera Backpack Hardshell for Photography  2 in1 Shockproof Camera Sling Bag  Waterproof Camera Case Crossbody with Tripod Holder  Rain Cover,1,-4461.03,Refund,Rewari,Refund,-4461.03,0.0,0,False,
2025-07-28,CJB1-278,GP47_NEW,B0DRYJZ6VH,Yantralay 360  Rotatable Camera Bike Mount Clamp Motorcycle Handlebar Pole Aluminium Mount for Insta360 X4 X3  Ace Pro Pro2  Hero13 12 11 10 9 For Os,1,1349.0,Shipment,Kolachal,Shipment,1349.0,0.0,1,False,
2025-07-29,MAA4-390,GP47_NEW,B0DRYJZ6VH,Yantralay 360  Rotatable Camera Bike Mount Clamp Motorcycle Handlebar Pole Aluminium Mount for Insta360 X4 X3  Ace Pro Pro2  Hero13 12 11 10 9 For Os,1,1349.0,Shipment,VENKITANGU,Shipment,1349.0,0.0,1,False,
2025-07-28,MAA4-389,DA31,B0CGDMJ882,Yantralay DSLR Battery Pouch   Portable Waterproof Bag for lp e6 e8 e10 e12 en el14 el15 fw50 f550 Batteries   Convenient Access Design   Compact and,1,499.0,Shipment,NELLORE,Shipment,499.0,0.0,1,False,
2025-07-29,CJB1-280,GP46-M_GP46-S_GP25_150CMS,B0F99WWGGT,yantralay Motorcycle Handlebar Clamp Kit with Dual Clamp Mounts   Invisible Selfie Stick for Insta 360 X4 X3 X2 One RS GO 3   Bike Action Camera Mount,1,4386.0,Shipment,BANGALORE,Shipment,4386.0,0.0,1,False,
2025-07-29,CJB1-281,GP46-M,B0F91GXT2N,yantralay Double Clamp Mount Bracket with 1 4  Ball Head for GoPro  Insta 360 X2 X3  Action Cameras   Handlebar  Motorcycle  Bicycle  Selfie Stick  St,1,1754.0,Shipment,Hyderabad,Shipment,1754.0,0.0,1,False,
2025-07-28,CJB1-279,GP47_NEW,B0DRYJZ6VH,Yantralay 360  Rotatable Camera Bike Mount Clamp Motorcycle Handlebar Pole Aluminium Mount for Insta360 X4 X3  Ace Pro Pro2  Hero13 12 11 10 9 For Os,1,1349.0,Shipment,KAVERIPATTINAM,Shipment,1349.0,0.0,1,False,
2025-07-29,MAA4-392,GP49,B0D456N4QM,yantralay Motorcycle Bike Bicycle Handlebar Mount Clamps with 1 4  Screw Compatible 8 35mm for Gopro Hero 13 12 11 10 9 Max Insta360 ONE X5 X4 X3  ONE,1,901.0,Shipment,BENGALURU,Shipment,901.0,0.0,1,False,
2025-07-29,CJB1-282,DA35,B0F9FM9XHJ,Yantralay Professional 360  Rotating Metal Tripod Ball Head   Quick Release Plate with Bubble Level   8kg Load Capacity   1 4  Screw for DSLR  Camera,1,1843.0,Shipment,KANNUR,Shipment,1843.0,0.0,1,False,
2025-07-29,MAA4-393,PS1,B0BJBL1XBS,yantralay Polyester Dual Controller Hard Carry Case Compatible With Ps5 Ps4 Xbox Ipega Controllers   3 Layer Protection Travel Carry Case   Grey,1,877.85,Shipment,CHENNAI,Shipment,877.85,0.0,1,False,
2025-07-29,MAA4-395,GP12,B0D7BZ38X8,yantralay Aluminium Car Suction Mount 360  Rotatable for Insta 360 X4 X3 X2  Ace Pro ONE R RS  Hero 13 12 11 10 9 8 7  DJI Osmo Action Series   All O,1,1291.0,Shipment,CHOWWARA,Shipment,1291.0,0.0,1,False,
2025-07-29,MAA4-394,DR28_RC2COVER_MP,B0CL9TH14Q,STARTRC Mini 4 Pro Sun Hood for DJI RC 2 Controller 3 IN 1 Sunshade Joysticks Screen Protector for DJI Mini 4 Pro Air 3S Air 3 Accessories Anti Scratc,1,0.0,FreeReplacement,COIMBATORE,FreeReplacement,0.0,0.0,0,True,
2025-07-30,CJB1-283,GP47_NEW,B0DRYJZ6VH,Yantralay 360  Rotatable Camera Bike Mount Clamp Motorcycle Handlebar Pole Aluminium Mount for Insta360 X4 X3  Ace Pro Pro2  Hero13 12 11 10 9 For Os,1,1308.53,Shipment,KARIVELLUR,Shipment,1308.53,0.0,1,False,
2025-07-30,MAA4-397,GP100,B0723FF53T,yantralay 40 in 1 Action Camera Mount Kit for Hero 13 12 11 10 9 8 7 6 5 SJCAM  Osmo Action 3   4  Insta 360   More   with Selfie Monopod  Straps  Mou,1,1183.83,Shipment,ARCOT,Shipment,1183.83,0.0,1,False,
2025-07-30,MAA4-398,GP46-M,B0F91GXT2N,yantralay Double Clamp Mount Bracket with 1 4  Ball Head for GoPro  Insta 360 X2 X3  Action Cameras   Handlebar  Motorcycle  Bicycle  Selfie Stick  St,1,1701.38,Shipment,CHENNAI,Shipment,1701.38,0.0,1,False,
2025-07-30,CJB1-284,PS10_PS5PORTALCOMBO,B0DF2Z2X1Q,yantralay 6 in 1 Hard Carrying Case with Protective Cover for Play Station 5 Portal  Non Slip Soft Case Cover   Screen Protectors   Thumb Grips for PS,1,2070.0,Shipment,ERODE,Shipment,2070.0,0.0,1,False,
2025-07-30,CJB1-287,GP47_NEW,B0DRYJZ6VH,Yantralay 360  Rotatable Camera Bike Mount Clamp Motorcycle Handlebar Pole Aluminium Mount for Insta360 X4 X3  Ace Pro Pro2  Hero13 12 11 10 9 For Os,1,1308.53,Shipment,MADURAI,Shipment,1308.53,0.0,1,False,
2025-07-30,CJB1-285,GP46-M,B0F91GXT2N,yantralay Double Clamp Mount Bracket with 1 4  Ball Head for GoPro  Insta 360 X2 X3  Action Cameras   Handlebar  Motorcycle  Bicycle  Selfie Stick  St,1,1701.38,Shipment,BENGALURU,Shipment,1701.38,0.0,1,False,
2025-07-30,CJB1-286,PS5_VERTICALSTAND,B0DGTZGCNQ,yantralay 2 in 1 Vertical Stand for PS 5   PS 5 Slim Consoles Non Slip Base Mount for PS 5 Accessories  for PS5   PS5 Slim Digital   Disc Version,1,872.03,Shipment,COIMBATORE,Shipment,872.03,0.0,1,False,
2025-07-30,MAA4-400,PS2_BLUE,B0BL1H24P4,yantralay Controller Gamepad Carry Case   Ultimate Protection Compatible for PS5 PS4 PS3 Switch Pro Xbox Joysticks Waterproof  Scratch Protection  Dur,1,484.03,Shipment,NAMAKKAL,Shipment,484.03,0.0,1,False,
2025-07-30,MAA4-399,GP10KIT_KIT2,B0FBS5Q11T,yantralay 61 in 1 Action Camera Accessories Kit Compatible with Go Pro Hero 13 12 11 10 9  Action 5 4 3  Action  Insta 360 X5 X4 X3   All Other Action,1,1699.0,Shipment,PORATHISSERY,Shipment,1699.0,0.0,1,False,
2025-07-30,MAA4-396,GP47_NEW,B0DRYJZ6VH,Yantralay 360  Rotatable Camera Bike Mount Clamp Motorcycle Handlebar Pole Aluminium Mount for Insta360 X4 X3  Ace Pro Pro2  Hero13 12 11 10 9 For Os,1,1308.53,Shipment,LUDHIANA,Shipment,1308.53,0.0,1,False,
2025-07-30,MAA4-401,GP47_NEW,B0DRYJZ6VH,Yantralay 360  Rotatable Camera Bike Mount Clamp Motorcycle Handlebar Pole Aluminium Mount for Insta360 X4 X3  Ace Pro Pro2  Hero13 12 11 10 9 For Os,1,1308.53,Shipment,PHILLAUR,Shipment,1308.53,0.0,1,False,
2025-07-31,CJB1-288,GP46-M,B0F91GXT2N,yantralay Double Clamp Mount Bracket with 1 4  Ball Head for GoPro  Insta 360 X2 X3  Action Cameras   Handlebar  Motorcycle  Bicycle  Selfie Stick  St,1,1745.03,Shipment,THIRUVALLA,Shipment,1745.03,0.0,1,False,
2025-07-31,CJB1-289,GP46-M,B0F91GXT2N,yantralay Double Clamp Mount Bracket with 1 4  Ball Head for GoPro  Insta 360 X2 X3  Action Cameras   Handlebar  Motorcycle  Bicycle  Selfie Stick  St,1,1745.03,Shipment,NEW DELHI,Shipment,1745.03,0.0,1,False,
2025-07-31,MAA4-403,ACCASEONEX5,B0FF2D12YN,Yantralay Invisible Magnetic Dive Case for Insta360 X5   60M Waterproof Underwater Housing for Deep Sea   Snorkeling Shots,1,5819.03,Shipment,CHENNAI,Shipment,5819.03,0.0,1,False,
2025-07-31,MAA4-404,GP47_NEW,B0DRYJZ6VH,Yantralay 360  Rotatable Camera Bike Mount Clamp Motorcycle Handlebar Pole Aluminium Mount for Insta360 X4 X3  Ace Pro Pro2  Hero13 12 11 10 9 For Os,1,1308.53,Shipment,NEW DELHI,Shipment,1308.53,0.0,1,False,
2025-07-31,MAA4-405,S13,B07MG832T8,yantralay Universal 360  Rotating Vertical Mobile Tripod Monopod Mount for Smartphones up to 4 1  Width   Compatible with Samsung  iPhone  Xiaomi  On,1,241.53,Shipment,KOLKATA,Shipment,241.53,0.0,1,False,
2025-06-27,MAA4-265,GP49,B0D456N4QM,yantralay Motorcycle Bike Bicycle Handlebar Mount Clamps with 1 4  Screw Compatible 8 35mm for Gopro Hero 13 12 11 10 9 Max Insta360 ONE X5 X4 X3  ONE,1,-934.95,Refund,BENGALURU,Refund,-934.95,0.0,0,False,
2025-06-25,MAA4-255,LGONEX4_PREMIUM,B0DZ13Z8RF,yantralay Lens Protector for Insta360 X4  Removable Optical Glass Lens   Anti Scratch  Insta 360 X4 Accessories,1,-2407.3,Refund,PUTTUR,Refund,-2407.3,0.0,0,False,
2025-06-26,MAA4-259,GP100,B0723FF53T,yantralay 40 in 1 Action Camera Mount Kit for Hero 13 12 11 10 9 8 7 6 5 SJCAM  Osmo Action 3   4  Insta 360   More   with Selfie Monopod  Straps  Mou,1,-1139.0,Refund,PORT BLAIR,Refund,-1139.0,0.0,0,False,
2025-07-01,HYD3-570,PS5_VERTICALSTAND,B0DGTZGCNQ,yantralay 2 in 1 Vertical Stand for PS 5   PS 5 Slim Consoles Non Slip Base Mount for PS 5 Accessories  for PS5   PS5 Slim Digital   Disc Version,1,899.0,Shipment,VISAKHAPATNAM,Shipment,899.0,0.0,1,False,
2025-07-01,HYD8-170,GP47_NEW,B0DRYJZ6VH,Yantralay 360  Rotatable Camera Bike Mount Clamp Motorcycle Handlebar Pole Aluminium Mount for Insta360 X4 X3  Ace Pro Pro2  Hero13 12 11 10 9 For Os,1,1349.0,Shipment,HYDERABAD,Shipment,1349.0,0.0,1,False,
2025-07-01,HYD3-572,PS2_WHITE,B0C46XWQRT,yantralay Controller Gamepad Carry Case   Ultimate Protection Compatible for PS5 PS4 PS3 Switch Pro Xbox Joysticks Waterproof  Scratch Protection  Dur,1,549.0,Shipment,SECUNDERABAD,Shipment,549.0,0.0,1,False,
2025-07-01,HYD8-172,GP28COMBO_X4-DEMON,B0BY8178B6,PellKing Camera Protective Accessories Kit for Insta360 X3  Inst 360 X3 Bundle Include Lens Guard Silicone Protective Cover Screen Protectors Camera C,1,1149.0,Shipment,THANE,Shipment,1149.0,0.0,1,False,
2025-07-01,HYD3-573,GP10_OA3,B0DMSYR199,yantralay Carrying Case for DJ I Os mo Action 5 Pro Action 4  Action 3 Cameras  Storage Bag Case with Shoulder Strap  DJ I Osm o Action Camera Accesso,1,1399.0,Shipment,NOIDA,Shipment,1399.0,0.0,1,False,
2025-07-01,HYD3-571,LGONEX3_PREMIUM,B0CG6L97VD,Yantralay Optical Glass Lens Guard for Insta360 ONEX3 Camera Accessories   Waterproof  High Transmittance  Anti Scratch Protective Screen Cover   Blac,1,2699.0,Shipment,Virar west,Shipment,2699.0,0.0,1,False,
2025-07-01,HYD8-171,CWATCUN_D93-L-WHITEN,B0CDZX4Z9L,Cwatcun Camera Bag Crossbody Shoulder Messenger Camera Case  Lightweight DSLR SLR Mirrorless Photography Bag with Tripod Holder and Rain Cover for Can,1,2999.0,Shipment,CHENNAI,Shipment,2999.0,0.0,1,False,
2025-07-01,HYD3-572,PS2_WHITE,B0C46XWQRT,yantralay Controller Gamepad Carry Case   Ultimate Protection Compatible for PS5 PS4 PS3 Switch Pro Xbox Joysticks Waterproof  Scratch Protection  Dur,1,-549.0,Refund,SECUNDERABAD,Refund,-549.0,0.0,0,False,
2025-07-01,HYD3-575,GP10_RS4_STARTRC,B0DB1TQPH3,yantralay Portable Carrying Storage Case for DJ I Ronin RS4   RS4 Pro Gimbal EVA Handbag Travel Handheld Shoulder Bag  Grey,1,2849.0,Shipment,HYDERABAD,Shipment,2849.0,0.0,1,False,
2025-07-01,HYD3-574,GP1620_TLSNK,B08MSR2SNJ,TELESIN Upgraded Motorcycle Helmet Chin Mount for GoPro Max Hero 10 9 8 7 One R One X DJI Osmo Action Pocket Cellphone   More Action Camera with Go Pr,1,1166.0,Shipment,Nizamabad,Shipment,1166.0,0.0,1,False,
2025-07-02,HYD3-577,PS5_VERTICALSTAND,B0DGTZGCNQ,yantralay 2 in 1 Vertical Stand for PS 5   PS 5 Slim Consoles Non Slip Base Mount for PS 5 Accessories  for PS5   PS5 Slim Digital   Disc Version,1,899.0,Shipment,HYDERABAD,Shipment,899.0,0.0,1,False,
2025-07-02,HYD3-576,GP100,B0723FF53T,yantralay 40 in 1 Action Camera Mount Kit for Hero 13 12 11 10 9 8 7 6 5 SJCAM  Osmo Action 3   4  Insta 360   More   with Selfie Monopod  Straps  Mou,1,1139.0,Shipment,Hyderabad,Shipment,1139.0,0.0,1,False,
2025-07-02,HYD3-579,LGONEX4_PREMIUM,B0DZ13Z8RF,nan,1,0.0,Cancel,Hyderabad,Cancel,0.0,0.0,0,False,
2025-07-02,HYD8-173,GP12,B0D7BZ38X8,yantralay Aluminium Car Suction Mount 360  Rotatable for Insta 360 X4 X3 X2  Ace Pro ONE R RS  Hero 13 12 11 10 9 8 7  DJI Osmo Action Series   All O,1,1291.0,Shipment,CHENNAI,Shipment,1291.0,0.0,1,False,
2025-07-02,HYD3-580,LGONEX4_PREMIUM,B0DZ13Z8RF,nan,1,0.0,Cancel,Hyderabad,Cancel,0.0,0.0,0,False,
2025-07-02,HYD3-582,GP12,B0D7BZ38X8,yantralay Aluminium Car Suction Mount 360  Rotatable for Insta 360 X4 X3 X2  Ace Pro ONE R RS  Hero 13 12 11 10 9 8 7  DJI Osmo Action Series   All O,1,1291.0,Shipment,CHENNAI,Shipment,1291.0,0.0,1,False,
2025-07-02,HYD8-174,GP10_ONEX4_STARTRC,B0DDXP86FQ,yantralay x Startr c Carrying Case for Insta 360 X4 X5  Portable PU Storage Protective Bag Travel Case for Insta 360 X4 X5 Accessories with Large Capa,1,1637.0,Shipment,SOUTH WEST DELHI,Shipment,1637.0,0.0,1,False,
2025-07-02,HYD3-583,GP45-S,B0F88FL4CN,yantralay Magnetic Camera Mount for Hero 13 12 11 10 9  Insta360 X5 X4 X3  Action 4 5  Osmo Pocket 3   360  Quick Release Car Holder  Heavy Duty Magn,1,1549.0,Shipment,PATHARBERIA,Shipment,1549.0,0.0,1,False,
2025-07-02,HYD8-175,PS1,B0BJBL1XBS,yantralay Polyester Dual Controller Hard Carry Case Compatible With Ps5 Ps4 Xbox Ipega Controllers   3 Layer Protection Travel Carry Case   Grey,1,905.0,Shipment,HYDERABAD,Shipment,905.0,0.0,1,False,
2025-07-02,HYD3-584,GP28COMBO_X3N,B0BY8178B6,PellKing Camera Protective Accessories Kit for Insta360 X3  Inst 360 X3 Bundle Include Lens Guard Silicone Protective Cover Screen Protectors Camera C,1,1120.0,Shipment,Gurugram,Shipment,1120.0,0.0,1,False,
2025-07-02,HYD8-177,PS1,B0BJBL1XBS,yantralay Polyester Dual Controller Hard Carry Case Compatible With Ps5 Ps4 Xbox Ipega Controllers   3 Layer Protection Travel Carry Case   Grey,1,905.0,Shipment,SECUNDERABAD,Shipment,905.0,0.0,1,False,
2025-07-02,HYD8-178,LGONEX4,B0F7RT4HGJ,yantralay 2Pcs Lens Guard for Insta 360 X4   Scratch Resistant Protective Lens Cover   High Transparency Optical Coated Cap   Insta 360 X4 Camera Acce,1,779.0,Shipment,PUNE,Shipment,779.0,0.0,1,False,
2025-07-02,HYD3-585,GP47-L_TLSNK,B0BBVGXFZ2,Camera Bike Mount Motorcycle Handlebar Clamp Holder for GoPro Insta360 Accessories  TELESIN 360    Rotating Bicycle Cycling Attachment Accessory for,1,1849.0,Shipment,HYDERABAD,Shipment,1849.0,0.0,1,False,
2025-07-02,HYD8-179,GP47_NEW,B0DRYJZ6VH,Yantralay 360  Rotatable Camera Bike Mount Clamp Motorcycle Handlebar Pole Aluminium Mount for Insta360 X4 X3  Ace Pro Pro2  Hero13 12 11 10 9 For Os,1,1349.0,Shipment,HYDERABAD,Shipment,1349.0,0.0,1,False,
2025-07-02,HYD8-176,GP46-L_GP46-S_GP25_150CMS_TUYU,B0FCYMLQ95,yantralay Aluminium Dual Clamp Handlebar Mount Kit for Action Cameras   Invisible Selfie Stick Setup   Compatible with Insta 360 X5 X4  Go Pro 13 12 1,1,4999.0,Shipment,BANGAON,Shipment,4999.0,0.0,1,False,
2025-07-03,HYD8-180,GP10_RS4MINI_STARTRC,B0DZZFNDHP,yantralay Portable Carrying Storage Case for DJ I Ronin RS4Mini Gimbal EVA Handbag Travel Handheld Shoulder Bag  RS4MINI,1,2631.0,Shipment,MURSHIDABAD,Shipment,2631.0,0.0,1,False,
2025-07-03,HYD8-182,GP10_RS4MINI_STARTRC,B0DZZFNDHP,yantralay Portable Carrying Storage Case for DJ I Ronin RS4Mini Gimbal EVA Handbag Travel Handheld Shoulder Bag  RS4MINI,1,2631.0,Shipment,Visakhapatnam,Shipment,2631.0,0.0,1,False,
2025-07-03,HYD8-181,GP1620_TLS,B08S7D4LKH,yantralay Upgraded Helmet Chin Strap Mount for Hero 13 12 11 10 9 8 7 6 5  SJCAM  Insta 360   DJI Osmo Action 3   4   Adjustable   Secure Camera Moun,1,1201.0,Shipment,BERHAMPORE,Shipment,1201.0,0.0,1,False,
2025-07-03,HYD8-183,GP10_ONEX4_STARTRC,B0DDXP86FQ,yantralay x Startr c Carrying Case for Insta 360 X4 X5  Portable PU Storage Protective Bag Travel Case for Insta 360 X4 X5 Accessories with Large Capa,1,1637.0,Shipment,BHATPARA,Shipment,1637.0,0.0,1,False,
2025-07-03,HYD3-586,ACFRAMEOP3_PL,B0D813N881,yantralay Osm o Pocket 3 Expansion Frame Adapter Protective Bracket   Action Camera Adapter Compatible for DJI Osm o Pocket 3 Accessories with 1 4 Col,1,806.0,Shipment,GURUGRAM,Shipment,806.0,0.0,1,False,
2025-07-03,HYD8-184,LGONEX4,B0F7RT4HGJ,yantralay 2Pcs Lens Guard for Insta 360 X4   Scratch Resistant Protective Lens Cover   High Transparency Optical Coated Cap   Insta 360 X4 Camera Acce,1,779.0,Shipment,Bhubaneswar,Shipment,779.0,0.0,1,False,
2025-07-02,HYD3-578,CADEN_D17N,B0829MQ79Z,CADeN D17 Camera Shoulder Backpack,1,2999.0,Shipment,Amravati,Shipment,2999.0,0.0,1,False,
2025-07-03,HYD3-588,GP10_OM7P_STARTRC,B0F2J6Z8WT,yantralay Osmo Mobile 7P Case Portable PU Shoulder Bag for DJI OM 7 Pro 7 Gimbal Stabilizer Travel Case for DJI Osmo Mobile 7 7P,1,1228.02,Shipment,BHOPAL,Shipment,1228.02,0.0,1,False,
2025-07-04,HYD8-187,PS10_OLEDCOMBO_GREEN,B0DJFLRGQF,yantralay 4 in 1 Carrying Case Pouch with Protective Cover for Nintendo Switch OLED  Non Slip Soft Case Cover  Screen Protectors   Thumb Grips for Swi,1,1104.83,Shipment,KRISHNANAGAR,Shipment,1104.83,0.0,1,False,
2025-07-03,HYD8-186,GP10_ONEX4_STARTRC,B0DDXP86FQ,yantralay x Startr c Carrying Case for Insta 360 X4 X5  Portable PU Storage Protective Bag Travel Case for Insta 360 X4 X5 Accessories with Large Capa,1,1637.0,Shipment,GURUGRAM,Shipment,1637.0,0.0,1,False,
2025-07-04,HYD3-590,GP28COMBO_X3N,B0BY8178B6,PellKing Camera Protective Accessories Kit for Insta360 X3  Inst 360 X3 Bundle Include Lens Guard Silicone Protective Cover Screen Protectors Camera C,1,1086.4,Shipment,Vittalwadi,Shipment,1086.4,0.0,1,False,
2025-07-04,HYD8-188,GP46-M,B0F91GXT2N,yantralay Double Clamp Mount Bracket with 1 4  Ball Head for GoPro  Insta 360 X2 X3  Action Cameras   Handlebar  Motorcycle  Bicycle  Selfie Stick  St,1,1631.22,Shipment,SECUNDERABAD,Shipment,1631.22,0.0,1,False,
2025-07-04,HYD8-189,GP47_NEW,B0DRYJZ6VH,Yantralay 360  Rotatable Camera Bike Mount Clamp Motorcycle Handlebar Pole Aluminium Mount for Insta360 X4 X3  Ace Pro Pro2  Hero13 12 11 10 9 For Os,1,1308.53,Shipment,AMRAVATI,Shipment,1308.53,0.0,1,False,
2025-07-04,HYD3-589,GP28COMBO_X3N,B0BY8178B6,PellKing Camera Protective Accessories Kit for Insta360 X3  Inst 360 X3 Bundle Include Lens Guard Silicone Protective Cover Screen Protectors Camera C,1,1086.4,Shipment,BHUBANESWAR,Shipment,1086.4,0.0,1,False,
2025-07-04,HYD3-592,LGONEX4_PREMIUM,B0DZ13Z8RF,yantralay Lens Protector for Insta360 X4  Removable Optical Glass Lens   Anti Scratch  Insta 360 X4 Accessories,1,2356.62,Shipment,Gandhinagar,Shipment,2356.62,0.0,1,False,
2025-07-05,HYD8-192,GP46-M_GP46-S_GP25_150CMS,B0F99WWGGT,yantralay Motorcycle Handlebar Clamp Kit with Dual Clamp Mounts   Invisible Selfie Stick for Insta 360 X4 X3 X2 One RS GO 3   Bike Action Camera Mount,1,4254.42,Shipment,SIWAN,Shipment,4254.42,0.0,1,False,
2025-07-02,HYD8-179,GP47_NEW,B0DRYJZ6VH,Yantralay 360  Rotatable Camera Bike Mount Clamp Motorcycle Handlebar Pole Aluminium Mount for Insta360 X4 X3  Ace Pro Pro2  Hero13 12 11 10 9 For Os,1,-1349.0,Refund,HYDERABAD,Refund,-1349.0,0.0,0,False,
2025-07-01,HYD3-574,GP1620_TLSNK,B08MSR2SNJ,TELESIN Upgraded Motorcycle Helmet Chin Mount for GoPro Max Hero 10 9 8 7 One R One X DJI Osmo Action Pocket Cellphone   More Action Camera with Go Pr,1,-1166.0,Refund,Nizamabad,Refund,-1166.0,0.0,0,False,
2025-07-05,NAN,PS10_PS5PORTAL,B0DVT5SJD2,nan,1,0.0,Cancel,Bengaluru,Cancel,0.0,0.0,0,False,
2025-07-05,HYD8-194,PS10_PS5PORTAL,B0DVT5SJD2,yantralay Hard Carrying Protective Case for Play Station Portal for PS5 Portal Console  Storage Case Only,1,969.03,Shipment,Bengaluru,Shipment,969.03,0.0,1,False,
2025-07-05,HYD8-193,LGONEX4,B0F7RT4HGJ,yantralay 2Pcs Lens Guard for Insta 360 X4   Scratch Resistant Protective Lens Cover   High Transparency Optical Coated Cap   Insta 360 X4 Camera Acce,1,755.63,Shipment,VIJAYAWADA,Shipment,755.63,0.0,1,False,
2025-07-05,HYD3-593,PS5_VERTICALSTAND,B0DGTZGCNQ,yantralay 2 in 1 Vertical Stand for PS 5   PS 5 Slim Consoles Non Slip Base Mount for PS 5 Accessories  for PS5   PS5 Slim Digital   Disc Version,1,872.03,Shipment,Hyderabad,Shipment,872.03,0.0,1,False,
2025-07-05,HYD8-195,GP10_RS4_STARTRC,B0DB1TQPH3,yantralay Portable Carrying Storage Case for DJ I Ronin RS4   RS4 Pro Gimbal EVA Handbag Travel Handheld Shoulder Bag  Grey,1,2624.82,Shipment,Hyderabad,Shipment,2624.82,0.0,1,False,
2025-07-06,HYD3-594,PS2_WHITE,B0C46XWQRT,yantralay Controller Gamepad Carry Case   Ultimate Protection Compatible for PS5 PS4 PS3 Switch Pro Xbox Joysticks Waterproof  Scratch Protection  Dur,1,532.53,Shipment,NEW DELHI,Shipment,532.53,0.0,1,False,
2025-07-06,HYD8-199,PS10_OLED_GREEN,B0BRY5L26G,nan,1,0.0,Cancel,NAGPUR,Cancel,0.0,0.0,0,False,
2025-07-06,HYD8-198,GP10_ONEX4_STARTRC,B0DDXP86FQ,yantralay x Startr c Carrying Case for Insta 360 X4 X5  Portable PU Storage Protective Bag Travel Case for Insta 360 X4 X5 Accessories with Large Capa,1,1587.89,Shipment,PUNE,Shipment,1587.89,0.0,1,False,
2025-07-06,HYD8-197,GP28COMBO1_H13,B0DHYCQR66,Yantralay Silicone Lanyard Sleeve Protective Cover   6PCS Tempered Glass Screen Guard with Silicone Lens Cover Compatible with GoPro Hero 9 Black Acti,1,626.62,Shipment,AGRA,Shipment,626.62,0.0,1,False,
2025-07-06,HYD3-595,MS_GP34,B0DG2LBC8V,yantralay Magnetic Neck Mount   2 in 1 Flexible Holder for Phones and Action Cameras   Adjustable Neck Strap  Secure Magnetic Magsaf Mounts  for Gopro,1,1939.03,Shipment,SALEM,Shipment,1939.03,0.0,1,False,
2025-07-06,HYD8-200,PS10_OLED_GREEN,B0BRY5L26G,yantralay Carry Case Pouch Cover Compatible with Nintendo Switch OLED with Game Card Slots for Switch Switch OLED Accessories  Video Game   Green,1,597.52,Shipment,NAGPUR,Shipment,597.52,0.0,1,False,
2025-07-06,HYD8-201,PS1,B0BJBL1XBS,yantralay Polyester Dual Controller Hard Carry Case Compatible With Ps5 Ps4 Xbox Ipega Controllers   3 Layer Protection Travel Carry Case   Grey,1,877.85,Shipment,VIJAYAWADA,Shipment,877.85,0.0,1,False,
2025-07-06,HYD3-596,PS5_VERTICALSTAND,B0DGTZGCNQ,yantralay 2 in 1 Vertical Stand for PS 5   PS 5 Slim Consoles Non Slip Base Mount for PS 5 Accessories  for PS5   PS5 Slim Digital   Disc Version,1,872.03,Shipment,NEW DELHI,Shipment,872.03,0.0,1,False,
2025-07-06,HYD8-196,DR28_RC2COVER_MP,B0CL9TH14Q,STARTRC Mini 4 Pro Sun Hood for DJI RC 2 Controller 3 IN 1 Sunshade Joysticks Screen Protector for DJI Mini 4 Pro Air 3S Air 3 Accessories Anti Scratc,1,1703.32,Shipment,SATTENAPALLE,Shipment,1703.32,0.0,1,False,
2025-07-03,HYD8-181,GP1620_TLS,B08S7D4LKH,yantralay Upgraded Helmet Chin Strap Mount for Hero 13 12 11 10 9 8 7 6 5  SJCAM  Insta 360   DJI Osmo Action 3   4   Adjustable   Secure Camera Moun,1,-1201.0,Refund,BERHAMPORE,Refund,-1201.0,0.0,0,False,
2025-07-07,HYD8-203,GP10_RS4MINI_STARTRC,B0DZZFNDHP,yantralay Portable Carrying Storage Case for DJ I Ronin RS4Mini Gimbal EVA Handbag Travel Handheld Shoulder Bag  RS4MINI,1,2552.07,Shipment,KOZHIKODE,Shipment,2552.07,0.0,1,False,
2025-07-06,HYD8-202,GP10_ONEX4_STARTRC,B0DDXP86FQ,yantralay x Startr c Carrying Case for Insta 360 X4 X5  Portable PU Storage Protective Bag Travel Case for Insta 360 X4 X5 Accessories with Large Capa,1,1587.89,Shipment,BENGALURU,Shipment,1587.89,0.0,1,False,
2025-07-07,HYD3-597,LGONEX4_PREMIUM,B0DZ13Z8RF,yantralay Lens Protector for Insta360 X4  Removable Optical Glass Lens   Anti Scratch  Insta 360 X4 Accessories,1,2457.98,Shipment,PUSHKAR,Shipment,2457.98,0.0,1,False,
2025-07-07,HYD8-204,GP47_NEW,B0DRYJZ6VH,Yantralay 360  Rotatable Camera Bike Mount Clamp Motorcycle Handlebar Pole Aluminium Mount for Insta360 X4 X3  Ace Pro Pro2  Hero13 12 11 10 9 For Os,1,1308.53,Shipment,hyderabad,Shipment,1308.53,0.0,1,False,
2025-07-03,HYD8-180,GP10_RS4MINI_STARTRC,B0DZZFNDHP,yantralay Portable Carrying Storage Case for DJ I Ronin RS4Mini Gimbal EVA Handbag Travel Handheld Shoulder Bag  RS4MINI,1,-2631.0,Refund,MURSHIDABAD,Refund,-2631.0,0.0,0,False,
2025-07-07,HYD8-207,LED_T2,B0F2GKLDXR,Yantralay Slab Key Light for Video Shooting   Content Creation   Adjustable Photography Fill Light   5 Color Temperatures  3200K 5600K    1455 Lumens,1,1804.0,Shipment,PUNE,Shipment,1804.0,0.0,1,False,
2025-07-07,HYD8-206,GP10_RS4MINI_STARTRC,B0DZZFNDHP,yantralay Portable Carrying Storage Case for DJ I Ronin RS4Mini Gimbal EVA Handbag Travel Handheld Shoulder Bag  RS4MINI,1,2552.07,Shipment,BHIMAVARAM,Shipment,2552.07,0.0,1,False,
2025-07-07,HYD3-598,GP46-S,B0F91G6H93,yantralay Double Clamp Mount Bracket with 1 4  Ball Head for GoPro  Insta 360 X2 X3  Action Cameras   Handlebar  Motorcycle  Bicycle  Selfie Stick  St,1,1606.32,Shipment,GHAZIABAD,Shipment,1606.32,0.0,1,False,
2025-07-07,HYD8-205,GP10_ONEX4_STARTRC,B0DDXP86FQ,yantralay x Startr c Carrying Case for Insta 360 X4 X5  Portable PU Storage Protective Bag Travel Case for Insta 360 X4 X5 Accessories with Large Capa,1,1587.89,Shipment,GURUGRAM,Shipment,1587.89,0.0,1,False,
2025-07-08,HYD8-208,GP10_RS4MINI_STARTRC,B0DZZFNDHP,yantralay Portable Carrying Storage Case for DJ I Ronin RS4Mini Gimbal EVA Handbag Travel Handheld Shoulder Bag  RS4MINI,1,2631.0,Shipment,CHENNAI,Shipment,2631.0,0.0,1,False,
2025-07-08,HYD8-210,GP28COMBO1_H13,B0DHYCQR66,Yantralay Silicone Lanyard Sleeve Protective Cover   6PCS Tempered Glass Screen Guard with Silicone Lens Cover Compatible with GoPro Hero 9 Black Acti,1,646.0,Shipment,NEW DELHI,Shipment,646.0,0.0,1,False,
2025-07-08,HYD3-599,PS10_OLEDCOMBO_GREEN,B0DJFLRGQF,yantralay 4 in 1 Carrying Case Pouch with Protective Cover for Nintendo Switch OLED  Non Slip Soft Case Cover  Screen Protectors   Thumb Grips for Swi,1,0.0,FreeReplacement,HYDERABAD,FreeReplacement,0.0,0.0,0,True,
2025-07-08,HYD8-211,PS1,B0BJBL1XBS,yantralay Polyester Dual Controller Hard Carry Case Compatible With Ps5 Ps4 Xbox Ipega Controllers   3 Layer Protection Travel Carry Case   Grey,1,905.0,Shipment,Hyderabad,Shipment,905.0,0.0,1,False,
2025-07-01,HYD8-171,CWATCUN_D93-L-WHITEN,B0CDZX4Z9L,Cwatcun Camera Bag Crossbody Shoulder Messenger Camera Case  Lightweight DSLR SLR Mirrorless Photography Bag with Tripod Holder and Rain Cover for Can,1,-2999.0,Refund,CHENNAI,Refund,-2999.0,0.0,0,False,
2025-07-08,HYD8-213,PS1,B0BJBL1XBS,yantralay Polyester Dual Controller Hard Carry Case Compatible With Ps5 Ps4 Xbox Ipega Controllers   3 Layer Protection Travel Carry Case   Grey,1,905.0,Shipment,HYDERABAD,Shipment,905.0,0.0,1,False,
2025-07-09,HYD8-214,CWATCUN_D128-M-BLACKN,B0D8HVVY42,Cwatcun Canvas Camera Bag  DSLR SLR Camera Backpack for Photographers with Waterproof Rain Cover  Camera Case with 16  Laptop Compartment   Tripod Hol,1,5999.0,Shipment,PITHORAGARH,Shipment,5999.0,0.0,1,False,
2025-07-09,HYD8-215,ND_OP3-6_STARTRCN,B0CLTTKV97,STARTRAC Magnetic ND   CPL Filters Set for DJI Osmo Pocket 3 Creator Combo   6 Pack CPL  ND 8  16  32  64  256  Ultra Slim Aluminum Frame,1,3899.0,Shipment,New Town,Shipment,3899.0,0.0,1,False,
2025-07-08,HYD8-212,PS10_OLEDCOMBO_GREEN,B0DJFLRGQF,yantralay 4 in 1 Carrying Case Pouch with Protective Cover for Nintendo Switch OLED  Non Slip Soft Case Cover  Screen Protectors   Thumb Grips for Swi,1,1139.0,Shipment,NEW DELHI,Shipment,1139.0,0.0,1,False,
2025-07-09,HYD3-600,GP47-LN,B0F91S2PFT,Yantralay Action Camera Handlebar Mount with 360  Dual Ball Head   Super Clamp for Go Pro  Insta 360  Mobile  Bike  Motorcycle   Universal Quick Rele,1,1899.0,Shipment,NEW DELHI,Shipment,1899.0,0.0,1,False,
2025-07-09,HYD3-601,ND_DJIFLIP_STARTRCN,B0DT1CVV7L,ND CPL Filter Set for DJI Flip Accessories ND16 ND64 ND128 CPL Drone Lens Filters Set  Multi Coated HD Optical Glass 4 Pack,1,2924.0,Shipment,NEW DELHI,Shipment,2924.0,0.0,1,False,
2025-07-05,HYD8-195,GP10_RS4_STARTRC,B0DB1TQPH3,yantralay Portable Carrying Storage Case for DJ I Ronin RS4   RS4 Pro Gimbal EVA Handbag Travel Handheld Shoulder Bag  Grey,1,-2624.82,Refund,Hyderabad,Refund,-2624.82,0.0,0,False,
2025-07-09,HYD8-217,GP10_ONEX4_STARTRC,B0DDXP86FQ,nan,1,0.0,Cancel,Bengaluru,Cancel,0.0,0.0,0,False,
2025-07-09,HYD3-602,GP1620_TLSNK,B08MSR2SNJ,TELESIN Upgraded Motorcycle Helmet Chin Mount for GoPro Max Hero 10 9 8 7 One R One X DJI Osmo Action Pocket Cellphone   More Action Camera with Go Pr,1,1265.0,Shipment,HYDERABAD,Shipment,1265.0,0.0,1,False,
2025-07-09,HYD8-218,GP46-M_GP46-S_GP25_150CMS,B0F99WWGGT,yantralay Motorcycle Handlebar Clamp Kit with Dual Clamp Mounts   Invisible Selfie Stick for Insta 360 X4 X3 X2 One RS GO 3   Bike Action Camera Mount,1,4445.0,Shipment,LUDHIANA,Shipment,4445.0,0.0,1,False,
2025-07-01,HYD3-570,PS5_VERTICALSTAND,B0DGTZGCNQ,yantralay 2 in 1 Vertical Stand for PS 5   PS 5 Slim Consoles Non Slip Base Mount for PS 5 Accessories  for PS5   PS5 Slim Digital   Disc Version,1,-899.0,Refund,VISAKHAPATNAM,Refund,-899.0,0.0,0,False,
2025-07-03,HYD3-588,GP10_OM7P_STARTRC,B0F2J6Z8WT,yantralay Osmo Mobile 7P Case Portable PU Shoulder Bag for DJI OM 7 Pro 7 Gimbal Stabilizer Travel Case for DJI Osmo Mobile 7 7P,1,-1228.02,Refund,BHOPAL,Refund,-1228.02,0.0,0,False,
2025-07-10,HYD3-603,DA35,B0F9FM9XHJ,Yantralay Professional 360  Rotating Metal Tripod Ball Head   Quick Release Plate with Bubble Level   8kg Load Capacity   1 4  Screw for DSLR  Camera,1,0.0,FreeReplacement,BENGALURU,FreeReplacement,0.0,0.0,0,True,
2025-07-09,HYD8-216,GP10_RS4MINI_STARTRC,B0DZZFNDHP,yantralay Portable Carrying Storage Case for DJ I Ronin RS4Mini Gimbal EVA Handbag Travel Handheld Shoulder Bag  RS4MINI,1,2631.0,Shipment,VISAKHAPATNAM,Shipment,2631.0,0.0,1,False,
2025-07-06,HYD8-196,DR28_RC2COVER_MP,B0CL9TH14Q,STARTRC Mini 4 Pro Sun Hood for DJI RC 2 Controller 3 IN 1 Sunshade Joysticks Screen Protector for DJI Mini 4 Pro Air 3S Air 3 Accessories Anti Scratc,1,-1703.32,Refund,SATTENAPALLE,Refund,-1703.32,0.0,0,False,
2025-07-10,HYD3-604,PS5_VERTICALSTAND,B0DGTZGCNQ,yantralay 2 in 1 Vertical Stand for PS 5   PS 5 Slim Consoles Non Slip Base Mount for PS 5 Accessories  for PS5   PS5 Slim Digital   Disc Version,1,899.0,Shipment,Hyderabad,Shipment,899.0,0.0,1,False,
2025-07-10,HYD3-605,MP_OA5,B0F9X1YNVL,yantralay Camera Lavalier Clip on Type C Microphone for DJ I Action 3 4 Collar Clip Microphone  Without Need of Mic Adapter  1 5M Cable Length   Black,1,1461.0,Shipment,Hyderabad,Shipment,1461.0,0.0,1,False,
2025-07-10,HYD8-219,TIMESGATE_DIVOOMN,B0CG1PXHRQ,Divoom Times Gate   Cyberpunk Gaming Setup Digital Clock with Smart APP Control  WiFi Connect  RGB LED Display  Personalized Dashboard  Pixel Art for,1,18499.0,Shipment,NEW DELHI,Shipment,18499.0,0.0,1,False,
2025-07-10,HYD3-606,IN1_AL,B0D4536M61,yantralay 4 in 1 Motorcycle Mount Bundle with Unicorn Helmet Extension Arm Adhesive Kit Compatible for Insta360 One X4 X3 X2  ONE R RS  Hero 13 12 11,1,1987.0,Shipment,TINSUKIA,Shipment,1987.0,0.0,1,False,
2025-07-09,HYD8-215,ND_OP3-6_STARTRCN,B0CLTTKV97,STARTRAC Magnetic ND   CPL Filters Set for DJI Osmo Pocket 3 Creator Combo   6 Pack CPL  ND 8  16  32  64  256  Ultra Slim Aluminum Frame,1,-3899.0,Refund,New Town,Refund,-3899.0,0.0,0,False,
2025-07-10,HYD8-220,GP28COMBO1_H13,B0DHYCQR66,Yantralay Silicone Lanyard Sleeve Protective Cover   6PCS Tempered Glass Screen Guard with Silicone Lens Cover Compatible with GoPro Hero 9 Black Acti,1,646.0,Shipment,MUMBAI,Shipment,646.0,0.0,1,False,
2025-07-11,HYD8-221,GP10_RS4_STARTRC,B0DB1TQPH3,yantralay Portable Carrying Storage Case for DJ I Ronin RS4   RS4 Pro Gimbal EVA Handbag Travel Handheld Shoulder Bag  Grey,1,2706.0,Shipment,Hyderabad,Shipment,2706.0,0.0,1,False,
2025-07-04,HYD3-592,LGONEX4_PREMIUM,B0DZ13Z8RF,yantralay Lens Protector for Insta360 X4  Removable Optical Glass Lens   Anti Scratch  Insta 360 X4 Accessories,1,-2356.62,Refund,Gandhinagar,Refund,-2356.62,0.0,0,False,
2025-07-11,HYD8-222,GP28COMBO1_H13,B0DHYCQR66,Yantralay Silicone Lanyard Sleeve Protective Cover   6PCS Tempered Glass Screen Guard with Silicone Lens Cover Compatible with GoPro Hero 9 Black Acti,1,646.0,Shipment,PUNE,Shipment,646.0,0.0,1,False,
2025-07-11,HYD3-607,ND_AVATA2_STARTRC,B0DX7CQYH1,Yantralay x Start rc 4 Pack ND8 ND16 ND32 ND64 Filter Compatible with DJI Avata 2  Neutral Density Camera Lens ND Filter,1,3399.0,Shipment,GURUGRAM,Shipment,3399.0,0.0,1,False,
2025-07-11,HYD8-224,SGONEX4-2_LGONEX4,B0F8VRR8JY,yantralay Insta 360 X4 Lens Guard   Screen Protector Combo Kit   Lens Covers   Anti Scratch  Tempered Glass Screen   Insta 360 X4 Accessories,1,1266.0,Shipment,Secunderabad,Shipment,1266.0,0.0,1,False,
2025-07-11,HYD3-608,GP46-L_GP46-S_GP25_150CMS_TUYU,B0FCYMLQ95,yantralay Aluminium Dual Clamp Handlebar Mount Kit for Action Cameras   Invisible Selfie Stick Setup   Compatible with Insta 360 X5 X4  Go Pro 13 12 1,1,4999.0,Shipment,Hyderabad,Shipment,4999.0,0.0,1,False,
2025-07-11,HYD8-223,GP10_ONEX4_STARTRC,B0DDXP86FQ,yantralay x Startr c Carrying Case for Insta 360 X4 X5  Portable PU Storage Protective Bag Travel Case for Insta 360 X4 X5 Accessories with Large Capa,1,1637.0,Shipment,NEW DELHI,Shipment,1637.0,0.0,1,False,
2025-07-11,HYD3-609,LM1_OA3,B0DRW3QS3C,yantralay Magnet Adapter Mount for DJI Action 5 4 3   Quick Release Tripod Adapter with Secure Claws for Outdoor Use,2,1948.0,Shipment,HYDERABAD,Shipment,1948.0,0.0,2,False,
2025-07-11,HYD8-225,GP1620_TLSNK,B08MSR2SNJ,TELESIN Upgraded Motorcycle Helmet Chin Mount for GoPro Max Hero 10 9 8 7 One R One X DJI Osmo Action Pocket Cellphone   More Action Camera with Go Pr,1,1166.0,Shipment,Kurnool,Shipment,1166.0,0.0,1,False,
2025-07-12,HYD3-610,ACFRAMEGP13_AL,B0F93ZW44W,Yantralay Premium Aluminum Protective Case for Go Pro Hero13 12 11 10 9 Tough Aluminum Cage Maximum Protection with Minimal Weight Accessory,1,2249.0,Shipment,PUNE,Shipment,2249.0,0.0,1,False,
2025-07-12,HYD3-612,GP290XL_AL,B0F7Y3T6JV,nan,1,0.0,Cancel,MUMBAI,Cancel,0.0,0.0,0,False,
2025-07-12,HYD3-611,LGONEX4_PREMIUM,B0DZ13Z8RF,yantralay Lens Protector for Insta360 X4  Removable Optical Glass Lens   Anti Scratch  Insta 360 X4 Accessories,1,2469.0,Shipment,NEW DELHI,Shipment,2469.0,0.0,1,False,
2025-07-12,HYD8-226,PS2_WHITE,B0C46XWQRT,yantralay Controller Gamepad Carry Case   Ultimate Protection Compatible for PS5 PS4 PS3 Switch Pro Xbox Joysticks Waterproof  Scratch Protection  Dur,1,549.0,Shipment,GURUGRAM,Shipment,549.0,0.0,1,False,
2025-07-12,HYD3-613,GP290XL_AL,B0F7Y3T6JV,yantralay Triple Suction Aluminium Mount with 1 4  Standard Screw Mount Compatible for Hero 12 11 10 9  Insta 360 ONE X3 X2 ONER RS ACE PRO   All Othe,1,2699.0,Shipment,MUMBAI,Shipment,2699.0,0.0,1,False,
2025-07-12,HYD8-228,PS10_OLEDCOMBO_YELLOW,B0DJFL8DBY,nan,1,0.0,Cancel,HYDERABAD,Cancel,0.0,0.0,0,False,
2025-07-12,HYD3-614,CG5,B0DW9FS3FL,yantralay 40 Cms 16 inch Monitor Light  Touch Control USB Powered LED Lamp for Computer  10 Level Dimmable with 3 Color Modes  IP44 Waterproof e Readi,1,1804.0,Shipment,MUMBAI,Shipment,1804.0,0.0,1,False,
2025-07-12,HYD8-229,PS10_OLEDCOMBO_YELLOW,B0DJFL8DBY,yantralay 4 in 1 Carrying Case Pouch with Protective Cover for Nintendo Switch OLED  Non Slip Soft Case Cover  Screen Protectors   Thumb Grips for Swi,1,1139.0,Shipment,HYDERABAD,Shipment,1139.0,0.0,1,False,
2025-07-13,NAN,ND_AIR3S_STARTRCN,B0DK3F3LQ7,nan,1,0.0,Cancel,BENGALURU,Cancel,0.0,0.0,0,False,
2025-07-12,HYD8-230,PS1,B0BJBL1XBS,yantralay Polyester Dual Controller Hard Carry Case Compatible With Ps5 Ps4 Xbox Ipega Controllers   3 Layer Protection Travel Carry Case   Grey,1,906.0,Shipment,HYDERABAD,Shipment,906.0,0.0,1,False,
2025-07-12,HYD8-229,PS10_OLEDCOMBO_YELLOW,B0DJFL8DBY,yantralay 4 in 1 Carrying Case Pouch with Protective Cover for Nintendo Switch OLED  Non Slip Soft Case Cover  Screen Protectors   Thumb Grips for Swi,1,-1139.0,Refund,HYDERABAD,Refund,-1139.0,0.0,0,False,
2025-07-13,HYD3-617,ND_AIR3S_STARTRCN,B0DK3F3LQ7,STARTRC Air 3S ND   CPL Filters Set for DJI Air 3S Accessories  4 Pack Filters  ND16 ND64 ND256 CPL   Neutral Density   Polarizer Drone Lens Accessori,1,4199.0,Shipment,BENGALURU,Shipment,4199.0,0.0,1,False,
2025-07-12,HYD3-615,GP28COMBO1_H13,B0DHYCQR66,Yantralay Silicone Lanyard Sleeve Protective Cover   6PCS Tempered Glass Screen Guard with Silicone Lens Cover Compatible with GoPro Hero 9 Black Acti,1,699.0,Shipment,HYDERABAD,Shipment,699.0,0.0,1,False,
2025-07-13,HYD3-616,CWATCUN_D126N,B0DHK914DZ,nan,1,0.0,Cancel,NAGPUR,Cancel,0.0,0.0,0,False,
2025-07-13,HYD8-232,PS5_VERTICALSTAND,B0DGTZGCNQ,yantralay 2 in 1 Vertical Stand for PS 5   PS 5 Slim Consoles Non Slip Base Mount for PS 5 Accessories  for PS5   PS5 Slim Digital   Disc Version,1,899.0,Shipment,Tirupati R,Shipment,899.0,0.0,1,False,
2025-07-13,HYD8-233,PS1,B0BJBL1XBS,yantralay Polyester Dual Controller Hard Carry Case Compatible With Ps5 Ps4 Xbox Ipega Controllers   3 Layer Protection Travel Carry Case   Grey,1,822.56,Shipment,HYDERABAD,Shipment,822.56,0.0,1,False,
2025-07-13,HYD8-231,GP10_ONEX4_STARTRC,B0DDXP86FQ,yantralay x Startr c Carrying Case for Insta 360 X4 X5  Portable PU Storage Protective Bag Travel Case for Insta 360 X4 X5 Accessories with Large Capa,1,1547.15,Shipment,Hyderabad,Shipment,1547.15,0.0,1,False,
2025-07-14,HYD8-237,PS10_OLED_GREEN,B0BRY5L26G,yantralay Carry Case Pouch Cover Compatible with Nintendo Switch OLED with Game Card Slots for Switch Switch OLED Accessories  Video Game   Green,1,562.6,Shipment,GHAZIABAD,Shipment,562.6,0.0,1,False,
2025-07-13,HYD8-235,DR28_RC2COVER_MP,B0CL9TH14Q,STARTRC Mini 4 Pro Sun Hood for DJI RC 2 Controller 3 IN 1 Sunshade Joysticks Screen Protector for DJI Mini 4 Pro Air 3S Air 3 Accessories Anti Scratc,1,1703.32,Shipment,MAHENDRAGARH,Shipment,1703.32,0.0,1,False,
2025-07-13,HYD3-618,GP10_ONEX4_STARTRC,B0DDXP86FQ,yantralay x Startr c Carrying Case for Insta 360 X4 X5  Portable PU Storage Protective Bag Travel Case for Insta 360 X4 X5 Accessories with Large Capa,1,1547.15,Shipment,TIRUPATI,Shipment,1547.15,0.0,1,False,
2025-07-12,HYD8-227,GP10_RS4_STARTRC,B0DB1TQPH3,yantralay Portable Carrying Storage Case for DJ I Ronin RS4   RS4 Pro Gimbal EVA Handbag Travel Handheld Shoulder Bag  Grey,1,2635.0,Shipment,BILASPUR,Shipment,2635.0,0.0,1,False,
2025-07-13,HYD3-619,GP10_OA3,B0DMSYR199,yantralay Carrying Case for DJ I Os mo Action 5 Pro Action 4  Action 3 Cameras  Storage Bag Case with Shoulder Strap  DJ I Osm o Action Camera Accesso,1,1357.03,Shipment,Rajahmundry,Shipment,1357.03,0.0,1,False,
2025-07-14,HYD3-620,PS10_PS5PORTALCOMBO,B0DF2Z2X1Q,yantralay 6 in 1 Hard Carrying Case with Protective Cover for Play Station 5 Portal  Non Slip Soft Case Cover   Screen Protectors   Thumb Grips for PS,1,2179.0,Shipment,AMRITSAR,Shipment,2179.0,0.0,1,False,
2025-07-14,HYD3-622,GP10_OA3,B0DMSYR199,yantralay Carrying Case for DJ I Os mo Action 5 Pro Action 4  Action 3 Cameras  Storage Bag Case with Shoulder Strap  DJ I Osm o Action Camera Accesso,1,1357.03,Shipment,MUMBAI,Shipment,1357.03,0.0,1,False,
2025-07-13,HYD8-236,PS2_BLACK,B0BL1CYSW6,yantralay Nylon Controller Gamepad Carry Case   Ultimate Protection Compatible for PS5 PS4 PS3 Switch Pro Xbox Joysticks Waterproof  Scratch Protectio,1,464.63,Shipment,BENGALURU,Shipment,464.63,0.0,1,False,
2025-07-14,HYD3-623,TR-S-CAMOFLAGUE_TARIONN,B0BM9GT8NT,TARION Camera Sling Bag DSLR Sling Pack for Men Women Photographers with Waterproof Raincover Tripod Holder Sling Backpack Camera Bag Backpack Photogr,1,4849.03,Shipment,Chennai,Shipment,4849.03,0.0,1,False,
2025-07-14,HYD3-621,GP47-LN,B0F91S2PFT,nan,1,0.0,Cancel,HYDERABAD,Cancel,0.0,0.0,0,False,
2025-07-15,HYD8-239,GP28_H13,B0DHYDQL5V,Yantralay Silicone Lanyard Sleeve Protective Cover   6PCS Tempered Glass Screen Guard with Silicone Lens Cover Compatible with Go Pro Hero 9 Black Act,1,387.03,Shipment,PIMPRI CHINCHWAD,Shipment,387.03,0.0,1,False,
2025-07-15,HYD8-240,GP28_H13,B0DHYDQL5V,Yantralay Silicone Lanyard Sleeve Protective Cover   6PCS Tempered Glass Screen Guard with Silicone Lens Cover Compatible with Go Pro Hero 9 Black Act,1,387.03,Shipment,NEW DELHI,Shipment,387.03,0.0,1,False,
2025-07-15,HYD8-243,PS10_OLEDCOMBO_GREEN,B0DJFLRGQF,yantralay 4 in 1 Carrying Case Pouch with Protective Cover for Nintendo Switch OLED  Non Slip Soft Case Cover  Screen Protectors   Thumb Grips for Swi,1,0.0,FreeReplacement,MUMBAI,FreeReplacement,0.0,0.0,0,True,
2025-07-15,HYD3-625,DR28_RC2COVER_MP,B0CL9TH14Q,STARTRC Mini 4 Pro Sun Hood for DJI RC 2 Controller 3 IN 1 Sunshade Joysticks Screen Protector for DJI Mini 4 Pro Air 3S Air 3 Accessories Anti Scratc,1,1703.32,Shipment,VISAKHAPATNAM,Shipment,1703.32,0.0,1,False,
2025-07-16,HYD8-245,PS1,B0BJBL1XBS,yantralay Polyester Dual Controller Hard Carry Case Compatible With Ps5 Ps4 Xbox Ipega Controllers   3 Layer Protection Travel Carry Case   Grey,1,822.56,Shipment,CHENNAI,Shipment,822.56,0.0,1,False,
2025-07-14,HYD8-238,GP10_RS4MINI_STARTRC,B0DZZFNDHP,yantralay Portable Carrying Storage Case for DJ I Ronin RS4Mini Gimbal EVA Handbag Travel Handheld Shoulder Bag  RS4MINI,1,2618.03,Shipment,BENGALURU,Shipment,2618.03,0.0,1,False,
2025-07-15,HYD8-241,GP10_RS4MINI_STARTRC,B0DZZFNDHP,yantralay Portable Carrying Storage Case for DJ I Ronin RS4Mini Gimbal EVA Handbag Travel Handheld Shoulder Bag  RS4MINI,1,2618.03,Shipment,THRISSUR,Shipment,2618.03,0.0,1,False,
2025-07-15,HYD3-626,CG5,B0DW9FS3FL,yantralay 40 Cms 16 inch Monitor Light  Touch Control USB Powered LED Lamp for Computer  10 Level Dimmable with 3 Color Modes  IP44 Waterproof e Readi,1,1749.88,Shipment,CHENNAI,Shipment,1749.88,0.0,1,False,
2025-07-15,HYD8-242,DR28_RC2COVER_MP,B0CL9TH14Q,STARTRC Mini 4 Pro Sun Hood for DJI RC 2 Controller 3 IN 1 Sunshade Joysticks Screen Protector for DJI Mini 4 Pro Air 3S Air 3 Accessories Anti Scratc,1,1703.32,Shipment,GOALPOKHAR I,Shipment,1703.32,0.0,1,False,
2025-07-15,HYD8-244,GP46-L,B0F91GCRP4,yantralay Double Clamp Mount Bracket with 1 4  Ball Head for Go Pro 13 12 11  Insta 360 X5 X4 X3 Handlebar  Motorcycle  Bicycle  Selfie Stick  Studio,1,1842.03,Shipment,Hanmakonda Warangal,Shipment,1842.03,0.0,1,False,
2025-07-16,HYD3-629,MP_OA5,B0F9X1YNVL,yantralay Camera Lavalier Clip on Type C Microphone for DJ I Action 3 4 Collar Clip Microphone  Without Need of Mic Adapter  1 5M Cable Length   Black,1,1454.03,Shipment,Hyderabad,Shipment,1454.03,0.0,1,False,
2025-07-16,HYD3-633,GP47-S,B08RDGDZJG,nan,1,0.0,Cancel,NEW DELHI,Cancel,0.0,0.0,0,False,
2025-07-16,HYD3-627,PS10_OLED_GREEN,B0BRY5L26G,yantralay Carry Case Pouch Cover Compatible with Nintendo Switch OLED with Game Card Slots for Switch Switch OLED Accessories  Video Game   Green,1,562.6,Shipment,Bangalore,Shipment,562.6,0.0,1,False,
2025-07-16,HYD3-630,SGOLED2,B0FDQL7DFH,yantralay Tempered Glass Screen Protector for Nintendo Switch 2  2025    Ultra Thin HD Clear Film Guard with Rounded Edges for 7 9 Inch Display  1 Pac,1,484.03,Shipment,Cansaulim,Shipment,484.03,0.0,1,False,
2025-07-16,HYD3-632,GP47-LN,B0F91S2PFT,Yantralay Action Camera Handlebar Mount with 360  Dual Ball Head   Super Clamp for Go Pro  Insta 360  Mobile  Bike  Motorcycle   Universal Quick Rele,1,1842.03,Shipment,HYDERABAD,Shipment,1842.03,0.0,1,False,
2025-07-16,HYD8-246,ACCHARGERGP5_3,B08LYVPLR9,Yantralay 3 Channel AHDBT 501 Battery Charger for Hero 5 6 7   8 Black Action Camera   USB Cable Included   Fast Charging Dock,1,798.31,Shipment,Hyderabad,Shipment,798.31,0.0,1,False,
2025-07-17,HYD3-637,GP100,B0723FF53T,yantralay 40 in 1 Action Camera Mount Kit for Hero 13 12 11 10 9 8 7 6 5 SJCAM  Osmo Action 3   4  Insta 360   More   with Selfie Monopod  Straps  Mou,1,1104.83,Shipment,Pune,Shipment,1104.83,0.0,1,False,
2025-07-16,HYD3-634,DR28_RC2COVER_MP,B0CL9TH14Q,STARTRC Mini 4 Pro Sun Hood for DJI RC 2 Controller 3 IN 1 Sunshade Joysticks Screen Protector for DJI Mini 4 Pro Air 3S Air 3 Accessories Anti Scratc,1,1648.03,Shipment,Kannur,Shipment,1648.03,0.0,1,False,
2025-07-17,HYD3-642,GP47-S,B08RDGDZJG,nan,1,0.0,Cancel,CHENNAI,Cancel,0.0,0.0,0,False,
2025-07-17,HYD3-636,GP47_NEW,B0DRYJZ6VH,Yantralay 360  Rotatable Camera Bike Mount Clamp Motorcycle Handlebar Pole Aluminium Mount for Insta360 X4 X3  Ace Pro Pro2  Hero13 12 11 10 9 For Os,1,1308.53,Shipment,BENGALURU,Shipment,1308.53,0.0,1,False,
2025-07-15,HYD8-239,GP28_H13,B0DHYDQL5V,Yantralay Silicone Lanyard Sleeve Protective Cover   6PCS Tempered Glass Screen Guard with Silicone Lens Cover Compatible with Go Pro Hero 9 Black Act,1,-387.03,Refund,PIMPRI CHINCHWAD,Refund,-387.03,0.0,0,False,
2025-07-17,HYD3-642,GP47-S,B08RDGDZJG,Taisioner Super Clamp Mount Double Ball Head Adapter Compatible with GoPro AKASO DJI Action or DSLR Camera Accessories,1,852.63,Shipment,CHENNAI,Shipment,852.63,0.0,1,False,
2025-07-16,HYD3-631,GP10KIT_H9_GP17,B0FC2Z4XM3,yantralay Complete Go Pro Hero 12 11 10 9 Accessory Bundle   Waterproof Housing Case  Silicone Protector  Filter   Lens Kit  Tempered Glass Screen Pro,1,2199.0,Shipment,BENGALURU,Shipment,2199.0,0.0,1,False,
2025-07-17,HYD8-248,PS2_RED,B0BL1HF4NJ,yantralay Nylon Controller Gamepad Carry Case   Ultimate Protection Compatible For PS5 PS4 PS3 Switch Pro Xbox Joysticks Waterproof  Scratch Protectio,1,464.07,Shipment,HYDERABAD,Shipment,464.07,0.0,1,False,
2025-07-17,HYD3-643,GP28COMBO_X3N,B0BY8178B6,PellKing Camera Protective Accessories Kit for Insta360 X3  Inst 360 X3 Bundle Include Lens Guard Silicone Protective Cover Screen Protectors Camera C,1,1114.53,Shipment,MANESAR,Shipment,1114.53,0.0,1,False,
2025-07-17,HYD3-644,GP100,B0723FF53T,yantralay 40 in 1 Action Camera Mount Kit for Hero 13 12 11 10 9 8 7 6 5 SJCAM  Osmo Action 3   4  Insta 360   More   with Selfie Monopod  Straps  Mou,1,1104.83,Shipment,HYDERABAD,Shipment,1104.83,0.0,1,False,
2025-07-16,HYD3-635,GP10KIT_KIT2,B0FBS5Q11T,yantralay 61 in 1 Action Camera Accessories Kit Compatible with Go Pro Hero 13 12 11 10 9  Action 5 4 3  Action  Insta 360 X5 X4 X3   All Other Action,1,1648.03,Shipment,HYDERABAD,Shipment,1648.03,0.0,1,False,
2025-07-17,HYD3-648,DA24,B078DMT8KR,Yantralay Nylon Universal Drone and Quadcopter Landing Pad   Portable   Foldable   Compatible with DJI  Parrot  Syma  Hubsan  Holy Stone  UDI Drones,1,1502.53,Shipment,UMARGA,Shipment,1502.53,0.0,1,False,
2025-07-17,HYD3-646,PS1,B0BJBL1XBS,yantralay Polyester Dual Controller Hard Carry Case Compatible With Ps5 Ps4 Xbox Ipega Controllers   3 Layer Protection Travel Carry Case   Grey,1,822.56,Shipment,Secunderabad,Shipment,822.56,0.0,1,False,
2025-07-17,HYD8-249,PS1,B0BJBL1XBS,yantralay Polyester Dual Controller Hard Carry Case Compatible With Ps5 Ps4 Xbox Ipega Controllers   3 Layer Protection Travel Carry Case   Grey,1,822.56,Shipment,MADHURAWADA,Shipment,822.56,0.0,1,False,
2025-07-17,HYD3-641,PS2_BLUE,B0BL1H24P4,yantralay Controller Gamepad Carry Case   Ultimate Protection Compatible for PS5 PS4 PS3 Switch Pro Xbox Joysticks Waterproof  Scratch Protection  Dur,1,484.03,Shipment,SECUNDERABAD,Shipment,484.03,0.0,1,False,
2025-07-17,HYD3-639,ACCHARGERGP5_3,B08LYVPLR9,Yantralay 3 Channel AHDBT 501 Battery Charger for Hero 5 6 7   8 Black Action Camera   USB Cable Included   Fast Charging Dock,1,798.31,Shipment,Hyderabad,Shipment,798.31,0.0,1,False,
2025-07-13,HYD8-235,DR28_RC2COVER_MP,B0CL9TH14Q,STARTRC Mini 4 Pro Sun Hood for DJI RC 2 Controller 3 IN 1 Sunshade Joysticks Screen Protector for DJI Mini 4 Pro Air 3S Air 3 Accessories Anti Scratc,1,-1703.32,Refund,MAHENDRAGARH,Refund,-1703.32,0.0,0,False,
2025-07-16,HYD8-247,GP46-M_GP46-S_GP25_150CMS,B0F99WWGGT,yantralay Motorcycle Handlebar Clamp Kit with Dual Clamp Mounts   Invisible Selfie Stick for Insta 360 X4 X3 X2 One RS GO 3   Bike Action Camera Mount,1,4364.03,Shipment,LUCKNOW,Shipment,4364.03,0.0,1,False,
2025-07-17,HYD3-638,IN1_AL,B0D4536M61,yantralay 4 in 1 Motorcycle Mount Bundle with Unicorn Helmet Extension Arm Adhesive Kit Compatible for Insta360 One X4 X3 X2  ONE R RS  Hero 13 12 11,1,2084.53,Shipment,AMLAI,Shipment,2084.53,0.0,1,False,
2025-07-17,HYD8-250,GP47_NEW,B0DRYJZ6VH,Yantralay 360  Rotatable Camera Bike Mount Clamp Motorcycle Handlebar Pole Aluminium Mount for Insta360 X4 X3  Ace Pro Pro2  Hero13 12 11 10 9 For Os,1,1308.53,Shipment,BENGALURU,Shipment,1308.53,0.0,1,False,
2025-07-17,HYD3-640,CWATCUN_D125-OLIVEGREENN,B0D8HWN2JJ,Cwatcun Camera Backpack Bag Small Fashion DSLR Camera Bag with Tripod Strap Laptop Compartment and Removable Padded Dividers  Green  Small  Fashion,1,3394.03,Shipment,CHENNAI,Shipment,3394.03,0.0,1,False,
2025-07-17,HYD3-645,GP10_RS4_STARTRC,B0DB1TQPH3,yantralay Portable Carrying Storage Case for DJ I Ronin RS4   RS4 Pro Gimbal EVA Handbag Travel Handheld Shoulder Bag  Grey,1,2555.95,Shipment,SRUNGAVARAPUKOTA,Shipment,2555.95,0.0,1,False,
2025-07-14,HYD3-624,TR-S-CAMOFLAGUE_TARIONN,B0BM9GT8NT,TARION Camera Sling Bag DSLR Sling Pack for Men Women Photographers with Waterproof Raincover Tripod Holder Sling Backpack Camera Bag Backpack Photogr,1,4999.0,Shipment,SONEPUR,Shipment,4999.0,0.0,1,False,
2025-07-18,HYD3-649,GP47_NEW,B0DRYJZ6VH,Yantralay 360  Rotatable Camera Bike Mount Clamp Motorcycle Handlebar Pole Aluminium Mount for Insta360 X4 X3  Ace Pro Pro2  Hero13 12 11 10 9 For Os,1,1308.53,Shipment,BENGALURU,Shipment,1308.53,0.0,1,False,
2025-07-18,HYD3-653,GP47_NEW,B0DRYJZ6VH,Yantralay 360  Rotatable Camera Bike Mount Clamp Motorcycle Handlebar Pole Aluminium Mount for Insta360 X4 X3  Ace Pro Pro2  Hero13 12 11 10 9 For Os,1,1308.53,Shipment,delhi,Shipment,1308.53,0.0,1,False,
2025-07-18,HYD8-251,GP46-L,B0F91GCRP4,yantralay Double Clamp Mount Bracket with 1 4  Ball Head for Go Pro 13 12 11  Insta 360 X5 X4 X3 Handlebar  Motorcycle  Bicycle  Selfie Stick  Studio,1,1795.47,Shipment,RANCHI,Shipment,1795.47,0.0,1,False,
2025-07-18,HYD3-654,PS5_VERTICALSTAND,B0DGTZGCNQ,yantralay 2 in 1 Vertical Stand for PS 5   PS 5 Slim Consoles Non Slip Base Mount for PS 5 Accessories  for PS5   PS5 Slim Digital   Disc Version,1,872.03,Shipment,BENGALURU,Shipment,872.03,0.0,1,False,
2025-07-18,HYD3-650,GP47_NEW,B0DRYJZ6VH,Yantralay 360  Rotatable Camera Bike Mount Clamp Motorcycle Handlebar Pole Aluminium Mount for Insta360 X4 X3  Ace Pro Pro2  Hero13 12 11 10 9 For Os,1,1349.0,Shipment,JHANSIjhansi,Shipment,1349.0,0.0,1,False,
2025-07-18,HYD3-656,ACFRAMEONEX4_HZ_AL,B0DZZ6M6F2,yantralay Horizontal Vertical Mount Bracket for Insta360 ONE X4   90  Aluminum Vertical Frame Adapter  Durable   Lightweight Insta360 X4 Accessory fo,1,1648.03,Shipment,Mumbai,Shipment,1648.03,0.0,1,False,
2025-07-19,HYD8-252,GP46-L,B0F91GCRP4,yantralay Double Clamp Mount Bracket with 1 4  Ball Head for Go Pro 13 12 11  Insta 360 X5 X4 X3 Handlebar  Motorcycle  Bicycle  Selfie Stick  Studio,1,1795.47,Shipment,PUNE,Shipment,1795.47,0.0,1,False,
2025-07-18,HYD3-657,ACFRAMEONEX4_HZ_AL,B0DZZ6M6F2,yantralay Horizontal Vertical Mount Bracket for Insta360 ONE X4   90  Aluminum Vertical Frame Adapter  Durable   Lightweight Insta360 X4 Accessory fo,1,1648.03,Shipment,delhi,Shipment,1648.03,0.0,1,False,
2025-07-16,HYD3-631,GP10KIT_H9_GP17,B0FC2Z4XM3,yantralay Complete Go Pro Hero 12 11 10 9 Accessory Bundle   Waterproof Housing Case  Silicone Protector  Filter   Lens Kit  Tempered Glass Screen Pro,1,-2199.0,Refund,BENGALURU,Refund,-2199.0,0.0,0,False,
2025-07-19,NAN,GP47_NEW,B0DRYJZ6VH,nan,1,0.0,Cancel,BENGALURU,Cancel,0.0,0.0,0,False,
2025-07-19,HYD3-663,GP47_NEW,B0DRYJZ6VH,Yantralay 360  Rotatable Camera Bike Mount Clamp Motorcycle Handlebar Pole Aluminium Mount for Insta360 X4 X3  Ace Pro Pro2  Hero13 12 11 10 9 For Os,1,1308.53,Shipment,BENGALURU,Shipment,1308.53,0.0,1,False,
2025-07-19,HYD3-658,GP100,B0723FF53T,yantralay 40 in 1 Action Camera Mount Kit for Hero 13 12 11 10 9 8 7 6 5 SJCAM  Osmo Action 3   4  Insta 360   More   with Selfie Monopod  Straps  Mou,1,1104.83,Shipment,BENGALURU,Shipment,1104.83,0.0,1,False,
2025-07-19,HYD3-661,GP100,B0723FF53T,yantralay 40 in 1 Action Camera Mount Kit for Hero 13 12 11 10 9 8 7 6 5 SJCAM  Osmo Action 3   4  Insta 360   More   with Selfie Monopod  Straps  Mou,1,1104.83,Shipment,BENGALURU,Shipment,1104.83,0.0,1,False,
2025-07-18,HYD3-652,GP1620_TLS,B08S7D4LKH,yantralay Upgraded Helmet Chin Strap Mount for Hero 13 12 11 10 9 8 7 6 5  SJCAM  Insta 360   DJI Osmo Action 3   4   Adjustable   Secure Camera Moun,1,1136.84,Shipment,KOTULPUR,Shipment,1136.84,0.0,1,False,
2025-07-19,HYD3-664,GP47_NEW,B0DRYJZ6VH,Yantralay 360  Rotatable Camera Bike Mount Clamp Motorcycle Handlebar Pole Aluminium Mount for Insta360 X4 X3  Ace Pro Pro2  Hero13 12 11 10 9 For Os,1,1308.53,Shipment,BENGALURU,Shipment,1308.53,0.0,1,False,
2025-07-19,HYD3-662,GP49,B0D456N4QM,yantralay Motorcycle Bike Bicycle Handlebar Mount Clamps with 1 4  Screw Compatible 8 35mm for Gopro Hero 13 12 11 10 9 Max Insta360 ONE X5 X4 X3  ONE,1,873.97,Shipment,Hyderabad,Shipment,873.97,0.0,1,False,
2025-07-19,HYD3-659,GP47_NEW,B0DRYJZ6VH,Yantralay 360  Rotatable Camera Bike Mount Clamp Motorcycle Handlebar Pole Aluminium Mount for Insta360 X4 X3  Ace Pro Pro2  Hero13 12 11 10 9 For Os,1,1308.53,Shipment,BENGALURU,Shipment,1308.53,0.0,1,False,
2025-07-19,HYD3-660,ACFRAMEONEX4_HZ_AL,B0DZZ6M6F2,yantralay Horizontal Vertical Mount Bracket for Insta360 ONE X4   90  Aluminum Vertical Frame Adapter  Durable   Lightweight Insta360 X4 Accessory fo,1,1648.03,Shipment,BENAULIM,Shipment,1648.03,0.0,1,False,
2025-07-19,HYD3-668,ACFRAMEONEX4_HZ_AL,B0DZZ6M6F2,yantralay Horizontal Vertical Mount Bracket for Insta360 ONE X4   90  Aluminum Vertical Frame Adapter  Durable   Lightweight Insta360 X4 Accessory fo,1,1648.03,Shipment,PO RAMCHANDRAPUR ASHRAM,Shipment,1648.03,0.0,1,False,
2025-07-19,HYD8-254,GP47_NEW,B0DRYJZ6VH,Yantralay 360  Rotatable Camera Bike Mount Clamp Motorcycle Handlebar Pole Aluminium Mount for Insta360 X4 X3  Ace Pro Pro2  Hero13 12 11 10 9 For Os,1,1308.53,Shipment,JAMKHANDI,Shipment,1308.53,0.0,1,False,
2025-07-19,HYD8-253,GP10_ONEX4_STARTRC,B0DDXP86FQ,yantralay x Startr c Carrying Case for Insta 360 X4 X5  Portable PU Storage Protective Bag Travel Case for Insta 360 X4 X5 Accessories with Large Capa,1,1587.89,Shipment,BHATAPARA,Shipment,1587.89,0.0,1,False,
2025-07-17,HYD3-647,GP47-S,B08RDGDZJG,Taisioner Super Clamp Mount Double Ball Head Adapter Compatible with GoPro AKASO DJI Action or DSLR Camera Accessories,1,852.63,Shipment,HOWRAH,Shipment,852.63,0.0,1,False,
2025-07-17,HYD3-644,GP100,B0723FF53T,yantralay 40 in 1 Action Camera Mount Kit for Hero 13 12 11 10 9 8 7 6 5 SJCAM  Osmo Action 3   4  Insta 360   More   with Selfie Monopod  Straps  Mou,1,-1104.83,Refund,HYDERABAD,Refund,-1104.83,0.0,0,False,
2025-07-19,HYD3-670,GP47_NEW,B0DRYJZ6VH,Yantralay 360  Rotatable Camera Bike Mount Clamp Motorcycle Handlebar Pole Aluminium Mount for Insta360 X4 X3  Ace Pro Pro2  Hero13 12 11 10 9 For Os,1,1308.53,Shipment,VIJAPURA,Shipment,1308.53,0.0,1,False,
2025-07-20,HYD3-673,GP100,B0723FF53T,yantralay 40 in 1 Action Camera Mount Kit for Hero 13 12 11 10 9 8 7 6 5 SJCAM  Osmo Action 3   4  Insta 360   More   with Selfie Monopod  Straps  Mou,1,1104.83,Shipment,MAYILADUTHURAI,Shipment,1104.83,0.0,1,False,
2025-07-19,HYD3-666,GP47_NEW,B0DRYJZ6VH,Yantralay 360  Rotatable Camera Bike Mount Clamp Motorcycle Handlebar Pole Aluminium Mount for Insta360 X4 X3  Ace Pro Pro2  Hero13 12 11 10 9 For Os,1,1308.53,Shipment,GHAZIABAD,Shipment,1308.53,0.0,1,False,
2025-07-15,HYD8-241,GP10_RS4MINI_STARTRC,B0DZZFNDHP,yantralay Portable Carrying Storage Case for DJ I Ronin RS4Mini Gimbal EVA Handbag Travel Handheld Shoulder Bag  RS4MINI,1,-2618.03,Refund,THRISSUR,Refund,-2618.03,0.0,0,False,
2025-07-20,HYD8-257,GP46-L,B0F91GCRP4,yantralay Double Clamp Mount Bracket with 1 4  Ball Head for Go Pro 13 12 11  Insta 360 X5 X4 X3 Handlebar  Motorcycle  Bicycle  Selfie Stick  Studio,1,1795.47,Shipment,BENGALURU,Shipment,1795.47,0.0,1,False,
2025-07-19,HYD3-665,ACFRAMEONEX4_HZ_AL,B0DZZ6M6F2,yantralay Horizontal Vertical Mount Bracket for Insta360 ONE X4   90  Aluminum Vertical Frame Adapter  Durable   Lightweight Insta360 X4 Accessory fo,1,1648.03,Shipment,ALIGARH,Shipment,1648.03,0.0,1,False,
2025-07-20,HYD3-675,GP47_NEW,B0DRYJZ6VH,Yantralay 360  Rotatable Camera Bike Mount Clamp Motorcycle Handlebar Pole Aluminium Mount for Insta360 X4 X3  Ace Pro Pro2  Hero13 12 11 10 9 For Os,1,1349.0,Shipment,HYDERABAD,Shipment,1349.0,0.0,1,False,
2025-07-18,HYD3-655,GP28COMBO_X3N,B0BY8178B6,PellKing Camera Protective Accessories Kit for Insta360 X3  Inst 360 X3 Bundle Include Lens Guard Silicone Protective Cover Screen Protectors Camera C,1,1114.53,Shipment,New Delhi,Shipment,1114.53,0.0,1,False,
2025-07-19,HYD3-669,GP47_NEW,B0DRYJZ6VH,Yantralay 360  Rotatable Camera Bike Mount Clamp Motorcycle Handlebar Pole Aluminium Mount for Insta360 X4 X3  Ace Pro Pro2  Hero13 12 11 10 9 For Os,1,1308.53,Shipment,JAMNAGAR,Shipment,1308.53,0.0,1,False,
2025-07-20,HYD3-677,GP47_NEW,B0DRYJZ6VH,Yantralay 360  Rotatable Camera Bike Mount Clamp Motorcycle Handlebar Pole Aluminium Mount for Insta360 X4 X3  Ace Pro Pro2  Hero13 12 11 10 9 For Os,1,1308.53,Shipment,KOLKATA,Shipment,1308.53,0.0,1,False,
2025-07-20,HYD3-676,PS5_VERTICALSTAND,B0DGTZGCNQ,yantralay 2 in 1 Vertical Stand for PS 5   PS 5 Slim Consoles Non Slip Base Mount for PS 5 Accessories  for PS5   PS5 Slim Digital   Disc Version,1,951.03,Shipment,BENGALURU,Shipment,951.03,0.0,1,False,
2025-07-20,HYD3-674,ACFRAMEONEX4_HZ_AL,B0DZZ6M6F2,yantralay Horizontal Vertical Mount Bracket for Insta360 ONE X4   90  Aluminum Vertical Frame Adapter  Durable   Lightweight Insta360 X4 Accessory fo,1,1648.03,Shipment,ANUGUL,Shipment,1648.03,0.0,1,False,
2025-07-20,HYD3-672,GP47_NEW,B0DRYJZ6VH,Yantralay 360  Rotatable Camera Bike Mount Clamp Motorcycle Handlebar Pole Aluminium Mount for Insta360 X4 X3  Ace Pro Pro2  Hero13 12 11 10 9 For Os,1,1308.53,Shipment,MUMBAI,Shipment,1308.53,0.0,1,False,
2025-07-20,HYD8-259,GP46-S,B0F91G6H93,yantralay Double Clamp Mount Bracket with 1 4  Ball Head for GoPro  Insta 360 X2 X3  Action Cameras   Handlebar  Motorcycle  Bicycle  Selfie Stick  St,1,1606.32,Shipment,Bengaluru,Shipment,1606.32,0.0,1,False,
2025-07-20,HYD3-680,GP47_NEW,B0DRYJZ6VH,Yantralay 360  Rotatable Camera Bike Mount Clamp Motorcycle Handlebar Pole Aluminium Mount for Insta360 X4 X3  Ace Pro Pro2  Hero13 12 11 10 9 For Os,1,1308.53,Shipment,VIJAYAWADA,Shipment,1308.53,0.0,1,False,
2025-07-21,HYD8-260,GP10_ONEX4_STARTRC,B0DDXP86FQ,yantralay x Startr c Carrying Case for Insta 360 X4 X5  Portable PU Storage Protective Bag Travel Case for Insta 360 X4 X5 Accessories with Large Capa,1,1587.89,Shipment,PUNE,Shipment,1587.89,0.0,1,False,
2025-07-20,HYD3-679,GP47_NEW,B0DRYJZ6VH,Yantralay 360  Rotatable Camera Bike Mount Clamp Motorcycle Handlebar Pole Aluminium Mount for Insta360 X4 X3  Ace Pro Pro2  Hero13 12 11 10 9 For Os,1,1308.53,Shipment,Bhilwara,Shipment,1308.53,0.0,1,False,
2025-07-20,HYD3-681,GP47_NEW,B0DRYJZ6VH,Yantralay 360  Rotatable Camera Bike Mount Clamp Motorcycle Handlebar Pole Aluminium Mount for Insta360 X4 X3  Ace Pro Pro2  Hero13 12 11 10 9 For Os,1,1308.53,Shipment,BANSWARA,Shipment,1308.53,0.0,1,False,
2025-07-19,HYD3-667,GP250_TRIPOD,B0CN4N2R3Q,Yantralay Bullet Time Handle Universal   360  Rotating Tripod for Insta360 ONE X5 X4 X3 X2  ONE R RS   Perfect for Bullet Time Videos and Action Phot,1,1887.62,Shipment,SRINAGAR,Shipment,1887.62,0.0,1,False,
2025-07-21,HYD3-683,PS10_OLEDCOMBO_GREEN,B0DJFLRGQF,yantralay 4 in 1 Carrying Case Pouch with Protective Cover for Nintendo Switch OLED  Non Slip Soft Case Cover  Screen Protectors   Thumb Grips for Swi,1,1139.0,Shipment,WARANGAL,Shipment,1139.0,0.0,1,False,
2025-07-19,HYD3-666,GP47_NEW,B0DRYJZ6VH,Yantralay 360  Rotatable Camera Bike Mount Clamp Motorcycle Handlebar Pole Aluminium Mount for Insta360 X4 X3  Ace Pro Pro2  Hero13 12 11 10 9 For Os,1,-1308.53,Refund,GHAZIABAD,Refund,-1308.53,0.0,0,False,
2025-07-20,HYD8-258,GP47_NEW,B0DRYJZ6VH,Yantralay 360  Rotatable Camera Bike Mount Clamp Motorcycle Handlebar Pole Aluminium Mount for Insta360 X4 X3  Ace Pro Pro2  Hero13 12 11 10 9 For Os,1,1308.53,Shipment,BENGALURU,Shipment,1308.53,0.0,1,False,
2025-07-20,HYD3-678,GP47_NEW,B0DRYJZ6VH,Yantralay 360  Rotatable Camera Bike Mount Clamp Motorcycle Handlebar Pole Aluminium Mount for Insta360 X4 X3  Ace Pro Pro2  Hero13 12 11 10 9 For Os,1,1308.53,Shipment,Hyderabad,Shipment,1308.53,0.0,1,False,
2025-07-21,HYD3-686,PS5_VERTICALSTAND,B0DGTZGCNQ,yantralay 2 in 1 Vertical Stand for PS 5   PS 5 Slim Consoles Non Slip Base Mount for PS 5 Accessories  for PS5   PS5 Slim Digital   Disc Version,1,899.0,Shipment,Kolkata,Shipment,899.0,0.0,1,False,
2025-07-21,HYD8-261,GP28_H13,B0DHYDQL5V,Yantralay Silicone Lanyard Sleeve Protective Cover   6PCS Tempered Glass Screen Guard with Silicone Lens Cover Compatible with Go Pro Hero 9 Black Act,1,387.03,Shipment,JANGAON,Shipment,387.03,0.0,1,False,
2025-07-21,HYD8-262,GP1620_TLS,B08S7D4LKH,yantralay Upgraded Helmet Chin Strap Mount for Hero 13 12 11 10 9 8 7 6 5  SJCAM  Insta 360   DJI Osmo Action 3   4   Adjustable   Secure Camera Moun,1,1164.97,Shipment,CHENNAI,Shipment,1164.97,0.0,1,False,
2025-07-21,HYD3-687,GP47_NEW,B0DRYJZ6VH,Yantralay 360  Rotatable Camera Bike Mount Clamp Motorcycle Handlebar Pole Aluminium Mount for Insta360 X4 X3  Ace Pro Pro2  Hero13 12 11 10 9 For Os,1,1349.0,Shipment,PALLIPPURAM ALAPPUZHA DISTRICT,Shipment,1349.0,0.0,1,False,
2025-07-21,HYD3-688,GP47_NEW,B0DRYJZ6VH,Yantralay 360  Rotatable Camera Bike Mount Clamp Motorcycle Handlebar Pole Aluminium Mount for Insta360 X4 X3  Ace Pro Pro2  Hero13 12 11 10 9 For Os,1,1308.53,Shipment,KOHIMA,Shipment,1308.53,0.0,1,False,
2025-07-21,HYD3-684,IN1_AL,B0D4536M61,yantralay 4 in 1 Motorcycle Mount Bundle with Unicorn Helmet Extension Arm Adhesive Kit Compatible for Insta360 One X4 X3 X2  ONE R RS  Hero 13 12 11,1,1927.39,Shipment,HYDERABAD,Shipment,1927.39,0.0,1,False,
2025-07-21,HYD3-685,LGONEX4_PREMIUM,B0DZ13Z8RF,yantralay Lens Protector for Insta360 X4  Removable Optical Glass Lens   Anti Scratch  Insta 360 X4 Accessories,1,2457.98,Shipment,HYDERABAD,Shipment,2457.98,0.0,1,False,
2025-07-21,HYD3-689,GP47_NEW,B0DRYJZ6VH,Yantralay 360  Rotatable Camera Bike Mount Clamp Motorcycle Handlebar Pole Aluminium Mount for Insta360 X4 X3  Ace Pro Pro2  Hero13 12 11 10 9 For Os,1,1308.53,Shipment,GURUGRAM,Shipment,1308.53,0.0,1,False,
2025-07-20,HYD8-256,IN1_AL,B0D4536M61,yantralay 4 in 1 Motorcycle Mount Bundle with Unicorn Helmet Extension Arm Adhesive Kit Compatible for Insta360 One X4 X3 X2  ONE R RS  Hero 13 12 11,1,1847.91,Shipment,Nagpur,Shipment,1847.91,0.0,1,False,
2025-07-20,HYD8-256,GP28COMBO_X3N,B0BY8178B6,PellKing Camera Protective Accessories Kit for Insta360 X3  Inst 360 X3 Bundle Include Lens Guard Silicone Protective Cover Screen Protectors Camera C,1,1041.6,Shipment,Nagpur,Shipment,1041.6,0.0,1,False,
2025-07-21,HYD8-263,GP100,B0723FF53T,yantralay 40 in 1 Action Camera Mount Kit for Hero 13 12 11 10 9 8 7 6 5 SJCAM  Osmo Action 3   4  Insta 360   More   with Selfie Monopod  Straps  Mou,1,1139.0,Shipment,Kurnool,Shipment,1139.0,0.0,1,False,
2025-07-19,HYD8-254,GP47_NEW,B0DRYJZ6VH,Yantralay 360  Rotatable Camera Bike Mount Clamp Motorcycle Handlebar Pole Aluminium Mount for Insta360 X4 X3  Ace Pro Pro2  Hero13 12 11 10 9 For Os,1,-1308.53,Refund,JAMKHANDI,Refund,-1308.53,0.0,0,False,
2025-07-22,HYD8-264,LED_T2,B0F2GKLDXR,Yantralay Slab Key Light for Video Shooting   Content Creation   Adjustable Photography Fill Light   5 Color Temperatures  3200K 5600K    1455 Lumens,1,1804.0,Shipment,Jabalpur,Shipment,1804.0,0.0,1,False,
2025-07-21,HYD3-691,HC10_PS5_STARTRC,B0CYBVZ483,yantralay Hard Shell Waterproof Case Compatible with PlayStation 5 Console  Controllers  Games and Accessories   Waterproof PS5 Case for Both Standard,1,0.0,FreeReplacement,NEW DELHI,FreeReplacement,0.0,0.0,0,True,
2025-07-19,HYD8-252,GP46-L,B0F91GCRP4,yantralay Double Clamp Mount Bracket with 1 4  Ball Head for Go Pro 13 12 11  Insta 360 X5 X4 X3 Handlebar  Motorcycle  Bicycle  Selfie Stick  Studio,1,-1795.47,Refund,PUNE,Refund,-1795.47,0.0,0,False,
2025-07-22,HYD3-692,ACFRAMEONEX4_HZ_AL,B0DZZ6M6F2,yantralay Horizontal Vertical Mount Bracket for Insta360 ONE X4   90  Aluminum Vertical Frame Adapter  Durable   Lightweight Insta360 X4 Accessory fo,1,1699.0,Shipment,Betul,Shipment,1699.0,0.0,1,False,
2025-07-22,HYD3-695,ACFRAMEONEX4_HZ_AL,B0DZZ6M6F2,yantralay Horizontal Vertical Mount Bracket for Insta360 ONE X4   90  Aluminum Vertical Frame Adapter  Durable   Lightweight Insta360 X4 Accessory fo,1,1778.0,Shipment,NEW TOWN,Shipment,1778.0,0.0,1,False,
2025-07-21,HYD3-682,GP47_NEW,B0DRYJZ6VH,Yantralay 360  Rotatable Camera Bike Mount Clamp Motorcycle Handlebar Pole Aluminium Mount for Insta360 X4 X3  Ace Pro Pro2  Hero13 12 11 10 9 For Os,1,1308.53,Shipment,URI,Shipment,1308.53,0.0,1,False,
2025-07-22,HYD3-694,MP_ONEX4,B0F9X132RD,yantralay Camera Lavalier Clip on Type C Microphone for Insta 360 X4 Collar Clip Microphone  Without Need of Mic Adapter  1 5M Cable Length   Black  I,1,1499.0,Shipment,HYDERABAD,Shipment,1499.0,0.0,1,False,
2025-07-22,HYD8-267,GP10_ONEX4_STARTRC,B0DDXP86FQ,yantralay x Startr c Carrying Case for Insta 360 X4 X5  Portable PU Storage Protective Bag Travel Case for Insta 360 X4 X5 Accessories with Large Capa,1,1637.0,Shipment,Velagadurru,Shipment,1637.0,0.0,1,False,
2025-07-14,HYD8-238,GP10_RS4MINI_STARTRC,B0DZZFNDHP,yantralay Portable Carrying Storage Case for DJ I Ronin RS4Mini Gimbal EVA Handbag Travel Handheld Shoulder Bag  RS4MINI,1,-2618.03,Refund,BENGALURU,Refund,-2618.03,0.0,0,False,
2025-07-22,HYD8-265,XHS_TARION,B0F2W1X1S1,yantralay x TARI ON XHS Hard Shell Camera Case Bag Roll Top Shoulder Sling Bag for Outdoor Photography  DSLR   Mirrorless Cameras  Lenses   Tripod   W,1,4274.0,Shipment,KOLKATA,Shipment,4274.0,0.0,1,False,
2025-07-22,HYD8-266,GP49,B0D456N4QM,yantralay Motorcycle Bike Bicycle Handlebar Mount Clamps with 1 4  Screw Compatible 8 35mm for Gopro Hero 13 12 11 10 9 Max Insta360 ONE X5 X4 X3  ONE,1,901.0,Shipment,Bilaspur,Shipment,901.0,0.0,1,False,
2025-07-21,HYD3-690,ACFRAMEONEX4_HZ_AL,B0DZZ6M6F2,yantralay Horizontal Vertical Mount Bracket for Insta360 ONE X4   90  Aluminum Vertical Frame Adapter  Durable   Lightweight Insta360 X4 Accessory fo,1,1648.03,Shipment,KOHIMA,Shipment,1648.03,0.0,1,False,
2025-07-23,HYD8-269,GP10_ONEX4_STARTRC,B0DDXP86FQ,yantralay x Startr c Carrying Case for Insta 360 X4 X5  Portable PU Storage Protective Bag Travel Case for Insta 360 X4 X5 Accessories with Large Capa,1,1637.0,Shipment,VIJAYAWADA,Shipment,1637.0,0.0,1,False,
2025-07-23,HYD3-698,DA31,B0CGDMJ882,Yantralay DSLR Battery Pouch   Portable Waterproof Bag for lp e6 e8 e10 e12 en el14 el15 fw50 f550 Batteries   Convenient Access Design   Compact and,1,499.0,Shipment,HYDERABAD,Shipment,499.0,0.0,1,False,
2025-07-23,HYD8-270,GP46-S,B0F91G6H93,yantralay Double Clamp Mount Bracket with 1 4  Ball Head for GoPro  Insta 360 X2 X3  Action Cameras   Handlebar  Motorcycle  Bicycle  Selfie Stick  St,1,1656.0,Shipment,pune,Shipment,1656.0,0.0,1,False,
2025-07-22,HYD3-693,ACFRAMEONEX4_HZ_AL,B0DZZ6M6F2,yantralay Horizontal Vertical Mount Bracket for Insta360 ONE X4   90  Aluminum Vertical Frame Adapter  Durable   Lightweight Insta360 X4 Accessory fo,1,1648.03,Shipment,NAVI MUMBAI,Shipment,1648.03,0.0,1,False,
2025-07-23,HYD3-700,ACFRAMEONEX4_HZ_AL,B0DZZ6M6F2,yantralay Horizontal Vertical Mount Bracket for Insta360 ONE X4   90  Aluminum Vertical Frame Adapter  Durable   Lightweight Insta360 X4 Accessory fo,1,1699.0,Shipment,KARORAN,Shipment,1699.0,0.0,1,False,
2025-07-22,HYD3-696,GP100,B0723FF53T,yantralay 40 in 1 Action Camera Mount Kit for Hero 13 12 11 10 9 8 7 6 5 SJCAM  Osmo Action 3   4  Insta 360   More   with Selfie Monopod  Straps  Mou,1,1139.0,Shipment,HYDERABAD,Shipment,1139.0,0.0,1,False,
2025-07-21,HYD8-261,GP28_H13,B0DHYDQL5V,Yantralay Silicone Lanyard Sleeve Protective Cover   6PCS Tempered Glass Screen Guard with Silicone Lens Cover Compatible with Go Pro Hero 9 Black Act,1,-387.03,Refund,JANGAON,Refund,-387.03,0.0,0,False,
2025-07-23,HYD3-701,GP47-S,B08RDGDZJG,Taisioner Super Clamp Mount Double Ball Head Adapter Compatible with GoPro AKASO DJI Action or DSLR Camera Accessories,1,1315.0,Shipment,NEW TOWN,Shipment,1315.0,0.0,1,False,
2025-07-16,HYD3-629,MP_OA5,B0F9X1YNVL,yantralay Camera Lavalier Clip on Type C Microphone for DJ I Action 3 4 Collar Clip Microphone  Without Need of Mic Adapter  1 5M Cable Length   Black,1,-1454.03,Refund,Hyderabad,Refund,-1454.03,0.0,0,False,
2025-07-14,HYD3-624,TR-S-CAMOFLAGUE_TARIONN,B0BM9GT8NT,TARION Camera Sling Bag DSLR Sling Pack for Men Women Photographers with Waterproof Raincover Tripod Holder Sling Backpack Camera Bag Backpack Photogr,1,-4999.0,Refund,SONEPUR,Refund,-4999.0,0.0,0,False,
2025-07-24,HYD8-272,LED_T1,B0F2GHS85S,Yantralay 2 Pack Dimmable 5600K USB LED Video Light with Adjustable Tripod Stand   Color Filters   Perfect for Tabletop Photography  Low Angle Shootin,1,2184.0,Shipment,SHIMLA,Shipment,2184.0,0.0,1,False,
2025-07-24,HYD3-704,ACFRAMEONEX4_HZ_AL,B0DZZ6M6F2,yantralay Horizontal Vertical Mount Bracket for Insta360 ONE X4   90  Aluminum Vertical Frame Adapter  Durable   Lightweight Insta360 X4 Accessory fo,1,1699.0,Shipment,NOIDA,Shipment,1699.0,0.0,1,False,
2025-07-23,HYD8-271,GP46-M_GP46-S_GP25_150CMS,B0F99WWGGT,yantralay Motorcycle Handlebar Clamp Kit with Dual Clamp Mounts   Invisible Selfie Stick for Insta 360 X4 X3 X2 One RS GO 3   Bike Action Camera Mount,1,4386.0,Shipment,TEHATTA,Shipment,4386.0,0.0,1,False,
2025-07-23,HYD3-699,GP47_NEW,B0DRYJZ6VH,Yantralay 360  Rotatable Camera Bike Mount Clamp Motorcycle Handlebar Pole Aluminium Mount for Insta360 X4 X3  Ace Pro Pro2  Hero13 12 11 10 9 For Os,1,1349.0,Shipment,GHAZIABAD,Shipment,1349.0,0.0,1,False,
2025-07-23,HYD3-703,GP100,B0723FF53T,yantralay 40 in 1 Action Camera Mount Kit for Hero 13 12 11 10 9 8 7 6 5 SJCAM  Osmo Action 3   4  Insta 360   More   with Selfie Monopod  Straps  Mou,1,1139.0,Shipment,BENGALURU,Shipment,1139.0,0.0,1,False,
2025-07-24,HYD3-706,GP46-S,B0F91G6H93,yantralay Double Clamp Mount Bracket with 1 4  Ball Head for GoPro  Insta 360 X2 X3  Action Cameras   Handlebar  Motorcycle  Bicycle  Selfie Stick  St,1,1656.0,Shipment,BENGALURU,Shipment,1656.0,0.0,1,False,
2025-07-24,HYD8-273,LED_T2,B0F2GKLDXR,Yantralay Slab Key Light for Video Shooting   Content Creation   Adjustable Photography Fill Light   5 Color Temperatures  3200K 5600K    1455 Lumens,1,1804.0,Shipment,NAGPUR,Shipment,1804.0,0.0,1,False,
2025-07-24,HYD3-705,ACFRAMEONEX4_HZ_AL,B0DZZ6M6F2,yantralay Horizontal Vertical Mount Bracket for Insta360 ONE X4   90  Aluminum Vertical Frame Adapter  Durable   Lightweight Insta360 X4 Accessory fo,1,1699.0,Shipment,MUMBAI,Shipment,1699.0,0.0,1,False,
2025-07-24,HYD3-708,GP49,B0D456N4QM,yantralay Motorcycle Bike Bicycle Handlebar Mount Clamps with 1 4  Screw Compatible 8 35mm for Gopro Hero 13 12 11 10 9 Max Insta360 ONE X5 X4 X3  ONE,1,901.0,Shipment,BENGALURU,Shipment,901.0,0.0,1,False,
2025-07-24,HYD3-707,IN1_AL,B0D4536M61,nan,1,0.0,Cancel,Hyderabad,Cancel,0.0,0.0,0,False,
2025-07-24,HYD3-710,SGONEX4-2_LGONEX4,B0F8VRR8JY,yantralay Insta 360 X4 Lens Guard   Screen Protector Combo Kit   Lens Covers   Anti Scratch  Tempered Glass Screen   Insta 360 X4 Accessories,1,1266.0,Shipment,HYDERABAD,Shipment,1266.0,0.0,1,False,
2025-07-23,HYD3-702,GP45-M,B0F88CFJN2,yantralay Magnetic Camera Mount for Hero 13 12 11 10 9  Insta360 X5 X4 X3  Action 4 5  Osmo Pocket 3   360  Quick Release Car Holder  Heavy Duty Magn,1,1607.0,Shipment,HYDERABAD,Shipment,1607.0,0.0,1,False,
2025-07-24,HYD3-709,PS5_VERTICALSTAND,B0DGTZGCNQ,yantralay 2 in 1 Vertical Stand for PS 5   PS 5 Slim Consoles Non Slip Base Mount for PS 5 Accessories  for PS5   PS5 Slim Digital   Disc Version,1,899.0,Shipment,CHENNAI,Shipment,899.0,0.0,1,False,
2025-07-25,HYD8-274,GP46-M_GP46-S_GP25_150CMS,B0F99WWGGT,yantralay Motorcycle Handlebar Clamp Kit with Dual Clamp Mounts   Invisible Selfie Stick for Insta 360 X4 X3 X2 One RS GO 3   Bike Action Camera Mount,1,4386.0,Shipment,Kasdol,Shipment,4386.0,0.0,1,False,
2025-07-25,HYD8-275,GP46-M_GP46-S_GP25_150CMS,B0F99WWGGT,yantralay Motorcycle Handlebar Clamp Kit with Dual Clamp Mounts   Invisible Selfie Stick for Insta 360 X4 X3 X2 One RS GO 3   Bike Action Camera Mount,1,4386.0,Shipment,BERHAMPUR,Shipment,4386.0,0.0,1,False,
2025-07-25,HYD3-713,ACFRAMEONEX4_HZ_AL,B0DZZ6M6F2,yantralay Horizontal Vertical Mount Bracket for Insta360 ONE X4   90  Aluminum Vertical Frame Adapter  Durable   Lightweight Insta360 X4 Accessory fo,1,0.0,FreeReplacement,delhi,FreeReplacement,0.0,0.0,0,True,
2025-07-25,HYD3-715,PS5SLIM_CC1_BLACK,B0DDQGJB7N,yantralay Carrying case for PS5 Slim Console Gamepad Controller Headphone VR Travel Bag  Playstatio n 5 Slim Accessories   Black,1,2241.0,Shipment,NEW DELHI,Shipment,2241.0,0.0,1,False,
2025-07-25,HYD3-712,ACFRAMEOP3_STARTRCN,B0CR1C9243,STARTRC OSMO Pocket 3 360  Rotation Backpack Clip Mount Shoulder Strap Accessories for DJI Pocket 3 OSMO Pocket 3 Action Cameras,1,1763.0,Shipment,HYDERABAD,Shipment,1763.0,0.0,1,False,
2025-07-25,HYD8-277,GP162TELESINN,B07G5XWJJM,TELESIN Motorcycle Helmet Strap Mount Front Chin Mount for GoPro Hero 2018 7 6 5 4 3  Session  SJCAM  AKASO  Campark  Polaroid  YI Action Camera Helme,1,794.0,Shipment,RAIPUR,Shipment,794.0,0.0,1,False,
2025-07-26,HYD8-278,GP10_ONEX4_STARTRC,B0DDXP86FQ,yantralay x Startr c Carrying Case for Insta 360 X4 X5  Portable PU Storage Protective Bag Travel Case for Insta 360 X4 X5 Accessories with Large Capa,1,1637.0,Shipment,GURUGRAM,Shipment,1637.0,0.0,1,False,
2025-07-25,HYD3-714,GP1620_TLS,B08S7D4LKH,yantralay Upgraded Helmet Chin Strap Mount for Hero 13 12 11 10 9 8 7 6 5  SJCAM  Insta 360   DJI Osmo Action 3   4   Adjustable   Secure Camera Moun,1,1201.0,Shipment,MADURAI,Shipment,1201.0,0.0,1,False,
2025-07-26,HYD8-279,GP46-M,B0F91GXT2N,yantralay Double Clamp Mount Bracket with 1 4  Ball Head for GoPro  Insta 360 X2 X3  Action Cameras   Handlebar  Motorcycle  Bicycle  Selfie Stick  St,1,1754.0,Shipment,NORTH GUWAHATI,Shipment,1754.0,0.0,1,False,
2025-07-26,HYD3-718,ACCASEGP8N,B084KHRNRN,yantralay 60M Underwater Protective Waterproof Housing Case for Hero 8   Quick Release Mount   High Transmission Lens   Ideal for Scuba Diving   Water,1,999.0,Shipment,MUMBAI,Shipment,999.0,0.0,1,False,
2025-07-26,HYD3-716,PS1,B0BJBL1XBS,yantralay Polyester Dual Controller Hard Carry Case Compatible With Ps5 Ps4 Xbox Ipega Controllers   3 Layer Protection Travel Carry Case   Grey,2,1810.0,Shipment,AGRA,Shipment,1810.0,0.0,2,False,
2025-07-26,HYD3-717,PS5_VERTICALSTAND,B0DGTZGCNQ,yantralay 2 in 1 Vertical Stand for PS 5   PS 5 Slim Consoles Non Slip Base Mount for PS 5 Accessories  for PS5   PS5 Slim Digital   Disc Version,1,899.0,Shipment,HYDERABAD,Shipment,899.0,0.0,1,False,
2025-07-26,HYD8-280,GP10_ONEX4_STARTRC,B0DDXP86FQ,yantralay x Startr c Carrying Case for Insta 360 X4 X5  Portable PU Storage Protective Bag Travel Case for Insta 360 X4 X5 Accessories with Large Capa,1,1637.0,Shipment,HYDERABAD,Shipment,1637.0,0.0,1,False,
2025-07-26,HYD8-281,PS10_OLED_YELLOW,B0BRY5GJ5Y,yantralay Carry Case Pouch Cover Compatible with Nintendo Switch OLED with Game Card Slots for Switch Switch OLED Accessories  Video Game   Yellow,1,616.0,Shipment,NEW DELHI,Shipment,616.0,0.0,1,False,
2025-07-25,HYD3-711,ACFRAMEOP3_PL,B0D813N881,yantralay Osm o Pocket 3 Expansion Frame Adapter Protective Bracket   Action Camera Adapter Compatible for DJI Osm o Pocket 3 Accessories with 1 4 Col,1,806.0,Shipment,RUSHIKONDA APIIC,Shipment,806.0,0.0,1,False,
2025-07-26,HYD3-720,LGONEX4_PREMIUM,B0DZ13Z8RF,yantralay Lens Protector for Insta360 X4  Removable Optical Glass Lens   Anti Scratch  Insta 360 X4 Accessories,1,2534.0,Shipment,BENGALURU,Shipment,2534.0,0.0,1,False,
2025-07-27,HYD3-721,GP100,B0723FF53T,yantralay 40 in 1 Action Camera Mount Kit for Hero 13 12 11 10 9 8 7 6 5 SJCAM  Osmo Action 3   4  Insta 360   More   with Selfie Monopod  Straps  Mou,1,1139.0,Shipment,nagercoil,Shipment,1139.0,0.0,1,False,
2025-07-27,HYD8-282,GP10_ONEX4_STARTRC,B0DDXP86FQ,yantralay x Startr c Carrying Case for Insta 360 X4 X5  Portable PU Storage Protective Bag Travel Case for Insta 360 X4 X5 Accessories with Large Capa,1,1637.0,Shipment,PUDUPAKKAM,Shipment,1637.0,0.0,1,False,
2025-07-26,HYD3-719,ACFRAMEONEX4_HZ_AL,B0DZZ6M6F2,yantralay Horizontal Vertical Mount Bracket for Insta360 ONE X4   90  Aluminum Vertical Frame Adapter  Durable   Lightweight Insta360 X4 Accessory fo,1,1699.0,Shipment,NEW DELHI,Shipment,1699.0,0.0,1,False,
2025-07-27,HYD3-722,GP100,B0723FF53T,yantralay 40 in 1 Action Camera Mount Kit for Hero 13 12 11 10 9 8 7 6 5 SJCAM  Osmo Action 3   4  Insta 360   More   with Selfie Monopod  Straps  Mou,1,1198.0,Shipment,BENGALURU,Shipment,1198.0,0.0,1,False,
2025-07-23,HYD3-701,GP47-S,B08RDGDZJG,Taisioner Super Clamp Mount Double Ball Head Adapter Compatible with GoPro AKASO DJI Action or DSLR Camera Accessories,0,0.0,Refund,NEW TOWN,Refund,0.0,0.0,0,False,
2025-07-27,HYD8-284,IN1_AL,B0D4536M61,yantralay 4 in 1 Motorcycle Mount Bundle with Unicorn Helmet Extension Arm Adhesive Kit Compatible for Insta360 One X4 X3 X2  ONE R RS  Hero 13 12 11,1,1987.0,Shipment,Hyderabad,Shipment,1987.0,0.0,1,False,
2025-07-27,HYD3-724,SGOLED2,B0FDQL7DFH,yantralay Tempered Glass Screen Protector for Nintendo Switch 2  2025    Ultra Thin HD Clear Film Guard with Rounded Edges for 7 9 Inch Display  1 Pac,1,499.0,Shipment,PUNALUR,Shipment,499.0,0.0,1,False,
2025-07-27,HYD8-283,GP10_RS4_STARTRC,B0DB1TQPH3,yantralay Portable Carrying Storage Case for DJ I Ronin RS4   RS4 Pro Gimbal EVA Handbag Travel Handheld Shoulder Bag  Grey,1,2706.0,Shipment,KURNOOL,Shipment,2706.0,0.0,1,False,
2025-07-24,HYD8-273,LED_T2,B0F2GKLDXR,Yantralay Slab Key Light for Video Shooting   Content Creation   Adjustable Photography Fill Light   5 Color Temperatures  3200K 5600K    1455 Lumens,1,-1804.0,Refund,NAGPUR,Refund,-1804.0,0.0,0,False,
2025-07-27,HYD3-725,GP100,B0723FF53T,yantralay 40 in 1 Action Camera Mount Kit for Hero 13 12 11 10 9 8 7 6 5 SJCAM  Osmo Action 3   4  Insta 360   More   with Selfie Monopod  Straps  Mou,1,1139.0,Shipment,BENGALURU,Shipment,1139.0,0.0,1,False,
2025-07-27,HYD8-285,GP10_RS4MINI_STARTRC,B0DZZFNDHP,yantralay Portable Carrying Storage Case for DJ I Ronin RS4Mini Gimbal EVA Handbag Travel Handheld Shoulder Bag  RS4MINI,1,2631.0,Shipment,GURGAON,Shipment,2631.0,0.0,1,False,
2025-07-27,HYD3-723,ACFRAMEONEX4_HZ_AL,B0DZZ6M6F2,yantralay Horizontal Vertical Mount Bracket for Insta360 ONE X4   90  Aluminum Vertical Frame Adapter  Durable   Lightweight Insta360 X4 Accessory fo,1,1699.0,Shipment,PUNE,Shipment,1699.0,0.0,1,False,
2025-07-28,HYD8-286,GP10_RS4_STARTRC,B0DB1TQPH3,yantralay Portable Carrying Storage Case for DJ I Ronin RS4   RS4 Pro Gimbal EVA Handbag Travel Handheld Shoulder Bag  Grey,1,2706.0,Shipment,RAJAHMUNDRY,Shipment,2706.0,0.0,1,False,
2025-07-28,HYD3-728,GP10KIT_KIT2,B0FBS5Q11T,nan,1,0.0,Cancel,CHIPLUN,Cancel,0.0,0.0,0,False,
2025-07-28,HYD3-727,GP100,B0723FF53T,yantralay 40 in 1 Action Camera Mount Kit for Hero 13 12 11 10 9 8 7 6 5 SJCAM  Osmo Action 3   4  Insta 360   More   with Selfie Monopod  Straps  Mou,1,1139.0,Shipment,BENGALURU,Shipment,1139.0,0.0,1,False,
2025-07-28,HYD8-288,GP46-M,B0F91GXT2N,yantralay Double Clamp Mount Bracket with 1 4  Ball Head for GoPro  Insta 360 X2 X3  Action Cameras   Handlebar  Motorcycle  Bicycle  Selfie Stick  St,1,1754.0,Shipment,NAGPUR,Shipment,1754.0,0.0,1,False,
2025-07-28,HYD8-289,GP46-M,B0F91GXT2N,yantralay Double Clamp Mount Bracket with 1 4  Ball Head for GoPro  Insta 360 X2 X3  Action Cameras   Handlebar  Motorcycle  Bicycle  Selfie Stick  St,1,1754.0,Shipment,GREATER NOIDA,Shipment,1754.0,0.0,1,False,
2025-07-28,HYD3-731,GP47_NEW,B0DRYJZ6VH,Yantralay 360  Rotatable Camera Bike Mount Clamp Motorcycle Handlebar Pole Aluminium Mount for Insta360 X4 X3  Ace Pro Pro2  Hero13 12 11 10 9 For Os,1,1349.0,Shipment,Ludhiana,Shipment,1349.0,0.0,1,False,
2025-07-28,HYD3-730,SGOLED2,B0FDQL7DFH,yantralay Tempered Glass Screen Protector for Nintendo Switch 2  2025    Ultra Thin HD Clear Film Guard with Rounded Edges for 7 9 Inch Display  1 Pac,1,499.0,Shipment,NEW DELHI,Shipment,499.0,0.0,1,False,
2025-07-28,HYD3-733,SGOLED2,B0FDQL7DFH,yantralay Tempered Glass Screen Protector for Nintendo Switch 2  2025    Ultra Thin HD Clear Film Guard with Rounded Edges for 7 9 Inch Display  1 Pac,1,499.0,Shipment,BENGALURU,Shipment,499.0,0.0,1,False,
2025-07-28,HYD3-734,DA34,B0DQQ96VMF,yantralay Handheld Adapter for Wireless Interview with Foam Windshield   Reduce Wind Noise  Compatible with Digite k DWM 101  DJI MIC MIC2  Rode Rode,1,699.0,Shipment,HYDERABAD,Shipment,699.0,0.0,1,False,
2025-07-28,HYD3-732,GP47_NEW,B0DRYJZ6VH,Yantralay 360  Rotatable Camera Bike Mount Clamp Motorcycle Handlebar Pole Aluminium Mount for Insta360 X4 X3  Ace Pro Pro2  Hero13 12 11 10 9 For Os,1,1349.0,Shipment,RAMAGUNDAM,Shipment,1349.0,0.0,1,False,
2025-07-28,HYD8-291,GP46-M,B0F91GXT2N,yantralay Double Clamp Mount Bracket with 1 4  Ball Head for GoPro  Insta 360 X2 X3  Action Cameras   Handlebar  Motorcycle  Bicycle  Selfie Stick  St,1,1754.0,Shipment,THANE,Shipment,1754.0,0.0,1,False,
2025-07-27,HYD3-725,GP100,B0723FF53T,yantralay 40 in 1 Action Camera Mount Kit for Hero 13 12 11 10 9 8 7 6 5 SJCAM  Osmo Action 3   4  Insta 360   More   with Selfie Monopod  Straps  Mou,1,-1139.0,Refund,BENGALURU,Refund,-1139.0,0.0,0,False,
2025-07-28,HYD8-287,GP46-M_GP46-S_GP25_150CMS,B0F99WWGGT,yantralay Motorcycle Handlebar Clamp Kit with Dual Clamp Mounts   Invisible Selfie Stick for Insta 360 X4 X3 X2 One RS GO 3   Bike Action Camera Mount,2,8772.0,Shipment,HYDERABAD,Shipment,8772.0,0.0,2,False,
2025-07-25,HYD8-275,GP46-M_GP46-S_GP25_150CMS,B0F99WWGGT,yantralay Motorcycle Handlebar Clamp Kit with Dual Clamp Mounts   Invisible Selfie Stick for Insta 360 X4 X3 X2 One RS GO 3   Bike Action Camera Mount,1,-4386.0,Refund,BERHAMPUR,Refund,-4386.0,0.0,0,False,
2025-07-17,HYD3-640,CWATCUN_D125-OLIVEGREENN,B0D8HWN2JJ,Cwatcun Camera Backpack Bag Small Fashion DSLR Camera Bag with Tripod Strap Laptop Compartment and Removable Padded Dividers  Green  Small  Fashion,1,-3394.03,Refund,CHENNAI,Refund,-3394.03,0.0,0,False,
2025-07-19,HYD8-253,GP10_ONEX4_STARTRC,B0DDXP86FQ,yantralay x Startr c Carrying Case for Insta 360 X4 X5  Portable PU Storage Protective Bag Travel Case for Insta 360 X4 X5 Accessories with Large Capa,1,-1587.89,Refund,BHATAPARA,Refund,-1587.89,0.0,0,False,
2025-07-21,HYD3-689,GP47_NEW,B0DRYJZ6VH,Yantralay 360  Rotatable Camera Bike Mount Clamp Motorcycle Handlebar Pole Aluminium Mount for Insta360 X4 X3  Ace Pro Pro2  Hero13 12 11 10 9 For Os,1,-1308.53,Refund,GURUGRAM,Refund,-1308.53,0.0,0,False,
2025-07-29,HYD3-735,GP28COMBO_X3N,B0BY8178B6,PellKing Camera Protective Accessories Kit for Insta360 X3  Inst 360 X3 Bundle Include Lens Guard Silicone Protective Cover Screen Protectors Camera C,1,1120.0,Shipment,Hyderabad,Shipment,1120.0,0.0,1,False,
2025-07-14,HYD3-622,GP10_OA3,B0DMSYR199,yantralay Carrying Case for DJ I Os mo Action 5 Pro Action 4  Action 3 Cameras  Storage Bag Case with Shoulder Strap  DJ I Osm o Action Camera Accesso,1,-1357.03,Refund,MUMBAI,Refund,-1357.03,0.0,0,False,
2025-07-29,HYD3-736,SGOLED2,B0FDQL7DFH,yantralay Tempered Glass Screen Protector for Nintendo Switch 2  2025    Ultra Thin HD Clear Film Guard with Rounded Edges for 7 9 Inch Display  1 Pac,1,499.0,Shipment,CHENNAI,Shipment,499.0,0.0,1,False,
2025-07-28,HYD3-729,ACFRAMEONEX4_HZ_AL,B0DZZ6M6F2,yantralay Horizontal Vertical Mount Bracket for Insta360 ONE X4   90  Aluminum Vertical Frame Adapter  Durable   Lightweight Insta360 X4 Accessory fo,1,1699.0,Shipment,MUMBAI,Shipment,1699.0,0.0,1,False,
2025-07-29,HYD3-738,PS5_VERTICALSTAND,B0DGTZGCNQ,yantralay 2 in 1 Vertical Stand for PS 5   PS 5 Slim Consoles Non Slip Base Mount for PS 5 Accessories  for PS5   PS5 Slim Digital   Disc Version,1,899.0,Shipment,Hyderabad,Shipment,899.0,0.0,1,False,
2025-07-29,HYD3-740,GP1620_TLS,B08S7D4LKH,yantralay Upgraded Helmet Chin Strap Mount for Hero 13 12 11 10 9 8 7 6 5  SJCAM  Insta 360   DJI Osmo Action 3   4   Adjustable   Secure Camera Moun,1,1201.0,Shipment,DULIAJAN,Shipment,1201.0,0.0,1,False,
2025-07-29,HYD3-739,IN_MICMOUNT_X4,B0DZJQ8F1R,yantralay External Microphone Aluminium Mount Compatible with Insta 360 X4 X3 X2  Insta 360 Camera Accessories,1,1530.0,Shipment,Srikakulam,Shipment,1530.0,0.0,1,False,
2025-07-29,HYD3-737,GP1620_TLS,B08S7D4LKH,yantralay Upgraded Helmet Chin Strap Mount for Hero 13 12 11 10 9 8 7 6 5  SJCAM  Insta 360   DJI Osmo Action 3   4   Adjustable   Secure Camera Moun,1,1201.0,Shipment,NARASAPUR,Shipment,1201.0,0.0,1,False,
2025-07-27,HYD8-285,GP10_RS4MINI_STARTRC,B0DZZFNDHP,yantralay Portable Carrying Storage Case for DJ I Ronin RS4Mini Gimbal EVA Handbag Travel Handheld Shoulder Bag  RS4MINI,1,-2631.0,Refund,GURGAON,Refund,-2631.0,0.0,0,False,
2025-07-24,HYD3-705,ACFRAMEONEX4_HZ_AL,B0DZZ6M6F2,yantralay Horizontal Vertical Mount Bracket for Insta360 ONE X4   90  Aluminum Vertical Frame Adapter  Durable   Lightweight Insta360 X4 Accessory fo,1,-1699.0,Refund,MUMBAI,Refund,-1699.0,0.0,0,False,
2025-07-20,HYD3-672,GP47_NEW,B0DRYJZ6VH,Yantralay 360  Rotatable Camera Bike Mount Clamp Motorcycle Handlebar Pole Aluminium Mount for Insta360 X4 X3  Ace Pro Pro2  Hero13 12 11 10 9 For Os,1,-1308.53,Refund,MUMBAI,Refund,-1308.53,0.0,0,False,
2025-07-29,HYD3-741,PS10_OLEDCOMBO_GREEN,B0DJFLRGQF,yantralay 4 in 1 Carrying Case Pouch with Protective Cover for Nintendo Switch OLED  Non Slip Soft Case Cover  Screen Protectors   Thumb Grips for Swi,1,1139.0,Shipment,HYDERABAD,Shipment,1139.0,0.0,1,False,
2025-07-28,HYD3-728,GP10KIT_KIT2,B0FBS5Q11T,yantralay 61 in 1 Action Camera Accessories Kit Compatible with Go Pro Hero 13 12 11 10 9  Action 5 4 3  Action  Insta 360 X5 X4 X3   All Other Action,1,1699.0,Shipment,CHIPLUN,Shipment,1699.0,0.0,1,False,
2025-07-30,HYD8-293,GP1620_TLS,B08S7D4LKH,yantralay Upgraded Helmet Chin Strap Mount for Hero 13 12 11 10 9 8 7 6 5  SJCAM  Insta 360   DJI Osmo Action 3   4   Adjustable   Secure Camera Moun,1,1164.97,Shipment,CHENNAI,Shipment,1164.97,0.0,1,False,
2025-07-30,HYD3-744,GP47_NEW,B0DRYJZ6VH,Yantralay 360  Rotatable Camera Bike Mount Clamp Motorcycle Handlebar Pole Aluminium Mount for Insta360 X4 X3  Ace Pro Pro2  Hero13 12 11 10 9 For Os,1,1308.53,Shipment,HYDERABAD,Shipment,1308.53,0.0,1,False,
2025-07-30,HYD3-743,GP47_NEW,B0DRYJZ6VH,Yantralay 360  Rotatable Camera Bike Mount Clamp Motorcycle Handlebar Pole Aluminium Mount for Insta360 X4 X3  Ace Pro Pro2  Hero13 12 11 10 9 For Os,1,1308.53,Shipment,Kurnool,Shipment,1308.53,0.0,1,False,
2025-07-30,HYD8-294,DITTOPRO-BLACK_DIVOOMN,B07YWWYK86,Divoom  Ditoo Pro Retro Pixel Art Game Bluetooth Speaker with 16X16 LED App Controlled Front Screen   Black,1,14847.0,Shipment,Mumbai,Shipment,14847.0,0.0,1,False,
2025-07-30,HYD3-745,TR-S-CAMOFLAGUE_TARIONN,B0BM9GT8NT,TARION Camera Sling Bag DSLR Sling Pack for Men Women Photographers with Waterproof Raincover Tripod Holder Sling Backpack Camera Bag Backpack Photogr,1,4928.03,Shipment,PONDA,Shipment,4928.03,0.0,1,False,
2025-07-30,HYD8-295,GP10_ONEX4_STARTRC,B0DDXP86FQ,yantralay x Startr c Carrying Case for Insta 360 X4 X5  Portable PU Storage Protective Bag Travel Case for Insta 360 X4 X5 Accessories with Large Capa,1,1587.89,Shipment,HYDERABAD,Shipment,1587.89,0.0,1,False,
2025-07-28,HYD8-286,GP10_RS4_STARTRC,B0DB1TQPH3,yantralay Portable Carrying Storage Case for DJ I Ronin RS4   RS4 Pro Gimbal EVA Handbag Travel Handheld Shoulder Bag  Grey,1,-2706.0,Refund,RAJAHMUNDRY,Refund,-2706.0,0.0,0,False,
2025-07-31,HYD3-747,PS1,B0BJBL1XBS,yantralay Polyester Dual Controller Hard Carry Case Compatible With Ps5 Ps4 Xbox Ipega Controllers   3 Layer Protection Travel Carry Case   Grey,1,833.23,Shipment,HYDERABAD,Shipment,833.23,0.0,1,False,
2025-07-19,HYD3-668,ACFRAMEONEX4_HZ_AL,B0DZZ6M6F2,yantralay Horizontal Vertical Mount Bracket for Insta360 ONE X4   90  Aluminum Vertical Frame Adapter  Durable   Lightweight Insta360 X4 Accessory fo,1,-1648.03,Refund,PO RAMCHANDRAPUR ASHRAM,Refund,-1648.03,0.0,0,False,
2025-07-31,HYD3-746,ACCHARGERONEX2N,B09Y23TXKZ,yantralay Dual Slot Battery Charger Compatible for Insta 360 ONE X2   Fast Charging  Compact Design  LED Indicators   Includes USB Cable   Travel Frie,1,920.53,Shipment,VIMAN NAGAR,Shipment,920.53,0.0,1,False,
2025-07-31,HYD8-296,GP100,B0723FF53T,yantralay 40 in 1 Action Camera Mount Kit for Hero 13 12 11 10 9 8 7 6 5 SJCAM  Osmo Action 3   4  Insta 360   More   with Selfie Monopod  Straps  Mou,1,1055.36,Shipment,Hanmakonda Warangal,Shipment,1055.36,0.0,1,False,
2025-07-31,HYD3-748,GP1620_TLS,B08S7D4LKH,yantralay Upgraded Helmet Chin Strap Mount for Hero 13 12 11 10 9 8 7 6 5  SJCAM  Insta 360   DJI Osmo Action 3   4   Adjustable   Secure Camera Moun,1,1106.77,Shipment,ROURKELA,Shipment,1106.77,0.0,1,False,
2025-07-31,HYD8-297,TY98_TUYU,B0F7RP62NV,yantralay Motorcycle Windshield Mounting Clamp Aluminum Mount for Go Pro Hero 13 12 11 10 9 Insta 360 X3 DJ I Action 3 Action Camera Accessories,1,1842.03,Shipment,HYDERABAD,Shipment,1842.03,0.0,1,False,
2025-07-31,HYD3-749,GP45-S,B0F88FL4CN,yantralay Magnetic Camera Mount for Hero 13 12 11 10 9  Insta360 X5 X4 X3  Action 4 5  Osmo Pocket 3   360  Quick Release Car Holder  Heavy Duty Magn,1,1502.53,Shipment,NANNAMBRA,Shipment,1502.53,0.0,1,False,
2025-06-30,HYD3-568,GP47-M,B0F91SSVW8,yantralay Action Camera Handlebar Mount with 360  Dual Ball Head   Super Clamp for Go Pro  Insta 360  Mobile  Bike  Motorcycle   Universal Quick Rele,1,-1799.0,Refund,BENGALURU,Refund,-1799.0,0.0,0,False,
2025-06-27,HYD3-552,CWATCUN_D128-M-BLACKN,B0D8HVVY42,Cwatcun Canvas Camera Bag  DSLR SLR Camera Backpack for Photographers with Waterproof Rain Cover  Camera Case with 16  Laptop Compartment   Tripod Hol,1,-5999.0,Refund,Anakapalli,Refund,-5999.0,0.0,0,False,
2025-06-23,HYD3-539,LGONEX4,B0F7RT4HGJ,yantralay 2Pcs Lens Guard for Insta 360 X4   Scratch Resistant Protective Lens Cover   High Transparency Optical Coated Cap   Insta 360 X4 Camera Acce,1,-759.05,Refund,BENGALURU,Refund,-759.05,0.0,0,False,
2025-06-25,HYD8-150,LGONEX4_PREMIUM,B0DZ13Z8RF,yantralay Lens Protector for Insta360 X4  Removable Optical Glass Lens   Anti Scratch  Insta 360 X4 Accessories,1,-2407.3,Refund,BENGALURU,Refund,-2407.3,0.0,0,False,
