Invoice Date,Invoice Number,Sku,Asin,Item Description,Quantity,Invoice Amount,Transaction Type,Ship To City,transaction_type,revenue_calc,shipping_loss_calc,units_sold_calc,needs_estimation,month_tag
2025-08-31,PNQ2-486,PS1,B0BJBL1XBS,yantralay Polyester Dual Controller Hard Carry Case Compatible With Ps5 Ps4 Xbox Ipega Controllers   3 Layer Protection Travel Carry Case   Grey,1,-877.85,Refund,NEW DELHI,Refund,-877.85,0.0,0,False,
2025-08-27,PNQ2-474,ACCASEYTG9,B08NF6HMG6,yantralay YT G9 Vlogging Case with Dual Cold Shoe Mount for Hero 12 11 10 9  Removable 52mm Filter Ring  All in One Kit with Case Door  Lens Protector,1,-936.05,Refund,KHUNTI,Refund,-936.05,0.0,0,False,
2025-08-07,PNQ2-405,PS2_YELLOW,B0BL1HQ3C4,yantralay Controller Gamepad Carry Case   Ultimate Protection Compatible for PS5 PS4 PS3 Switch Pro Xbox Joysticks Waterproof  Scratch Protection  Dur,1,-484.03,Refund,NEW DELHI,Refund,-484.03,0.0,0,False,
2025-08-26,PNQ2-472,GP49,B0D456N4QM,yantralay Motorcycle Bike Bicycle Handlebar Mount Clamps with 1 4  Screw Compatible 8 35mm for Gopro Hero 13 12 11 10 9 Max Insta360 ONE X5 X4 X3  ONE,1,-873.97,Refund,ALLAHABAD,Refund,-873.97,0.0,0,False,
2025-09-01,PNQ2-489,ACCHARGERGP5_3,B08LYVPLR9,Yantralay 3 Channel AHDBT 501 Battery Charger for Hero 5 6 7   8 Black Action Camera   USB Cable Included   Fast Charging Dock,1,823.0,Shipment,BARASAT,Shipment,823.0,0.0,1,False,
2025-09-01,PNQ2-490,GP49,B0D456N4QM,yantralay Motorcycle Bike Bicycle Handlebar Mount Clamps with 1 4  Screw Compatible 8 35mm for Gopro Hero 13 12 11 10 9 Max Insta360 ONE X5 X4 X3  ONE,1,901.0,Shipment,Dehradun,Shipment,901.0,0.0,1,False,
2025-09-01,PNQ2-491,ACCASEYTG9,B08NF6HMG6,yantralay YT G9 Vlogging Case with Dual Cold Shoe Mount for Hero 12 11 10 9  Removable 52mm Filter Ring  All in One Kit with Case Door  Lens Protector,1,965.0,Shipment,GREATER NOIDA,Shipment,965.0,0.0,1,False,
2025-09-02,PNQ2-492,GP49,B0D456N4QM,yantralay Motorcycle Bike Bicycle Handlebar Mount Clamps with 1 4  Screw Compatible 8 35mm for Gopro Hero 13 12 11 10 9 Max Insta360 ONE X5 X4 X3  ONE,1,901.0,Shipment,JABALPUR,Shipment,901.0,0.0,1,False,
2025-09-02,PNQ2-494,ACCHARGERGP5_3,B08LYVPLR9,Yantralay 3 Channel AHDBT 501 Battery Charger for Hero 5 6 7   8 Black Action Camera   USB Cable Included   Fast Charging Dock,1,823.0,Shipment,HYDERABAD,Shipment,823.0,0.0,1,False,
2025-09-02,PNQ2-495,TY98_TUYU,B0F7RP62NV,yantralay Motorcycle Windshield Mounting Clamp Aluminum Mount for Insta 360 X5 X4 X3  Go Pro Hero 13 12 11 10 9  D J I Action 5 Pro  4 3 Action Camera,1,1851.0,Shipment,kanpur,Shipment,1851.0,0.0,1,False,
2025-09-02,PNQ2-493,ACCASEYTG9,B08NF6HMG6,yantralay YT G9 Vlogging Case with Dual Cold Shoe Mount for Hero 12 11 10 9  Removable 52mm Filter Ring  All in One Kit with Case Door  Lens Protector,1,965.0,Shipment,CHENNAI,Shipment,965.0,0.0,1,False,
2025-09-04,PNQ2-496,PS2_RED,B0BL1HF4NJ,yantralay Nylon Controller Gamepad Carry Case   Ultimate Protection Compatible For PS5 PS4 PS3 Switch Pro Xbox Joysticks Waterproof  Scratch Protectio,1,484.03,Shipment,NEW DELHI,Shipment,484.03,0.0,1,False,
2025-09-04,PNQ2-497,GP49,B0D456N4QM,yantralay Motorcycle Bike Bicycle Handlebar Mount Clamps with 1 4  Screw Compatible 8 35mm for Gopro Hero 13 12 11 10 9 Max Insta360 ONE X5 X4 X3  ONE,1,873.97,Shipment,Banka,Shipment,873.97,0.0,1,False,
2025-09-06,PNQ2-498,GP162TELESINN,B07G5XWJJM,TELESIN Motorcycle Helmet Strap Mount Front Chin Mount for GoPro Hero 2018 7 6 5 4 3  Session  SJCAM  AKASO  Campark  Polaroid  YI Action Camera Helme,1,869.18,Shipment,GURUGRAM,Shipment,869.18,0.0,1,False,
2025-09-07,PNQ2-499,GP162TELESINN,B07G5XWJJM,TELESIN Motorcycle Helmet Strap Mount Front Chin Mount for GoPro Hero 2018 7 6 5 4 3  Session  SJCAM  AKASO  Campark  Polaroid  YI Action Camera Helme,1,770.18,Shipment,DIPHU,Shipment,770.18,0.0,1,False,
2025-09-08,PNQ2-501,ACCHARGERGP5_3,B08LYVPLR9,Yantralay 3 Channel AHDBT 501 Battery Charger for Hero 5 6 7   8 Black Action Camera   USB Cable Included   Fast Charging Dock,1,798.31,Shipment,BENGALURU,Shipment,798.31,0.0,1,False,
2025-09-08,PNQ2-502,ACCHARGERGP5_3,B08LYVPLR9,Yantralay 3 Channel AHDBT 501 Battery Charger for Hero 5 6 7   8 Black Action Camera   USB Cable Included   Fast Charging Dock,1,798.31,Shipment,KOLKATA,Shipment,798.31,0.0,1,False,
2025-09-08,PNQ2-503,S13,B07MG832T8,yantralay Universal 360  Rotating Vertical Mobile Tripod Monopod Mount for Smartphones up to 4 1  Width   Compatible with Samsung  iPhone  Xiaomi  On,1,289.0,Shipment,CHAMBA,Shipment,289.0,0.0,1,False,
2025-09-07,PNQ2-500,ACCHARGERGP5_3,B08LYVPLR9,Yantralay 3 Channel AHDBT 501 Battery Charger for Hero 5 6 7   8 Black Action Camera   USB Cable Included   Fast Charging Dock,1,798.31,Shipment,NAVI MUMBAI,Shipment,798.31,0.0,1,False,
2025-09-12,PNQ2-504,S13,B07MG832T8,yantralay Universal 360  Rotating Vertical Mobile Tripod Monopod Mount for Smartphones up to 4 1  Width   Compatible with Samsung  iPhone  Xiaomi  On,1,249.0,Shipment,NEW DELHI,Shipment,249.0,0.0,1,False,
2025-09-15,PNQ2-505,PS1,B0BJBL1XBS,yantralay Polyester Dual Controller Hard Carry Case Compatible With Ps5 Ps4 Xbox Ipega Controllers   3 Layer Protection Travel Carry Case   Grey,1,905.0,Shipment,GURUGRAM,Shipment,905.0,0.0,1,False,
2025-09-15,PNQ2-506,PS10_OLEDCOMBO_YELLOW,B0DJFL8DBY,yantralay Carry Case Pouch Cover Compatible with Nintendo Switch OLED  OLED 2 with Game Card Slots for Switch Switch OLED OLED 2 Accessories  Video Ga,1,1139.0,Shipment,NEW DELHI,Shipment,1139.0,0.0,1,False,
2025-09-15,PNQ2-507,GP162TELESINN,B07G5XWJJM,TELESIN Motorcycle Helmet Strap Mount Front Chin Mount for GoPro Hero 2018 7 6 5 4 3  Session  SJCAM  AKASO  Campark  Polaroid  YI Action Camera Helme,1,794.0,Shipment,Jaipur,Shipment,794.0,0.0,1,False,
2025-09-16,PNQ2-508,PS10_OLEDCOMBO_YELLOW,B0DJFL8DBY,yantralay Carry Case Pouch Cover Compatible with Nintendo Switch OLED  OLED 2 with Game Card Slots for Switch Switch OLED OLED 2 Accessories  Video Ga,1,1139.0,Shipment,KHAMBHAT,Shipment,1139.0,0.0,1,False,
2025-09-17,PNQ2-509,GP46-L,B0F91GCRP4,yantralay Double Clamp Mount Bracket with 1 4  Ball Head for Go Pro 13 12 11  Insta 360 X5 X4 X3 Handlebar  Motorcycle  Bicycle  Selfie Stick  Studio,1,1851.0,Shipment,NOIDA,Shipment,1851.0,0.0,1,False,
2025-09-17,PNQ2-510,GP12,B0D7BZ38X8,yantralay Aluminium Car Suction Mount 360  Rotatable for Insta 360 X5 X4 X3 X2  Ace Pro ONE R RS  Hero 13 12 11 10 9 8 7  DJI Osmo Action Series   Al,1,1291.0,Shipment,Dhekiajuli,Shipment,1291.0,0.0,1,False,
2025-09-17,PNQ2-512,GP47-LN,B0F91S2PFT,Yantralay Action Camera Handlebar Mount with 360  Dual Ball Head   Super Clamp for Go Pro  Insta 360  Mobile  Bike  Motorcycle   Universal Quick Rele,1,1804.05,Shipment,NOIDA,Shipment,1804.05,0.0,1,False,
2025-09-17,PNQ2-511,GP47-M,B0F91SSVW8,yantralay Action Camera Handlebar Mount with 360  Dual Ball Head   Super Clamp for Go Pro  Insta 360  Mobile  Bike  Motorcycle   Universal Quick Rele,1,1754.0,Shipment,Chomu,Shipment,1754.0,0.0,1,False,
2025-09-18,PNQ2-514,ACFRAMEONEX5_AL,B0FJG46XCP,Yantralay Accessories for Insta 360 X5   Aluminum Frame Mount   Insta 360 X5 Accessories  X5 Aluminium Frame,1,3981.45,Shipment,BENGALURU,Shipment,3981.45,0.0,1,False,
2025-09-18,PNQ2-515,DR_STRAP-1133202,B0CNLDVL42,STARTRC Lanyard Neck Strap for DJI RC Controller  Adjustable for Mini 4 Pro Air 3 Mini 3 Mavic 3 Remote Controller Accessories  Grey,1,1533.3,Shipment,NIWARI,Shipment,1533.3,0.0,1,False,
2025-09-20,PNQ2-516,GP47-SN,B0F91PMBC5,yantralay Action Camera Handlebar Mount with 360  Dual Ball Head   Super Clamp for Go Pro  Insta 360  Mobile  Bike  Motorcycle   Universal Quick Rele,1,1573.2,Shipment,NOIDA,Shipment,1573.2,0.0,1,False,
2025-09-21,PNQ2-518,MP_OA5,B0F9X1YNVL,yantralay Camera Lavalier Clip on Type C Microphone for DJ I Action 3 4 Collar Clip Microphone  Without Need of Mic Adapter  1 5M Cable Length   Black,1,1461.0,Shipment,Noida,Shipment,1461.0,0.0,1,False,
2025-09-21,PNQ2-519,GP43_OP3_STARTRC,B0CT3TFRJL,yantralay Ethylene Vinyl Acetate  EVA  Portable Carry Case for DJI Osmo Pocket 3 Creator Combo   Protective Bag with Adjustable Shoulder Strap   Large,1,999.0,Shipment,BENGALURU,Shipment,999.0,0.0,1,False,
2025-09-21,PNQ2-517,ACCHARGERONEX5_3_AMG,B0FKYRJB8C,Yantralay Charging Case for Insta 360 X5   3 Battery Charger Hub with Intelligent Fast Charging  Automatic Pop Up Lid  Simultaneous Charging Station f,1,1424.05,Shipment,GURUGRAM,Shipment,1424.05,0.0,1,False,
2025-09-21,PNQ2-521,GP43_OP3_STARTRC,B0CT3TFRJL,yantralay Ethylene Vinyl Acetate  EVA  Portable Carry Case for DJI Osmo Pocket 3 Creator Combo   Protective Bag with Adjustable Shoulder Strap   Large,1,999.0,Shipment,URMAR TANDA,Shipment,999.0,0.0,1,False,
2025-09-22,PNQ2-523,PS5SLIM_DUSTCOVER,B0DWLGZ3DN,nan,1,0.0,Cancel,HYDERABAD,Cancel,0.0,0.0,0,False,
2025-09-22,PNQ2-524,PS5SLIM_DUSTCOVER,B0DWLGZ3DN,yantralay Neoprene Dust Proof Protective Waterproof Cover Sleeve Compatible with PS 5   PS 5 Slim Digital and Disc Edition Version  PS5 Slim,1,499.0,Shipment,HYDERABAD,Shipment,499.0,0.0,1,False,
2025-09-22,PNQ2-522,MP_OA5,B0F9X1YNVL,yantralay Camera Lavalier Clip on Type C Microphone for DJ I Action 3 4 Collar Clip Microphone  Without Need of Mic Adapter  1 5M Cable Length   Black,1,1424.05,Shipment,CHENNAI,Shipment,1424.05,0.0,1,False,
2025-09-23,PNQ2-526,MP_OA5,B0F9X1YNVL,yantralay Camera Lavalier Clip on Type C Microphone for DJ I Action 3 4 Collar Clip Microphone  Without Need of Mic Adapter  1 5M Cable Length   Black,1,0.0,FreeReplacement,HYDERABAD,FreeReplacement,0.0,0.0,0,True,
2025-09-23,PNQ2-527,GP46-S,B0F91G6H93,yantralay Double Clamp Mount Bracket with 1 4  Ball Head for GoPro  Insta 360 X2 X3  Action Cameras   Handlebar  Motorcycle  Bicycle  Selfie Stick  St,1,1614.05,Shipment,PUNE,Shipment,1614.05,0.0,1,False,
2025-09-23,PNQ2-531,GP162TELESINN,B07G5XWJJM,nan,1,0.0,Cancel,DEHRADUN,Cancel,0.0,0.0,0,False,
2025-09-23,PNQ2-528,PS1,B0BJBL1XBS,yantralay Polyester Dual Controller Hard Carry Case Compatible With Ps5 Ps4 Xbox Ipega Controllers   3 Layer Protection Travel Carry Case   Grey,1,848.0,Shipment,NOIDA,Shipment,848.0,0.0,1,False,
2025-09-23,PNQ2-530,PS1,B0BJBL1XBS,yantralay Polyester Dual Controller Hard Carry Case Compatible With Ps5 Ps4 Xbox Ipega Controllers   3 Layer Protection Travel Carry Case   Grey,1,805.6,Shipment,GHAZIABAD,Shipment,805.6,0.0,1,False,
2025-09-23,PNQ2-531,GP162TELESINN,B07G5XWJJM,TELESIN Motorcycle Helmet Strap Mount Front Chin Mount for GoPro Hero 2018 7 6 5 4 3  Session  SJCAM  AKASO  Campark  Polaroid  YI Action Camera Helme,1,794.0,Shipment,DEHRADUN,Shipment,794.0,0.0,1,False,
2025-09-23,PNQ2-532,ACCHARGERONEX5_3_AMG,B0FKYRJB8C,Yantralay Charging Case for Insta 360 X5   3 Battery Charger Hub with Intelligent Fast Charging  Automatic Pop Up Lid  Simultaneous Charging Station f,1,1499.0,Shipment,NEW DELHI,Shipment,1499.0,0.0,1,False,
2025-09-22,PNQ2-522,MP_OA5,B0F9X1YNVL,yantralay Camera Lavalier Clip on Type C Microphone for DJ I Action 3 4 Collar Clip Microphone  Without Need of Mic Adapter  1 5M Cable Length   Black,1,-1424.05,Refund,CHENNAI,Refund,-1424.05,0.0,0,False,
2025-09-24,PNQ2-535,ACCHARGERONEX5_3_AMG,B0FKYRJB8C,Yantralay Charging Case for Insta 360 X5   3 Battery Charger Hub with Intelligent Fast Charging  Automatic Pop Up Lid  Simultaneous Charging Station f,1,1454.03,Shipment,NEW DELHI,Shipment,1454.03,0.0,1,False,
2025-09-23,PNQ2-533,GP46-M,B0F91GXT2N,yantralay Double Clamp Mount Bracket with 1 4  Ball Head for GoPro  Insta 360 X2 X3  Action Cameras   Handlebar  Motorcycle  Bicycle  Selfie Stick  St,1,1799.0,Shipment,PATNA,Shipment,1799.0,0.0,1,False,
2025-09-23,PNQ2-529,GP47-L_TLS,B0DJ9S3SY7,yantralay Camera Clamp Mount   360  Ball Joint Handlebar Holder for Go Pro Hero 13 12 11 10 9  Insta360 X4 X3 X2  ONE R RS  DJI Osmo Action 5 4 3   B,1,1648.03,Shipment,PALAMPUR,Shipment,1648.03,0.0,1,False,
2025-09-24,PNQ2-542,MP_OA5,B0F9X1YNVL,nan,1,0.0,Cancel,PUNE,Cancel,0.0,0.0,0,False,
2025-09-24,PNQ2-541,PS1,B0BJBL1XBS,yantralay Polyester Dual Controller Hard Carry Case Compatible With Ps5 Ps4 Xbox Ipega Controllers   3 Layer Protection Travel Carry Case   Grey,1,0.0,FreeReplacement,BENGALURU,FreeReplacement,0.0,0.0,0,True,
2025-09-24,PNQ2-538,MS_ACFRAMEOP3_PL,B0FJFWVC4N,yantralay Magnetic Mount Stand for DJ I Osmo Pocket 3 180  Adjustable Portable Magnet Grip Frame Bracket for Pocket 3 Accessories,1,1376.55,Shipment,PATNA,Shipment,1376.55,0.0,1,False,
2025-09-24,PNQ2-539,GP46-L,B0F91GCRP4,yantralay Double Clamp Mount Bracket with 1 4  Ball Head for Go Pro 13 12 11  Insta 360 X5 X4 X3 Handlebar  Motorcycle  Bicycle  Selfie Stick  Studio,1,1804.05,Shipment,Bengaluru,Shipment,1804.05,0.0,1,False,
2025-09-24,PNQ2-540,GP46-M,B0F91GXT2N,yantralay Double Clamp Mount Bracket with 1 4  Ball Head for GoPro  Insta 360 X2 X3  Action Cameras   Handlebar  Motorcycle  Bicycle  Selfie Stick  St,1,1799.0,Shipment,BENGALURU,Shipment,1799.0,0.0,1,False,
2025-09-25,NAN,IN_MICMOUNT_X4,B0DZJQ8F1R,nan,1,0.0,Cancel,NEW DELHI,Cancel,0.0,0.0,0,False,
2025-09-24,PNQ2-543,GP46-M,B0F91GXT2N,yantralay Double Clamp Mount Bracket with 1 4  Ball Head for GoPro  Insta 360 X2 X3  Action Cameras   Handlebar  Motorcycle  Bicycle  Selfie Stick  St,1,1745.03,Shipment,AGARTALA,Shipment,1745.03,0.0,1,False,
2025-09-25,PNQ2-545,IN_MICMOUNT_X4,B0DZJQ8F1R,yantralay External Microphone Aluminium Auxiliary Mount Compatible With Insta 360 X4 X3 X2  Insta 360 Camera Accessories,1,1328.1,Shipment,NEW DELHI,Shipment,1328.1,0.0,1,False,
2025-09-25,PNQ2-544,MP_OA5,B0F9X1YNVL,yantralay Camera Lavalier Clip on Type C Microphone for DJ I Action 3 4 Collar Clip Microphone  Without Need of Mic Adapter  1 5M Cable Length   Black,1,1499.0,Shipment,NEW DELHI,Shipment,1499.0,0.0,1,False,
2025-09-25,PNQ2-549,GP47-LN,B0F91S2PFT,nan,1,0.0,Cancel,NEW DELHI,Cancel,0.0,0.0,0,False,
2025-09-25,PNQ2-550,PS5SLIM_DUSTCOVER,B0DWLGZ3DN,yantralay Neoprene Dust Proof Protective Waterproof Cover Sleeve Compatible with PS 5   PS 5 Slim Digital and Disc Edition Version  PS5 Slim,1,474.05,Shipment,GHAZIABAD,Shipment,474.05,0.0,1,False,
2025-09-25,PNQ2-547,PS1,B0BJBL1XBS,yantralay Polyester Dual Controller Hard Carry Case Compatible With Ps5 Ps4 Xbox Ipega Controllers   3 Layer Protection Travel Carry Case   Grey,1,848.0,Shipment,GURUGRAM,Shipment,848.0,0.0,1,False,
2025-09-23,PNQ2-534,GP43_OP3_STARTRC,B0CT3TFRJL,yantralay Ethylene Vinyl Acetate  EVA  Portable Carry Case for DJI Osmo Pocket 3 Creator Combo   Protective Bag with Adjustable Shoulder Strap   Large,1,999.0,Shipment,RAJKOT,Shipment,999.0,0.0,1,False,
2025-09-24,PNQ2-536,ACFRAMEONEX5_AL,B0FJG46XCP,Yantralay Accessories for Insta 360 X5   Aluminum Frame Mount  Insta 360 X5 Accessories  X5 Aluminium Frame,1,3869.0,Shipment,RANAPUR,Shipment,3869.0,0.0,1,False,
2025-09-25,PNQ2-546,ACCHARGERONEX5_3_AMG,B0FKYRJB8C,nan,1,0.0,Cancel,JAMMU,Cancel,0.0,0.0,0,False,
2025-09-25,PNQ2-548,GP43_OP3_STARTRC,B0CT3TFRJL,yantralay Ethylene Vinyl Acetate  EVA  Portable Carry Case for DJI Osmo Pocket 3 Creator Combo   Protective Bag with Adjustable Shoulder Strap   Large,1,949.05,Shipment,CHENNAI,Shipment,949.05,0.0,1,False,
2025-09-24,PNQ2-537,ACCHARGERONEX5_3_AMG,B0FKYRJB8C,Yantralay Charging Case for Insta 360 X5   3 Battery Charger Hub with Intelligent Fast Charging  Automatic Pop Up Lid  Simultaneous Charging Station f,1,1499.0,Shipment,Jaygaon,Shipment,1499.0,0.0,1,False,
2025-09-26,PNQ2-552,MP_OA5,B0F9X1YNVL,yantralay Camera Lavalier Clip on Type C Microphone for DJ I Action 3 4 Collar Clip Microphone  Without Need of Mic Adapter  1 5M Cable Length   Black,1,1578.0,Shipment,PUNE,Shipment,1578.0,0.0,1,False,
2025-09-26,PNQ2-555,PS1,B0BJBL1XBS,yantralay Polyester Dual Controller Hard Carry Case Compatible With Ps5 Ps4 Xbox Ipega Controllers   3 Layer Protection Travel Carry Case   Grey,1,805.6,Shipment,New Delhi,Shipment,805.6,0.0,1,False,
2025-09-26,PNQ2-554,PS1,B0BJBL1XBS,yantralay Polyester Dual Controller Hard Carry Case Compatible With Ps5 Ps4 Xbox Ipega Controllers   3 Layer Protection Travel Carry Case   Grey,1,848.0,Shipment,GURUGRAM,Shipment,848.0,0.0,1,False,
2025-09-26,PNQ2-553,PS5SLIM_DUSTCOVER,B0DWLGZ3DN,yantralay Neoprene Dust Proof Protective Waterproof Cover Sleeve Compatible with PS 5   PS 5 Slim Digital and Disc Edition Version  PS5 Slim,1,474.05,Shipment,New Delhi,Shipment,474.05,0.0,1,False,
2025-09-26,PNQ2-556,GP46-L,B0F91GCRP4,yantralay Double Clamp Mount Bracket with 1 4  Ball Head for Go Pro 13 12 11  Insta 360 X5 X4 X3 Handlebar  Motorcycle  Bicycle  Selfie Stick  Studio,1,1899.0,Shipment,TALCHER,Shipment,1899.0,0.0,1,False,
2025-09-26,PNQ2-557,GP46-M,B0F91GXT2N,yantralay Double Clamp Mount Bracket with 1 4  Ball Head for GoPro  Insta 360 X2 X3  Action Cameras   Handlebar  Motorcycle  Bicycle  Selfie Stick  St,1,1799.0,Shipment,ALIGARH,Shipment,1799.0,0.0,1,False,
2025-09-24,PNQ2-538,MS_ACFRAMEOP3_PL,B0FJFWVC4N,yantralay Magnetic Mount Stand for DJ I Osmo Pocket 3 180  Adjustable Portable Magnet Grip Frame Bracket for Pocket 3 Accessories,1,-1376.55,Refund,PATNA,Refund,-1376.55,0.0,0,False,
2025-09-27,PNQ2-558,SGOLED2,B0FDQL7DFH,yantralay Tempered Glass Screen Protector for Nintendo Switch 2  2025    Ultra Thin HD Clear Film Guard with Rounded Edges for 7 9 Inch Display  1 Pac,1,474.05,Shipment,PANCHKULA,Shipment,474.05,0.0,1,False,
2025-09-27,PNQ2-559,PS1,B0BJBL1XBS,yantralay Polyester Dual Controller Hard Carry Case Compatible With Ps5 Ps4 Xbox Ipega Controllers   3 Layer Protection Travel Carry Case   Grey,1,805.6,Shipment,New Delhi,Shipment,805.6,0.0,1,False,
2025-09-27,PNQ2-560,PS1,B0BJBL1XBS,yantralay Polyester Dual Controller Hard Carry Case Compatible With Ps5 Ps4 Xbox Ipega Controllers   3 Layer Protection Travel Carry Case   Grey,1,0.0,FreeReplacement,New Delhi,FreeReplacement,0.0,0.0,0,True,
2025-09-27,PNQ2-561,PS1,B0BJBL1XBS,yantralay Polyester Dual Controller Hard Carry Case Compatible With Ps5 Ps4 Xbox Ipega Controllers   3 Layer Protection Travel Carry Case   Grey,1,848.0,Shipment,GHAZIABAD,Shipment,848.0,0.0,1,False,
2025-09-28,PNQ2-565,PS1,B0BJBL1XBS,yantralay Polyester Dual Controller Hard Carry Case Compatible With Ps5 Ps4 Xbox Ipega Controllers   3 Layer Protection Travel Carry Case   Grey,1,848.0,Shipment,PUNE,Shipment,848.0,0.0,1,False,
2025-09-27,PNQ2-562,IN_MICMOUNT_X4,B0DZJQ8F1R,yantralay External Microphone Aluminium Auxiliary Mount Compatible With Insta 360 X4 X3 X2  Insta 360 Camera Accessories,1,1328.1,Shipment,NEW DELHI,Shipment,1328.1,0.0,1,False,
2025-09-27,PNQ2-563,ACFRAMEONEX5_AL,B0FJG46XCP,Yantralay Accessories for Insta 360 X5   Aluminum Frame Mount  Insta 360 X5 Accessories  X5 Aluminium Frame,1,3675.55,Shipment,GORAKHPUR,Shipment,3675.55,0.0,1,False,
2025-09-28,PNQ2-566,S13,B07MG832T8,yantralay Universal 360  Rotating Vertical Mobile Tripod Monopod Mount for Smartphones up to 4 1  Width   Compatible with Samsung  iPhone  Xiaomi  On,1,276.55,Shipment,SURAT,Shipment,276.55,0.0,1,False,
2025-09-28,PNQ2-568,PS2_YELLOW,B0BL1HQ3C4,yantralay Controller Gamepad Carry Case   Ultimate Protection Compatible for PS5 PS4 PS3 Switch Pro Xbox Joysticks Waterproof  Scratch Protection  Dur,1,474.05,Shipment,NEW DELHI,Shipment,474.05,0.0,1,False,
2025-09-28,PNQ2-567,GP47-LN,B0F91S2PFT,Yantralay Action Camera Handlebar Mount with 360  Dual Ball Head   Super Clamp for Go Pro  Insta 360  Mobile  Bike  Motorcycle   Universal Quick Rele,1,1899.0,Shipment,FARIDABAD,Shipment,1899.0,0.0,1,False,
2025-09-28,PNQ2-569,PS5SLIM_DUSTCOVER,B0DWLGZ3DN,yantralay Neoprene Dust Proof Protective Waterproof Cover Sleeve Compatible with PS 5   PS 5 Slim Digital and Disc Edition Version  PS5 Slim,1,499.0,Shipment,NEW DELHI,Shipment,499.0,0.0,1,False,
2025-09-27,PNQ2-561,PS1,B0BJBL1XBS,yantralay Polyester Dual Controller Hard Carry Case Compatible With Ps5 Ps4 Xbox Ipega Controllers   3 Layer Protection Travel Carry Case   Grey,1,-848.0,Refund,GHAZIABAD,Refund,-848.0,0.0,0,False,
2025-09-29,PNQ2-571,GP46-S,B0F91G6H93,yantralay Double Clamp Mount Bracket with 1 4  Ball Head for GoPro  Insta 360 X2 X3  Action Cameras   Handlebar  Motorcycle  Bicycle  Selfie Stick  St,1,1699.0,Shipment,AGRA,Shipment,1699.0,0.0,1,False,
2025-09-29,PNQ2-570,GP47-LN,B0F91S2PFT,Yantralay Action Camera Handlebar Mount with 360  Dual Ball Head   Super Clamp for Go Pro  Insta 360  Mobile  Bike  Motorcycle   Universal Quick Rele,1,1899.0,Shipment,CHANDIGARH,Shipment,1899.0,0.0,1,False,
2025-09-23,PNQ2-534,GP43_OP3_STARTRC,B0CT3TFRJL,yantralay Ethylene Vinyl Acetate  EVA  Portable Carry Case for DJI Osmo Pocket 3 Creator Combo   Protective Bag with Adjustable Shoulder Strap   Large,1,-999.0,Refund,RAJKOT,Refund,-999.0,0.0,0,False,
2025-09-30,PNQ2-572,PS2_RED,B0BL1HF4NJ,yantralay Nylon Controller Gamepad Carry Case   Ultimate Protection Compatible For PS5 PS4 PS3 Switch Pro Xbox Joysticks Waterproof  Scratch Protectio,1,499.0,Shipment,SOLAN,Shipment,499.0,0.0,1,False,
2025-09-30,PNQ2-573,GP46-L,B0F91GCRP4,yantralay Double Clamp Mount Bracket with 1 4  Ball Head for Go Pro 13 12 11  Insta 360 X5 X4 X3 Handlebar  Motorcycle  Bicycle  Selfie Stick  Studio,1,1804.05,Shipment,PUNE,Shipment,1804.05,0.0,1,False,
2025-09-01,LKO1-463,GP100,B0723FF53T,yantralay 40 in 1 Action Camera Mount Kit for Hero 13 12 11 10 9 8 7 6 5 SJCAM  Osmo Action 3   4  Insta 360   More   with Selfie Monopod  Straps  Mou,1,1104.83,Shipment,NAVI MUMBAI,Shipment,1104.83,0.0,1,False,
2025-09-01,LKO1-464,PS1,B0BJBL1XBS,yantralay Polyester Dual Controller Hard Carry Case Compatible With Ps5 Ps4 Xbox Ipega Controllers   3 Layer Protection Travel Carry Case   Grey,1,905.0,Shipment,GURUGRAM,Shipment,905.0,0.0,1,False,
2025-09-03,LKO1-465,PS1,B0BJBL1XBS,nan,1,0.0,Cancel,GHAZIABAD,Cancel,0.0,0.0,0,False,
2025-09-03,LKO1-465,PS1,B0BJBL1XBS,yantralay Polyester Dual Controller Hard Carry Case Compatible With Ps5 Ps4 Xbox Ipega Controllers   3 Layer Protection Travel Carry Case   Grey,1,0.0,FreeReplacement,GHAZIABAD,FreeReplacement,0.0,0.0,0,True,
2025-09-03,LKO1-466,LM1_OA3,B0DRW3QS3C,yantralay Magnet Adapter Mount for DJI Action 5 4 3   Quick Release Tripod Adapter with Secure Claws for Outdoor Use,1,974.0,Shipment,LALRU,Shipment,974.0,0.0,1,False,
2025-09-03,LKO1-467,PS10_OLEDCOMBO_GREEN,B0DJFLRGQF,yantralay Carry Case Pouch Cover Compatible with Nintendo Switch OLED  OLED 2 with Game Card Slots for Switch Switch OLED OLED 2 Accessories  Video Ga,1,1139.0,Shipment,Jhansi,Shipment,1139.0,0.0,1,False,
2025-09-04,LKO1-468,ACFRAMEONEX4_AL,B0DZPHHK7F,Yantralay Multifunction Utility Frame Compatible for Insta360 X4  Metal Protective Case for Insta360 X4 Accessories  Upgraded Quick Release Aluminium,1,3500.73,Shipment,NEW DELHI,Shipment,3500.73,0.0,1,False,
2025-09-05,LKO1-469,GP100,B0723FF53T,yantralay 40 in 1 Action Camera Mount Kit for Hero 13 12 11 10 9 8 7 6 5 SJCAM  Osmo Action 3   4  Insta 360   More   with Selfie Monopod  Straps  Mou,1,1104.83,Shipment,BIDAR,Shipment,1104.83,0.0,1,False,
2025-09-05,LKO1-471,CADEN_W9N,B09C89HZH5,CADeN Camera Backpack  Camera Bag Large DSLR SLR Mirrorless Waterproof with 15 6 Laptop Compartment   Tripod Holder  Compatible for Canon Nikon Sony D,1,5699.0,Shipment,MUMBAI,Shipment,5699.0,0.0,1,False,
2025-09-08,LKO1-473,PS1,B0BJBL1XBS,yantralay Polyester Dual Controller Hard Carry Case Compatible With Ps5 Ps4 Xbox Ipega Controllers   3 Layer Protection Travel Carry Case   Grey,1,877.85,Shipment,Gurugram,Shipment,877.85,0.0,1,False,
2025-09-08,LKO1-474,PS1,B0BJBL1XBS,yantralay Polyester Dual Controller Hard Carry Case Compatible With Ps5 Ps4 Xbox Ipega Controllers   3 Layer Protection Travel Carry Case   Grey,1,905.0,Shipment,GURUGRAM,Shipment,905.0,0.0,1,False,
2025-09-07,LKO1-472,PS1,B0BJBL1XBS,yantralay Polyester Dual Controller Hard Carry Case Compatible With Ps5 Ps4 Xbox Ipega Controllers   3 Layer Protection Travel Carry Case   Grey,1,877.85,Shipment,CHANDIGARH,Shipment,877.85,0.0,1,False,
2025-09-08,LKO1-475,GP100,B0723FF53T,yantralay 40 in 1 Action Camera Mount Kit for Hero 13 12 11 10 9 8 7 6 5 SJCAM  Osmo Action 3   4  Insta 360   More   with Selfie Monopod  Straps  Mou,1,0.0,FreeReplacement,MUMBAI,FreeReplacement,0.0,0.0,0,True,
2025-09-09,LKO1-476,GP43_OP3_STARTRC,B0CT3TFRJL,yantralay Ethylene Vinyl Acetate  EVA  Portable Carry Case for DJI Osmo Pocket 3 Creator Combo   Protective Bag with Adjustable Shoulder Strap   Large,1,999.0,Shipment,Dadri,Shipment,999.0,0.0,1,False,
2025-09-11,LKO1-478,ACFRAMEOP3_STARTRCN,B0CR1C9243,STARTRC OSMO Pocket 3 360  Rotation Backpack Clip Mount Shoulder Strap Accessories for DJI Pocket 3 OSMO Pocket 3 Action Cameras,1,1763.0,Shipment,ALLAHABAD,Shipment,1763.0,0.0,1,False,
2025-09-11,LKO1-477,PS10_OLEDCOMBO_YELLOW,B0DJFL8DBY,yantralay Carry Case Pouch Cover Compatible with Nintendo Switch OLED  OLED 2 with Game Card Slots for Switch Switch OLED OLED 2 Accessories  Video Ga,1,1139.0,Shipment,PHALODI,Shipment,1139.0,0.0,1,False,
2025-09-13,LKO1-479,GP10_RS4MINI_STARTRC,B0DZZFNDHP,yantralay Portable Carrying Storage Case for DJ I Ronin RS4Mini Gimbal EVA Handbag Travel Handheld Shoulder Bag  RS4MINI,1,2631.0,Shipment,Baihata Chariali,Shipment,2631.0,0.0,1,False,
2025-09-13,LKO1-480,GP10_OM6_STARTRC,B0C55JFPKR,yantralay Waterproof Storage Case for DJI Osmo Mobile 6 with Ultimate Protection for Gimbal  Tripod  Phone Clamp  and Accessories   Includes Shoulder,1,949.0,Shipment,MORBI 2,Shipment,949.0,0.0,1,False,
2025-09-13,LKO1-481,GP10_RS4MINI_STARTRC,B0DZZFNDHP,yantralay Portable Carrying Storage Case for DJ I Ronin RS4Mini Gimbal EVA Handbag Travel Handheld Shoulder Bag  RS4MINI,1,2631.0,Shipment,KHUNTI,Shipment,2631.0,0.0,1,False,
2025-09-14,LKO1-482,GP10_OM6_STARTRC,B0C55JFPKR,yantralay Waterproof Storage Case for DJI Osmo Mobile 6 with Ultimate Protection for Gimbal  Tripod  Phone Clamp  and Accessories   Includes Shoulder,1,949.0,Shipment,KAITHAL,Shipment,949.0,0.0,1,False,
2025-09-15,LKO1-483,GP10_RS4MINI_STARTRC,B0DZZFNDHP,yantralay Portable Carrying Storage Case for DJ I Ronin RS4Mini Gimbal EVA Handbag Travel Handheld Shoulder Bag  RS4MINI,1,2631.0,Shipment,NEW DELHI,Shipment,2631.0,0.0,1,False,
2025-09-09,LKO1-476,GP43_OP3_STARTRC,B0CT3TFRJL,yantralay Ethylene Vinyl Acetate  EVA  Portable Carry Case for DJI Osmo Pocket 3 Creator Combo   Protective Bag with Adjustable Shoulder Strap   Large,1,-999.0,Refund,Dadri,Refund,-999.0,0.0,0,False,
2025-09-18,LKO1-485,LGONEX5,B0FKYLQ2QZ,Yantralay Accessories for Insta 360 X5   Lens Guard Set of 2   Insta 360 X5 Accessories  X5 Lens Guard,1,699.0,Shipment,NAIHATI,Shipment,699.0,0.0,1,False,
2025-09-17,LKO1-484,GP100,B0723FF53T,yantralay 40 in 1 Action Camera Mount Kit for Hero 13 12 11 10 9 8 7 6 5 SJCAM  Osmo Action 3   4  Insta 360   More   with Selfie Monopod  Straps  Mou,1,1139.0,Shipment,LUCKNOW,Shipment,1139.0,0.0,1,False,
2025-09-19,LKO1-486,PS10_OLEDCOMBO_YELLOW,B0DJFL8DBY,yantralay Carry Case Pouch Cover Compatible with Nintendo Switch OLED  OLED 2 with Game Card Slots for Switch Switch OLED OLED 2 Accessories  Video Ga,1,0.0,FreeReplacement,PHALODI,FreeReplacement,0.0,0.0,0,True,
2025-09-20,LKO1-488,GP10_RS4MINI_STARTRC,B0DZZFNDHP,yantralay Portable Carrying Storage Case for DJ I Ronin RS4Mini Gimbal EVA Handbag Travel Handheld Shoulder Bag  RS4MINI,1,2631.0,Shipment,New Delhi,Shipment,2631.0,0.0,1,False,
2025-09-20,LKO1-487,CWATCUN_D125-BLACKN,B0D8J126MV,Cwatcun Camera Backpack Bag Small Fashion DSLR Camera Bag with Tripod Strap Laptop Compartment and Removable Padded Dividers Lightweight Photograhy,1,3289.06,Shipment,DEHRADUN,Shipment,3289.06,0.0,1,False,
2025-09-20,LKO1-489,GP100,B0723FF53T,yantralay 40 in 1 Action Camera Mount Kit for Hero 13 12 11 10 9 8 7 6 5 SJCAM  Osmo Action 3   4  Insta 360   More   with Selfie Monopod  Straps  Mou,1,0.0,FreeReplacement,BHOPAL,FreeReplacement,0.0,0.0,0,True,
2025-09-20,LKO1-490,GP28COMBO1_H13,B0DHYCQR66,nan,1,0.0,Cancel,LUDHIANA,Cancel,0.0,0.0,0,False,
2025-09-21,LKO1-492,SGONEX4-2_LGONEX4,B0F8VRR8JY,yantralay Insta 360 X4 Lens Guard   Screen Protector Combo Kit   Lens Covers   Anti Scratch  Tempered Glass Screen   Insta 360 X4 Accessories,1,1266.0,Shipment,Ranchi,Shipment,1266.0,0.0,1,False,
2025-09-21,LKO1-493,GP10_RS4_STARTRC,B0DB1TQPH3,yantralay Portable Carrying Storage Case for DJ I Ronin RS4   RS4 Pro Gimbal EVA Handbag Travel Handheld Shoulder Bag  Grey,1,2706.0,Shipment,VIKASNAGAR,Shipment,2706.0,0.0,1,False,
2025-09-22,LKO1-494,PS1,B0BJBL1XBS,yantralay Polyester Dual Controller Hard Carry Case Compatible With Ps5 Ps4 Xbox Ipega Controllers   3 Layer Protection Travel Carry Case   Grey,1,805.6,Shipment,UNNAO,Shipment,805.6,0.0,1,False,
2025-09-22,LKO1-495,GP10_RS4MINI_STARTRC,B0DZZFNDHP,yantralay Portable Carrying Storage Case for DJ I Ronin RS4Mini Gimbal EVA Handbag Travel Handheld Shoulder Bag  RS4MINI,1,2499.45,Shipment,delhi,Shipment,2499.45,0.0,1,False,
2025-09-22,LKO1-496,GP10_RS4MINI_STARTRC,B0DZZFNDHP,yantralay Portable Carrying Storage Case for DJ I Ronin RS4Mini Gimbal EVA Handbag Travel Handheld Shoulder Bag  RS4MINI,1,2499.45,Shipment,HANUMANGARH,Shipment,2499.45,0.0,1,False,
2025-09-22,LKO1-497,GP10_RS4MINI_STARTRC,B0DZZFNDHP,yantralay Portable Carrying Storage Case for DJ I Ronin RS4Mini Gimbal EVA Handbag Travel Handheld Shoulder Bag  RS4MINI,1,2499.45,Shipment,BIKANER,Shipment,2499.45,0.0,1,False,
2025-09-23,LKO1-500,GP47-L_TLSNK,B0BBVGXFZ2,nan,1,0.0,Cancel,SINGRAULI,Cancel,0.0,0.0,0,False,
2025-09-11,LKO1-477,PS10_OLEDCOMBO_YELLOW,B0DJFL8DBY,yantralay Carry Case Pouch Cover Compatible with Nintendo Switch OLED  OLED 2 with Game Card Slots for Switch Switch OLED OLED 2 Accessories  Video Ga,1,-1139.0,Refund,PHALODI,Refund,-1139.0,0.0,0,False,
2025-09-23,LKO1-498,GP47-L_TLSNK,B0BBVGXFZ2,Camera Bike Mount Motorcycle Handlebar Clamp Holder for GoPro Insta360 Accessories  TELESIN 360    Rotating Bicycle Cycling Attachment Accessory for,1,1756.55,Shipment,NEW DELHI,Shipment,1756.55,0.0,1,False,
2025-09-23,LKO1-499,GP28COMBO1_H13,B0DHYCQR66,Yantralay Silicone Lanyard Sleeve Protective Cover   6PCS Tempered Glass Screen Guard with Silicone Lens Cover Compatible with GoPro Hero 9 Black Acti,1,678.03,Shipment,PALAMPUR,Shipment,678.03,0.0,1,False,
2025-09-23,LKO1-500,GP47-L_TLSNK,B0BBVGXFZ2,Camera Bike Mount Motorcycle Handlebar Clamp Holder for GoPro Insta360 Accessories  TELESIN 360    Rotating Bicycle Cycling Attachment Accessory for,1,1849.0,Shipment,SINGRAULI,Shipment,1849.0,0.0,1,False,
2025-09-13,LKO1-481,GP10_RS4MINI_STARTRC,B0DZZFNDHP,yantralay Portable Carrying Storage Case for DJ I Ronin RS4Mini Gimbal EVA Handbag Travel Handheld Shoulder Bag  RS4MINI,1,-2631.0,Refund,KHUNTI,Refund,-2631.0,0.0,0,False,
2025-09-24,LKO1-501,GP10_RS4MINI_STARTRC,B0DZZFNDHP,yantralay Portable Carrying Storage Case for DJ I Ronin RS4Mini Gimbal EVA Handbag Travel Handheld Shoulder Bag  RS4MINI,1,2710.0,Shipment,KANPUR,Shipment,2710.0,0.0,1,False,
2025-09-23,LKO1-500,GP47-L_TLSNK,B0BBVGXFZ2,Camera Bike Mount Motorcycle Handlebar Clamp Holder for GoPro Insta360 Accessories  TELESIN 360    Rotating Bicycle Cycling Attachment Accessory for,1,-1849.0,Refund,SINGRAULI,Refund,-1849.0,0.0,0,False,
2025-09-25,LKO1-506,PS1,B0BJBL1XBS,nan,1,0.0,Cancel,Kanpur,Cancel,0.0,0.0,0,False,
2025-09-24,LKO1-502,MP_OA5,B0F9X1YNVL,yantralay Camera Lavalier Clip on Type C Microphone for DJ I Action 3 4 Collar Clip Microphone  Without Need of Mic Adapter  1 5M Cable Length   Black,1,1424.05,Shipment,Payyanur,Shipment,1424.05,0.0,1,False,
2025-09-25,LKO1-504,GP47-L_TLSNK,B0BBVGXFZ2,Camera Bike Mount Motorcycle Handlebar Clamp Holder for GoPro Insta360 Accessories  TELESIN 360    Rotating Bicycle Cycling Attachment Accessory for,1,1849.0,Shipment,BANGALORE URBAN,Shipment,1849.0,0.0,1,False,
2025-09-25,LKO1-507,PS1,B0BJBL1XBS,yantralay Polyester Dual Controller Hard Carry Case Compatible With Ps5 Ps4 Xbox Ipega Controllers   3 Layer Protection Travel Carry Case   Grey,1,848.0,Shipment,Kanpur,Shipment,848.0,0.0,1,False,
2025-09-25,LKO1-505,GP47-L_TLSNK,B0BBVGXFZ2,Camera Bike Mount Motorcycle Handlebar Clamp Holder for GoPro Insta360 Accessories  TELESIN 360    Rotating Bicycle Cycling Attachment Accessory for,1,1849.0,Shipment,GORAKHPUR,Shipment,1849.0,0.0,1,False,
2025-09-25,LKO1-508,GP10_RS4_STARTRC,B0DB1TQPH3,yantralay Portable Carrying Storage Case for DJ I Ronin RS4   RS4 Pro Gimbal EVA Handbag Travel Handheld Shoulder Bag  Grey,1,2849.0,Shipment,LUCKNOW,Shipment,2849.0,0.0,1,False,
2025-09-25,LKO1-503,CG5,B0DW9FS3FL,yantralay 40 Cms 16 inch Monitor Light  Touch Control USB Powered LED Lamp for Computer  10 Level Dimmable with 3 Color Modes  IP44 Waterproof e Readi,1,2374.05,Shipment,GREATER NOIDA,Shipment,2374.05,0.0,1,False,
2025-09-25,LKO1-509,GP47-L_TLSNK,B0BBVGXFZ2,Camera Bike Mount Motorcycle Handlebar Clamp Holder for GoPro Insta360 Accessories  TELESIN 360    Rotating Bicycle Cycling Attachment Accessory for,1,1756.55,Shipment,Haldwani,Shipment,1756.55,0.0,1,False,
2025-09-26,LKO1-511,PS2_YELLOW,B0BL1HQ3C4,yantralay Controller Gamepad Carry Case   Ultimate Protection Compatible for PS5 PS4 PS3 Switch Pro Xbox Joysticks Waterproof  Scratch Protection  Dur,1,474.05,Shipment,GURUGRAM,Shipment,474.05,0.0,1,False,
2025-09-26,LKO1-512,GP10_RS4_STARTRC,B0DB1TQPH3,yantralay Portable Carrying Storage Case for DJ I Ronin RS4   RS4 Pro Gimbal EVA Handbag Travel Handheld Shoulder Bag  Grey,1,2706.55,Shipment,SUPAUL,Shipment,2706.55,0.0,1,False,
2025-09-20,LKO1-487,CWATCUN_D125-BLACKN,B0D8J126MV,Cwatcun Camera Backpack Bag Small Fashion DSLR Camera Bag with Tripod Strap Laptop Compartment and Removable Padded Dividers Lightweight Photograhy,1,-3289.06,Refund,DEHRADUN,Refund,-3289.06,0.0,0,False,
2025-09-27,LKO1-513,GP10_RS4MINI_STARTRC,B0DZZFNDHP,yantralay Portable Carrying Storage Case for DJ I Ronin RS4Mini Gimbal EVA Handbag Travel Handheld Shoulder Bag  RS4MINI,1,2631.0,Shipment,Dhanbad,Shipment,2631.0,0.0,1,False,
2025-09-25,LKO1-508,GP10_RS4_STARTRC,B0DB1TQPH3,yantralay Portable Carrying Storage Case for DJ I Ronin RS4   RS4 Pro Gimbal EVA Handbag Travel Handheld Shoulder Bag  Grey,1,-2849.0,Refund,LUCKNOW,Refund,-2849.0,0.0,0,False,
2025-09-28,LKO1-514,GP47-L_TLSNK,B0BBVGXFZ2,Camera Bike Mount Motorcycle Handlebar Clamp Holder for GoPro Insta360 Accessories  TELESIN 360    Rotating Bicycle Cycling Attachment Accessory for,1,1756.55,Shipment,delhi,Shipment,1756.55,0.0,1,False,
2025-09-28,LKO1-515,PS1,B0BJBL1XBS,yantralay Polyester Dual Controller Hard Carry Case Compatible With Ps5 Ps4 Xbox Ipega Controllers   3 Layer Protection Travel Carry Case   Grey,1,848.0,Shipment,LUCKNOW,Shipment,848.0,0.0,1,False,
2025-09-29,LKO1-517,ACCHARGERGP5_3,B08LYVPLR9,Yantralay 3 Channel AHDBT 501 Battery Charger for Hero 5 6 7   8 Black Action Camera   USB Cable Included   Fast Charging Dock,1,781.85,Shipment,DEHRADUN,Shipment,781.85,0.0,1,False,
2025-09-29,LKO1-516,GP47-L_TLSNK,B0BBVGXFZ2,Camera Bike Mount Motorcycle Handlebar Clamp Holder for GoPro Insta360 Accessories  TELESIN 360    Rotating Bicycle Cycling Attachment Accessory for,1,1756.55,Shipment,GHAZIABAD,Shipment,1756.55,0.0,1,False,
2025-09-29,LKO1-520,GP47-L_TLSNK,B0BBVGXFZ2,Camera Bike Mount Motorcycle Handlebar Clamp Holder for GoPro Insta360 Accessories  TELESIN 360    Rotating Bicycle Cycling Attachment Accessory for,1,1815.55,Shipment,delhi,Shipment,1815.55,0.0,1,False,
2025-09-29,LKO1-519,GP10_RS4MINI_STARTRC,B0DZZFNDHP,yantralay Portable Carrying Storage Case for DJ I Ronin RS4Mini Gimbal EVA Handbag Travel Handheld Shoulder Bag  RS4MINI,1,2499.45,Shipment,BANKURA,Shipment,2499.45,0.0,1,False,
2025-09-29,LKO1-521,GP100,B0723FF53T,yantralay 40 in 1 Action Camera Mount Kit for Hero 13 12 11 10 9 8 7 6 5 SJCAM  Osmo Action 3   4  Insta 360   More   with Selfie Monopod  Straps  Mou,1,1139.0,Shipment,odisha,Shipment,1139.0,0.0,1,False,
2025-09-30,LKO1-522,GP10_RS4_STARTRC,B0DB1TQPH3,yantralay Portable Carrying Storage Case for DJ I Ronin RS4   RS4 Pro Gimbal EVA Handbag Travel Handheld Shoulder Bag  Grey,1,2706.55,Shipment,KALKA,Shipment,2706.55,0.0,1,False,
2025-08-28,CCX1-595,GP10_OM7P_STARTRC,B0F2J6Z8WT,yantralay Osmo Mobile 7P Case Portable PU Shoulder Bag for DJI OM 7 Pro 7 Gimbal Stabilizer Travel Case for DJI Osmo Mobile 7 7P,1,-1260.03,Refund,PATNA,Refund,-1260.03,0.0,0,False,
2025-08-26,CCX1-586,GP10_OM7P_STARTRC,B0F2J6Z8WT,yantralay Osmo Mobile 7P Case Portable PU Shoulder Bag for DJI OM 7 Pro 7 Gimbal Stabilizer Travel Case for DJI Osmo Mobile 7 7P,1,-1260.03,Refund,BADHNI KALAN,Refund,-1260.03,0.0,0,False,
2025-08-28,CCX1-596,GP10_OM7P_STARTRC,B0F2J6Z8WT,yantralay Osmo Mobile 7P Case Portable PU Shoulder Bag for DJI OM 7 Pro 7 Gimbal Stabilizer Travel Case for DJI Osmo Mobile 7 7P,1,-1260.03,Refund,PUNE,Refund,-1260.03,0.0,0,False,
2025-08-31,CCX1-600,GP10_OM7P_STARTRC,B0F2J6Z8WT,yantralay Osmo Mobile 7P Case Portable PU Shoulder Bag for DJI OM 7 Pro 7 Gimbal Stabilizer Travel Case for DJI Osmo Mobile 7 7P,1,-1260.03,Refund,SRINAGAR,Refund,-1260.03,0.0,0,False,
2025-09-01,CCX1-603,TR-S-CAMOFLAGUE_TARIONN,B0BM9GT8NT,TARION Camera Sling Bag DSLR Sling Pack for Men Women Photographers with Waterproof Raincover Tripod Holder Sling Backpack Camera Bag Backpack Photogr,1,4874.0,Shipment,BENGALURU,Shipment,4874.0,0.0,1,False,
2025-09-02,CCX1-604,GP1620_TLSNK,B08MSR2SNJ,TELESIN Upgraded Motorcycle Helmet Chin Mount for GoPro Max Hero 10 9 8 7 One R One X DJI Osmo Action Pocket Cellphone   More Action Camera with Go Pr,1,1166.0,Shipment,NABAGRAM COLONY,Shipment,1166.0,0.0,1,False,
2025-09-02,CCX1-605,GP100,B0723FF53T,yantralay 40 in 1 Action Camera Mount Kit for Hero 13 12 11 10 9 8 7 6 5 SJCAM  Osmo Action 3   4  Insta 360   More   with Selfie Monopod  Straps  Mou,1,1139.0,Shipment,Likabali,Shipment,1139.0,0.0,1,False,
2025-09-03,CCX1-606,PS1,B0BJBL1XBS,yantralay Polyester Dual Controller Hard Carry Case Compatible With Ps5 Ps4 Xbox Ipega Controllers   3 Layer Protection Travel Carry Case   Grey,1,905.0,Shipment,Panipat,Shipment,905.0,0.0,1,False,
2025-09-03,CCX1-610,ACFRAMEGP13_AL,B0F93ZW44W,Yantralay Premium Aluminum Protective Case for Go Pro Hero13 12 11 10 9 Tough Aluminum Cage Maximum Protection with Minimal Weight Accessory,1,2680.0,Shipment,THOUBAL,Shipment,2680.0,0.0,1,False,
2025-09-03,CCX1-607,SGONEX4-2_LGONEX4,B0F8VRR8JY,yantralay Insta 360 X4 Lens Guard   Screen Protector Combo Kit   Lens Covers   Anti Scratch  Tempered Glass Screen   Insta 360 X4 Accessories,1,1266.0,Shipment,SARUPETA PART,Shipment,1266.0,0.0,1,False,
2025-09-05,CCX1-613,DA31,B0CGDMJ882,Yantralay DSLR Battery Pouch   Portable Waterproof Bag for lp e6 e8 e10 e12 en el14 el15 fw50 f550 Batteries   Convenient Access Design   Compact and,1,484.03,Shipment,PUNE,Shipment,484.03,0.0,1,False,
2025-09-02,CCX1-604,GP1620_TLSNK,B08MSR2SNJ,TELESIN Upgraded Motorcycle Helmet Chin Mount for GoPro Max Hero 10 9 8 7 One R One X DJI Osmo Action Pocket Cellphone   More Action Camera with Go Pr,1,-1166.0,Refund,NABAGRAM COLONY,Refund,-1166.0,0.0,0,False,
2025-09-05,CCX1-612,GP28COMBO_X3N,B0BY8178B6,PellKing Camera Protective Accessories Kit for Insta360 X3  Inst 360 X3 Bundle Include Lens Guard Silicone Protective Cover Screen Protectors Camera C,1,1086.4,Shipment,BALIAPUR,Shipment,1086.4,0.0,1,False,
2025-09-05,CCX1-614,GP28COMBO1_H13,B0DHYCQR66,Yantralay Silicone Lanyard Sleeve Protective Cover   6PCS Tempered Glass Screen Guard with Silicone Lens Cover Compatible with GoPro Hero 9 Black Acti,1,626.62,Shipment,GUWAHATI,Shipment,626.62,0.0,1,False,
2025-09-07,CCX1-615,TE-TSB-001_TLSN,B0B292K9X4,Triple Suction Camera Mount Car Holder  Heavy Duty Tripod Window Windshield Dash Dashboard Inside Outside Sucking Cup Attach Accessories for GoPro Ins,1,6349.0,Shipment,MUMBAI,Shipment,6349.0,0.0,1,False,
2025-09-07,CCX1-616,GP100,B0723FF53T,yantralay 40 in 1 Action Camera Mount Kit for Hero 13 12 11 10 9 8 7 6 5 SJCAM  Osmo Action 3   4  Insta 360   More   with Selfie Monopod  Straps  Mou,1,1104.83,Shipment,BENGALURU,Shipment,1104.83,0.0,1,False,
2025-09-07,CCX1-617,GP46-M_GP46-S_GP25_150CMS,B0F99WWGGT,yantralay Motorcycle Handlebar Clamp Kit with Dual Clamp Mounts   Invisible Selfie Stick for Insta 360 X4 X3 X2 One RS GO 3   Bike Action Camera Mount,1,4386.0,Shipment,KOLKATA,Shipment,4386.0,0.0,1,False,
2025-09-10,CCX1-619,GP10_OM7P_STARTRC,B0F2J6Z8WT,yantralay Osmo Mobile 7P Case Portable PU Shoulder Bag for DJI OM 7 Pro 7 Gimbal Stabilizer Travel Case for DJI Osmo Mobile 7 7P,1,1299.0,Shipment,AIZAWL,Shipment,1299.0,0.0,1,False,
2025-09-09,CCX1-618,GP100,B0723FF53T,yantralay 40 in 1 Action Camera Mount Kit for Hero 13 12 11 10 9 8 7 6 5 SJCAM  Osmo Action 3   4  Insta 360   More   with Selfie Monopod  Straps  Mou,1,1139.0,Shipment,NayaGaon,Shipment,1139.0,0.0,1,False,
2025-09-10,CCX1-620,SGONEX4-2_LGONEX4,B0F8VRR8JY,yantralay Insta 360 X4 Lens Guard   Screen Protector Combo Kit   Lens Covers   Anti Scratch  Tempered Glass Screen   Insta 360 X4 Accessories,1,1266.0,Shipment,NIRSA,Shipment,1266.0,0.0,1,False,
2025-09-10,CCX1-622,GP28COMBO_X3N,B0BY8178B6,PellKing Camera Protective Accessories Kit for Insta360 X3  Inst 360 X3 Bundle Include Lens Guard Silicone Protective Cover Screen Protectors Camera C,1,1120.0,Shipment,PANIHATI,Shipment,1120.0,0.0,1,False,
2025-09-11,CCX1-623,GP10_RS4_STARTRC,B0DB1TQPH3,yantralay Portable Carrying Storage Case for DJ I Ronin RS4   RS4 Pro Gimbal EVA Handbag Travel Handheld Shoulder Bag  Grey,1,2706.0,Shipment,BENGALURU,Shipment,2706.0,0.0,1,False,
2025-09-11,CCX1-624,DA31,B0CGDMJ882,Yantralay DSLR Battery Pouch   Portable Waterproof Bag for lp e6 e8 e10 e12 en el14 el15 fw50 f550 Batteries   Convenient Access Design   Compact and,1,499.0,Shipment,MUMBAI,Shipment,499.0,0.0,1,False,
2025-09-10,CCX1-621,GP10_RS4MINI_STARTRC,B0DZZFNDHP,yantralay Portable Carrying Storage Case for DJ I Ronin RS4Mini Gimbal EVA Handbag Travel Handheld Shoulder Bag  RS4MINI,1,2631.0,Shipment,KHUNTI,Shipment,2631.0,0.0,1,False,
2025-09-11,CCX1-626,GP100,B0723FF53T,yantralay 40 in 1 Action Camera Mount Kit for Hero 13 12 11 10 9 8 7 6 5 SJCAM  Osmo Action 3   4  Insta 360   More   with Selfie Monopod  Straps  Mou,1,1139.0,Shipment,HOWRAH,Shipment,1139.0,0.0,1,False,
2025-09-11,CCX1-627,ND_MINI4PRO-6_STARTRCN,B0CJJT6WXR,nan,1,0.0,Cancel,KHUNTI,Cancel,0.0,0.0,0,False,
2025-09-12,CCX1-628,PS10_OLEDCOMBO_GREEN,B0DJFLRGQF,yantralay Carry Case Pouch Cover Compatible with Nintendo Switch OLED  OLED 2 with Game Card Slots for Switch Switch OLED OLED 2 Accessories  Video Ga,1,1139.0,Shipment,AMALNER,Shipment,1139.0,0.0,1,False,
2025-09-12,CCX1-629,ND_MINI4PRO-6_STARTRCN,B0CJJT6WXR,STARTRC Mini 4 Pro Filters  6 Pack UV CPL ND8 ND16 ND32 ND64 Filter Compatible with DJI Mini 4 Pro Drone  Polarizer and Neutral Density Camera Lens Mu,1,4949.0,Shipment,KHUNTI,Shipment,4949.0,0.0,1,False,
2025-09-11,CCX1-623,GP10_RS4_STARTRC,B0DB1TQPH3,yantralay Portable Carrying Storage Case for DJ I Ronin RS4   RS4 Pro Gimbal EVA Handbag Travel Handheld Shoulder Bag  Grey,1,-2706.0,Refund,BENGALURU,Refund,-2706.0,0.0,0,False,
2025-09-13,CCX1-631,PS10_OLEDCOMBO_GREEN,B0DJFLRGQF,yantralay Carry Case Pouch Cover Compatible with Nintendo Switch OLED  OLED 2 with Game Card Slots for Switch Switch OLED OLED 2 Accessories  Video Ga,1,1139.0,Shipment,Bengaluru,Shipment,1139.0,0.0,1,False,
2025-09-13,CCX1-632,PS1,B0BJBL1XBS,yantralay Polyester Dual Controller Hard Carry Case Compatible With Ps5 Ps4 Xbox Ipega Controllers   3 Layer Protection Travel Carry Case   Grey,1,905.0,Shipment,KOLKATA,Shipment,905.0,0.0,1,False,
2025-09-14,CCX1-633,MP_OA5,B0F9X1YNVL,yantralay Camera Lavalier Clip on Type C Microphone for DJ I Action 3 4 Collar Clip Microphone  Without Need of Mic Adapter  1 5M Cable Length   Black,1,1461.0,Shipment,BISWAN,Shipment,1461.0,0.0,1,False,
2025-09-14,CCX1-634,PS10_OLED_GREEN,B0BRY5L26G,yantralay Carry Case Pouch Cover Compatible with Nintendo Switch OLED  OLED 2 with Game Card Slots for Switch Switch OLED OLED 2 Accessories  Video Ga,1,616.0,Shipment,BENGALURU,Shipment,616.0,0.0,1,False,
2025-09-09,CCX1-618,GP100,B0723FF53T,yantralay 40 in 1 Action Camera Mount Kit for Hero 13 12 11 10 9 8 7 6 5 SJCAM  Osmo Action 3   4  Insta 360   More   with Selfie Monopod  Straps  Mou,1,-1139.0,Refund,NayaGaon,Refund,-1139.0,0.0,0,False,
2025-09-07,CCX1-617,GP46-M_GP46-S_GP25_150CMS,B0F99WWGGT,yantralay Motorcycle Handlebar Clamp Kit with Dual Clamp Mounts   Invisible Selfie Stick for Insta 360 X4 X3 X2 One RS GO 3   Bike Action Camera Mount,1,-4386.0,Refund,KOLKATA,Refund,-4386.0,0.0,0,False,
2025-09-14,CCX1-637,PS10_OLEDCOMBO_GREEN,B0DJFLRGQF,yantralay Carry Case Pouch Cover Compatible with Nintendo Switch OLED  OLED 2 with Game Card Slots for Switch Switch OLED OLED 2 Accessories  Video Ga,1,1139.0,Shipment,KOLKATA,Shipment,1139.0,0.0,1,False,
2025-09-14,CCX1-638,MP_OA5,B0F9X1YNVL,yantralay Camera Lavalier Clip on Type C Microphone for DJ I Action 3 4 Collar Clip Microphone  Without Need of Mic Adapter  1 5M Cable Length   Black,1,1461.0,Shipment,KONNAGAR,Shipment,1461.0,0.0,1,False,
2025-09-14,CCX1-636,GP47-L_TLSNK,B0BBVGXFZ2,Camera Bike Mount Motorcycle Handlebar Clamp Holder for GoPro Insta360 Accessories  TELESIN 360    Rotating Bicycle Cycling Attachment Accessory for,1,1849.0,Shipment,KOLKATA,Shipment,1849.0,0.0,1,False,
2025-09-10,CCX1-621,GP10_RS4MINI_STARTRC,B0DZZFNDHP,yantralay Portable Carrying Storage Case for DJ I Ronin RS4Mini Gimbal EVA Handbag Travel Handheld Shoulder Bag  RS4MINI,1,-2631.0,Refund,KHUNTI,Refund,-2631.0,0.0,0,False,
2025-09-15,CCX1-639,GP12,B0D7BZ38X8,yantralay Aluminium Car Suction Mount 360  Rotatable for Insta 360 X5 X4 X3 X2  Ace Pro ONE R RS  Hero 13 12 11 10 9 8 7  DJI Osmo Action Series   Al,1,1291.0,Shipment,BIDHAN NAGAR,Shipment,1291.0,0.0,1,False,
2025-09-15,CCX1-640,MP_OA5,B0F9X1YNVL,yantralay Camera Lavalier Clip on Type C Microphone for DJ I Action 3 4 Collar Clip Microphone  Without Need of Mic Adapter  1 5M Cable Length   Black,1,1461.0,Shipment,BHUBANESWAR,Shipment,1461.0,0.0,1,False,
2025-09-16,CCX1-641,ND_ACEPRO2,B0F83RJN9W,Yantralay ND Filter Set Pack of 4 CPL   ND8   ND16   ND32 Compatible for Insta 360 Ace Pro 2 Camera Lens Filter Kit   Includes ND  Polarizing Filters,1,2799.0,Shipment,Kolkata,Shipment,2799.0,0.0,1,False,
2025-09-16,CCX1-642,GP10_OM6_STARTRC,B0C55JFPKR,yantralay Waterproof Storage Case for DJI Osmo Mobile 6 with Ultimate Protection for Gimbal  Tripod  Phone Clamp  and Accessories   Includes Shoulder,1,0.0,FreeReplacement,KAITHAL,FreeReplacement,0.0,0.0,0,True,
2025-09-16,CCX1-643,ND_ACEPRO2,B0F83RJN9W,Yantralay ND Filter Set Pack of 4 CPL   ND8   ND16   ND32 Compatible for Insta 360 Ace Pro 2 Camera Lens Filter Kit   Includes ND  Polarizing Filters,1,2799.0,Shipment,KOLKATA,Shipment,2799.0,0.0,1,False,
2025-09-12,CCX1-629,ND_MINI4PRO-6_STARTRCN,B0CJJT6WXR,STARTRC Mini 4 Pro Filters  6 Pack UV CPL ND8 ND16 ND32 ND64 Filter Compatible with DJI Mini 4 Pro Drone  Polarizer and Neutral Density Camera Lens Mu,1,-4949.0,Refund,KHUNTI,Refund,-4949.0,0.0,0,False,
2025-09-17,CCX1-644,GP25_TRIPOD,B0FN8K885R,Yantralay 122cm Invisible Stick   Tripod Extension Monopod for Insta360 X5 X4 X3  ONE R RS  DJI Osmo Action Series   Lightweight Extendable Camera Acc,1,1799.0,Shipment,BERHAMPORE,Shipment,1799.0,0.0,1,False,
2025-09-17,CCX1-645,GP28COMBO1_H13,B0DHYCQR66,Yantralay Silicone Lanyard Sleeve Protective Cover   6PCS Tempered Glass Screen Guard with Silicone Lens Cover Compatible with GoPro Hero 9 Black Acti,1,646.0,Shipment,KHANAKUL I,Shipment,646.0,0.0,1,False,
2025-09-17,CCX1-646,SGONEX4-2_LGONEX4,B0F8VRR8JY,yantralay Insta 360 X4 Lens Guard   Screen Protector Combo Kit   Lens Covers   Anti Scratch  Tempered Glass Screen   Insta 360 X4 Accessories,1,1266.0,Shipment,KOLKATA,Shipment,1266.0,0.0,1,False,
2025-09-17,CCX1-647,GP10_OM7P_STARTRC,B0F2J6Z8WT,yantralay Osmo Mobile 7P Case Portable PU Shoulder Bag for DJI OM 7 Pro 7 Gimbal Stabilizer Travel Case for DJI Osmo Mobile 7 7P,1,1299.0,Shipment,PUNE,Shipment,1299.0,0.0,1,False,
2025-09-17,CCX1-648,CWATCUN_D105-L-BLACKN,B0CQ1QXC2X,Cwatcun Waterresist Camera Waist Pack Compact Crossbody Sling Bag for DSLR SLR Mirrorless Cameras,1,3098.0,Shipment,Kolkata,Shipment,3098.0,0.0,1,False,
2025-09-17,CCX1-649,GP46-L,B0F91GCRP4,yantralay Double Clamp Mount Bracket with 1 4  Ball Head for Go Pro 13 12 11  Insta 360 X5 X4 X3 Handlebar  Motorcycle  Bicycle  Selfie Stick  Studio,1,1758.45,Shipment,Visakhapatnam,Shipment,1758.45,0.0,1,False,
2025-09-18,CCX1-650,ACFRAMEOP3_STARTRCN,B0CR1C9243,STARTRC OSMO Pocket 3 360  Rotation Backpack Clip Mount Shoulder Strap Accessories for DJI Pocket 3 OSMO Pocket 3 Action Cameras,1,1763.0,Shipment,KOLKATA,Shipment,1763.0,0.0,1,False,
2025-09-18,CCX1-652,GP10_OM6_STARTRCN,B09HRM8R6B,nan,1,0.0,Cancel,KUDAL,Cancel,0.0,0.0,0,False,
2025-09-10,CCX1-619,GP10_OM7P_STARTRC,B0F2J6Z8WT,yantralay Osmo Mobile 7P Case Portable PU Shoulder Bag for DJI OM 7 Pro 7 Gimbal Stabilizer Travel Case for DJI Osmo Mobile 7 7P,1,-1299.0,Refund,AIZAWL,Refund,-1299.0,0.0,0,False,
2025-09-18,CCX1-654,GP100,B0723FF53T,yantralay 40 in 1 Action Camera Mount Kit for Hero 13 12 11 10 9 8 7 6 5 SJCAM  Osmo Action 3   4  Insta 360   More   with Selfie Monopod  Straps  Mou,1,1218.0,Shipment,KOLKATA,Shipment,1218.0,0.0,1,False,
2025-09-18,CCX1-651,GP10_RS4MINI_STARTRC,B0DZZFNDHP,yantralay Portable Carrying Storage Case for DJ I Ronin RS4Mini Gimbal EVA Handbag Travel Handheld Shoulder Bag  RS4MINI,1,2631.0,Shipment,BOUNSI,Shipment,2631.0,0.0,1,False,
2025-09-19,CCX1-655,GP10_OM6_STARTRCN,B09HRM8R6B,STARTRC Case Polyurethane  PU  Waterproof Portable Storge Shoulder Bag TravelMate Case for DJI Osmo Mobile 6 Gimbal Stabilizer,1,1098.0,Shipment,GARULIA,Shipment,1098.0,0.0,1,False,
2025-09-19,CCX1-656,GP47-L_TLSNK,B0BBVGXFZ2,Camera Bike Mount Motorcycle Handlebar Clamp Holder for GoPro Insta360 Accessories  TELESIN 360    Rotating Bicycle Cycling Attachment Accessory for,1,1756.55,Shipment,KOLKATA,Shipment,1756.55,0.0,1,False,
2025-09-19,CCX1-657,SGONEX4-2_LGONEX4,B0F8VRR8JY,yantralay Insta 360 X4 Lens Guard   Screen Protector Combo Kit   Lens Covers   Anti Scratch  Tempered Glass Screen   Insta 360 X4 Accessories,1,1266.0,Shipment,HOWRAH,Shipment,1266.0,0.0,1,False,
2025-09-19,CCX1-658,MP_OA5,B0F9X1YNVL,yantralay Camera Lavalier Clip on Type C Microphone for DJ I Action 3 4 Collar Clip Microphone  Without Need of Mic Adapter  1 5M Cable Length   Black,1,1461.0,Shipment,Kumarghat,Shipment,1461.0,0.0,1,False,
2025-09-07,CCX1-615,TE-TSB-001_TLSN,B0B292K9X4,Triple Suction Camera Mount Car Holder  Heavy Duty Tripod Window Windshield Dash Dashboard Inside Outside Sucking Cup Attach Accessories for GoPro Ins,1,-6349.0,Refund,MUMBAI,Refund,-6349.0,0.0,0,False,
2025-09-20,CCX1-659,GP12,B0D7BZ38X8,yantralay Aluminium Car Suction Mount 360  Rotatable for Insta 360 X5 X4 X3 X2  Ace Pro ONE R RS  Hero 13 12 11 10 9 8 7  DJI Osmo Action Series   Al,1,1291.0,Shipment,ROING,Shipment,1291.0,0.0,1,False,
2025-09-16,CCX1-643,ND_ACEPRO2,B0F83RJN9W,Yantralay ND Filter Set Pack of 4 CPL   ND8   ND16   ND32 Compatible for Insta 360 Ace Pro 2 Camera Lens Filter Kit   Includes ND  Polarizing Filters,1,-2799.0,Refund,KOLKATA,Refund,-2799.0,0.0,0,False,
2025-09-21,CCX1-660,GP45-M,B0F88CFJN2,yantralay Magnetic Camera Mount for Hero 13 12 11 10 9  Insta360 X5 X4 X3  Action 4 5  Osmo Pocket 3   360  Quick Release Car Holder  Heavy Duty Magn,1,1607.0,Shipment,Kolkata,Shipment,1607.0,0.0,1,False,
2025-09-21,CCX1-661,ACCHARGERGP5_3,B08LYVPLR9,Yantralay 3 Channel AHDBT 501 Battery Charger for Hero 5 6 7   8 Black Action Camera   USB Cable Included   Fast Charging Dock,1,882.0,Shipment,KOLKATA,Shipment,882.0,0.0,1,False,
2025-09-22,CCX1-662,GP46-M,B0F91GXT2N,yantralay Double Clamp Mount Bracket with 1 4  Ball Head for GoPro  Insta 360 X2 X3  Action Cameras   Handlebar  Motorcycle  Bicycle  Selfie Stick  St,1,1799.0,Shipment,THANE,Shipment,1799.0,0.0,1,False,
2025-09-22,CCX1-663,GP47-LN,B0F91S2PFT,Yantralay Action Camera Handlebar Mount with 360  Dual Ball Head   Super Clamp for Go Pro  Insta 360  Mobile  Bike  Motorcycle   Universal Quick Rele,1,1899.0,Shipment,Cuttack,Shipment,1899.0,0.0,1,False,
2025-09-22,CCX1-664,GP46-M_GP46-S_GP25_150CMS,B0F99WWGGT,yantralay Motorcycle Handlebar Clamp Kit with Dual Clamp Mounts   Invisible Selfie Stick for Insta 360 X4 X3 X2 One RS GO 3   Bike Action Camera Mount,1,3999.0,Shipment,KOLKATA,Shipment,3999.0,0.0,1,False,
2025-09-19,CCX1-655,GP10_OM6_STARTRCN,B09HRM8R6B,STARTRC Case Polyurethane  PU  Waterproof Portable Storge Shoulder Bag TravelMate Case for DJI Osmo Mobile 6 Gimbal Stabilizer,1,-1098.0,Refund,GARULIA,Refund,-1098.0,0.0,0,False,
2025-09-23,CCX1-667,GP43_OA360,B0FP9QB6HY,Yantralay Protective Hard Shell Storage Pouch for D J I Osm o Action 360 Camera  Osm o Action 360 Accessories,1,426.55,Shipment,Sambalpur,Shipment,426.55,0.0,1,False,
2025-09-21,CCX1-661,ACCHARGERGP5_3,B08LYVPLR9,Yantralay 3 Channel AHDBT 501 Battery Charger for Hero 5 6 7   8 Black Action Camera   USB Cable Included   Fast Charging Dock,1,-882.0,Refund,KOLKATA,Refund,-882.0,0.0,0,False,
2025-09-23,CCX1-665,PS1,B0BJBL1XBS,yantralay Polyester Dual Controller Hard Carry Case Compatible With Ps5 Ps4 Xbox Ipega Controllers   3 Layer Protection Travel Carry Case   Grey,1,805.6,Shipment,BHUBANESWAR,Shipment,805.6,0.0,1,False,
2025-09-23,CCX1-669,GP47-L_TLSNK,B0BBVGXFZ2,nan,1,0.0,Cancel,BHUBANESWAR,Cancel,0.0,0.0,0,False,
2025-09-23,NAN,GP47-L_TLSNK,B0BBVGXFZ2,nan,1,0.0,Cancel,BHUBANESWAR,Cancel,0.0,0.0,0,False,
2025-09-23,CCX1-666,GP47-L_TLSNK,B0BBVGXFZ2,Camera Bike Mount Motorcycle Handlebar Clamp Holder for GoPro Insta360 Accessories  TELESIN 360    Rotating Bicycle Cycling Attachment Accessory for,1,1756.55,Shipment,RANCHI,Shipment,1756.55,0.0,1,False,
2025-09-23,CCX1-670,GP47-L_TLSNK,B0BBVGXFZ2,Camera Bike Mount Motorcycle Handlebar Clamp Holder for GoPro Insta360 Accessories  TELESIN 360    Rotating Bicycle Cycling Attachment Accessory for,1,1756.55,Shipment,BHUBANESWAR,Shipment,1756.55,0.0,1,False,
2025-09-23,CCX1-671,GP46-M,B0F91GXT2N,yantralay Double Clamp Mount Bracket with 1 4  Ball Head for GoPro  Insta 360 X2 X3  Action Cameras   Handlebar  Motorcycle  Bicycle  Selfie Stick  St,1,1709.05,Shipment,NEW TOWN,Shipment,1709.05,0.0,1,False,
2025-09-23,CCX1-668,GP10_OM6_STARTRC,B0C55JFPKR,yantralay Waterproof Storage Case for DJI Osmo Mobile 6 with Ultimate Protection for Gimbal  Tripod  Phone Clamp  and Accessories   Includes Shoulder,1,949.0,Shipment,DHARCHULA DEHAT,Shipment,949.0,0.0,1,False,
2025-09-23,CCX1-667,GP43_OA360,B0FP9QB6HY,Yantralay Protective Hard Shell Storage Pouch for D J I Osm o Action 360 Camera  Osm o Action 360 Accessories,1,-426.55,Refund,Sambalpur,Refund,-426.55,0.0,0,False,
2025-09-18,CCX1-651,GP10_RS4MINI_STARTRC,B0DZZFNDHP,yantralay Portable Carrying Storage Case for DJ I Ronin RS4Mini Gimbal EVA Handbag Travel Handheld Shoulder Bag  RS4MINI,1,-2631.0,Refund,BOUNSI,Refund,-2631.0,0.0,0,False,
2025-09-24,CCX1-674,GP47-L_TLSNK,B0BBVGXFZ2,Camera Bike Mount Motorcycle Handlebar Clamp Holder for GoPro Insta360 Accessories  TELESIN 360    Rotating Bicycle Cycling Attachment Accessory for,1,1849.0,Shipment,DURGAPUR,Shipment,1849.0,0.0,1,False,
2025-09-24,CCX1-677,GP46-M_GP46-S_GP25_150CMS,B0F99WWGGT,yantralay Motorcycle Handlebar Clamp Kit with Dual Clamp Mounts   Invisible Selfie Stick for Insta 360 X4 X3 X2 One RS GO 3   Bike Action Camera Mount,1,3799.05,Shipment,PANCHKULA,Shipment,3799.05,0.0,1,False,
2025-09-25,CCX1-678,S13,B07MG832T8,yantralay Universal 360  Rotating Vertical Mobile Tripod Monopod Mount for Smartphones up to 4 1  Width   Compatible with Samsung  iPhone  Xiaomi  On,1,236.55,Shipment,BIDHAN NAGAR,Shipment,236.55,0.0,1,False,
2025-09-24,CCX1-673,GP49,B0D456N4QM,yantralay Motorcycle Bike Bicycle Handlebar Mount Clamps with 1 4  Screw Compatible 8 35mm for Gopro Hero 13 12 11 10 9 Max Insta360 ONE X5 X4 X3  ONE,1,949.0,Shipment,KANCHRAPARA,Shipment,949.0,0.0,1,False,
2025-09-25,CCX1-679,ND_OP3-6_STARTRCN,B0CLTTKV97,STARTRAC Magnetic ND   CPL Filters Set for DJI Osmo Pocket 3 Creator Combo   6 Pack CPL  ND 8  16  32  64  256  Ultra Slim Aluminum Frame,1,3999.0,Shipment,DEHRADUN,Shipment,3999.0,0.0,1,False,
2025-09-24,CCX1-675,MP_OA5,B0F9X1YNVL,yantralay Camera Lavalier Clip on Type C Microphone for DJ I Action 3 4 Collar Clip Microphone  Without Need of Mic Adapter  1 5M Cable Length   Black,1,1424.05,Shipment,KOLKATA,Shipment,1424.05,0.0,1,False,
2025-09-24,CCX1-676,PS2_BLACK,B0BL1CYSW6,yantralay Nylon Controller Gamepad Carry Case   Ultimate Protection Compatible for PS5 PS4 PS3 Switch Pro Xbox Joysticks Waterproof  Scratch Protectio,1,479.0,Shipment,NEW TOWN,Shipment,479.0,0.0,1,False,
2025-09-24,CCX1-672,ND_MINI4PRO-6_STARTRCN,B0CJJT6WXR,STARTRC Mini 4 Pro Filters  6 Pack UV CPL ND8 ND16 ND32 ND64 Filter Compatible with DJI Mini 4 Pro Drone  Polarizer and Neutral Density Camera Lens Mu,1,4949.0,Shipment,BENGALURU,Shipment,4949.0,0.0,1,False,
2025-09-25,CCX1-680,GP28COMBO1_H13,B0DHYCQR66,Yantralay Silicone Lanyard Sleeve Protective Cover   6PCS Tempered Glass Screen Guard with Silicone Lens Cover Compatible with GoPro Hero 9 Black Acti,1,664.05,Shipment,DURGAPUR,Shipment,664.05,0.0,1,False,
2025-09-25,CCX1-681,MP_OA5,B0F9X1YNVL,yantralay Camera Lavalier Clip on Type C Microphone for DJ I Action 3 4 Collar Clip Microphone  Without Need of Mic Adapter  1 5M Cable Length   Black,1,1499.0,Shipment,HALDIA TOWNSHIP,Shipment,1499.0,0.0,1,False,
2025-09-25,CCX1-684,GP25_TRIPOD,B0FN8K885R,Yantralay 122cm Invisible Stick   Tripod Extension Monopod for Insta360 X5 X4 X3  ONE R RS  DJI Osmo Action Series   Lightweight Extendable Camera Acc,1,1619.0,Shipment,KOLKATA,Shipment,1619.0,0.0,1,False,
2025-09-25,CCX1-685,GP46-M_GP46-S_GP25_150CMS,B0F99WWGGT,yantralay Motorcycle Handlebar Clamp Kit with Dual Clamp Mounts   Invisible Selfie Stick for Insta 360 X4 X3 X2 One RS GO 3   Bike Action Camera Mount,1,3679.35,Shipment,JHANSI,Shipment,3679.35,0.0,1,False,
2025-09-25,CCX1-682,GP10_RS4MINI_STARTRC,B0DZZFNDHP,yantralay Portable Carrying Storage Case for DJ I Ronin RS4Mini Gimbal EVA Handbag Travel Handheld Shoulder Bag  RS4MINI,1,2499.45,Shipment,THOUBAL,Shipment,2499.45,0.0,1,False,
2025-09-25,CCX1-687,GP25_TRIPOD,B0FN8K885R,Yantralay 122cm Invisible Stick   Tripod Extension Monopod for Insta360 X5 X4 X3  ONE R RS  DJI Osmo Action Series   Lightweight Extendable Camera Acc,1,1619.0,Shipment,GANGTOK,Shipment,1619.0,0.0,1,False,
2025-09-25,CCX1-683,MP_ONEX4,B0F9X132RD,yantralay Camera Lavalier Clip on Type C Microphone for Insta 360 X4 Collar Clip Microphone  Without Need of Mic Adapter  1 5M Cable Length   Black  I,1,1499.0,Shipment,Barasat,Shipment,1499.0,0.0,1,False,
2025-09-26,CCX1-690,ND_H13_TLS,B0DWT75YDS,Yantralay ND Filter Set Compatible with GoPro Hero13 Circular Polarizing Filters with 3PCS Neutral Density for GoPro Hero 13 Accessories  CPL ND8 ND16,1,2754.05,Shipment,BOKARO STEEL CITY,Shipment,2754.05,0.0,1,False,
2025-09-26,CCX1-690,ACCHARGERGP13_CD_AMG,B0DZVVQPKD,Yantralay 3 Channel Fast Charging Box Battery Charger for GoPro Hero 13 Black   Compatible with Original GoPro Hero 13 Batteries  Portable GoPro Hero,1,1908.55,Shipment,BOKARO STEEL CITY,Shipment,1908.55,0.0,1,False,
2025-09-26,CCX1-688,GP25_TRIPOD,B0FN8K885R,Yantralay 122cm Invisible Stick   Tripod Extension Monopod for Insta360 X5 X4 X3  ONE R RS  DJI Osmo Action Series   Lightweight Extendable Camera Acc,1,1619.0,Shipment,KOLKATA,Shipment,1619.0,0.0,1,False,
2025-09-26,CCX1-691,PS2_BLACK,B0BL1CYSW6,yantralay Nylon Controller Gamepad Carry Case   Ultimate Protection Compatible for PS5 PS4 PS3 Switch Pro Xbox Joysticks Waterproof  Scratch Protectio,1,479.0,Shipment,Kolkata,Shipment,479.0,0.0,1,False,
2025-09-26,CCX1-692,MP_OA5,B0F9X1YNVL,yantralay Camera Lavalier Clip on Type C Microphone for DJ I Action 3 4 Collar Clip Microphone  Without Need of Mic Adapter  1 5M Cable Length   Black,1,1424.05,Shipment,THANE,Shipment,1424.05,0.0,1,False,
2025-09-26,CCX1-689,GP47-L_TLSNK,B0BBVGXFZ2,Camera Bike Mount Motorcycle Handlebar Clamp Holder for GoPro Insta360 Accessories  TELESIN 360    Rotating Bicycle Cycling Attachment Accessory for,1,1849.0,Shipment,NAHARLAGUN,Shipment,1849.0,0.0,1,False,
2025-09-27,CCX1-694,GP46-M,B0F91GXT2N,yantralay Double Clamp Mount Bracket with 1 4  Ball Head for GoPro  Insta 360 X2 X3  Action Cameras   Handlebar  Motorcycle  Bicycle  Selfie Stick  St,1,1799.0,Shipment,HAZARIBAGH,Shipment,1799.0,0.0,1,False,
2025-09-27,CCX1-693,GP10_OA3,B0DMSYR199,yantralay Carrying Case for DJ I Os mo Action 5 Pro Action 4  Action 3 Cameras  Storage Bag Case with Shoulder Strap  DJ I Osm o Action Camera Accesso,1,1329.05,Shipment,SURAT,Shipment,1329.05,0.0,1,False,
2025-09-27,CCX1-696,GP28COMBO1_H13,B0DHYCQR66,Yantralay Silicone Lanyard Sleeve Protective Cover   6PCS Tempered Glass Screen Guard with Silicone Lens Cover Compatible with GoPro Hero 9 Black Acti,1,613.7,Shipment,PURI,Shipment,613.7,0.0,1,False,
2025-09-27,CCX1-699,GP25_TRIPOD,B0FN8K885R,Yantralay 122cm Invisible Stick   Tripod Extension Monopod for Insta360 X5 X4 X3  ONE R RS  DJI Osmo Action Series   Lightweight Extendable Camera Acc,1,1570.43,Shipment,HAORA,Shipment,1570.43,0.0,1,False,
2025-09-27,CCX1-695,ACCHARGERGP5_3,B08LYVPLR9,Yantralay 3 Channel AHDBT 501 Battery Charger for Hero 5 6 7   8 Black Action Camera   USB Cable Included   Fast Charging Dock,1,823.0,Shipment,NA DUAR,Shipment,823.0,0.0,1,False,
2025-09-27,CCX1-697,GP10_RS4MINI_STARTRC,B0DZZFNDHP,yantralay Portable Carrying Storage Case for DJ I Ronin RS4Mini Gimbal EVA Handbag Travel Handheld Shoulder Bag  RS4MINI,1,2499.45,Shipment,GHATAL,Shipment,2499.45,0.0,1,False,
2025-09-28,CCX1-700,GP47-L_TLSNK,B0BBVGXFZ2,Camera Bike Mount Motorcycle Handlebar Clamp Holder for GoPro Insta360 Accessories  TELESIN 360    Rotating Bicycle Cycling Attachment Accessory for,1,1756.55,Shipment,PURNIA,Shipment,1756.55,0.0,1,False,
2025-09-28,CCX1-702,GP47-L_TLSNK,B0BBVGXFZ2,Camera Bike Mount Motorcycle Handlebar Clamp Holder for GoPro Insta360 Accessories  TELESIN 360    Rotating Bicycle Cycling Attachment Accessory for,1,1849.0,Shipment,BALESHWAR,Shipment,1849.0,0.0,1,False,
2025-09-27,CCX1-698,GP10_OA3,B0DMSYR199,yantralay Carrying Case for DJ I Os mo Action 5 Pro Action 4  Action 3 Cameras  Storage Bag Case with Shoulder Strap  DJ I Osm o Action Camera Accesso,1,1399.0,Shipment,DEHRADU,Shipment,1399.0,0.0,1,False,
2025-09-28,CCX1-701,GP47-L_TLSNK,B0BBVGXFZ2,Camera Bike Mount Motorcycle Handlebar Clamp Holder for GoPro Insta360 Accessories  TELESIN 360    Rotating Bicycle Cycling Attachment Accessory for,1,1849.0,Shipment,GUWAHATI,Shipment,1849.0,0.0,1,False,
2025-09-28,CCX1-707,GP28COMBO1_H13,B0DHYCQR66,Yantralay Silicone Lanyard Sleeve Protective Cover   6PCS Tempered Glass Screen Guard with Silicone Lens Cover Compatible with GoPro Hero 9 Black Acti,1,646.0,Shipment,BHUBANESWAR,Shipment,646.0,0.0,1,False,
2025-09-29,CCX1-708,GP25_TRIPOD,B0FN8K885R,Yantralay 122cm Invisible Stick   Tripod Extension Monopod for Insta360 X5 X4 X3  ONE R RS  DJI Osmo Action Series   Lightweight Extendable Camera Acc,1,1619.0,Shipment,Keshapat,Shipment,1619.0,0.0,1,False,
2025-09-28,CCX1-704,ND_OP3-6_STARTRCN,B0CLTTKV97,STARTRAC Magnetic ND   CPL Filters Set for DJI Osmo Pocket 3 Creator Combo   6 Pack CPL  ND 8  16  32  64  256  Ultra Slim Aluminum Frame,1,3704.05,Shipment,Bhagalpur,Shipment,3704.05,0.0,1,False,
2025-09-28,CCX1-705,GP25_TRIPOD,B0FN8K885R,Yantralay 122cm Invisible Stick   Tripod Extension Monopod for Insta360 X5 X4 X3  ONE R RS  DJI Osmo Action Series   Lightweight Extendable Camera Acc,1,1619.0,Shipment,RAXAUL BAZAR,Shipment,1619.0,0.0,1,False,
2025-09-28,CCX1-706,PS10_OLEDCOMBO_GREEN,B0DJFLRGQF,yantralay Carry Case Pouch Cover Compatible with Nintendo Switch OLED  OLED 2 with Game Card Slots for Switch Switch OLED OLED 2 Accessories  Video Ga,1,1082.05,Shipment,Mumbai,Shipment,1082.05,0.0,1,False,
2025-09-29,CCX1-709,PS10_OLEDCOMBO_GREEN,B0DJFLRGQF,yantralay Carry Case Pouch Cover Compatible with Nintendo Switch OLED  OLED 2 with Game Card Slots for Switch Switch OLED OLED 2 Accessories  Video Ga,1,1082.05,Shipment,PATRATU,Shipment,1082.05,0.0,1,False,
2025-09-29,CCX1-710,GP10_OM6_STARTRCN,B09HRM8R6B,STARTRC Case Polyurethane  PU  Waterproof Portable Storge Shoulder Bag TravelMate Case for DJI Osmo Mobile 6 Gimbal Stabilizer,1,999.0,Shipment,RANCHI,Shipment,999.0,0.0,1,False,
2025-09-29,CCX1-712,GP47-LN,B0F91S2PFT,Yantralay Action Camera Handlebar Mount with 360  Dual Ball Head   Super Clamp for Go Pro  Insta 360  Mobile  Bike  Motorcycle   Universal Quick Rele,1,1899.0,Shipment,BHUBANESWAR,Shipment,1899.0,0.0,1,False,
2025-09-28,CCX1-703,PS10_OLEDCOMBO_GREEN,B0DJFLRGQF,yantralay Carry Case Pouch Cover Compatible with Nintendo Switch OLED  OLED 2 with Game Card Slots for Switch Switch OLED OLED 2 Accessories  Video Ga,1,1139.0,Shipment,MALDA,Shipment,1139.0,0.0,1,False,
2025-09-30,CCX1-713,GP28COMBO1_H13,B0DHYCQR66,Yantralay Silicone Lanyard Sleeve Protective Cover   6PCS Tempered Glass Screen Guard with Silicone Lens Cover Compatible with GoPro Hero 9 Black Acti,1,646.0,Shipment,GOBARDANGA,Shipment,646.0,0.0,1,False,
2025-09-30,CCX1-714,GP47-L_TLSNK,B0BBVGXFZ2,Camera Bike Mount Motorcycle Handlebar Clamp Holder for GoPro Insta360 Accessories  TELESIN 360    Rotating Bicycle Cycling Attachment Accessory for,1,0.0,FreeReplacement,KOLKATA,FreeReplacement,0.0,0.0,0,True,
2025-09-29,CCX1-711,GP10_OA3,B0DMSYR199,yantralay Carrying Case for DJ I Os mo Action 5 Pro Action 4  Action 3 Cameras  Storage Bag Case with Shoulder Strap  DJ I Osm o Action Camera Accesso,1,1329.05,Shipment,BENGALURU,Shipment,1329.05,0.0,1,False,
2025-08-28,BOM5-1307,GP1620_TLS,B08S7D4LKH,yantralay Upgraded Helmet Chin Strap Mount for Hero 13 12 11 10 9 8 7 6 5  SJCAM  Insta 360   DJI Osmo Action 3   4   Adjustable   Secure Camera Moun,1,-1164.97,Refund,HYDERABAD,Refund,-1164.97,0.0,0,False,
2025-08-24,BOM5-1280,GP47-SN,B0F91PMBC5,yantralay Action Camera Handlebar Mount with 360  Dual Ball Head   Super Clamp for Go Pro  Insta 360  Mobile  Bike  Motorcycle   Universal Quick Rele,1,-1606.32,Refund,Gurugram,Refund,-1606.32,0.0,0,False,
2025-08-26,BOM5-1295,GP46-L,B0F91GCRP4,yantralay Double Clamp Mount Bracket with 1 4  Ball Head for Go Pro 13 12 11  Insta 360 X5 X4 X3 Handlebar  Motorcycle  Bicycle  Selfie Stick  Studio,1,-1795.47,Refund,GURGAON,Refund,-1795.47,0.0,0,False,
2025-08-29,BOM7-1401,TR-S-CAMOFLAGUE_TARIONN,B0BM9GT8NT,TARION Camera Sling Bag DSLR Sling Pack for Men Women Photographers with Waterproof Raincover Tripod Holder Sling Backpack Camera Bag Backpack Photogr,1,-4727.78,Refund,HYDERABAD,Refund,-4727.78,0.0,0,False,
2025-08-28,BOM5-1311,PS_CDRACK-GREEN,B0DWXXDCX6,yantralay Game Storage Tower for PS5 Xbox Series Switch   Holds 18 Game Discs with 4 Controller Holders   Gaming Desk Organizer   Stand  Green,1,-1701.38,Refund,GHAZIABAD,Refund,-1701.38,0.0,0,False,
2025-08-31,BOM5-1327,ACFRAMEGP13_AL,B0F93ZW44W,Yantralay Premium Aluminum Protective Case for Go Pro Hero13 12 11 10 9 Tough Aluminum Cage Maximum Protection with Minimal Weight Accessory,1,-2599.6,Refund,LUCKNOW,Refund,-2599.6,0.0,0,False,
2025-08-31,BOM7-1420,GP28COMBO_X3N,B0BY8178B6,PellKing Camera Protective Accessories Kit for Insta360 X3  Inst 360 X3 Bundle Include Lens Guard Silicone Protective Cover Screen Protectors Camera C,1,-1086.4,Refund,NAVI MUMBAI,Refund,-1086.4,0.0,0,False,
2025-08-26,BOM5-1296,GP45-M,B0F88CFJN2,yantralay Magnetic Camera Mount for Hero 13 12 11 10 9  Insta360 X5 X4 X3  Action 4 5  Osmo Pocket 3   360  Quick Release Car Holder  Heavy Duty Magn,1,-1558.79,Refund,Bengaluru,Refund,-1558.79,0.0,0,False,
2025-08-27,IN-214,MS_ACFRAMEOP3_PL,B0FJFWVC4N,yantralay Magnetic Mount Stand for DJ I Osmo Pocket 3 180  Adjustable Portable Magnet Grip Frame Bracket for Pocket 3 Accessories,1,-1405.53,Refund,KOLKATA,Refund,-1405.53,0.0,0,False,
2025-08-27,CN-40,MS_ACFRAMEOP3_PL,B0FJFWVC4N,nan,1,0.0,Cancel,KOLKATA,Cancel,0.0,0.0,0,False,
2025-08-30,BOM5-1325,ND_MINI4PRO-6_STARTRCN,B0CJJT6WXR,STARTRC Mini 4 Pro Filters  6 Pack UV CPL ND8 ND16 ND32 ND64 Filter Compatible with DJI Mini 4 Pro Drone  Polarizer and Neutral Density Camera Lens Mu,1,-4800.53,Refund,New Delhi,Refund,-4800.53,0.0,0,False,
2025-08-26,BOM7-1365,GP10_RS4MINI_STARTRC,B0DZZFNDHP,yantralay Portable Carrying Storage Case for DJ I Ronin RS4Mini Gimbal EVA Handbag Travel Handheld Shoulder Bag  RS4MINI,1,-2552.07,Refund,KHUNTI,Refund,-2552.07,0.0,0,False,
2025-08-26,BOM7-1367,GP10_RS4MINI_STARTRC,B0DZZFNDHP,yantralay Portable Carrying Storage Case for DJ I Ronin RS4Mini Gimbal EVA Handbag Travel Handheld Shoulder Bag  RS4MINI,1,-2552.07,Refund,MUMBAI,Refund,-2552.07,0.0,0,False,
2025-08-29,BOM7-1400,XHS_TARION,B0F2W1X1S1,yantralay x TARI ON XHS Hard Shell Camera Case Bag Roll Top Shoulder Sling Bag for Outdoor Photography  DSLR   Mirrorless Cameras  Lenses   Tripod   W,1,-4145.78,Refund,BHAVNAGAR,Refund,-4145.78,0.0,0,False,
2025-08-27,BOM5-1301,TY98_TUYU,B0F7RP62NV,yantralay Motorcycle Windshield Mounting Clamp Aluminum Mount for Insta 360 X5 X4 X3  Go Pro Hero 13 12 11 10 9  D J I Action 5 Pro  4 3 Action Camera,1,-1795.47,Refund,HYDERABAD,Refund,-1795.47,0.0,0,False,
2025-08-29,BOM7-1406,PS5_CC1_GREY,B0BRJMPHKL,yantralay PS5 Carrying Case Bag for PS5 Console Gamepad  Controller  Headset  VR Play Station Accessories   Travel Bag   Grey,1,-2375.53,Refund,AHMEDABAD,Refund,-2375.53,0.0,0,False,
2025-08-21,BOM5-1257,ACCHARGERONEX4_3_AMG,B0DWLH6MJ3,Yantralay x amagisn 3 Slot Battery Charger Compatible for Insta360 X4 Camera  Charging Dock for X4 Accessories,1,-1381.28,Refund,Sawantwadi,Refund,-1381.28,0.0,0,False,
2025-08-27,BOM7-1375,ND_MINI4PRO-6_STARTRCN,B0CJJT6WXR,STARTRC Mini 4 Pro Filters  6 Pack UV CPL ND8 ND16 ND32 ND64 Filter Compatible with DJI Mini 4 Pro Drone  Polarizer and Neutral Density Camera Lens Mu,1,-4800.53,Refund,Khunti,Refund,-4800.53,0.0,0,False,
2025-08-27,BOM7-1374,GP10_RS4MINI_STARTRC,B0DZZFNDHP,yantralay Portable Carrying Storage Case for DJ I Ronin RS4Mini Gimbal EVA Handbag Travel Handheld Shoulder Bag  RS4MINI,1,-2552.07,Refund,Khunti,Refund,-2552.07,0.0,0,False,
2025-08-31,CN-41,LGOA360,B0FP9LYYWR,nan,1,0.0,Cancel,Tronica City,Cancel,0.0,0.0,0,False,
2025-08-31,IN-235,LGOA360,B0FP9LYYWR,yantralay Lens Guard for DJI Osmo 360 Camera   Waterproof Dustproof Snap On Lens Protective Cover  Easy Installation  Osm o Action 360 Accessories,1,-1260.03,Refund,Tronica City,Refund,-1260.03,0.0,0,False,
2025-08-23,BOM7-1327,PS5_CC1_GREY,B0BRJMPHKL,yantralay PS5 Carrying Case Bag for PS5 Console Gamepad  Controller  Headset  VR Play Station Accessories   Travel Bag   Grey,1,-2375.53,Refund,Bengaluru,Refund,-2375.53,0.0,0,False,
2025-08-29,BOM7-1399,GP10_RS4MINI_STARTRC,B0DZZFNDHP,yantralay Portable Carrying Storage Case for DJ I Ronin RS4Mini Gimbal EVA Handbag Travel Handheld Shoulder Bag  RS4MINI,1,-2552.07,Refund,SORON,Refund,-2552.07,0.0,0,False,
2025-08-25,BOM5-1288,GP10_OM7P_STARTRC,B0F2J6Z8WT,yantralay Osmo Mobile 7P Case Portable PU Shoulder Bag for DJI OM 7 Pro 7 Gimbal Stabilizer Travel Case for DJI Osmo Mobile 7 7P,1,-1260.03,Refund,BEGUN,Refund,-1260.03,0.0,0,False,
2025-08-30,BOM7-1414,CADEN_D10N,B07B2SYCRF,CADeN Camera Backpack Professional DSLR Bag with USB Charging Port Rain Cover  Photography Laptop Backpack for Women Men Waterproof  Camera Case Compa,1,-3799.05,Refund,Gandhinagar,Refund,-3799.05,0.0,0,False,
2025-08-31,BOM7-1419,GP10_RS4MINI_STARTRC,B0DZZFNDHP,yantralay Portable Carrying Storage Case for DJ I Ronin RS4Mini Gimbal EVA Handbag Travel Handheld Shoulder Bag  RS4MINI,1,-2552.07,Refund,NEW DELHI,Refund,-2552.07,0.0,0,False,
2025-08-28,BOM5-1312,ACCASEONEX4,B0DZZC8YJV,Yantralay Invisible Dive Case for Insta360 X4   Waterproof Diving Housing Cover  Protective PC Sealed Shell with Bracket for Underwater Photography,1,-5484.38,Refund,Ambarnath,Refund,-5484.38,0.0,0,False,
2025-08-31,BOM5-1326,GP46-L,B0F91GCRP4,yantralay Double Clamp Mount Bracket with 1 4  Ball Head for Go Pro 13 12 11  Insta 360 X5 X4 X3 Handlebar  Motorcycle  Bicycle  Selfie Stick  Studio,1,-1795.47,Refund,MAHRAJGANJ MAHRAJGANJ DISTRICT,Refund,-1795.47,0.0,0,False,
2025-07-23,PNQ3-399,GP47-L_TLS,B0DJ9S3SY7,yantralay x Telesin Camera Clamp Mount   360  Ball Joint Handlebar Holder for Go Pro Hero 13 12 11 10 9  Insta360 X4 X3 X2  ONE R RS  DJI Osmo Action,1,-1978.0,Refund,PUNE,Refund,-1978.0,0.0,0,False,
2025-09-01,BOM7-1424,GP1620_TLS,B08S7D4LKH,yantralay Upgraded Helmet Chin Strap Mount for Hero 13 12 11 10 9 8 7 6 5  SJCAM  Insta 360   DJI Osmo Action 3   4   Adjustable   Secure Camera Moun,1,1201.0,Shipment,Udaipur,Shipment,1201.0,0.0,1,False,
2025-09-01,BOM7-1425,SHOTGRIP_TLS,B0FCSFYHRJ,yantralay x Teles in ShotGrip   Magnetic Camera Grip with Wireless Shutter for Phone 16 15 14 13  Android  1 4  Tripod Mount Compatible  DSLR Style Cr,1,2362.92,Shipment,HYDERABAD,Shipment,2362.92,0.0,1,False,
2025-09-01,BOM7-1427,SHOTGRIP_TLSN,B0F66YYCTQ,Magnetic Phone Camera Grip  Smartphone Shooting Holder Selfie Handle Snap with Wireless Shutter Button Remote for iPhone 16 15 14 13 12 Pro Max Androi,1,2449.0,Shipment,hyderabad,Shipment,2449.0,0.0,1,False,
2025-09-01,BOM7-1426,PS1,B0BJBL1XBS,yantralay Polyester Dual Controller Hard Carry Case Compatible With Ps5 Ps4 Xbox Ipega Controllers   3 Layer Protection Travel Carry Case   Grey,1,905.0,Shipment,AKOLA,Shipment,905.0,0.0,1,False,
2025-09-01,BOM7-1428,GP10_RS4MINI_STARTRC,B0DZZFNDHP,yantralay Portable Carrying Storage Case for DJ I Ronin RS4Mini Gimbal EVA Handbag Travel Handheld Shoulder Bag  RS4MINI,1,2631.0,Shipment,AJMER,Shipment,2631.0,0.0,1,False,
2025-09-01,IN-242,LGONEX5,B0FKYLQ2QZ,yantralay Accessories for Insta 360 X5   Lens Guard Set of 2  Insta 360 X5 Accessories  X5 Lens Guard,1,699.0,Shipment,NASHIK,Shipment,699.0,0.0,1,False,
2025-09-01,IN-241,ACCHARGERONEX5_3_AMG,B0FKYRJB8C,Yantralay Charging Case for Insta 360 X5   3 Battery Charger Hub with Intelligent Fast Charging  Automatic Pop Up Lid  Simultaneous Charging Station f,1,1499.0,Shipment,CHENNAI,Shipment,1499.0,0.0,1,False,
2025-09-01,IN-240,ACCHARGERONEX5_3_AMG,B0FKYRJB8C,Yantralay Charging Case for Insta 360 X5   3 Battery Charger Hub with Intelligent Fast Charging  Automatic Pop Up Lid  Simultaneous Charging Station f,1,1499.0,Shipment,ramganj,Shipment,1499.0,0.0,1,False,
2025-09-01,BOM5-1336,GP46-M,B0F91GXT2N,yantralay Double Clamp Mount Bracket with 1 4  Ball Head for GoPro  Insta 360 X2 X3  Action Cameras   Handlebar  Motorcycle  Bicycle  Selfie Stick  St,1,1754.0,Shipment,BENGALURU,Shipment,1754.0,0.0,1,False,
2025-09-01,BOM5-1335,CWATCUN_D132-LN,B0D8YFTJ5D,Cwatcun D132 Camera Backpack  Black2  Large  Camera Backpack,1,8999.0,Shipment,SOHNA,Shipment,8999.0,0.0,1,False,
2025-09-01,BOM5-1337,ND_MINI4PRO-6_STARTRCN,B0CJJT6WXR,STARTRC Mini 4 Pro Filters  6 Pack UV CPL ND8 ND16 ND32 ND64 Filter Compatible with DJI Mini 4 Pro Drone  Polarizer and Neutral Density Camera Lens Mu,1,4949.0,Shipment,New Delhi,Shipment,4949.0,0.0,1,False,
2025-09-01,BOM5-1338,PS_CDRACK-GREEN,B0DWXXDCX6,yantralay Game Storage Tower for PS5 Xbox Series Switch   Holds 18 Game Discs with 4 Controller Holders   Gaming Desk Organizer   Stand  Green,1,1709.0,Shipment,GHAZIABAD,Shipment,1709.0,0.0,1,False,
2025-09-01,PNQ3-540,GP46-L,B0F91GCRP4,yantralay Double Clamp Mount Bracket with 1 4  Ball Head for Go Pro 13 12 11  Insta 360 X5 X4 X3 Handlebar  Motorcycle  Bicycle  Selfie Stick  Studio,1,1851.0,Shipment,BENGALURU,Shipment,1851.0,0.0,1,False,
2025-09-01,BOM7-1431,PS_CDRACK-GREEN,B0DWXXDCX6,yantralay Game Storage Tower for PS5 Xbox Series Switch   Holds 18 Game Discs with 4 Controller Holders   Gaming Desk Organizer   Stand  Green,1,1709.0,Shipment,RANCHI,Shipment,1709.0,0.0,1,False,
2025-09-01,BOM5-1340,GP28COMBO1_H13,B0DHYCQR66,Yantralay Silicone Lanyard Sleeve Protective Cover   6PCS Tempered Glass Screen Guard with Silicone Lens Cover Compatible with GoPro Hero 9 Black Acti,1,626.62,Shipment,VASAI VIRAR,Shipment,626.62,0.0,1,False,
2025-09-01,BOM5-1341,CWATCUN_D105-L-BLACKN,B0CQ1QXC2X,Cwatcun Waterresist Camera Waist Pack Compact Crossbody Sling Bag for DSLR SLR Mirrorless Cameras,1,2849.05,Shipment,MUMBAI,Shipment,2849.05,0.0,1,False,
2025-09-01,BOM7-1432,PS5_CC1_BLACK,B0BRJM4R9Q,yantralay PS 5 Carrying Case Bag for PS5 Console Gamepad  Controller  Headset  VR Play Statio n Accessories   Travel Bag   Black,1,2375.53,Shipment,THANE,Shipment,2375.53,0.0,1,False,
2025-09-01,BOM7-1436,PS5_CC1_BLACK,B0BRJM4R9Q,yantralay PS 5 Carrying Case Bag for PS5 Console Gamepad  Controller  Headset  VR Play Statio n Accessories   Travel Bag   Black,1,2449.0,Shipment,SALIGRAM,Shipment,2449.0,0.0,1,False,
2025-09-01,BOM7-1433,PS5_CC1_BLACK,B0BRJM4R9Q,yantralay PS 5 Carrying Case Bag for PS5 Console Gamepad  Controller  Headset  VR Play Statio n Accessories   Travel Bag   Black,1,2375.53,Shipment,Mumbai,Shipment,2375.53,0.0,1,False,
2025-09-01,BOM7-1434,PS2_WHITE,B0C46XWQRT,yantralay Controller Gamepad Carry Case   Ultimate Protection Compatible for PS5 PS4 PS3 Switch Pro Xbox Joysticks Waterproof  Scratch Protection  Dur,1,549.0,Shipment,BHOPAL,Shipment,549.0,0.0,1,False,
2025-09-01,IN-245,GP40_GP25,B0CPWLNF5B,nan,1,0.0,Cancel,Thiruvananthapuram,Cancel,0.0,0.0,0,False,
2025-09-01,PNQ3-541,PS10_OLED_YELLOW,B0BRY5GJ5Y,yantralay Carry Case Pouch Cover Compatible with Nintendo Switch OLED  OLED 2 with Game Card Slots for Switch Switch OLED OLED 2 Accessories  Video Ga,1,616.0,Shipment,MUMBAI,Shipment,616.0,0.0,1,False,
2025-09-01,BOM7-1435,GP10_RS4MINI_STARTRC,B0DZZFNDHP,yantralay Portable Carrying Storage Case for DJ I Ronin RS4Mini Gimbal EVA Handbag Travel Handheld Shoulder Bag  RS4MINI,1,2552.07,Shipment,PALGHAR,Shipment,2552.07,0.0,1,False,
2025-09-01,BOM5-1339,GP47-M,B0F91SSVW8,yantralay Action Camera Handlebar Mount with 360  Dual Ball Head   Super Clamp for Go Pro  Insta 360  Mobile  Bike  Motorcycle   Universal Quick Rele,1,1754.0,Shipment,RAVET,Shipment,1754.0,0.0,1,False,
2025-09-01,BOM7-1429,ND_DJIFLIP-6_STARTRCN,B0DT1GJ13Z,ND UV CPL Filter Set for DJI Flip Accessories ND16 ND32 ND64 ND128 CPL UV Drone Lens Filters Set  Multi Coated HD Optical Glass 6 Pack,1,3639.44,Shipment,SHORANUR,Shipment,3639.44,0.0,1,False,
2025-09-01,PNQ3-539,PS10_OLEDCOMBO_YELLOW,B0DJFL8DBY,yantralay Carry Case Pouch Cover Compatible with Nintendo Switch OLED  OLED 2 with Game Card Slots for Switch Switch OLED OLED 2 Accessories  Video Ga,1,1104.83,Shipment,MUMBAI,Shipment,1104.83,0.0,1,False,
2025-09-02,BOM7-1438,PS5_CC1_BLACK,B0BRJM4R9Q,yantralay PS 5 Carrying Case Bag for PS5 Console Gamepad  Controller  Headset  VR Play Statio n Accessories   Travel Bag   Black,1,2449.0,Shipment,Mysore,Shipment,2449.0,0.0,1,False,
2025-09-02,BOM7-1439,PS5_CC1_BLACK,B0BRJM4R9Q,yantralay PS 5 Carrying Case Bag for PS5 Console Gamepad  Controller  Headset  VR Play Statio n Accessories   Travel Bag   Black,1,2449.0,Shipment,BENGALURU,Shipment,2449.0,0.0,1,False,
2025-09-02,BOM5-1343,GP46-M,B0F91GXT2N,yantralay Double Clamp Mount Bracket with 1 4  Ball Head for GoPro  Insta 360 X2 X3  Action Cameras   Handlebar  Motorcycle  Bicycle  Selfie Stick  St,1,1754.0,Shipment,GURGAON,Shipment,1754.0,0.0,1,False,
2025-09-01,BOM7-1437,GP47_NEW,B0DRYJZ6VH,yantralay 360  Rotatable Camera Bike Mount Clamp Motorcycle Handlebar Pole Aluminium Mount for Insta360 X5 X4 X3  Ace Pro Pro2  Hero13 12 11 10 9 Osm,2,2630.0,Shipment,MUMBAI,Shipment,2630.0,0.0,2,False,
2025-09-02,BOM7-1441,PS10_PS5PORTALCOMBO,B0DF2Z2X1Q,yantralay 6 in 1 Hard Carrying Case with Protective Cover for Play Station 5 Portal  Non Slip Soft Case Cover   Screen Protectors   Thumb Grips for PS,1,2070.0,Shipment,MORADABAD,Shipment,2070.0,0.0,1,False,
2025-09-02,BOM5-1344,ACCHARGERGP13_3_AMG,B0DZJVT4TX,Yantralay 3 Channel Battery Charger for GoPro Hero 13 Black   Fast Charging Hub  Fully Compatible with Original GoPro Hero 13 Batteries  Portable GoPr,1,1289.0,Shipment,HYDERABAD,Shipment,1289.0,0.0,1,False,
2025-09-02,BOM5-1346,GP45-M,B0F88CFJN2,yantralay Magnetic Camera Mount for Hero 13 12 11 10 9  Insta360 X5 X4 X3  Action 4 5  Osmo Pocket 3   360  Quick Release Car Holder  Heavy Duty Magn,1,1607.0,Shipment,BENGALURU,Shipment,1607.0,0.0,1,False,
2025-09-02,IN-249,LGOA360,B0FP9LYYWR,yantralay Lens Guard for DJI Osmo 360 Camera   Waterproof Dustproof Snap On Lens Protective Cover  Easy Installation  Osm o Action 360 Accessories,1,1299.0,Shipment,Bengaluru,Shipment,1299.0,0.0,1,False,
2025-09-02,IN-247,SGOLED2,B0FDQL7DFH,yantralay Tempered Glass Screen Protector for Nintendo Switch 2  2025    Ultra Thin HD Clear Film Guard with Rounded Edges for 7 9 Inch Display  1 Pac,1,499.0,Shipment,JAISALMER,Shipment,499.0,0.0,1,False,
2025-09-01,IN-244,SGOLED2,B0FDQL7DFH,yantralay Tempered Glass Screen Protector for Nintendo Switch 2  2025    Ultra Thin HD Clear Film Guard with Rounded Edges for 7 9 Inch Display  1 Pac,1,499.0,Shipment,Bengaluru,Shipment,499.0,0.0,1,False,
2025-09-01,IN-243,GP40_GP25,B0CPWLNF5B,Yantralay Motorcycle Bike Leg Guard Handlebar Mount Selfie Stick Pole for Insta360 ONE X3 X2  ONER RS  ACE ACE PRO  Hero 13 12 11 10 9 and Other Camer,1,2499.0,Shipment,PUNE,Shipment,2499.0,0.0,1,False,
2025-09-01,IN-246,SGOLED2,B0FDQL7DFH,yantralay Tempered Glass Screen Protector for Nintendo Switch 2  2025    Ultra Thin HD Clear Film Guard with Rounded Edges for 7 9 Inch Display  1 Pac,1,499.0,Shipment,CHENNAI,Shipment,499.0,0.0,1,False,
2025-09-02,IN-248,ACCHARGERONEX5_3_AMG,B0FKYRJB8C,Yantralay Charging Case for Insta 360 X5   3 Battery Charger Hub with Intelligent Fast Charging  Automatic Pop Up Lid  Simultaneous Charging Station f,1,1499.0,Shipment,KHATAULI,Shipment,1499.0,0.0,1,False,
2025-09-02,BOM7-1443,ND_AVATA2_STARTRC,B0DX7CQYH1,Yantralay x Start rc 4 Pack ND8 ND16 ND32 ND64 Filter Compatible with DJI Avata 2  Neutral Density Camera Lens ND Filter,1,3314.0,Shipment,Hyderabad,Shipment,3314.0,0.0,1,False,
2025-09-01,BOM7-1430,PS5_CC1_BLACK,B0BRJM4R9Q,yantralay PS 5 Carrying Case Bag for PS5 Console Gamepad  Controller  Headset  VR Play Statio n Accessories   Travel Bag   Black,1,2375.53,Shipment,GURUGRAM,Shipment,2375.53,0.0,1,False,
2025-09-02,BOM7-1445,PS_CDRACK-BLUE,B0DWY1M5G4,yantralay Game Storage Tower for PS5 Xbox Series Switch   Holds 18 Game Discs with 4 Controller Holders   Gaming Desk Organizer   Stand  Blue,1,1799.0,Shipment,AMRITSAR,Shipment,1799.0,0.0,1,False,
2025-09-02,BOM5-1342,PS10_PS5PORTAL,B0DVT5SJD2,yantralay Hard Carrying Protective Case for Play Station Portal for PS5 Portal Console  Storage Case Only,1,999.0,Shipment,MUMBAI,Shipment,999.0,0.0,1,False,
2025-09-02,BOM7-1440,GP10_OM7P_STARTRC,B0F2J6Z8WT,yantralay Osmo Mobile 7P Case Portable PU Shoulder Bag for DJI OM 7 Pro 7 Gimbal Stabilizer Travel Case for DJI Osmo Mobile 7 7P,1,1299.0,Shipment,BELGAUM,Shipment,1299.0,0.0,1,False,
2025-09-02,BOM7-1444,GP10_RS4_STARTRC,B0DB1TQPH3,yantralay Portable Carrying Storage Case for DJ I Ronin RS4   RS4 Pro Gimbal EVA Handbag Travel Handheld Shoulder Bag  Grey,1,2706.0,Shipment,MATHURA,Shipment,2706.0,0.0,1,False,
2025-09-02,BOM5-1345,GP46-L,B0F91GCRP4,yantralay Double Clamp Mount Bracket with 1 4  Ball Head for Go Pro 13 12 11  Insta 360 X5 X4 X3 Handlebar  Motorcycle  Bicycle  Selfie Stick  Studio,1,1851.0,Shipment,JSW STEEL PLANT TOWNSHIP,Shipment,1851.0,0.0,1,False,
2025-09-02,PNQ3-542,GP46-L,B0F91GCRP4,yantralay Double Clamp Mount Bracket with 1 4  Ball Head for Go Pro 13 12 11  Insta 360 X5 X4 X3 Handlebar  Motorcycle  Bicycle  Selfie Stick  Studio,1,1851.0,Shipment,Secunderabad,Shipment,1851.0,0.0,1,False,
2025-09-02,PNQ3-543,PS2_BLUE,B0BL1H24P4,yantralay Controller Gamepad Carry Case   Ultimate Protection Compatible for PS5 PS4 PS3 Switch Pro Xbox Joysticks Waterproof  Scratch Protection  Dur,1,499.0,Shipment,PUNE,Shipment,499.0,0.0,1,False,
2025-09-02,BOM5-1347,GP47-M,B0F91SSVW8,yantralay Action Camera Handlebar Mount with 360  Dual Ball Head   Super Clamp for Go Pro  Insta 360  Mobile  Bike  Motorcycle   Universal Quick Rele,1,1754.0,Shipment,RAVET,Shipment,1754.0,0.0,1,False,
2025-09-03,BOM5-1349,GP46-M,B0F91GXT2N,yantralay Double Clamp Mount Bracket with 1 4  Ball Head for GoPro  Insta 360 X2 X3  Action Cameras   Handlebar  Motorcycle  Bicycle  Selfie Stick  St,1,1754.0,Shipment,HYDERABAD,Shipment,1754.0,0.0,1,False,
2025-09-02,IN-251,SGOLED2,B0FDQL7DFH,yantralay Tempered Glass Screen Protector for Nintendo Switch 2  2025    Ultra Thin HD Clear Film Guard with Rounded Edges for 7 9 Inch Display  1 Pac,1,499.0,Shipment,MUMBAI,Shipment,499.0,0.0,1,False,
2025-09-03,BOM7-1447,GP10_OM7P_STARTRC,B0F2J6Z8WT,nan,1,0.0,Cancel,Barsana,Cancel,0.0,0.0,0,False,
2025-09-03,BOM7-1450,GP10_RS4MINI_STARTRC,B0DZZFNDHP,yantralay Portable Carrying Storage Case for DJ I Ronin RS4Mini Gimbal EVA Handbag Travel Handheld Shoulder Bag  RS4MINI,1,2631.0,Shipment,KHUNTI,Shipment,2631.0,0.0,1,False,
2025-09-03,BOM7-1446,PS5_CC1_BLACK,B0BRJM4R9Q,yantralay PS 5 Carrying Case Bag for PS5 Console Gamepad  Controller  Headset  VR Play Statio n Accessories   Travel Bag   Black,1,2449.0,Shipment,NEW DELHI,Shipment,2449.0,0.0,1,False,
2025-09-03,BOM7-1448,CWATCUN_D129N,B0D8HTSVZH,Cwatcun Camera Backpack Hardshell for Photography  2 in1 Shockproof Camera Sling Bag  Waterproof Camera Case Crossbody with Tripod Holder  Rain Cover,1,4599.0,Shipment,BENGALURU,Shipment,4599.0,0.0,1,False,
2025-09-03,BOM7-1453,GP10_OM7P_STARTRC,B0F2J6Z8WT,yantralay Osmo Mobile 7P Case Portable PU Shoulder Bag for DJI OM 7 Pro 7 Gimbal Stabilizer Travel Case for DJI Osmo Mobile 7 7P,1,1299.0,Shipment,SOLAPUR,Shipment,1299.0,0.0,1,False,
2025-09-03,BOM5-1348,GP1620_TLS,B08S7D4LKH,yantralay Upgraded Helmet Chin Strap Mount for Hero 13 12 11 10 9 8 7 6 5  SJCAM  Insta 360   DJI Osmo Action 3   4   Adjustable   Secure Camera Moun,1,1164.97,Shipment,HIRANAGAR,Shipment,1164.97,0.0,1,False,
2025-09-03,BOM7-1452,PS10_PS5PORTALCOMBO,B0DF2Z2X1Q,yantralay 6 in 1 Hard Carrying Case with Protective Cover for Play Station 5 Portal  Non Slip Soft Case Cover   Screen Protectors   Thumb Grips for PS,1,2070.0,Shipment,CHENNAI,Shipment,2070.0,0.0,1,False,
2025-09-01,BOM5-1339,GP47-M,B0F91SSVW8,yantralay Action Camera Handlebar Mount with 360  Dual Ball Head   Super Clamp for Go Pro  Insta 360  Mobile  Bike  Motorcycle   Universal Quick Rele,1,-1754.0,Refund,RAVET,Refund,-1754.0,0.0,0,False,
2025-09-03,IN-254,LGOA360,B0FP9LYYWR,yantralay Lens Guard for DJI Osmo 360 Camera   Waterproof Dustproof Snap On Lens Protective Cover  Easy Installation  Osm o Action 360 Accessories,1,1299.0,Shipment,NAVI MUMBAI,Shipment,1299.0,0.0,1,False,
2025-09-03,IN-253,LGOA360,B0FP9LYYWR,yantralay Lens Guard for DJI Osmo 360 Camera   Waterproof Dustproof Snap On Lens Protective Cover  Easy Installation  Osm o Action 360 Accessories,1,1299.0,Shipment,Pune,Shipment,1299.0,0.0,1,False,
2025-09-02,IN-252,ACFRAMEONEX5_AL,B0FJG46XCP,Yantralay Accessories for Insta 360 X5   Aluminum Frame Mount  Insta 360 X5 Accessories  X5 Aluminium Frame,1,0.0,FreeReplacement,Bengaluru,FreeReplacement,0.0,0.0,0,True,
2025-09-02,IN-250,LGOA360,B0FP9LYYWR,yantralay Lens Guard for DJI Osmo 360 Camera   Waterproof Dustproof Snap On Lens Protective Cover  Easy Installation  Osm o Action 360 Accessories,1,1299.0,Shipment,BENGALURU,Shipment,1299.0,0.0,1,False,
2025-09-03,BOM7-1454,GP10_OM7P_STARTRC,B0F2J6Z8WT,yantralay Osmo Mobile 7P Case Portable PU Shoulder Bag for DJI OM 7 Pro 7 Gimbal Stabilizer Travel Case for DJI Osmo Mobile 7 7P,1,1299.0,Shipment,Ludhiana,Shipment,1299.0,0.0,1,False,
2025-09-03,BOM7-1455,PS5_CC1_BLACK,B0BRJM4R9Q,yantralay PS 5 Carrying Case Bag for PS5 Console Gamepad  Controller  Headset  VR Play Statio n Accessories   Travel Bag   Black,1,0.0,FreeReplacement,NEW DELHI,FreeReplacement,0.0,0.0,0,True,
2025-09-03,PNQ3-544,GP47_NEW,B0DRYJZ6VH,yantralay 360  Rotatable Camera Bike Mount Clamp Motorcycle Handlebar Pole Aluminium Mount for Insta360 X5 X4 X3  Ace Pro Pro2  Hero13 12 11 10 9 Osm,1,1315.0,Shipment,PUNE,Shipment,1315.0,0.0,1,False,
2025-09-03,IN-261,GP25_TRIPOD,B0FN8K885R,nan,1,0.0,Cancel,Ghaziabad,Cancel,0.0,0.0,0,False,
2025-09-03,BOM7-1456,PS10_PS5PORTALCOMBO,B0DF2Z2X1Q,yantralay 6 in 1 Hard Carrying Case with Protective Cover for Play Station 5 Portal  Non Slip Soft Case Cover   Screen Protectors   Thumb Grips for PS,1,2070.0,Shipment,HYDERABAD,Shipment,2070.0,0.0,1,False,
2025-09-03,BOM5-1351,ND_AIR3_STARTRCN,B0CCV1PBY6,STARTRC ND Filters Set for DJI Air 3 Accessories 4Pack Filters  ND8  ND16  ND32  ND64   Aluminum Version,1,4679.0,Shipment,Bhadrak,Shipment,4679.0,0.0,1,False,
2025-09-03,BOM5-1350,GP49,B0D456N4QM,yantralay Motorcycle Bike Bicycle Handlebar Mount Clamps with 1 4  Screw Compatible 8 35mm for Gopro Hero 13 12 11 10 9 Max Insta360 ONE X5 X4 X3  ONE,1,901.0,Shipment,MANGALURU,Shipment,901.0,0.0,1,False,
2025-09-04,BOM7-1460,CWATCUN_D105-L-BLACKN,B0CQ1QXC2X,Cwatcun Waterresist Camera Waist Pack Compact Crossbody Sling Bag for DSLR SLR Mirrorless Cameras,1,0.0,FreeReplacement,HYDERABAD,FreeReplacement,0.0,0.0,0,True,
2025-09-01,BOM5-1335,CWATCUN_D132-LN,B0D8YFTJ5D,Cwatcun D132 Camera Backpack  Black2  Large  Camera Backpack,1,-8999.0,Refund,SOHNA,Refund,-8999.0,0.0,0,False,
2025-09-04,BOM7-1463,GP10_OM7P_STARTRC,B0F2J6Z8WT,yantralay Osmo Mobile 7P Case Portable PU Shoulder Bag for DJI OM 7 Pro 7 Gimbal Stabilizer Travel Case for DJI Osmo Mobile 7 7P,1,1260.03,Shipment,Hyderabad,Shipment,1260.03,0.0,1,False,
2025-09-03,BOM7-1457,GP12,B0D7BZ38X8,yantralay Aluminium Car Suction Mount 360  Rotatable for Insta 360 X4 X3 X2  Ace Pro ONE R RS  Hero 13 12 11 10 9 8 7  DJI Osmo Action Series   All O,1,1291.0,Shipment,DARJEELING,Shipment,1291.0,0.0,1,False,
2025-09-04,BOM7-1462,GP10_OM7P_STARTRC,B0F2J6Z8WT,yantralay Osmo Mobile 7P Case Portable PU Shoulder Bag for DJI OM 7 Pro 7 Gimbal Stabilizer Travel Case for DJI Osmo Mobile 7 7P,1,1260.03,Shipment,Kamshet,Shipment,1260.03,0.0,1,False,
2025-09-04,BOM5-1353,GP47-SN,B0F91PMBC5,yantralay Action Camera Handlebar Mount with 360  Dual Ball Head   Super Clamp for Go Pro  Insta 360  Mobile  Bike  Motorcycle   Universal Quick Rele,1,1606.32,Shipment,GURUGRAM,Shipment,1606.32,0.0,1,False,
2025-09-04,BOM5-1352,GP46-L,B0F91GCRP4,yantralay Double Clamp Mount Bracket with 1 4  Ball Head for Go Pro 13 12 11  Insta 360 X5 X4 X3 Handlebar  Motorcycle  Bicycle  Selfie Stick  Studio,1,0.0,FreeReplacement,Secunderabad,FreeReplacement,0.0,0.0,0,True,
2025-09-04,BOM7-1464,PS5_CC1_BLACK,B0BRJM4R9Q,yantralay PS 5 Carrying Case Bag for PS5 Console Gamepad  Controller  Headset  VR Play Statio n Accessories   Travel Bag   Black,1,2375.53,Shipment,BENGALURU,Shipment,2375.53,0.0,1,False,
2025-09-04,BOM7-1466,PS2_WHITE,B0C46XWQRT,yantralay Controller Gamepad Carry Case   Ultimate Protection Compatible for PS5 PS4 PS3 Switch Pro Xbox Joysticks Waterproof  Scratch Protection  Dur,1,532.53,Shipment,GURUGRAM,Shipment,532.53,0.0,1,False,
2025-09-03,BOM7-1458,PS5_CC1_BLACK,B0BRJM4R9Q,yantralay PS 5 Carrying Case Bag for PS5 Console Gamepad  Controller  Headset  VR Play Statio n Accessories   Travel Bag   Black,1,2449.0,Shipment,MUMBAI,Shipment,2449.0,0.0,1,False,
2025-09-04,BOM7-1461,PS5_CC1_BLACK,B0BRJM4R9Q,yantralay PS 5 Carrying Case Bag for PS5 Console Gamepad  Controller  Headset  VR Play Statio n Accessories   Travel Bag   Black,1,2375.53,Shipment,BENGALURU,Shipment,2375.53,0.0,1,False,
2025-09-04,BOM5-1355,PS5_CC1_GREY,B0BRJMPHKL,yantralay PS5 Carrying Case Bag for PS5 Console Gamepad  Controller  Headset  VR Play Station Accessories   Travel Bag   Grey,1,2375.53,Shipment,BENGALURU,Shipment,2375.53,0.0,1,False,
2025-09-04,BOM5-1354,GP46-M_GP46-S_GP25_150CMS,B0F99WWGGT,yantralay Motorcycle Handlebar Clamp Kit with Dual Clamp Mounts   Invisible Selfie Stick for Insta 360 X4 X3 X2 One RS GO 3   Bike Action Camera Mount,1,4254.42,Shipment,BULDANA,Shipment,4254.42,0.0,1,False,
2025-09-04,BOM5-1354,GP47_NEW,B0DRYJZ6VH,yantralay 360  Rotatable Camera Bike Mount Clamp Motorcycle Handlebar Pole Aluminium Mount for Insta360 X5 X4 X3  Ace Pro Pro2  Hero13 12 11 10 9 Osm,1,1315.0,Shipment,BULDANA,Shipment,1315.0,0.0,1,False,
2025-09-04,BOM7-1459,ACFRAMEOP3_PL_VRIG,B0DDQ7BWNC,yantralay Phone Holder for DJI Osmo Pocket 3  Vlogging Camera Expansion Bracket  Adjustable Adapter Frame  Live Streaming Accessories,1,1266.0,Shipment,BADLAPUR,Shipment,1266.0,0.0,1,False,
2025-09-04,BOM7-1465,PS_CDRACK-BLUE,B0DWY1M5G4,yantralay Game Storage Tower for PS5 Xbox Series Switch   Holds 18 Game Discs with 4 Controller Holders   Gaming Desk Organizer   Stand  Blue,1,1745.03,Shipment,RANCHI,Shipment,1745.03,0.0,1,False,
2025-09-03,IN-260,LGOA360,B0FP9LYYWR,yantralay Lens Guard for DJI Osmo 360 Camera   Waterproof Dustproof Snap On Lens Protective Cover  Easy Installation  Osm o Action 360 Accessories,1,1260.03,Shipment,PADRAUNA,Shipment,1260.03,0.0,1,False,
2025-09-03,IN-258,LGOA360,B0FP9LYYWR,yantralay Lens Guard for DJI Osmo 360 Camera   Waterproof Dustproof Snap On Lens Protective Cover  Easy Installation  Osm o Action 360 Accessories,1,1260.03,Shipment,BENGALURU,Shipment,1260.03,0.0,1,False,
2025-09-03,IN-257,ACFRAMEONEX5_AL,B0FJG46XCP,Yantralay Accessories for Insta 360 X5   Aluminum Frame Mount  Insta 360 X5 Accessories  X5 Aluminium Frame,1,4191.0,Shipment,CHENNAI,Shipment,4191.0,0.0,1,False,
2025-09-03,IN-256,ACCHARGERONEX5_3_AMG,B0FKYRJB8C,Yantralay Charging Case for Insta 360 X5   3 Battery Charger Hub with Intelligent Fast Charging  Automatic Pop Up Lid  Simultaneous Charging Station f,1,1499.0,Shipment,CHENNAI,Shipment,1499.0,0.0,1,False,
2025-09-03,IN-259,LGOA360,B0FP9LYYWR,yantralay Lens Guard for DJI Osmo 360 Camera   Waterproof Dustproof Snap On Lens Protective Cover  Easy Installation  Osm o Action 360 Accessories,1,1260.03,Shipment,THANE,Shipment,1260.03,0.0,1,False,
2025-09-03,IN-261,GP25_TRIPOD,B0FN8K885R,Yantralay 122cm Invisible Stick   Tripod Extension Monopod for Insta360 X5 X4 X3  ONE R RS  DJI Osmo Action Series   Lightweight Extendable Camera Acc,1,1357.03,Shipment,Ghaziabad,Shipment,1357.03,0.0,1,False,
2025-09-04,BOM7-1467,PS5_CC1_BLACK,B0BRJM4R9Q,yantralay PS 5 Carrying Case Bag for PS5 Console Gamepad  Controller  Headset  VR Play Statio n Accessories   Travel Bag   Black,1,2375.53,Shipment,PORT BLAIR,Shipment,2375.53,0.0,1,False,
2025-09-04,IN-268,ACFRAMEONEX5_AL,B0FJG46XCP,nan,1,0.0,Cancel,UCHANA,Cancel,0.0,0.0,0,False,
2025-09-04,BOM7-1470,GP10_RS4MINI_STARTRC,B0DZZFNDHP,yantralay Portable Carrying Storage Case for DJ I Ronin RS4Mini Gimbal EVA Handbag Travel Handheld Shoulder Bag  RS4MINI,1,2552.07,Shipment,MUMBAI,Shipment,2552.07,0.0,1,False,
2025-09-04,BOM7-1469,GP12,B0D7BZ38X8,yantralay Aluminium Car Suction Mount 360  Rotatable for Insta 360 X5 X4 X3 X2  Ace Pro ONE R RS  Hero 13 12 11 10 9 8 7  DJI Osmo Action Series   Al,1,1252.27,Shipment,Panvel,Shipment,1252.27,0.0,1,False,
2025-09-04,BOM5-1356,GP46-L,B0F91GCRP4,yantralay Double Clamp Mount Bracket with 1 4  Ball Head for Go Pro 13 12 11  Insta 360 X5 X4 X3 Handlebar  Motorcycle  Bicycle  Selfie Stick  Studio,1,1851.0,Shipment,THANE,Shipment,1851.0,0.0,1,False,
2025-09-04,BOM7-1468,PS5_CC1_BLACK,B0BRJM4R9Q,yantralay PS 5 Carrying Case Bag for PS5 Console Gamepad  Controller  Headset  VR Play Statio n Accessories   Travel Bag   Black,1,2375.53,Shipment,PUNE,Shipment,2375.53,0.0,1,False,
2025-09-04,BOM5-1357,PS10_OLEDCOMBO_GREEN,B0DJFLRGQF,yantralay Carry Case Pouch Cover Compatible with Nintendo Switch OLED  OLED 2 with Game Card Slots for Switch Switch OLED OLED 2 Accessories  Video Ga,1,1104.83,Shipment,MUMBAI,Shipment,1104.83,0.0,1,False,
2025-09-04,BOM7-1471,SHOTGRIP_TLS,B0FCSFYHRJ,yantralay x Teles in ShotGrip   Magnetic Camera Grip with Wireless Shutter for Phone 16 15 14 13  Android  1 4  Tripod Mount Compatible  DSLR Style Cr,1,2362.92,Shipment,GURUGRAM,Shipment,2362.92,0.0,1,False,
2025-09-05,NAN,PS5_CC1_BLACK,B0BRJM4R9Q,nan,1,0.0,Cancel,MUMBAI,Cancel,0.0,0.0,0,False,
2025-09-05,BOM7-1473,GP10_RS4_STARTRC,B0DB1TQPH3,yantralay Portable Carrying Storage Case for DJ I Ronin RS4   RS4 Pro Gimbal EVA Handbag Travel Handheld Shoulder Bag  Grey,1,2624.82,Shipment,BENGALURU,Shipment,2624.82,0.0,1,False,
2025-09-03,IN-255,LGONEX5,B0FKYLQ2QZ,yantralay Accessories for Insta 360 X5   Lens Guard Set of 2  Insta 360 X5 Accessories  X5 Lens Guard,1,699.0,Shipment,PUNE,Shipment,699.0,0.0,1,False,
2025-09-04,IN-263,GP43_OA360,B0FP9QB6HY,Yantralay Protective Hard Shell Storage Pouch for D J I Osm o Action 360 Camera  Osm o Action 360 Accessories,1,387.03,Shipment,Pandikkad,Shipment,387.03,0.0,1,False,
2025-09-05,BOM7-1474,PS5_CC1_GREY,B0BRJMPHKL,yantralay PS5 Carrying Case Bag for PS5 Console Gamepad  Controller  Headset  VR Play Station Accessories   Travel Bag   Grey,1,2375.53,Shipment,HYDERABAD,Shipment,2375.53,0.0,1,False,
2025-09-05,BOM5-1358,SHOTGRIP_TLSN,B0F66YYCTQ,Magnetic Phone Camera Grip  Smartphone Shooting Holder Selfie Handle Snap with Wireless Shutter Button Remote for iPhone 16 15 14 13 12 Pro Max Androi,1,2375.53,Shipment,NEW DELHI,Shipment,2375.53,0.0,1,False,
2025-09-04,IN-262,SGOA360,B0FP9MWY9J,yantralay Screen Guard for DJI Osm o Action 360   HD Tempered Glass  Anti Scratch  Waterproof Film   Clear Protection for Action Camera Screen,1,387.03,Shipment,BENGALURU,Shipment,387.03,0.0,1,False,
2025-09-04,IN-266,GP25_TRIPOD,B0FN8K885R,Yantralay 122cm Invisible Stick   Tripod Extension Monopod for Insta360 X5 X4 X3  ONE R RS  DJI Osmo Action Series   Lightweight Extendable Camera Acc,1,1357.03,Shipment,Thiruvananthapuram,Shipment,1357.03,0.0,1,False,
2025-09-04,IN-268,ACFRAMEONEX5_AL,B0FJG46XCP,Yantralay Accessories for Insta 360 X5   Aluminum Frame Mount   Insta 360 X5 Accessories  X5 Aluminium Frame,1,4065.27,Shipment,UCHANA,Shipment,4065.27,0.0,1,False,
2025-09-04,IN-265,ACFRAMEOA360_AL,B0FP9RC1HB,Yantralay Metal Frame Camera Cage with Silicone Lens Protector for DJI Osm o Action 360   Aluminium Protective Cage with 1 4  Threaded Hole   Cold Sho,1,3879.03,Shipment,Pune,Shipment,3879.03,0.0,1,False,
2025-09-04,IN-267,GP43_OA360,B0FP9QB6HY,Yantralay Protective Hard Shell Storage Pouch for D J I Osm o Action 360 Camera  Osm o Action 360 Accessories,1,422.06,Shipment,PUNE,Shipment,422.06,0.0,1,False,
2025-09-04,IN-267,LGOA360,B0FP9LYYWR,yantralay Lens Guard for DJI Osmo 360 Camera   Waterproof Dustproof Snap On Lens Protective Cover  Easy Installation  Osm o Action 360 Accessories,1,1221.06,Shipment,PUNE,Shipment,1221.06,0.0,1,False,
2025-09-05,BOM7-1472,PS5_CC1_BLACK,B0BRJM4R9Q,yantralay PS 5 Carrying Case Bag for PS5 Console Gamepad  Controller  Headset  VR Play Statio n Accessories   Travel Bag   Black,1,2375.53,Shipment,MUMBAI,Shipment,2375.53,0.0,1,False,
2025-09-03,PNQ3-544,GP47_NEW,B0DRYJZ6VH,yantralay 360  Rotatable Camera Bike Mount Clamp Motorcycle Handlebar Pole Aluminium Mount for Insta360 X5 X4 X3  Ace Pro Pro2  Hero13 12 11 10 9 Osm,1,-1315.0,Refund,PUNE,Refund,-1315.0,0.0,0,False,
2025-09-05,IN-270,WT-XO2V-3YTO,B0FPR84R1D,Yantralay Smart Remote Control for Insta360 Camera   Easy Control for Shooting  Recording   Mode Switching  Action Camera Accessories,1,338.53,Shipment,MUMBAI,Shipment,338.53,0.0,1,False,
2025-09-05,BOM5-1360,GP10KIT_H9_GP18,B0FDBGBJVT,yantralay 63 in 1 Action Camera Accessories Kit for Go Pro Hero 13 12 11 10 9   Waterproof Housing  Silicone Case  3 Way Arm  Head Chest Wrist Strap,1,2552.07,Shipment,THANE,Shipment,2552.07,0.0,1,False,
2025-09-05,BOM5-1359,GP28COMBO_X3N,B0BY8178B6,PellKing Camera Protective Accessories Kit for Insta360 X3  Inst 360 X3 Bundle Include Lens Guard Silicone Protective Cover Screen Protectors Camera C,1,1086.4,Shipment,MUMBAI,Shipment,1086.4,0.0,1,False,
2025-09-05,BOM5-1361,IN28_X5,B0F9KX96CY,nan,1,0.0,Cancel,GHAZIABAD,Cancel,0.0,0.0,0,False,
2025-09-05,BOM5-1364,GP47_NEW,B0DRYJZ6VH,nan,1,0.0,Cancel,THODUPUZHA,Cancel,0.0,0.0,0,False,
2025-09-05,BOM7-1476,SGONEX4-2_LGONEX4,B0F8VRR8JY,yantralay Insta 360 X4 Lens Guard   Screen Protector Combo Kit   Lens Covers   Anti Scratch  Tempered Glass Screen   Insta 360 X4 Accessories,1,1228.02,Shipment,Mumbai,Shipment,1228.02,0.0,1,False,
2025-09-05,PNQ3-545,PS1,B0BJBL1XBS,yantralay Polyester Dual Controller Hard Carry Case Compatible With Ps5 Ps4 Xbox Ipega Controllers   3 Layer Protection Travel Carry Case   Grey,1,877.85,Shipment,PUNE,Shipment,877.85,0.0,1,False,
2025-09-05,BOM7-1481,PS5_CC1_BLACK,B0BRJM4R9Q,yantralay PS 5 Carrying Case Bag for PS5 Console Gamepad  Controller  Headset  VR Play Statio n Accessories   Travel Bag   Black,1,2375.53,Shipment,Pune,Shipment,2375.53,0.0,1,False,
2025-09-05,BOM7-1475,GP10_OM7P_STARTRC,B0F2J6Z8WT,yantralay Osmo Mobile 7P Case Portable PU Shoulder Bag for DJI OM 7 Pro 7 Gimbal Stabilizer Travel Case for DJI Osmo Mobile 7 7P,1,1260.03,Shipment,KOREGAON,Shipment,1260.03,0.0,1,False,
2025-09-05,BOM7-1478,PS5_CC1_GREY,B0BRJMPHKL,yantralay PS5 Carrying Case Bag for PS5 Console Gamepad  Controller  Headset  VR Play Station Accessories   Travel Bag   Grey,1,2375.53,Shipment,TENKASI,Shipment,2375.53,0.0,1,False,
2025-09-05,BOM7-1485,PS10_PS5PORTALCOMBO,B0DF2Z2X1Q,yantralay 6 in 1 Hard Carrying Case with Protective Cover for Play Station 5 Portal  Non Slip Soft Case Cover   Screen Protectors   Thumb Grips for PS,1,2007.9,Shipment,VADODARA,Shipment,2007.9,0.0,1,False,
2025-09-05,BOM7-1480,GP1620_TLS,B08S7D4LKH,yantralay Upgraded Helmet Chin Strap Mount for Hero 13 12 11 10 9 8 7 6 5  SJCAM  Insta 360   DJI Osmo Action 3   4   Adjustable   Secure Camera Moun,1,1164.97,Shipment,PUNE,Shipment,1164.97,0.0,1,False,
2025-09-05,BOM7-1483,PS5_CC1_BLACK,B0BRJM4R9Q,yantralay PS 5 Carrying Case Bag for PS5 Console Gamepad  Controller  Headset  VR Play Statio n Accessories   Travel Bag   Black,1,2375.53,Shipment,NEW DELHI,Shipment,2375.53,0.0,1,False,
2025-09-03,BOM7-1448,CWATCUN_D129N,B0D8HTSVZH,Cwatcun Camera Backpack Hardshell for Photography  2 in1 Shockproof Camera Sling Bag  Waterproof Camera Case Crossbody with Tripod Holder  Rain Cover,1,-4599.0,Refund,BENGALURU,Refund,-4599.0,0.0,0,False,
2025-09-06,BOM7-1486,GP10_OM7P_STARTRC,B0F2J6Z8WT,yantralay Osmo Mobile 7P Case Portable PU Shoulder Bag for DJI OM 7 Pro 7 Gimbal Stabilizer Travel Case for DJI Osmo Mobile 7 7P,1,1260.03,Shipment,HAZARIBAGH,Shipment,1260.03,0.0,1,False,
2025-09-06,NAN,GP43_ONEX3_STARTRC,B0CT5WZTJ7,nan,1,0.0,Cancel,Kolkata,Cancel,0.0,0.0,0,False,
2025-09-06,NAN,LGOA360,B0FP9LYYWR,nan,1,0.0,Cancel,Aurangabad,Cancel,0.0,0.0,0,False,
2025-09-06,BOM5-1368,GP10KIT_H9_GP18,B0FDBGBJVT,yantralay 63 in 1 Action Camera Accessories Kit for Go Pro Hero 13 12 11 10 9   Waterproof Housing  Silicone Case  3 Way Arm  Head Chest Wrist Strap,1,2552.07,Shipment,Karamuck,Shipment,2552.07,0.0,1,False,
2025-09-05,BOM5-1362,GP46-L,B0F91GCRP4,yantralay Double Clamp Mount Bracket with 1 4  Ball Head for Go Pro 13 12 11  Insta 360 X5 X4 X3 Handlebar  Motorcycle  Bicycle  Selfie Stick  Studio,1,0.0,FreeReplacement,MAHRAJGANJ MAHRAJGANJ DISTRICT,FreeReplacement,0.0,0.0,0,True,
2025-09-06,IN-277,LGOA360,B0FP9LYYWR,yantralay Lens Guard for DJI Osmo 360 Camera   Waterproof Dustproof Snap On Lens Protective Cover  Easy Installation  Osm o Action 360 Accessories,1,1260.03,Shipment,Tronica City,Shipment,1260.03,0.0,1,False,
2025-09-06,IN-276,LGOA360,B0FP9LYYWR,yantralay Lens Guard for DJI Osmo 360 Camera   Waterproof Dustproof Snap On Lens Protective Cover  Easy Installation  Osm o Action 360 Accessories,1,1260.03,Shipment,KOLKATA,Shipment,1260.03,0.0,1,False,
2025-09-05,IN-272,GP25_TRIPOD,B0FN8K885R,Yantralay 122cm Invisible Stick   Tripod Extension Monopod for Insta360 X5 X4 X3  ONE R RS  DJI Osmo Action Series   Lightweight Extendable Camera Acc,1,1357.03,Shipment,DEHRADUN,Shipment,1357.03,0.0,1,False,
2025-09-05,IN-269,LGONEX5,B0FKYLQ2QZ,Yantralay Accessories for Insta 360 X5   Lens Guard Set of 2   Insta 360 X5 Accessories  X5 Lens Guard,1,678.03,Shipment,BENGALURU,Shipment,678.03,0.0,1,False,
2025-09-04,IN-264,MS_ACFRAMEOP3_PL,B0FJFWVC4N,yantralay Magnetic Mount Stand for DJ I Osmo Pocket 3 180  Adjustable Portable Magnet Grip Frame Bracket for Pocket 3 Accessories,1,1405.53,Shipment,HYDERABAD,Shipment,1405.53,0.0,1,False,
2025-09-05,IN-273,ND_H13_TLS,B0DWT75YDS,Yantralay ND Filter Set Compatible with GoPro Hero13 Circular Polarizing Filters with 3PCS Neutral Density for GoPro Hero 13 Accessories  CPL ND8 ND16,1,2812.03,Shipment,CHENNAI,Shipment,2812.03,0.0,1,False,
2025-09-06,IN-275,GP43_OA360,B0FP9QB6HY,Yantralay Protective Hard Shell Storage Pouch for D J I Osm o Action 360 Camera  Osm o Action 360 Accessories,1,422.06,Shipment,Pune,Shipment,422.06,0.0,1,False,
2025-09-06,IN-275,SGOA360,B0FP9MWY9J,yantralay Screen Guard for DJI Osm o Action 360   HD Tempered Glass  Anti Scratch  Waterproof Film   Clear Protection for Action Camera Screen,1,375.06,Shipment,Pune,Shipment,375.06,0.0,1,False,
2025-09-06,IN-275,LGOA360,B0FP9LYYWR,yantralay Lens Guard for DJI Osmo 360 Camera   Waterproof Dustproof Snap On Lens Protective Cover  Easy Installation  Osm o Action 360 Accessories,1,1221.06,Shipment,Pune,Shipment,1221.06,0.0,1,False,
2025-09-05,IN-271,GP43_OA360,B0FP9QB6HY,Yantralay Protective Hard Shell Storage Pouch for D J I Osm o Action 360 Camera  Osm o Action 360 Accessories,1,435.53,Shipment,Bengaluru,Shipment,435.53,0.0,1,False,
2025-09-06,BOM7-1488,GP10_RS4MINI_STARTRC,B0DZZFNDHP,yantralay Portable Carrying Storage Case for DJ I Ronin RS4Mini Gimbal EVA Handbag Travel Handheld Shoulder Bag  RS4MINI,1,2552.07,Shipment,CHENNAI,Shipment,2552.07,0.0,1,False,
2025-09-06,BOM7-1487,ACFRAMEOP3_PL_VRIG,B0DDQ7BWNC,yantralay Phone Holder for DJI Osmo Pocket 3  Vlogging Camera Expansion Bracket  Adjustable Adapter Frame  Live Streaming Accessories,1,1228.02,Shipment,Jaipur,Shipment,1228.02,0.0,1,False,
2025-09-05,BOM7-1477,GP10_RS4MINI_STARTRC,B0DZZFNDHP,yantralay Portable Carrying Storage Case for DJ I Ronin RS4Mini Gimbal EVA Handbag Travel Handheld Shoulder Bag  RS4MINI,1,2552.07,Shipment,KOLLAM,Shipment,2552.07,0.0,1,False,
2025-09-05,BOM7-1479,GP10_RS4MINI_STARTRC,B0DZZFNDHP,yantralay Portable Carrying Storage Case for DJ I Ronin RS4Mini Gimbal EVA Handbag Travel Handheld Shoulder Bag  RS4MINI,1,2552.07,Shipment,HSIIDC SOHNA,Shipment,2552.07,0.0,1,False,
2025-09-04,BOM7-1463,GP10_OM7P_STARTRC,B0F2J6Z8WT,yantralay Osmo Mobile 7P Case Portable PU Shoulder Bag for DJI OM 7 Pro 7 Gimbal Stabilizer Travel Case for DJI Osmo Mobile 7 7P,1,-1260.03,Refund,Hyderabad,Refund,-1260.03,0.0,0,False,
2025-09-06,BOM7-1491,GP46-M_GP46-S_GP25_150CMS,B0F99WWGGT,yantralay Motorcycle Handlebar Clamp Kit with Dual Clamp Mounts   Invisible Selfie Stick for Insta 360 X4 X3 X2 One RS GO 3   Bike Action Camera Mount,1,4254.42,Shipment,MUMBAI,Shipment,4254.42,0.0,1,False,
2025-09-06,BOM5-1365,IN28_X5,B0F9KX96CY,yantralay Insta 360 X4 X5 Camera Mount Stand Base   Silicone Non Slip Desktop Bracket for Insta 360 X4   X5   Lightweight  Compact   Stable,1,474.33,Shipment,GHAZIABAD,Shipment,474.33,0.0,1,False,
2025-09-06,BOM5-1366,PS1,B0BJBL1XBS,yantralay Polyester Dual Controller Hard Carry Case Compatible With Ps5 Ps4 Xbox Ipega Controllers   3 Layer Protection Travel Carry Case   Grey,1,877.85,Shipment,KALYAN,Shipment,877.85,0.0,1,False,
2025-09-06,BOM7-1489,GP10_OM7P_STARTRC,B0F2J6Z8WT,yantralay Osmo Mobile 7P Case Portable PU Shoulder Bag for DJI OM 7 Pro 7 Gimbal Stabilizer Travel Case for DJI Osmo Mobile 7 7P,1,1260.03,Shipment,RAIPUR,Shipment,1260.03,0.0,1,False,
2025-09-06,BOM7-1494,PS5_CC1_BLACK,B0BRJM4R9Q,nan,1,0.0,Cancel,NEW DELHI,Cancel,0.0,0.0,0,False,
2025-09-05,BOM7-1484,GP10_OM7P_STARTRC,B0F2J6Z8WT,yantralay Osmo Mobile 7P Case Portable PU Shoulder Bag for DJI OM 7 Pro 7 Gimbal Stabilizer Travel Case for DJI Osmo Mobile 7 7P,1,1260.03,Shipment,BENGALURU,Shipment,1260.03,0.0,1,False,
2025-09-06,BOM7-1492,PS10_PS5PORTALCOMBO,B0DF2Z2X1Q,yantralay 6 in 1 Hard Carrying Case with Protective Cover for Play Station 5 Portal  Non Slip Soft Case Cover   Screen Protectors   Thumb Grips for PS,1,2007.9,Shipment,Bangalore,Shipment,2007.9,0.0,1,False,
2025-09-06,BOM7-1495,PS5_CC1_BLACK,B0BRJM4R9Q,yantralay PS 5 Carrying Case Bag for PS5 Console Gamepad  Controller  Headset  VR Play Statio n Accessories   Travel Bag   Black,1,2454.53,Shipment,NEW DELHI,Shipment,2454.53,0.0,1,False,
2025-09-06,BOM7-1490,PS5_CC1_BLACK,B0BRJM4R9Q,yantralay PS 5 Carrying Case Bag for PS5 Console Gamepad  Controller  Headset  VR Play Statio n Accessories   Travel Bag   Black,1,2375.53,Shipment,Jagdalpur,Shipment,2375.53,0.0,1,False,
2025-09-06,BOM5-1369,GP10_ACEPRO_STARTRC,B0CVQHCGFS,yantralay Polyurethane Portable Protective Carrying Case For Insta360 Ace Ace Pro Action Camera   Accessories   Double Protection  Lightweight With Sh,1,1657.73,Shipment,GURUGRAM,Shipment,1657.73,0.0,1,False,
2025-09-06,BOM7-1497,GP1620_TLS,B08S7D4LKH,yantralay Upgraded Helmet Chin Strap Mount for Hero 13 12 11 10 9 8 7 6 5  SJCAM  Insta 360   DJI Osmo Action 3   4   Adjustable   Secure Camera Moun,1,1164.97,Shipment,RAM NAGAR INDUSTRIAL AREA,Shipment,1164.97,0.0,1,False,
2025-09-04,BOM7-1470,GP10_RS4MINI_STARTRC,B0DZZFNDHP,yantralay Portable Carrying Storage Case for DJ I Ronin RS4Mini Gimbal EVA Handbag Travel Handheld Shoulder Bag  RS4MINI,1,-2552.07,Refund,MUMBAI,Refund,-2552.07,0.0,0,False,
2025-09-07,BOM7-1500,GP10_OM7P_STARTRC,B0F2J6Z8WT,yantralay Osmo Mobile 7P Case Portable PU Shoulder Bag for DJI OM 7 Pro 7 Gimbal Stabilizer Travel Case for DJI Osmo Mobile 7 7P,1,1260.03,Shipment,HYDERABAD,Shipment,1260.03,0.0,1,False,
2025-09-06,BOM5-1367,GP47_NEW,B0DRYJZ6VH,yantralay 360  Rotatable Camera Bike Mount Clamp Motorcycle Handlebar Pole Aluminium Mount for Insta360 X5 X4 X3  Ace Pro Pro2  Hero13 12 11 10 9 Osm,1,1315.0,Shipment,THODUPUZHA,Shipment,1315.0,0.0,1,False,
2025-09-07,NAN,PS5_CC1_BLACK,B0BRJM4R9Q,nan,1,0.0,Cancel,Ulhasnagar,Cancel,0.0,0.0,0,False,
2025-09-01,BOM7-1425,SHOTGRIP_TLS,B0FCSFYHRJ,yantralay x Teles in ShotGrip   Magnetic Camera Grip with Wireless Shutter for Phone 16 15 14 13  Android  1 4  Tripod Mount Compatible  DSLR Style Cr,1,-2362.92,Refund,HYDERABAD,Refund,-2362.92,0.0,0,False,
2025-09-07,BOM7-1503,GP10_OM7P_STARTRC,B0F2J6Z8WT,yantralay Osmo Mobile 7P Case Portable PU Shoulder Bag for DJI OM 7 Pro 7 Gimbal Stabilizer Travel Case for DJI Osmo Mobile 7 7P,1,1260.03,Shipment,UDUPI,Shipment,1260.03,0.0,1,False,
2025-09-06,BOM7-1496,PS10_PS5PORTALCOMBO,B0DF2Z2X1Q,yantralay 6 in 1 Hard Carrying Case with Protective Cover for Play Station 5 Portal  Non Slip Soft Case Cover   Screen Protectors   Thumb Grips for PS,1,2007.9,Shipment,JAMMU,Shipment,2007.9,0.0,1,False,
2025-09-06,BOM7-1498,PS5_CC1_GREY,B0BRJMPHKL,yantralay PS5 Carrying Case Bag for PS5 Console Gamepad  Controller  Headset  VR Play Station Accessories   Travel Bag   Grey,1,2375.53,Shipment,NAGPUR,Shipment,2375.53,0.0,1,False,
2025-09-07,BOM7-1504,PS_CDRACK-BLUE,B0DWY1M5G4,yantralay Game Storage Tower for PS5 Xbox Series Switch   Holds 18 Game Discs with 4 Controller Holders   Gaming Desk Organizer   Stand  Blue,1,1745.03,Shipment,CHENNAI,Shipment,1745.03,0.0,1,False,
2025-09-07,BOM7-1505,GP10_RS4MINI_STARTRC,B0DZZFNDHP,yantralay Portable Carrying Storage Case for DJ I Ronin RS4Mini Gimbal EVA Handbag Travel Handheld Shoulder Bag  RS4MINI,1,2552.07,Shipment,REASI,Shipment,2552.07,0.0,1,False,
2025-09-05,BOM5-1363,DA35,B0F9FM9XHJ,Yantralay Professional 360  Rotating Metal Tripod Ball Head   Quick Release Plate with Bubble Level   8kg Load Capacity   1 4  Screw for DSLR  Camera,1,1900.0,Shipment,DEHRADUN,Shipment,1900.0,0.0,1,False,
2025-09-07,BOM7-1499,PS5_CC1_BLACK,B0BRJM4R9Q,yantralay PS 5 Carrying Case Bag for PS5 Console Gamepad  Controller  Headset  VR Play Statio n Accessories   Travel Bag   Black,1,2375.53,Shipment,JAITUjaitu,Shipment,2375.53,0.0,1,False,
2025-09-07,BOM7-1502,PS5_CC1_BLACK,B0BRJM4R9Q,yantralay PS 5 Carrying Case Bag for PS5 Console Gamepad  Controller  Headset  VR Play Statio n Accessories   Travel Bag   Black,1,2375.53,Shipment,NAVI MUMBAI,Shipment,2375.53,0.0,1,False,
2025-09-07,BOM7-1501,PS5_CC1_BLACK,B0BRJM4R9Q,yantralay PS 5 Carrying Case Bag for PS5 Console Gamepad  Controller  Headset  VR Play Statio n Accessories   Travel Bag   Black,1,2375.53,Shipment,Ulhasnagar,Shipment,2375.53,0.0,1,False,
2025-09-07,PNQ3-546,PS2_RED,B0BL1HF4NJ,yantralay Nylon Controller Gamepad Carry Case   Ultimate Protection Compatible For PS5 PS4 PS3 Switch Pro Xbox Joysticks Waterproof  Scratch Protectio,1,469.06,Shipment,PIMPRI CHINCHWAD,Shipment,469.06,0.0,1,False,
2025-09-07,PNQ3-546,PS2_BLUE,B0BL1H24P4,yantralay Controller Gamepad Carry Case   Ultimate Protection Compatible for PS5 PS4 PS3 Switch Pro Xbox Joysticks Waterproof  Scratch Protection  Dur,1,469.06,Shipment,PIMPRI CHINCHWAD,Shipment,469.06,0.0,1,False,
2025-09-01,BOM5-1340,GP28COMBO1_H13,B0DHYCQR66,Yantralay Silicone Lanyard Sleeve Protective Cover   6PCS Tempered Glass Screen Guard with Silicone Lens Cover Compatible with GoPro Hero 9 Black Acti,1,-626.62,Refund,VASAI VIRAR,Refund,-626.62,0.0,0,False,
2025-09-05,BOM5-1359,GP28COMBO_X3N,B0BY8178B6,PellKing Camera Protective Accessories Kit for Insta360 X3  Inst 360 X3 Bundle Include Lens Guard Silicone Protective Cover Screen Protectors Camera C,1,-1086.4,Refund,MUMBAI,Refund,-1086.4,0.0,0,False,
2025-09-07,PNQ3-547,PS5_VERTICALSTAND,B0DGTZGCNQ,yantralay 2 in 1 Vertical Stand for PS 5   PS 5 Slim Consoles Non Slip Base Mount for PS 5 Accessories  for PS5   PS5 Slim Digital   Disc Version,1,872.03,Shipment,AHMADNAGAR,Shipment,872.03,0.0,1,False,
2025-09-07,BOM5-1371,SHOTGRIP_TLSN,B0F66YYCTQ,Magnetic Phone Camera Grip  Smartphone Shooting Holder Selfie Handle Snap with Wireless Shutter Button Remote for iPhone 16 15 14 13 12 Pro Max Androi,1,2375.53,Shipment,MUMBAI   400053,Shipment,2375.53,0.0,1,False,
2025-09-07,BOM5-1370,TY98_TUYU,B0F7RP62NV,yantralay Motorcycle Windshield Mounting Clamp Aluminum Mount for Insta 360 X5 X4 X3  Go Pro Hero 13 12 11 10 9  D J I Action 5 Pro  4 3 Action Camera,1,1795.47,Shipment,GHUGHULI,Shipment,1795.47,0.0,1,False,
2025-09-07,BOM7-1508,GP46-M_GP46-S_GP25_150CMS,B0F99WWGGT,yantralay Motorcycle Handlebar Clamp Kit with Dual Clamp Mounts   Invisible Selfie Stick for Insta 360 X4 X3 X2 One RS GO 3   Bike Action Camera Mount,1,4254.42,Shipment,Mumbai,Shipment,4254.42,0.0,1,False,
2025-09-04,BOM7-1462,GP10_OM7P_STARTRC,B0F2J6Z8WT,yantralay Osmo Mobile 7P Case Portable PU Shoulder Bag for DJI OM 7 Pro 7 Gimbal Stabilizer Travel Case for DJI Osmo Mobile 7 7P,1,-1260.03,Refund,Kamshet,Refund,-1260.03,0.0,0,False,
2025-09-08,BOM7-1512,GP10_RS4MINI_STARTRC,B0DZZFNDHP,yantralay Portable Carrying Storage Case for DJ I Ronin RS4Mini Gimbal EVA Handbag Travel Handheld Shoulder Bag  RS4MINI,1,2552.07,Shipment,MUMBAI,Shipment,2552.07,0.0,1,False,
2025-09-08,BOM7-1514,SHOTGRIP_TLSN,B0F66YYCTQ,Magnetic Phone Camera Grip  Smartphone Shooting Holder Selfie Handle Snap with Wireless Shutter Button Remote for iPhone 16 15 14 13 12 Pro Max Androi,1,2375.53,Shipment,HYDERABAD,Shipment,2375.53,0.0,1,False,
2025-09-08,BOM5-1373,PS10_PS5PORTAL,B0DVT5SJD2,yantralay Hard Carrying Protective Case for Play Station Portal for PS5 Portal Console  Storage Case Only,1,969.03,Shipment,HYDERABAD,Shipment,969.03,0.0,1,False,
2025-09-07,BOM5-1372,CWATCUN_D125-BLACKN,B0D8J126MV,Cwatcun Camera Backpack Bag Small Fashion DSLR Camera Bag with Tripod Strap Laptop Compartment and Removable Padded Dividers Lightweight Photograhy,1,3499.0,Shipment,PUNE,Shipment,3499.0,0.0,1,False,
2025-09-03,IN-254,LGOA360,B0FP9LYYWR,yantralay Lens Guard for DJI Osmo 360 Camera   Waterproof Dustproof Snap On Lens Protective Cover  Easy Installation  Osm o Action 360 Accessories,1,-1299.0,Refund,NAVI MUMBAI,Refund,-1299.0,0.0,0,False,
2025-09-08,BOM7-1515,SHOTGRIP_TLS,B0FCSFYHRJ,yantralay x Teles in ShotGrip   Magnetic Camera Grip with Wireless Shutter for Phone 16 15 14 13  Android  1 4  Tripod Mount Compatible  DSLR Style Cr,1,2362.92,Shipment,SURAT,Shipment,2362.92,0.0,1,False,
2025-09-06,IN-280,LGOA360,B0FP9LYYWR,yantralay Lens Guard for DJI Osmo 360 Camera   Waterproof Dustproof Snap On Lens Protective Cover  Easy Installation  Osm o Action 360 Accessories,1,1260.03,Shipment,BENGALURU,Shipment,1260.03,0.0,1,False,
2025-09-06,IN-279,GP43_ONEX3_STARTRC,B0CT5WZTJ7,yantralay Carry Pouch Bag for Insta 360 ONE X3 Camera   Compact   Portable   Excellent Scratch Protection   Ideal for Driving  Hiking  Black,1,629.53,Shipment,Kolkata,Shipment,629.53,0.0,1,False,
2025-09-06,IN-278,LGONEX5,B0FKYLQ2QZ,Yantralay Accessories for Insta 360 X5   Lens Guard Set of 2   Insta 360 X5 Accessories  X5 Lens Guard,1,657.06,Shipment,BENGALURU,Shipment,657.06,0.0,1,False,
2025-09-05,IN-274,LGOA360,B0FP9LYYWR,yantralay Lens Guard for DJI Osmo 360 Camera   Waterproof Dustproof Snap On Lens Protective Cover  Easy Installation  Osm o Action 360 Accessories,1,1260.03,Shipment,BENGALURU,Shipment,1260.03,0.0,1,False,
2025-09-06,IN-281,LGOA360,B0FP9LYYWR,yantralay Lens Guard for DJI Osmo 360 Camera   Waterproof Dustproof Snap On Lens Protective Cover  Easy Installation  Osm o Action 360 Accessories,1,1260.03,Shipment,Aurangabad,Shipment,1260.03,0.0,1,False,
2025-09-08,IN-287,LGOA360,B0FP9LYYWR,nan,1,0.0,Cancel,BENGALURU,Cancel,0.0,0.0,0,False,
2025-09-06,BOM7-1493,PS5_CC1_BLACK,B0BRJM4R9Q,yantralay PS 5 Carrying Case Bag for PS5 Console Gamepad  Controller  Headset  VR Play Statio n Accessories   Travel Bag   Black,1,2375.53,Shipment,Dimapur,Shipment,2375.53,0.0,1,False,
2025-09-02,BOM7-1443,ND_AVATA2_STARTRC,B0DX7CQYH1,Yantralay x Start rc 4 Pack ND8 ND16 ND32 ND64 Filter Compatible with DJI Avata 2  Neutral Density Camera Lens ND Filter,1,-3314.0,Refund,Hyderabad,Refund,-3314.0,0.0,0,False,
2025-09-08,BOM7-1519,GP1620_TLS,B08S7D4LKH,yantralay Upgraded Helmet Chin Strap Mount for Hero 13 12 11 10 9 8 7 6 5  SJCAM  Insta 360   DJI Osmo Action 3   4   Adjustable   Secure Camera Moun,1,1164.97,Shipment,New Delhi,Shipment,1164.97,0.0,1,False,
2025-09-07,BOM7-1507,GP28COMBO_X3N,B0BY8178B6,PellKing Camera Protective Accessories Kit for Insta360 X3  Inst 360 X3 Bundle Include Lens Guard Silicone Protective Cover Screen Protectors Camera C,1,1086.4,Shipment,MUMBAI,Shipment,1086.4,0.0,1,False,
2025-09-02,BOM5-1346,GP45-M,B0F88CFJN2,yantralay Magnetic Camera Mount for Hero 13 12 11 10 9  Insta360 X5 X4 X3  Action 4 5  Osmo Pocket 3   360  Quick Release Car Holder  Heavy Duty Magn,1,-1607.0,Refund,BENGALURU,Refund,-1607.0,0.0,0,False,
2025-09-08,BOM7-1521,PS2_WHITE,B0C46XWQRT,yantralay Controller Gamepad Carry Case   Ultimate Protection Compatible for PS5 PS4 PS3 Switch Pro Xbox Joysticks Waterproof  Scratch Protection  Dur,1,516.06,Shipment,Mumbai,Shipment,516.06,0.0,1,False,
2025-09-08,BOM7-1520,PS2_RED,B0BL1HF4NJ,yantralay Nylon Controller Gamepad Carry Case   Ultimate Protection Compatible For PS5 PS4 PS3 Switch Pro Xbox Joysticks Waterproof  Scratch Protectio,1,469.06,Shipment,Mumbai,Shipment,469.06,0.0,1,False,
2025-09-08,BOM7-1522,GP1620_TLS,B08S7D4LKH,yantralay Upgraded Helmet Chin Strap Mount for Hero 13 12 11 10 9 8 7 6 5  SJCAM  Insta 360   DJI Osmo Action 3   4   Adjustable   Secure Camera Moun,1,1164.97,Shipment,JAMMU,Shipment,1164.97,0.0,1,False,
2025-09-08,BOM5-1375,PS5_CC1_GREY,B0BRJMPHKL,yantralay PS5 Carrying Case Bag for PS5 Console Gamepad  Controller  Headset  VR Play Station Accessories   Travel Bag   Grey,1,2375.53,Shipment,MUMBAI,Shipment,2375.53,0.0,1,False,
2025-09-08,BOM7-1517,SHOTGRIP_TLS,B0FCSFYHRJ,yantralay x Teles in ShotGrip   Magnetic Camera Grip with Wireless Shutter for Phone 16 15 14 13  Android  1 4  Tripod Mount Compatible  DSLR Style Cr,1,2362.92,Shipment,MAHESANA,Shipment,2362.92,0.0,1,False,
2025-09-03,BOM5-1348,GP1620_TLS,B08S7D4LKH,yantralay Upgraded Helmet Chin Strap Mount for Hero 13 12 11 10 9 8 7 6 5  SJCAM  Insta 360   DJI Osmo Action 3   4   Adjustable   Secure Camera Moun,1,-1164.97,Refund,HIRANAGAR,Refund,-1164.97,0.0,0,False,
2025-09-08,PNQ3-548,HC10_RS4_STARTRC,B0DB1TBXN1,yantralay ABS Hard Storage Carrying Flight Waterproof Case for DJI Gimbal Stabilizer Accessories  Black,1,5699.0,Shipment,pune,Shipment,5699.0,0.0,1,False,
2025-09-08,BOM7-1524,GP10_RS4MINI_STARTRC,B0DZZFNDHP,yantralay Portable Carrying Storage Case for DJ I Ronin RS4Mini Gimbal EVA Handbag Travel Handheld Shoulder Bag  RS4MINI,1,2631.0,Shipment,JHANSI,Shipment,2631.0,0.0,1,False,
2025-09-08,BOM7-1511,PS5_CC1_BLACK,B0BRJM4R9Q,yantralay PS 5 Carrying Case Bag for PS5 Console Gamepad  Controller  Headset  VR Play Statio n Accessories   Travel Bag   Black,1,2375.53,Shipment,BENGALURU,Shipment,2375.53,0.0,1,False,
2025-09-08,BOM7-1518,GP10_RS4MINI_STARTRC,B0DZZFNDHP,yantralay Portable Carrying Storage Case for DJ I Ronin RS4Mini Gimbal EVA Handbag Travel Handheld Shoulder Bag  RS4MINI,1,2552.07,Shipment,MYSURU,Shipment,2552.07,0.0,1,False,
2025-09-08,BOM5-1376,ACCASEONEX4,B0DZZC8YJV,Yantralay Invisible Dive Case for Insta360 X4   Waterproof Diving Housing Cover  Protective PC Sealed Shell with Bracket for Underwater Photography,1,5654.0,Shipment,MUMBAI,Shipment,5654.0,0.0,1,False,
2025-09-08,BOM7-1513,GP10_OM7P_STARTRC,B0F2J6Z8WT,yantralay Osmo Mobile 7P Case Portable PU Shoulder Bag for DJI OM 7 Pro 7 Gimbal Stabilizer Travel Case for DJI Osmo Mobile 7 7P,1,1260.03,Shipment,CHARIDUAR,Shipment,1260.03,0.0,1,False,
2025-09-08,BOM5-1374,GP10_OM7P_STARTRC,B0F2J6Z8WT,yantralay Osmo Mobile 7P Case Portable PU Shoulder Bag for DJI OM 7 Pro 7 Gimbal Stabilizer Travel Case for DJI Osmo Mobile 7 7P,1,1260.03,Shipment,SURAT,Shipment,1260.03,0.0,1,False,
2025-09-05,BOM7-1475,GP10_OM7P_STARTRC,B0F2J6Z8WT,yantralay Osmo Mobile 7P Case Portable PU Shoulder Bag for DJI OM 7 Pro 7 Gimbal Stabilizer Travel Case for DJI Osmo Mobile 7 7P,1,-1260.03,Refund,KOREGAON,Refund,-1260.03,0.0,0,False,
2025-09-09,BOM7-1526,PS_CDRACK-GREEN,B0DWXXDCX6,yantralay Game Storage Tower for PS5 Xbox Series Switch   Holds 18 Game Discs with 4 Controller Holders   Gaming Desk Organizer   Stand  Green,1,1709.0,Shipment,RANCHI,Shipment,1709.0,0.0,1,False,
2025-09-08,BOM7-1510,SHOTGRIP_TLS,B0FCSFYHRJ,yantralay x Teles in ShotGrip   Magnetic Camera Grip with Wireless Shutter for Phone 16 15 14 13  Android  1 4  Tripod Mount Compatible  DSLR Style Cr,1,2362.92,Shipment,BENGALURU,Shipment,2362.92,0.0,1,False,
2025-09-09,BOM5-1377,GP45-M,B0F88CFJN2,yantralay Magnetic Camera Mount for Hero 13 12 11 10 9  Insta360 X5 X4 X3  Action 4 5  Osmo Pocket 3   360  Quick Release Car Holder  Heavy Duty Magn,1,1607.0,Shipment,RANJANGAON MIDC ta shirur dist Pune,Shipment,1607.0,0.0,1,False,
2025-09-09,BOM7-1525,PS5_VERTICALSTAND,B0DGTZGCNQ,yantralay 2 in 1 Vertical Stand for PS 5   PS 5 Slim Consoles Non Slip Base Mount for PS 5 Accessories  for PS5   PS5 Slim Digital   Disc Version,1,899.0,Shipment,LUDHIANA,Shipment,899.0,0.0,1,False,
2025-09-08,BOM7-1516,PS5_CC1_BLACK,B0BRJM4R9Q,yantralay PS 5 Carrying Case Bag for PS5 Console Gamepad  Controller  Headset  VR Play Statio n Accessories   Travel Bag   Black,1,2375.53,Shipment,AHMEDABAD,Shipment,2375.53,0.0,1,False,
2025-09-09,BOM7-1531,PS5_CC1_BLACK,B0BRJM4R9Q,yantralay PS 5 Carrying Case Bag for PS5 Console Gamepad  Controller  Headset  VR Play Statio n Accessories   Travel Bag   Black,1,2449.0,Shipment,CHENNAI,Shipment,2449.0,0.0,1,False,
2025-09-09,BOM7-1534,TR-S-CAMOFLAGUE_TARIONN,B0BM9GT8NT,TARION Camera Sling Bag DSLR Sling Pack for Men Women Photographers with Waterproof Raincover Tripod Holder Sling Backpack Camera Bag Backpack Photogr,1,4874.0,Shipment,SAMBALPUR,Shipment,4874.0,0.0,1,False,
2025-09-02,BOM7-1444,GP10_RS4_STARTRC,B0DB1TQPH3,yantralay Portable Carrying Storage Case for DJ I Ronin RS4   RS4 Pro Gimbal EVA Handbag Travel Handheld Shoulder Bag  Grey,1,-2706.0,Refund,MATHURA,Refund,-2706.0,0.0,0,False,
2025-09-09,NAN,IN1_AL,B0D4536M61,nan,1,0.0,Cancel,HYDERABAD,Cancel,0.0,0.0,0,False,
2025-09-09,BOM7-1530,GP12,B0D7BZ38X8,yantralay Aluminium Car Suction Mount 360  Rotatable for Insta 360 X5 X4 X3 X2  Ace Pro ONE R RS  Hero 13 12 11 10 9 8 7  DJI Osmo Action Series   Al,1,1291.0,Shipment,SURAT,Shipment,1291.0,0.0,1,False,
2025-09-07,BOM7-1509,SHOTGRIP_TLS,B0FCSFYHRJ,yantralay x Teles in ShotGrip   Magnetic Camera Grip with Wireless Shutter for Phone 16 15 14 13  Android  1 4  Tripod Mount Compatible  DSLR Style Cr,1,2362.92,Shipment,CHENNAI,Shipment,2362.92,0.0,1,False,
2025-09-06,IN-282,ACFRAMEOA360_AL,B0FP9RC1HB,Yantralay Metal Frame Camera Cage with Silicone Lens Protector for DJI Osm o Action 360   Aluminium Protective Cage with 1 4  Threaded Hole   Cold Sho,1,3759.06,Shipment,HYDERABAD,Shipment,3759.06,0.0,1,False,
2025-09-06,IN-282,LGOA360,B0FP9LYYWR,yantralay Lens Guard for DJI Osmo 360 Camera   Waterproof Dustproof Snap On Lens Protective Cover  Easy Installation  Osm o Action 360 Accessories,1,1221.06,Shipment,HYDERABAD,Shipment,1221.06,0.0,1,False,
2025-09-09,BOM5-1380,CWATCUN_D125-BLACKN,B0D8J126MV,Cwatcun Camera Backpack Bag Small Fashion DSLR Camera Bag with Tripod Strap Laptop Compartment and Removable Padded Dividers Lightweight Photograhy,1,3578.0,Shipment,Jaipur,Shipment,3578.0,0.0,1,False,
2025-09-09,BOM7-1537,PS5_CC1_BLACK,B0BRJM4R9Q,yantralay PS 5 Carrying Case Bag for PS5 Console Gamepad  Controller  Headset  VR Play Statio n Accessories   Travel Bag   Black,1,2449.0,Shipment,SALEM,Shipment,2449.0,0.0,1,False,
2025-09-09,BOM5-1379,IN1_AL,B0D4536M61,yantralay 4 in 1 Motorcycle Mount Bundle with Unicorn Helmet Extension Arm Adhesive Kit Compatible for Insta360 One X5 X4 X3 X2  ONE R RS  Hero 13 12,1,1987.0,Shipment,HYDERABAD,Shipment,1987.0,0.0,1,False,
2025-09-09,BOM7-1529,PS5_CC1_BLACK,B0BRJM4R9Q,yantralay PS 5 Carrying Case Bag for PS5 Console Gamepad  Controller  Headset  VR Play Statio n Accessories   Travel Bag   Black,1,2449.0,Shipment,CHENNAI,Shipment,2449.0,0.0,1,False,
2025-09-09,BOM7-1527,GP10_OM7P_STARTRC,B0F2J6Z8WT,yantralay Osmo Mobile 7P Case Portable PU Shoulder Bag for DJI OM 7 Pro 7 Gimbal Stabilizer Travel Case for DJI Osmo Mobile 7 7P,1,1299.0,Shipment,NAVI MUMBAI,Shipment,1299.0,0.0,1,False,
2025-09-08,BOM7-1523,GP10_OM7P_STARTRC,B0F2J6Z8WT,yantralay Osmo Mobile 7P Case Portable PU Shoulder Bag for DJI OM 7 Pro 7 Gimbal Stabilizer Travel Case for DJI Osmo Mobile 7 7P,1,1260.03,Shipment,NASHIK,Shipment,1260.03,0.0,1,False,
2025-09-09,PNQ3-550,GP1620_TLSNK,B08MSR2SNJ,TELESIN Upgraded Motorcycle Helmet Chin Mount for GoPro Max Hero 10 9 8 7 One R One X DJI Osmo Action Pocket Cellphone   More Action Camera with Go Pr,1,1166.0,Shipment,PUNE,Shipment,1166.0,0.0,1,False,
2025-09-09,BOM7-1539,PS5_CC1_BLACK,B0BRJM4R9Q,yantralay PS 5 Carrying Case Bag for PS5 Console Gamepad  Controller  Headset  VR Play Statio n Accessories   Travel Bag   Black,1,2375.53,Shipment,mumbai,Shipment,2375.53,0.0,1,False,
2025-09-09,BOM7-1542,ACFRAMEOP3_PL_VRIG,B0DDQ7BWNC,yantralay Phone Holder for DJI Osmo Pocket 3  Vlogging Camera Expansion Bracket  Adjustable Adapter Frame  Live Streaming Accessories,1,1266.0,Shipment,GURUGRAM,Shipment,1266.0,0.0,1,False,
2025-09-09,BOM7-1536,SHOTGRIP_TLSN,B0F66YYCTQ,Magnetic Phone Camera Grip  Smartphone Shooting Holder Selfie Handle Snap with Wireless Shutter Button Remote for iPhone 16 15 14 13 12 Pro Max Androi,1,2449.0,Shipment,Alwar,Shipment,2449.0,0.0,1,False,
2025-09-09,BOM7-1535,SHOTGRIP_TLSN,B0F66YYCTQ,Magnetic Phone Camera Grip  Smartphone Shooting Holder Selfie Handle Snap with Wireless Shutter Button Remote for iPhone 16 15 14 13 12 Pro Max Androi,1,2449.0,Shipment,Alwar,Shipment,2449.0,0.0,1,False,
2025-09-09,BOM7-1543,GP10_OM7P_STARTRC,B0F2J6Z8WT,yantralay Osmo Mobile 7P Case Portable PU Shoulder Bag for DJI OM 7 Pro 7 Gimbal Stabilizer Travel Case for DJI Osmo Mobile 7 7P,1,1299.0,Shipment,SURAT,Shipment,1299.0,0.0,1,False,
2025-09-09,BOM7-1528,GP10_OM7P_STARTRC,B0F2J6Z8WT,yantralay Osmo Mobile 7P Case Portable PU Shoulder Bag for DJI OM 7 Pro 7 Gimbal Stabilizer Travel Case for DJI Osmo Mobile 7 7P,1,1299.0,Shipment,MORBI,Shipment,1299.0,0.0,1,False,
2025-09-09,BOM7-1544,PS5_CC1_BLACK,B0BRJM4R9Q,yantralay PS 5 Carrying Case Bag for PS5 Console Gamepad  Controller  Headset  VR Play Statio n Accessories   Travel Bag   Black,1,2449.0,Shipment,BENGALURU,Shipment,2449.0,0.0,1,False,
2025-09-09,BOM7-1532,GP10_OM7P_STARTRC,B0F2J6Z8WT,yantralay Osmo Mobile 7P Case Portable PU Shoulder Bag for DJI OM 7 Pro 7 Gimbal Stabilizer Travel Case for DJI Osmo Mobile 7 7P,1,1299.0,Shipment,JAMMU,Shipment,1299.0,0.0,1,False,
2025-09-09,BOM7-1545,GP10_OM7P_STARTRC,B0F2J6Z8WT,yantralay Osmo Mobile 7P Case Portable PU Shoulder Bag for DJI OM 7 Pro 7 Gimbal Stabilizer Travel Case for DJI Osmo Mobile 7 7P,1,1299.0,Shipment,TASAWADE MIDC,Shipment,1299.0,0.0,1,False,
2025-09-09,BOM7-1538,GP10_OM7P_STARTRC,B0F2J6Z8WT,yantralay Osmo Mobile 7P Case Portable PU Shoulder Bag for DJI OM 7 Pro 7 Gimbal Stabilizer Travel Case for DJI Osmo Mobile 7 7P,1,1299.0,Shipment,AHMEDABAD,Shipment,1299.0,0.0,1,False,
2025-09-09,BOM7-1533,GP10_OM7P_STARTRC,B0F2J6Z8WT,yantralay Osmo Mobile 7P Case Portable PU Shoulder Bag for DJI OM 7 Pro 7 Gimbal Stabilizer Travel Case for DJI Osmo Mobile 7 7P,1,1260.03,Shipment,RAJKOT,Shipment,1260.03,0.0,1,False,
2025-09-09,IN-289,GP52,B0FPXJH4ZL,Yantralay Smart Remote Control for Insta360 Cameras   Wireless Accessory for Easy Shooting  Recording  and Mode Switching   Action Camera Remote Contr,1,2199.0,Shipment,MUMBAI,Shipment,2199.0,0.0,1,False,
2025-09-08,PNQ3-549,GP49,B0D456N4QM,yantralay Motorcycle Bike Bicycle Handlebar Mount Clamps with 1 4  Screw Compatible 8 35mm for Gopro Hero 13 12 11 10 9 Max Insta360 ONE X5 X4 X3  ONE,1,873.97,Shipment,HYDERABAD,Shipment,873.97,0.0,1,False,
2025-09-10,BOM7-1548,SHOTGRIP_TLS,B0FCSFYHRJ,yantralay x Teles in ShotGrip   Magnetic Camera Grip with Wireless Shutter for Phone 16 15 14 13  Android  1 4  Tripod Mount Compatible  DSLR Style Cr,1,2436.0,Shipment,GHAZIABAD,Shipment,2436.0,0.0,1,False,
2025-09-10,BOM7-1546,PS5_VERTICALSTAND,B0DGTZGCNQ,yantralay 2 in 1 Vertical Stand for PS 5   PS 5 Slim Consoles Non Slip Base Mount for PS 5 Accessories  for PS5   PS5 Slim Digital   Disc Version,1,872.03,Shipment,AMRAVATI,Shipment,872.03,0.0,1,False,
2025-09-10,BOM5-1381,SHOTGRIP_TLSN,B0F66YYCTQ,Magnetic Phone Camera Grip  Smartphone Shooting Holder Selfie Handle Snap with Wireless Shutter Button Remote for iPhone 16 15 14 13 12 Pro Max Androi,1,2449.0,Shipment,KORAPUT,Shipment,2449.0,0.0,1,False,
2025-09-10,BOM7-1553,SHOTGRIP_TLS,B0FCSFYHRJ,yantralay x Teles in ShotGrip   Magnetic Camera Grip with Wireless Shutter for Phone 16 15 14 13  Android  1 4  Tripod Mount Compatible  DSLR Style Cr,1,2436.0,Shipment,Avadi chennai,Shipment,2436.0,0.0,1,False,
2025-09-10,BOM7-1551,PS_CDRACK-GREEN,B0DWXXDCX6,yantralay Game Storage Tower for PS5 Xbox Series Switch   Holds 18 Game Discs with 4 Controller Holders   Gaming Desk Organizer   Stand  Green,1,1589.37,Shipment,CHENNAI,Shipment,1589.37,0.0,1,False,
2025-09-10,BOM7-1549,PS_CDRACK-RED,B0DWXZPTZV,yantralay Game Storage Tower for PS5 Xbox Series Switch   Holds 18 Game Discs with 4 Controller Holders   Gaming Desk Organizer   Stand  Red,1,1673.07,Shipment,CHENNAI,Shipment,1673.07,0.0,1,False,
2025-09-10,BOM7-1549,PS_CDRACK-BLACK,B0DWXZ4PH8,yantralay Game Storage Tower for PS5 Xbox Series Switch   Holds 18 Game Discs with 4 Controller Holders   Gaming Desk Organizer   Stand   Black,1,1673.07,Shipment,CHENNAI,Shipment,1673.07,0.0,1,False,
2025-09-09,PNQ3-551,PS2_BLUE,B0BL1H24P4,yantralay Controller Gamepad Carry Case   Ultimate Protection Compatible for PS5 PS4 PS3 Switch Pro Xbox Joysticks Waterproof  Scratch Protection  Dur,1,499.0,Shipment,ZIRAKPUR,Shipment,499.0,0.0,1,False,
2025-09-10,BOM7-1547,PS5_CC1_BLACK,B0BRJM4R9Q,yantralay PS 5 Carrying Case Bag for PS5 Console Gamepad  Controller  Headset  VR Play Statio n Accessories   Travel Bag   Black,1,2375.53,Shipment,AMRAVATI,Shipment,2375.53,0.0,1,False,
2025-09-09,BOM5-1378,PS10_PS5PORTAL,B0DVT5SJD2,yantralay Hard Carrying Protective Case for Play Station Portal for PS5 Portal Console  Storage Case Only,1,999.0,Shipment,Bhiwandi,Shipment,999.0,0.0,1,False,
2025-09-10,BOM7-1550,PS5_CC1_BLACK,B0BRJM4R9Q,yantralay PS 5 Carrying Case Bag for PS5 Console Gamepad  Controller  Headset  VR Play Statio n Accessories   Travel Bag   Black,1,2449.0,Shipment,BHOPAL,Shipment,2449.0,0.0,1,False,
2025-09-10,BOM7-1552,GP10_RS4MINI_STARTRC,B0DZZFNDHP,yantralay Portable Carrying Storage Case for DJ I Ronin RS4Mini Gimbal EVA Handbag Travel Handheld Shoulder Bag  RS4MINI,1,0.0,FreeReplacement,MUMBAI,FreeReplacement,0.0,0.0,0,True,
2025-09-10,BOM7-1558,GP10_RS4MINI_STARTRC,B0DZZFNDHP,nan,1,0.0,Cancel,NIMBAHERA,Cancel,0.0,0.0,0,False,
2025-09-10,BOM5-1383,LM17,B0D455L1MN,yantralay Folding Fingers Replacement Magnet Adapter Mount with 1 4 Tripod Connector Port Compatible with Go Pro Hero 13 12 11 11 Mini 10 9 8   Hero M,1,901.0,Shipment,Hyderabad,Shipment,901.0,0.0,1,False,
2025-09-10,BOM5-1382,SGONEX4-2_LGONEX4,B0F8VRR8JY,yantralay Insta 360 X4 Lens Guard   Screen Protector Combo Kit   Lens Covers   Anti Scratch  Tempered Glass Screen   Insta 360 X4 Accessories,1,1266.0,Shipment,BENGALURU,Shipment,1266.0,0.0,1,False,
2025-09-08,IN-286,LGOA360,B0FP9LYYWR,yantralay Lens Guard for DJI Osmo 360 Camera   Waterproof Dustproof Snap On Lens Protective Cover  Easy Installation  Osm o Action 360 Accessories,1,1260.03,Shipment,RATLAM,Shipment,1260.03,0.0,1,False,
2025-09-07,IN-284,ACFRAMEOA360_AL,B0FP9RC1HB,Yantralay Metal Frame Camera Cage with Silicone Lens Protector for DJI Osm o Action 360   Aluminium Protective Cage with 1 4  Threaded Hole   Cold Sho,1,3879.03,Shipment,PUNE,Shipment,3879.03,0.0,1,False,
2025-09-08,IN-285,LGONEX5,B0FKYLQ2QZ,Yantralay Accessories for Insta 360 X5   Lens Guard Set of 2   Insta 360 X5 Accessories  X5 Lens Guard,1,678.03,Shipment,INDORE,Shipment,678.03,0.0,1,False,
2025-09-10,BOM7-1556,GP28COMBO_X3N,B0BY8178B6,PellKing Camera Protective Accessories Kit for Insta360 X3  Inst 360 X3 Bundle Include Lens Guard Silicone Protective Cover Screen Protectors Camera C,1,1120.0,Shipment,MUMBAI,Shipment,1120.0,0.0,1,False,
2025-09-05,BOM7-1484,GP10_OM7P_STARTRC,B0F2J6Z8WT,yantralay Osmo Mobile 7P Case Portable PU Shoulder Bag for DJI OM 7 Pro 7 Gimbal Stabilizer Travel Case for DJI Osmo Mobile 7 7P,1,-1260.03,Refund,BENGALURU,Refund,-1260.03,0.0,0,False,
2025-09-10,BOM7-1555,PS5_CC1_BLACK,B0BRJM4R9Q,yantralay PS 5 Carrying Case Bag for PS5 Console Gamepad  Controller  Headset  VR Play Statio n Accessories   Travel Bag   Black,1,2449.0,Shipment,BANGALORE,Shipment,2449.0,0.0,1,False,
2025-09-10,BOM5-1384,GP46-L,B0F91GCRP4,yantralay Double Clamp Mount Bracket with 1 4  Ball Head for Go Pro 13 12 11  Insta 360 X5 X4 X3 Handlebar  Motorcycle  Bicycle  Selfie Stick  Studio,2,3590.94,Shipment,PUNE,Shipment,3590.94,0.0,2,False,
2025-09-10,BOM5-1385,GP47-M,B0F91SSVW8,yantralay Action Camera Handlebar Mount with 360  Dual Ball Head   Super Clamp for Go Pro  Insta 360  Mobile  Bike  Motorcycle   Universal Quick Rele,1,0.0,FreeReplacement,RAVET,FreeReplacement,0.0,0.0,0,True,
2025-09-10,BOM7-1558,GP10_RS4MINI_STARTRC,B0DZZFNDHP,yantralay Portable Carrying Storage Case for DJ I Ronin RS4Mini Gimbal EVA Handbag Travel Handheld Shoulder Bag  RS4MINI,1,2631.0,Shipment,NIMBAHERA,Shipment,2631.0,0.0,1,False,
2025-09-10,BOM5-1388,ACCHARGERONEX4_3_AMG,B0DWLH6MJ3,Yantralay x amagisn 3 Slot Battery Charger Compatible for Insta360 X4 Camera  Charging Dock for X4 Accessories,1,1424.0,Shipment,MUMBAI,Shipment,1424.0,0.0,1,False,
2025-09-10,BOM7-1557,SHOTGRIP_TLSN,B0F66YYCTQ,Magnetic Phone Camera Grip  Smartphone Shooting Holder Selfie Handle Snap with Wireless Shutter Button Remote for iPhone 16 15 14 13 12 Pro Max Androi,1,2449.0,Shipment,MAHWA,Shipment,2449.0,0.0,1,False,
2025-09-10,IN-292,SGOA360,B0FP9MWY9J,nan,1,0.0,Cancel,KOLKATA,Cancel,0.0,0.0,0,False,
2025-09-09,BOM7-1541,PS5_CC1_GREY,B0BRJMPHKL,yantralay PS5 Carrying Case Bag for PS5 Console Gamepad  Controller  Headset  VR Play Station Accessories   Travel Bag   Grey,1,2449.0,Shipment,Chennai,Shipment,2449.0,0.0,1,False,
2025-09-10,BOM7-1561,GP10_RS4_STARTRC,B0DB1TQPH3,yantralay Portable Carrying Storage Case for DJ I Ronin RS4   RS4 Pro Gimbal EVA Handbag Travel Handheld Shoulder Bag  Grey,1,2706.0,Shipment,kakkanad,Shipment,2706.0,0.0,1,False,
2025-09-10,BOM7-1562,PS5_CC1_GREY,B0BRJMPHKL,yantralay PS5 Carrying Case Bag for PS5 Console Gamepad  Controller  Headset  VR Play Station Accessories   Travel Bag   Grey,1,2449.0,Shipment,PAPPINIVATTOM,Shipment,2449.0,0.0,1,False,
2025-09-10,BOM7-1560,MP_OA5,B0F9X1YNVL,yantralay Camera Lavalier Clip on Type C Microphone for DJ I Action 3 4 Collar Clip Microphone  Without Need of Mic Adapter  1 5M Cable Length   Black,1,1461.0,Shipment,PUNE,Shipment,1461.0,0.0,1,False,
2025-09-10,BOM5-1387,GP47-L_TLSNK,B0BBVGXFZ2,Camera Bike Mount Motorcycle Handlebar Clamp Holder for GoPro Insta360 Accessories  TELESIN 360    Rotating Bicycle Cycling Attachment Accessory for,1,1849.0,Shipment,MANESAR,Shipment,1849.0,0.0,1,False,
2025-09-10,BOM5-1386,TY98_TUYU,B0F7RP62NV,yantralay Motorcycle Windshield Mounting Clamp Aluminum Mount for Insta 360 X5 X4 X3  Go Pro Hero 13 12 11 10 9  D J I Action 5 Pro  4 3 Action Camera,1,1851.0,Shipment,MANESAR,Shipment,1851.0,0.0,1,False,
2025-09-06,BOM7-1487,ACFRAMEOP3_PL_VRIG,B0DDQ7BWNC,yantralay Phone Holder for DJI Osmo Pocket 3  Vlogging Camera Expansion Bracket  Adjustable Adapter Frame  Live Streaming Accessories,1,-1228.02,Refund,Jaipur,Refund,-1228.02,0.0,0,False,
2025-09-11,BOM7-1565,GP47_NEW,B0DRYJZ6VH,nan,1,0.0,Cancel,MUMBAI,Cancel,0.0,0.0,0,False,
2025-09-11,BOM7-1563,GP47-LN,B0F91S2PFT,Yantralay Action Camera Handlebar Mount with 360  Dual Ball Head   Super Clamp for Go Pro  Insta 360  Mobile  Bike  Motorcycle   Universal Quick Rele,1,1978.0,Shipment,BIDHAN NAGAR,Shipment,1978.0,0.0,1,False,
2025-09-11,BOM7-1564,GP10_OM7P_STARTRC,B0F2J6Z8WT,yantralay Osmo Mobile 7P Case Portable PU Shoulder Bag for DJI OM 7 Pro 7 Gimbal Stabilizer Travel Case for DJI Osmo Mobile 7 7P,1,1299.0,Shipment,DARJEELING,Shipment,1299.0,0.0,1,False,
2025-09-09,BOM5-1380,CWATCUN_D125-BLACKN,B0D8J126MV,Cwatcun Camera Backpack Bag Small Fashion DSLR Camera Bag with Tripod Strap Laptop Compartment and Removable Padded Dividers Lightweight Photograhy,1,-3578.0,Refund,Jaipur,Refund,-3578.0,0.0,0,False,
2025-09-11,BOM5-1389,GP49,B0D456N4QM,yantralay Motorcycle Bike Bicycle Handlebar Mount Clamps with 1 4  Screw Compatible 8 35mm for Gopro Hero 13 12 11 10 9 Max Insta360 ONE X5 X4 X3  ONE,1,901.0,Shipment,NEW DELHI,Shipment,901.0,0.0,1,False,
2025-09-11,BOM5-1390,GP1620_TLS,B08S7D4LKH,yantralay Upgraded Helmet Chin Strap Mount for Hero 13 12 11 10 9 8 7 6 5  SJCAM  Insta 360   DJI Osmo Action 3   4   Adjustable   Secure Camera Moun,1,1280.0,Shipment,CHIPLUN,Shipment,1280.0,0.0,1,False,
2025-09-07,BOM5-1372,CWATCUN_D125-BLACKN,B0D8J126MV,Cwatcun Camera Backpack Bag Small Fashion DSLR Camera Bag with Tripod Strap Laptop Compartment and Removable Padded Dividers Lightweight Photograhy,1,-3499.0,Refund,PUNE,Refund,-3499.0,0.0,0,False,
2025-09-08,IN-288,SGOA360,B0FP9MWY9J,yantralay Screen Guard for DJI Osm o Action 360   HD Tempered Glass  Anti Scratch  Waterproof Film   Clear Protection for Action Camera Screen,1,399.0,Shipment,ERNAKULAM,Shipment,399.0,0.0,1,False,
2025-09-08,IN-287,LGOA360,B0FP9LYYWR,yantralay Lens Guard for DJI Osmo 360 Camera   Waterproof Dustproof Snap On Lens Protective Cover  Easy Installation  Osm o Action 360 Accessories,1,1260.03,Shipment,BENGALURU,Shipment,1260.03,0.0,1,False,
2025-09-10,IN-292,SGOA360,B0FP9MWY9J,yantralay Screen Guard for DJI Osm o Action 360   HD Tempered Glass  Anti Scratch  Waterproof Film   Clear Protection for Action Camera Screen,1,399.0,Shipment,KOLKATA,Shipment,399.0,0.0,1,False,
2025-09-04,IN-266,GP25_TRIPOD,B0FN8K885R,Yantralay 122cm Invisible Stick   Tripod Extension Monopod for Insta360 X5 X4 X3  ONE R RS  DJI Osmo Action Series   Lightweight Extendable Camera Acc,1,-1357.03,Refund,Thiruvananthapuram,Refund,-1357.03,0.0,0,False,
2025-09-08,BOM5-1376,ACCASEONEX4,B0DZZC8YJV,Yantralay Invisible Dive Case for Insta360 X4   Waterproof Diving Housing Cover  Protective PC Sealed Shell with Bracket for Underwater Photography,1,-5654.0,Refund,MUMBAI,Refund,-5654.0,0.0,0,False,
2025-09-03,BOM5-1349,GP46-M,B0F91GXT2N,yantralay Double Clamp Mount Bracket with 1 4  Ball Head for GoPro  Insta 360 X2 X3  Action Cameras   Handlebar  Motorcycle  Bicycle  Selfie Stick  St,1,-1754.0,Refund,HYDERABAD,Refund,-1754.0,0.0,0,False,
2025-09-11,BOM5-1391,PS1,B0BJBL1XBS,yantralay Polyester Dual Controller Hard Carry Case Compatible With Ps5 Ps4 Xbox Ipega Controllers   3 Layer Protection Travel Carry Case   Grey,1,905.0,Shipment,surat,Shipment,905.0,0.0,1,False,
2025-09-11,BOM7-1566,PS5_CC1_BLACK,B0BRJM4R9Q,yantralay PS 5 Carrying Case Bag for PS5 Console Gamepad  Controller  Headset  VR Play Statio n Accessories   Travel Bag   Black,1,2449.0,Shipment,MUMBAI,Shipment,2449.0,0.0,1,False,
2025-09-10,BOM7-1554,PS5_CC1_BLACK,B0BRJM4R9Q,yantralay PS 5 Carrying Case Bag for PS5 Console Gamepad  Controller  Headset  VR Play Statio n Accessories   Travel Bag   Black,1,2449.0,Shipment,PUNE,Shipment,2449.0,0.0,1,False,
2025-09-07,BOM7-1507,GP28COMBO_X3N,B0BY8178B6,PellKing Camera Protective Accessories Kit for Insta360 X3  Inst 360 X3 Bundle Include Lens Guard Silicone Protective Cover Screen Protectors Camera C,1,-1086.4,Refund,MUMBAI,Refund,-1086.4,0.0,0,False,
2025-09-11,BOM7-1565,GP47_NEW,B0DRYJZ6VH,yantralay 360  Rotatable Camera Bike Mount Clamp Motorcycle Handlebar Pole Aluminium Mount for Insta360 X5 X4 X3  Ace Pro Pro2  Hero13 12 11 10 9 Osm,1,1315.0,Shipment,MUMBAI,Shipment,1315.0,0.0,1,False,
2025-09-11,BOM7-1569,PS5_CC1_GREY,B0BRJMPHKL,yantralay PS5 Carrying Case Bag for PS5 Console Gamepad  Controller  Headset  VR Play Station Accessories   Travel Bag   Grey,1,2449.0,Shipment,BENGALURU,Shipment,2449.0,0.0,1,False,
2025-09-11,BOM5-1389,GP49,B0D456N4QM,yantralay Motorcycle Bike Bicycle Handlebar Mount Clamps with 1 4  Screw Compatible 8 35mm for Gopro Hero 13 12 11 10 9 Max Insta360 ONE X5 X4 X3  ONE,1,-901.0,Refund,NEW DELHI,Refund,-901.0,0.0,0,False,
2025-09-11,BOM5-1392,TY98_TUYU,B0F7RP62NV,yantralay Motorcycle Windshield Mounting Clamp Aluminum Mount for Insta 360 X5 X4 X3  Go Pro Hero 13 12 11 10 9  D J I Action 5 Pro  4 3 Action Camera,1,1851.0,Shipment,MUMBAI,Shipment,1851.0,0.0,1,False,
2025-09-11,BOM7-1570,PS1,B0BJBL1XBS,yantralay Polyester Dual Controller Hard Carry Case Compatible With Ps5 Ps4 Xbox Ipega Controllers   3 Layer Protection Travel Carry Case   Grey,1,905.0,Shipment,MUMBAI,Shipment,905.0,0.0,1,False,
2025-09-11,BOM7-1568,PS_CDRACK-BLUE,B0DWY1M5G4,yantralay Game Storage Tower for PS5 Xbox Series   Holds 18 Game Discs with 4 Controller Holders   Gaming Desk Organizer   Stand  Blue,1,1709.0,Shipment,BENGALURU,Shipment,1709.0,0.0,1,False,
2025-09-12,BOM7-1571,GP46-M_GP46-S_GP25_150CMS,B0F99WWGGT,yantralay Motorcycle Handlebar Clamp Kit with Dual Clamp Mounts   Invisible Selfie Stick for Insta 360 X4 X3 X2 One RS GO 3   Bike Action Camera Mount,1,4386.0,Shipment,noida,Shipment,4386.0,0.0,1,False,
2025-09-03,BOM7-1450,GP10_RS4MINI_STARTRC,B0DZZFNDHP,yantralay Portable Carrying Storage Case for DJ I Ronin RS4Mini Gimbal EVA Handbag Travel Handheld Shoulder Bag  RS4MINI,1,-2631.0,Refund,KHUNTI,Refund,-2631.0,0.0,0,False,
2025-09-09,BOM5-1378,PS10_PS5PORTAL,B0DVT5SJD2,yantralay Hard Carrying Protective Case for Play Station Portal for PS5 Portal Console  Storage Case Only,1,-999.0,Refund,Bhiwandi,Refund,-999.0,0.0,0,False,
2025-09-10,IN-291,GP1630,B0FQ5YBHD5,nan,1,0.0,Cancel,NEW DELHI,Cancel,0.0,0.0,0,False,
2025-09-12,PNQ3-552,GP1620_TLSNK,B08MSR2SNJ,TELESIN Upgraded Motorcycle Helmet Chin Mount for GoPro Max Hero 10 9 8 7 One R One X DJI Osmo Action Pocket Cellphone   More Action Camera with Go Pr,1,1166.0,Shipment,PIMPRI CHINCHWAD,Shipment,1166.0,0.0,1,False,
2025-09-12,BOM7-1572,GP10_OM7P_STARTRC,B0F2J6Z8WT,yantralay Osmo Mobile 7P Case Portable PU Shoulder Bag for DJI OM 7 Pro 7 Gimbal Stabilizer Travel Case for DJI Osmo Mobile 7 7P,1,1299.0,Shipment,SANGAMNER,Shipment,1299.0,0.0,1,False,
2025-09-09,IN-290,IN28_ONEX5,B0FLQG8YZR,Yantralay Soft Silicone Desktop Stand for Insta360 X5 X4   Non Slip Base Camera Holder Mount   Scratch Resistant Protective Desk Stand for Home  Studi,1,549.0,Shipment,COIMBATORE,Shipment,549.0,0.0,1,False,
2025-09-12,BOM5-1393,IN1_AL,B0D4536M61,nan,1,0.0,Cancel,Bengaluru,Cancel,0.0,0.0,0,False,
2025-09-09,BOM7-1540,PS2_BLUE,B0BL1H24P4,nan,1,0.0,Cancel,MUMBAI,Cancel,0.0,0.0,0,False,
2025-09-12,BOM7-1575,PS2_BLUE,B0BL1H24P4,nan,1,0.0,Cancel,MUMBAI,Cancel,0.0,0.0,0,False,
2025-09-12,BOM5-1394,PS1,B0BJBL1XBS,yantralay Polyester Dual Controller Hard Carry Case Compatible With Ps5 Ps4 Xbox Ipega Controllers   3 Layer Protection Travel Carry Case   Grey,1,905.0,Shipment,MUMBAI,Shipment,905.0,0.0,1,False,
2025-09-12,PNQ3-553,GP12,B0D7BZ38X8,yantralay Aluminium Car Suction Mount 360  Rotatable for Insta 360 X5 X4 X3 X2  Ace Pro ONE R RS  Hero 13 12 11 10 9 8 7  DJI Osmo Action Series   Al,1,1291.0,Shipment,BENGALURU,Shipment,1291.0,0.0,1,False,
2025-09-12,BOM7-1573,GP1620_TLS,B08S7D4LKH,yantralay Upgraded Helmet Chin Strap Mount for Hero 13 12 11 10 9 8 7 6 5  SJCAM  Insta 360   DJI Osmo Action 3   4   Adjustable   Secure Camera Moun,1,1201.0,Shipment,MUMBAI,Shipment,1201.0,0.0,1,False,
2025-09-12,NAN,GP10_ONEX4_STARTRC,B0DDXP86FQ,nan,1,0.0,Cancel,NEW DELHI,Cancel,0.0,0.0,0,False,
2025-09-12,BOM7-1577,LGONEX5,B0FKYLQ2QZ,Yantralay Accessories for Insta 360 X5   Lens Guard Set of 2   Insta 360 X5 Accessories  X5 Lens Guard,1,699.0,Shipment,MUMBAI,Shipment,699.0,0.0,1,False,
2025-09-08,BOM7-1517,SHOTGRIP_TLS,B0FCSFYHRJ,yantralay x Teles in ShotGrip   Magnetic Camera Grip with Wireless Shutter for Phone 16 15 14 13  Android  1 4  Tripod Mount Compatible  DSLR Style Cr,1,-2362.92,Refund,MAHESANA,Refund,-2362.92,0.0,0,False,
2025-09-12,BOM5-1396,GP10_ONEX4_STARTRC,B0DDXP86FQ,yantralay x Startr c Carrying Case for Insta 360 X4 X5  Portable PU Storage Protective Bag Travel Case for Insta 360 X4 X5 Accessories with Large Capa,1,1637.0,Shipment,NEW DELHI,Shipment,1637.0,0.0,1,False,
2025-09-03,BOM7-1453,GP10_OM7P_STARTRC,B0F2J6Z8WT,yantralay Osmo Mobile 7P Case Portable PU Shoulder Bag for DJI OM 7 Pro 7 Gimbal Stabilizer Travel Case for DJI Osmo Mobile 7 7P,1,-1299.0,Refund,SOLAPUR,Refund,-1299.0,0.0,0,False,
2025-09-09,BOM7-1533,GP10_OM7P_STARTRC,B0F2J6Z8WT,yantralay Osmo Mobile 7P Case Portable PU Shoulder Bag for DJI OM 7 Pro 7 Gimbal Stabilizer Travel Case for DJI Osmo Mobile 7 7P,1,-1260.03,Refund,RAJKOT,Refund,-1260.03,0.0,0,False,
2025-09-12,BOM5-1395,PS10_OLEDCOMBO_YELLOW,B0DJFL8DBY,yantralay Carry Case Pouch Cover Compatible with Nintendo Switch OLED  OLED 2 with Game Card Slots for Switch Switch OLED OLED 2 Accessories  Video Ga,1,1139.0,Shipment,Bandra West  Mumbai,Shipment,1139.0,0.0,1,False,
2025-09-12,BOM7-1579,GP10_OM7P_STARTRC,B0F2J6Z8WT,yantralay Osmo Mobile 7P Case Portable PU Shoulder Bag for DJI OM 7 Pro 7 Gimbal Stabilizer Travel Case for DJI Osmo Mobile 7 7P,1,1299.0,Shipment,Varpal,Shipment,1299.0,0.0,1,False,
2025-09-12,BOM7-1578,GP46-S,B0F91G6H93,yantralay Double Clamp Mount Bracket with 1 4  Ball Head for GoPro  Insta 360 X2 X3  Action Cameras   Handlebar  Motorcycle  Bicycle  Selfie Stick  St,1,1656.0,Shipment,Sikandrabad,Shipment,1656.0,0.0,1,False,
2025-09-12,BOM7-1580,SGOLED2,B0FDQL7DFH,yantralay Tempered Glass Screen Protector for Nintendo Switch 2  2025    Ultra Thin HD Clear Film Guard with Rounded Edges for 7 9 Inch Display  1 Pac,1,499.0,Shipment,PHAPHUND,Shipment,499.0,0.0,1,False,
2025-09-13,BOM5-1397,GP10_OM7_STARTRCN,B0DXPYBSMM,STARTRC PHOTO PU Osmo Mobile 7P Case Portable Shoulder Bag for Dji OM 7 Pro 7 Gimbal Stabilizer Travel Case for DJI Osmo Mobile 7 7P Accessories  Grey,1,1899.0,Shipment,Totu,Shipment,1899.0,0.0,1,False,
2025-09-13,BOM5-1399,GP10_OM7P_STARTRC,B0F2J6Z8WT,yantralay Osmo Mobile 7P Case Portable PU Shoulder Bag for DJI OM 7 Pro 7 Gimbal Stabilizer Travel Case for DJI Osmo Mobile 7 7P,1,1299.0,Shipment,MUZAFFARNAGAR,Shipment,1299.0,0.0,1,False,
2025-09-12,BOM7-1574,PS10_PS5PORTALCOMBO,B0DF2Z2X1Q,yantralay 6 in 1 Hard Carrying Case with Protective Cover for Play Station 5 Portal  Non Slip Soft Case Cover   Screen Protectors   Thumb Grips for PS,1,2070.0,Shipment,Mumbai,Shipment,2070.0,0.0,1,False,
2025-09-13,BOM5-1400,IN1_AL,B0D4536M61,yantralay 4 in 1 Motorcycle Mount Bundle with Unicorn Helmet Extension Arm Adhesive Kit Compatible for Insta360 One X5 X4 X3 X2  ONE R RS  Hero 13 12,1,1987.0,Shipment,BENGALURU,Shipment,1987.0,0.0,1,False,
2025-09-07,BOM7-1500,GP10_OM7P_STARTRC,B0F2J6Z8WT,yantralay Osmo Mobile 7P Case Portable PU Shoulder Bag for DJI OM 7 Pro 7 Gimbal Stabilizer Travel Case for DJI Osmo Mobile 7 7P,1,-1260.03,Refund,HYDERABAD,Refund,-1260.03,0.0,0,False,
2025-09-09,BOM7-1527,GP10_OM7P_STARTRC,B0F2J6Z8WT,yantralay Osmo Mobile 7P Case Portable PU Shoulder Bag for DJI OM 7 Pro 7 Gimbal Stabilizer Travel Case for DJI Osmo Mobile 7 7P,1,-1299.0,Refund,NAVI MUMBAI,Refund,-1299.0,0.0,0,False,
2025-09-13,BOM5-1398,GP46-L_GP46-S_GP25_150CMS_TUYU,B0FCYMLQ95,yantralay Aluminium Dual Clamp Handlebar Mount Kit for Action Cameras   Invisible Selfie Stick Setup   Compatible with Insta 360 X5 X4  Go Pro 13 12 1,1,4999.0,Shipment,SHIMOGA,Shipment,4999.0,0.0,1,False,
2025-09-12,BOM7-1581,ND_OP3-6_STARTRCN,B0CLTTKV97,STARTRAC Magnetic ND   CPL Filters Set for DJI Osmo Pocket 3 Creator Combo   6 Pack CPL  ND 8  16  32  64  256  Ultra Slim Aluminum Frame,1,3899.0,Shipment,VASCO DA GAMA,Shipment,3899.0,0.0,1,False,
2025-09-12,BOM7-1572,GP10_OM7P_STARTRC,B0F2J6Z8WT,yantralay Osmo Mobile 7P Case Portable PU Shoulder Bag for DJI OM 7 Pro 7 Gimbal Stabilizer Travel Case for DJI Osmo Mobile 7 7P,1,-1299.0,Refund,SANGAMNER,Refund,-1299.0,0.0,0,False,
2025-09-10,BOM7-1549,PS_CDRACK-RED,B0DWXZPTZV,yantralay Game Storage Tower for PS5 Xbox Series Switch   Holds 18 Game Discs with 4 Controller Holders   Gaming Desk Organizer   Stand  Red,1,-1673.07,Refund,CHENNAI,Refund,-1673.07,0.0,0,False,
2025-09-10,BOM7-1549,PS_CDRACK-BLACK,B0DWXZ4PH8,yantralay Game Storage Tower for PS5 Xbox Series Switch   Holds 18 Game Discs with 4 Controller Holders   Gaming Desk Organizer   Stand   Black,1,-1673.07,Refund,CHENNAI,Refund,-1673.07,0.0,0,False,
2025-09-13,BOM5-1402,PS5_CC1_GREY,B0BRJMPHKL,yantralay PS5 Carrying Case Bag for PS5 Console Gamepad  Controller  Headset  VR Play Station Accessories   Travel Bag   Grey,1,2449.0,Shipment,NOIDA,Shipment,2449.0,0.0,1,False,
2025-09-13,PNQ3-554,PS1,B0BJBL1XBS,yantralay Polyester Dual Controller Hard Carry Case Compatible With Ps5 Ps4 Xbox Ipega Controllers   3 Layer Protection Travel Carry Case   Grey,1,905.0,Shipment,PIMPRI CHINCHWAD,Shipment,905.0,0.0,1,False,
2025-09-13,BOM7-1588,GP10_OM7P_STARTRC,B0F2J6Z8WT,yantralay Osmo Mobile 7P Case Portable PU Shoulder Bag for DJI OM 7 Pro 7 Gimbal Stabilizer Travel Case for DJI Osmo Mobile 7 7P,1,1299.0,Shipment,MUMBAI,Shipment,1299.0,0.0,1,False,
2025-09-13,BOM7-1587,GP10_OM7P_STARTRC,B0F2J6Z8WT,yantralay Osmo Mobile 7P Case Portable PU Shoulder Bag for DJI OM 7 Pro 7 Gimbal Stabilizer Travel Case for DJI Osmo Mobile 7 7P,1,1299.0,Shipment,KHAJURAHO,Shipment,1299.0,0.0,1,False,
2025-09-13,BOM7-1586,SHOTGRIP_TLS,B0FCSFYHRJ,yantralay x Teles in ShotGrip   Magnetic Camera Grip with Wireless Shutter for Phone 16 15 14 13  Android  1 4  Tripod Mount Compatible  DSLR Style Cr,1,2436.0,Shipment,Jamnagar,Shipment,2436.0,0.0,1,False,
2025-09-09,BOM7-1528,GP10_OM7P_STARTRC,B0F2J6Z8WT,yantralay Osmo Mobile 7P Case Portable PU Shoulder Bag for DJI OM 7 Pro 7 Gimbal Stabilizer Travel Case for DJI Osmo Mobile 7 7P,1,-1299.0,Refund,MORBI,Refund,-1299.0,0.0,0,False,
2025-09-13,BOM7-1583,SGONEX4-2_LGONEX4,B0F8VRR8JY,yantralay Insta 360 X4 Lens Guard   Screen Protector Combo Kit   Lens Covers   Anti Scratch  Tempered Glass Screen   Insta 360 X4 Accessories,1,1266.0,Shipment,MUMBAI,Shipment,1266.0,0.0,1,False,
2025-09-13,BOM7-1585,SHOTGRIP_TLS,B0FCSFYHRJ,yantralay x Teles in ShotGrip   Magnetic Camera Grip with Wireless Shutter for Phone 16 15 14 13  Android  1 4  Tripod Mount Compatible  DSLR Style Cr,1,2436.0,Shipment,Bengaluru,Shipment,2436.0,0.0,1,False,
2025-09-13,BOM7-1592,GP10_OM7P_STARTRC,B0F2J6Z8WT,nan,1,0.0,Cancel,PORBANDAR,Cancel,0.0,0.0,0,False,
2025-09-13,BOM7-1601,GP10_OM7P_STARTRC,B0F2J6Z8WT,yantralay Osmo Mobile 7P Case Portable PU Shoulder Bag for DJI OM 7 Pro 7 Gimbal Stabilizer Travel Case for DJI Osmo Mobile 7 7P,1,1299.0,Shipment,Vijayawada,Shipment,1299.0,0.0,1,False,
2025-09-09,BOM7-1545,GP10_OM7P_STARTRC,B0F2J6Z8WT,yantralay Osmo Mobile 7P Case Portable PU Shoulder Bag for DJI OM 7 Pro 7 Gimbal Stabilizer Travel Case for DJI Osmo Mobile 7 7P,1,-1299.0,Refund,TASAWADE MIDC,Refund,-1299.0,0.0,0,False,
2025-09-13,BOM7-1598,GP28COMBO1_H13,B0DHYCQR66,Yantralay Silicone Lanyard Sleeve Protective Cover   6PCS Tempered Glass Screen Guard with Silicone Lens Cover Compatible with GoPro Hero 9 Black Acti,1,646.0,Shipment,PUNE,Shipment,646.0,0.0,1,False,
2025-09-13,BOM7-1602,GP1620_TLS,B08S7D4LKH,yantralay Upgraded Helmet Chin Strap Mount for Hero 13 12 11 10 9 8 7 6 5  SJCAM  Insta 360   DJI Osmo Action 3   4   Adjustable   Secure Camera Moun,1,1201.0,Shipment,KIM,Shipment,1201.0,0.0,1,False,
2025-09-13,PNQ3-555,GP12,B0D7BZ38X8,yantralay Aluminium Car Suction Mount 360  Rotatable for Insta 360 X5 X4 X3 X2  Ace Pro ONE R RS  Hero 13 12 11 10 9 8 7  DJI Osmo Action Series   Al,1,1291.0,Shipment,PUNE,Shipment,1291.0,0.0,1,False,
2025-09-13,BOM7-1593,PS5_CC1_BLACK,B0BRJM4R9Q,yantralay PS 5 Carrying Case Bag for PS5 Console Gamepad  Controller  Headset  VR Play Statio n Accessories   Travel Bag   Black,1,2449.0,Shipment,BENGALURU,Shipment,2449.0,0.0,1,False,
2025-09-13,BOM7-1600,PS5_CC1_GREY,B0BRJMPHKL,yantralay PS5 Carrying Case Bag for PS5 Console Gamepad  Controller  Headset  VR Play Station Accessories   Travel Bag   Grey,1,2449.0,Shipment,MUMBAI,Shipment,2449.0,0.0,1,False,
2025-09-13,BOM7-1590,PS5_CC1_BLACK,B0BRJM4R9Q,yantralay PS 5 Carrying Case Bag for PS5 Console Gamepad  Controller  Headset  VR Play Statio n Accessories   Travel Bag   Black,1,2449.0,Shipment,VAZHAKKALA,Shipment,2449.0,0.0,1,False,
2025-09-13,BOM7-1596,GP10_OM7P_STARTRC,B0F2J6Z8WT,yantralay Osmo Mobile 7P Case Portable PU Shoulder Bag for DJI OM 7 Pro 7 Gimbal Stabilizer Travel Case for DJI Osmo Mobile 7 7P,1,1299.0,Shipment,JAMNAGAR,Shipment,1299.0,0.0,1,False,
2025-09-13,BOM7-1597,GP10_OM7P_STARTRC,B0F2J6Z8WT,yantralay Osmo Mobile 7P Case Portable PU Shoulder Bag for DJI OM 7 Pro 7 Gimbal Stabilizer Travel Case for DJI Osmo Mobile 7 7P,1,1299.0,Shipment,Ahmedabad,Shipment,1299.0,0.0,1,False,
2025-09-13,BOM7-1595,LGONEX5,B0FKYLQ2QZ,Yantralay Accessories for Insta 360 X5   Lens Guard Set of 2   Insta 360 X5 Accessories  X5 Lens Guard,1,699.0,Shipment,DEHRADUN,Shipment,699.0,0.0,1,False,
2025-09-13,BOM7-1589,ACFRAMEOP3_PL_VRIG,B0DDQ7BWNC,yantralay Phone Holder for DJI Osmo Pocket 3  Vlogging Camera Expansion Bracket  Adjustable Adapter Frame  Live Streaming Accessories,1,1266.0,Shipment,MUMBAI,Shipment,1266.0,0.0,1,False,
2025-09-10,BOM7-1553,SHOTGRIP_TLS,B0FCSFYHRJ,yantralay x Teles in ShotGrip   Magnetic Camera Grip with Wireless Shutter for Phone 16 15 14 13  Android  1 4  Tripod Mount Compatible  DSLR Style Cr,1,-2436.0,Refund,Avadi chennai,Refund,-2436.0,0.0,0,False,
2025-09-13,BOM7-1594,PS10_PS5PORTALCOMBO,B0DF2Z2X1Q,yantralay 6 in 1 Hard Carrying Case with Protective Cover for Play Station 5 Portal  Non Slip Soft Case Cover   Screen Protectors   Thumb Grips for PS,1,2070.0,Shipment,Ahmedabad,Shipment,2070.0,0.0,1,False,
2025-09-13,BOM7-1591,CWATCUN_D129N,B0D8HTSVZH,Cwatcun Camera Backpack Hardshell for Photography  2 in1 Shockproof Camera Sling Bag  Waterproof Camera Case Crossbody with Tripod Holder  Rain Cover,1,4323.06,Shipment,Bhuntar,Shipment,4323.06,0.0,1,False,
2025-09-14,BOM7-1604,SHOTGRIP_TLS,B0FCSFYHRJ,yantralay x Teles in ShotGrip   Magnetic Camera Grip with Wireless Shutter for Phone 16 15 14 13  Android  1 4  Tripod Mount Compatible  DSLR Style Cr,1,2436.0,Shipment,PURI,Shipment,2436.0,0.0,1,False,
2025-09-14,PNQ3-556,PS2_RED,B0BL1HF4NJ,yantralay Nylon Controller Gamepad Carry Case   Ultimate Protection Compatible For PS5 PS4 PS3 Switch Pro Xbox Joysticks Waterproof  Scratch Protectio,1,499.0,Shipment,THANE,Shipment,499.0,0.0,1,False,
2025-09-13,BOM5-1406,ND_DJIFLIP-6_STARTRCN,B0DT1GJ13Z,ND UV CPL Filter Set for DJI Flip Accessories ND16 ND32 ND64 ND128 CPL UV Drone Lens Filters Set  Multi Coated HD Optical Glass 6 Pack,1,3752.0,Shipment,KANPUR,Shipment,3752.0,0.0,1,False,
2025-09-14,BOM7-1606,GP10_OM7P_STARTRC,B0F2J6Z8WT,nan,1,0.0,Cancel,Pisawa,Cancel,0.0,0.0,0,False,
2025-09-14,BOM7-1603,PS5_CC1_BLACK,B0BRJM4R9Q,yantralay PS 5 Carrying Case Bag for PS5 Console Gamepad  Controller  Headset  VR Play Statio n Accessories   Travel Bag   Black,1,2449.0,Shipment,MUMBAI,Shipment,2449.0,0.0,1,False,
2025-09-14,BOM7-1605,PS5_CC1_BLACK,B0BRJM4R9Q,yantralay PS 5 Carrying Case Bag for PS5 Console Gamepad  Controller  Headset  VR Play Statio n Accessories   Travel Bag   Black,1,2449.0,Shipment,HYDERABAD,Shipment,2449.0,0.0,1,False,
2025-09-02,BOM5-1342,PS10_PS5PORTAL,B0DVT5SJD2,yantralay Hard Carrying Protective Case for Play Station Portal for PS5 Portal Console  Storage Case Only,1,-999.0,Refund,MUMBAI,Refund,-999.0,0.0,0,False,
2025-09-14,NAN,GP162KIT,B0FQ5XM6M6,nan,1,0.0,Cancel,DALMAU,Cancel,0.0,0.0,0,False,
2025-09-14,IN-300,GP162KIT,B0FQ5XM6M6,nan,1,0.0,Cancel,THANE,Cancel,0.0,0.0,0,False,
2025-09-14,BOM5-1414,GP10_OM7P_STARTRC,B0F2J6Z8WT,nan,1,0.0,Cancel,FARIDABAD,Cancel,0.0,0.0,0,False,
2025-09-14,BOM7-1611,PS5_CC1_BLACK,B0BRJM4R9Q,yantralay PS 5 Carrying Case Bag for PS5 Console Gamepad  Controller  Headset  VR Play Statio n Accessories   Travel Bag   Black,1,2528.0,Shipment,THANE,Shipment,2528.0,0.0,1,False,
2025-09-14,BOM7-1609,GP162TELESINN,B07G5XWJJM,TELESIN Motorcycle Helmet Strap Mount Front Chin Mount for GoPro Hero 2018 7 6 5 4 3  Session  SJCAM  AKASO  Campark  Polaroid  YI Action Camera Helme,1,794.0,Shipment,MUMBAI,Shipment,794.0,0.0,1,False,
2025-09-14,BOM7-1613,PS10_PS5PORTALCOMBO,B0DF2Z2X1Q,nan,1,0.0,Cancel,HYDERABAD,Cancel,0.0,0.0,0,False,
2025-09-14,BOM5-1408,GP10_ONEX4_STARTRC,B0DDXP86FQ,yantralay x Startr c Carrying Case for Insta 360 X4 X5  Portable PU Storage Protective Bag Travel Case for Insta 360 X4 X5 Accessories with Large Capa,1,1637.0,Shipment,MUMBAI,Shipment,1637.0,0.0,1,False,
2025-09-14,BOM7-1612,LGOA360,B0FP9LYYWR,yantralay Lens Guard for DJI Osmo 360 Camera   Waterproof Dustproof Snap On Lens Protective Cover  Easy Installation  Osm o Action 360 Accessories,1,1299.0,Shipment,Mumbai,Shipment,1299.0,0.0,1,False,
2025-09-07,BOM7-1503,GP10_OM7P_STARTRC,B0F2J6Z8WT,yantralay Osmo Mobile 7P Case Portable PU Shoulder Bag for DJI OM 7 Pro 7 Gimbal Stabilizer Travel Case for DJI Osmo Mobile 7 7P,1,-1260.03,Refund,UDUPI,Refund,-1260.03,0.0,0,False,
2025-09-14,BOM7-1607,GP1620_TLS,B08S7D4LKH,yantralay Upgraded Helmet Chin Strap Mount for Hero 13 12 11 10 9 8 7 6 5  SJCAM  Insta 360   DJI Osmo Action 3   4   Adjustable   Secure Camera Moun,1,1201.0,Shipment,Mumbai,Shipment,1201.0,0.0,1,False,
2025-09-14,BOM7-1615,PS5_CC1_BLACK,B0BRJM4R9Q,yantralay PS 5 Carrying Case Bag for PS5 Console Gamepad  Controller  Headset  VR Play Statio n Accessories   Travel Bag   Black,1,2449.0,Shipment,Mumbai,Shipment,2449.0,0.0,1,False,
2025-09-14,BOM5-1412,GP47-SN,B0F91PMBC5,yantralay Action Camera Handlebar Mount with 360  Dual Ball Head   Super Clamp for Go Pro  Insta 360  Mobile  Bike  Motorcycle   Universal Quick Rele,1,1656.0,Shipment,Mumbai,Shipment,1656.0,0.0,1,False,
2025-09-14,BOM7-1608,GP46-L,B0F91GCRP4,yantralay Double Clamp Mount Bracket with 1 4  Ball Head for Go Pro 13 12 11  Insta 360 X5 X4 X3 Handlebar  Motorcycle  Bicycle  Selfie Stick  Studio,1,1795.47,Shipment,MUMBAI,Shipment,1795.47,0.0,1,False,
2025-09-14,BOM7-1608,GP46-S,B0F91G6H93,yantralay Double Clamp Mount Bracket with 1 4  Ball Head for GoPro  Insta 360 X2 X3  Action Cameras   Handlebar  Motorcycle  Bicycle  Selfie Stick  St,1,1606.32,Shipment,MUMBAI,Shipment,1606.32,0.0,1,False,
2025-09-14,BOM5-1411,SGONEX4-2_LGONEX4,B0F8VRR8JY,yantralay Insta 360 X4 Lens Guard   Screen Protector Combo Kit   Lens Covers   Anti Scratch  Tempered Glass Screen   Insta 360 X4 Accessories,1,1266.0,Shipment,MUMBAI,Shipment,1266.0,0.0,1,False,
2025-09-14,BOM7-1616,GP10_OM7P_STARTRC,B0F2J6Z8WT,yantralay Osmo Mobile 7P Case Portable PU Shoulder Bag for DJI OM 7 Pro 7 Gimbal Stabilizer Travel Case for DJI Osmo Mobile 7 7P,1,1299.0,Shipment,PANDHURNA,Shipment,1299.0,0.0,1,False,
2025-09-14,BOM5-1410,GP10_OM7P_STARTRC,B0F2J6Z8WT,yantralay Osmo Mobile 7P Case Portable PU Shoulder Bag for DJI OM 7 Pro 7 Gimbal Stabilizer Travel Case for DJI Osmo Mobile 7 7P,1,1299.0,Shipment,KOLLAM,Shipment,1299.0,0.0,1,False,
2025-09-13,BOM5-1405,IN1_AL,B0D4536M61,yantralay 4 in 1 Motorcycle Mount Bundle with Unicorn Helmet Extension Arm Adhesive Kit Compatible for Insta360 One X5 X4 X3 X2  ONE R RS  Hero 13 12,1,1987.0,Shipment,Kolar,Shipment,1987.0,0.0,1,False,
2025-09-14,BOM5-1407,GP10_OM7_STARTRCN,B0DXPYBSMM,STARTRC PHOTO PU Osmo Mobile 7P Case Portable Shoulder Bag for Dji OM 7 Pro 7 Gimbal Stabilizer Travel Case for DJI Osmo Mobile 7 7P Accessories  Grey,1,1899.0,Shipment,Tiruchirappalli,Shipment,1899.0,0.0,1,False,
2025-09-14,BOM7-1610,CWATCUN_D129N,B0D8HTSVZH,Cwatcun Camera Backpack Hardshell for Photography  2 in1 Shockproof Camera Sling Bag  Waterproof Camera Case Crossbody with Tripod Holder  Rain Cover,1,4599.0,Shipment,SANTIPUR,Shipment,4599.0,0.0,1,False,
2025-09-15,BOM7-1618,GP1620_TLS,B08S7D4LKH,yantralay Upgraded Helmet Chin Strap Mount for Hero 13 12 11 10 9 8 7 6 5  SJCAM  Insta 360   DJI Osmo Action 3   4   Adjustable   Secure Camera Moun,1,1201.0,Shipment,HIMMATNAGAR,Shipment,1201.0,0.0,1,False,
2025-09-14,BOM7-1617,PS5_CC1_BLACK,B0BRJM4R9Q,yantralay PS 5 Carrying Case Bag for PS5 Console Gamepad  Controller  Headset  VR Play Statio n Accessories   Travel Bag   Black,1,2449.0,Shipment,BATHINDA,Shipment,2449.0,0.0,1,False,
2025-09-12,BOM7-1579,GP10_OM7P_STARTRC,B0F2J6Z8WT,yantralay Osmo Mobile 7P Case Portable PU Shoulder Bag for DJI OM 7 Pro 7 Gimbal Stabilizer Travel Case for DJI Osmo Mobile 7 7P,1,-1299.0,Refund,Varpal,Refund,-1299.0,0.0,0,False,
2025-09-14,BOM5-1413,PS2_BLACK,B0BL1CYSW6,yantralay Nylon Controller Gamepad Carry Case   Ultimate Protection Compatible for PS5 PS4 PS3 Switch Pro Xbox Joysticks Waterproof  Scratch Protectio,1,519.0,Shipment,CHAMBA,Shipment,519.0,0.0,1,False,
2025-09-12,BOM7-1578,GP46-S,B0F91G6H93,yantralay Double Clamp Mount Bracket with 1 4  Ball Head for GoPro  Insta 360 X2 X3  Action Cameras   Handlebar  Motorcycle  Bicycle  Selfie Stick  St,1,-1656.0,Refund,Sikandrabad,Refund,-1656.0,0.0,0,False,
2025-09-11,IN-293,GP43_OA360,B0FP9QB6HY,Yantralay Protective Hard Shell Storage Pouch for D J I Osm o Action 360 Camera  Osm o Action 360 Accessories,1,449.0,Shipment,Mysuru,Shipment,449.0,0.0,1,False,
2025-09-13,IN-298,PS10_OLED2COMBO-BLACK,B0FMYMJ5YT,yantralay Combo Kit for Nintendo Switch 2   Carrying Case  Transparent Protective Case  Tempered Glass  Card Holder  Joystick Covers  Wipes   Guide St,1,1499.0,Shipment,INDORE,Shipment,1499.0,0.0,1,False,
2025-09-12,IN-296,G301_STAND,B0FQ5BVVPC,Yantralay Magnetic Vlog Selfie Monitor with Stand   1080P HD Wireless Phone Display for iPhone   Android  Perfect for Live Streaming   Vlogging,1,7999.0,Shipment,BENGALURU,Shipment,7999.0,0.0,1,False,
2025-09-11,IN-294,LGONEX3_PREMIUM,B0CG6L97VD,Yantralay Optical Glass Lens Guard for Insta360 ONEX3 Camera Accessories   Waterproof  High Transmittance  Anti Scratch Protective Screen Cover   Blac,1,2699.0,Shipment,BENGALURU,Shipment,2699.0,0.0,1,False,
2025-09-13,IN-299,GP162KIT,B0FQ5XM6M6,Yantralay Helmet Chin Strap Mount Combo Kit with Smartphone Holder  Quick Release Buckle   Screw   Compatible with Hero 13 12 11 10  Insta360  DJ I Os,1,299.0,Shipment,Hyderabad,Shipment,299.0,0.0,1,False,
2025-09-12,IN-295,GP162KIT,B0FQ5XM6M6,Yantralay Helmet Chin Strap Mount Combo Kit with Smartphone Holder  Quick Release Buckle   Screw   Compatible with Hero 13 12 11 10  Insta360  DJ I Os,1,299.0,Shipment,KAITHAL,Shipment,299.0,0.0,1,False,
2025-09-12,IN-297,GP162KIT,B0FQ5XM6M6,Yantralay Helmet Chin Strap Mount Combo Kit with Smartphone Holder  Quick Release Buckle   Screw   Compatible with Hero 13 12 11 10  Insta360  DJ I Os,1,299.0,Shipment,GANJIMUTT,Shipment,299.0,0.0,1,False,
2025-09-15,BOM5-1419,SGOLED2,B0FDQL7DFH,yantralay Tempered Glass Screen Protector for Nintendo Switch 2  2025    Ultra Thin HD Clear Film Guard with Rounded Edges for 7 9 Inch Display  1 Pac,1,499.0,Shipment,NAVI MUMBAI,Shipment,499.0,0.0,1,False,
2025-09-15,BOM5-1418,PS1,B0BJBL1XBS,yantralay Polyester Dual Controller Hard Carry Case Compatible With Ps5 Ps4 Xbox Ipega Controllers   3 Layer Protection Travel Carry Case   Grey,1,905.0,Shipment,Jaipur,Shipment,905.0,0.0,1,False,
2025-09-15,BOM5-1417,GP10_RS4MINI_STARTRC,B0DZZFNDHP,yantralay Portable Carrying Storage Case for DJ I Ronin RS4Mini Gimbal EVA Handbag Travel Handheld Shoulder Bag  RS4MINI,1,2631.0,Shipment,NASHIK,Shipment,2631.0,0.0,1,False,
2025-09-15,BOM5-1415,GP46-M,B0F91GXT2N,yantralay Double Clamp Mount Bracket with 1 4  Ball Head for GoPro  Insta 360 X2 X3  Action Cameras   Handlebar  Motorcycle  Bicycle  Selfie Stick  St,1,1754.0,Shipment,KOLHAPUR,Shipment,1754.0,0.0,1,False,
2025-09-15,BOM5-1420,ACFRAMEOP3_PL_VRIG,B0DDQ7BWNC,yantralay Phone Holder for DJI Osmo Pocket 3  Vlogging Camera Expansion Bracket  Adjustable Adapter Frame  Live Streaming Accessories,1,1266.0,Shipment,KANPUR,Shipment,1266.0,0.0,1,False,
2025-09-15,BOM5-1425,GP10_RS4MINI_STARTRC,B0DZZFNDHP,yantralay Portable Carrying Storage Case for DJ I Ronin RS4Mini Gimbal EVA Handbag Travel Handheld Shoulder Bag  RS4MINI,1,2631.0,Shipment,Kamrej,Shipment,2631.0,0.0,1,False,
2025-09-15,IN-304,GP162KIT,B0FQ5XM6M6,nan,1,0.0,Cancel,LUCKNOW,Cancel,0.0,0.0,0,False,
2025-09-15,BOM7-1619,ND_DJIFLIP_STARTRCN,B0DT1CVV7L,ND CPL Filter Set for DJI Flip Accessories ND16 ND64 ND128 CPL Drone Lens Filters Set  Multi Coated HD Optical Glass 4 Pack,1,2924.0,Shipment,New Delhi,Shipment,2924.0,0.0,1,False,
2025-09-15,BOM7-1621,PS10_PS5PORTALCOMBO,B0DF2Z2X1Q,yantralay 6 in 1 Hard Carrying Case with Protective Cover for Play Station 5 Portal  Non Slip Soft Case Cover   Screen Protectors   Thumb Grips for PS,1,2070.0,Shipment,LUCKNOW,Shipment,2070.0,0.0,1,False,
2025-09-15,BOM7-1622,LGONEX4,B0F7RT4HGJ,yantralay 2Pcs Lens Guard for Insta 360 X4   Scratch Resistant Protective Lens Cover   High Transparency Optical Coated Cap   Insta 360 X4 Camera Acce,1,779.0,Shipment,MUMBAI,Shipment,779.0,0.0,1,False,
2025-09-14,BOM7-1614,ND_AVATA2_STARTRC,B0DX7CQYH1,Yantralay x Start rc 4 Pack ND8 ND16 ND32 ND64 Filter Compatible with DJI Avata 2  Neutral Density Camera Lens ND Filter,1,3314.0,Shipment,Panjim,Shipment,3314.0,0.0,1,False,
2025-09-16,BOM7-1623,GP10_OM7P_STARTRC,B0F2J6Z8WT,yantralay Osmo Mobile 7P Case Portable PU Shoulder Bag for DJI OM 7 Pro 7 Gimbal Stabilizer Travel Case for DJI Osmo Mobile 7 7P,1,1299.0,Shipment,MAKTHAL,Shipment,1299.0,0.0,1,False,
2025-09-16,BOM5-1426,GP46-L_GP46-S_GP25_150CMS_TUYU,B0FCYMLQ95,yantralay Aluminium Dual Clamp Handlebar Mount Kit for Action Cameras   Invisible Selfie Stick Setup   Compatible with Insta 360 X5 X4  Go Pro 13 12 1,1,4999.0,Shipment,GANDHIDHAM,Shipment,4999.0,0.0,1,False,
2025-09-15,BOM5-1424,GP10_RS4_STARTRC,B0DB1TQPH3,yantralay Portable Carrying Storage Case for DJ I Ronin RS4   RS4 Pro Gimbal EVA Handbag Travel Handheld Shoulder Bag  Grey,1,2706.0,Shipment,MUMBAI,Shipment,2706.0,0.0,1,False,
2025-09-16,BOM7-1625,GP46-L,B0F91GCRP4,yantralay Double Clamp Mount Bracket with 1 4  Ball Head for Go Pro 13 12 11  Insta 360 X5 X4 X3 Handlebar  Motorcycle  Bicycle  Selfie Stick  Studio,1,1851.0,Shipment,Palakkad,Shipment,1851.0,0.0,1,False,
2025-09-16,BOM7-1626,GP10_RS4_STARTRC,B0DB1TQPH3,yantralay Portable Carrying Storage Case for DJ I Ronin RS4   RS4 Pro Gimbal EVA Handbag Travel Handheld Shoulder Bag  Grey,1,2706.0,Shipment,NEW DELHI,Shipment,2706.0,0.0,1,False,
2025-09-16,BOM5-1427,ACCASEYTG9,B08NF6HMG6,nan,1,0.0,Cancel,Kolhapur,Cancel,0.0,0.0,0,False,
2025-09-16,BOM7-1628,LGONEX4,B0F7RT4HGJ,yantralay 2Pcs Lens Guard for Insta 360 X4   Scratch Resistant Protective Lens Cover   High Transparency Optical Coated Cap   Insta 360 X4 Camera Acce,1,779.0,Shipment,Dharwad,Shipment,779.0,0.0,1,False,
2025-09-09,BOM7-1535,SHOTGRIP_TLSN,B0F66YYCTQ,Magnetic Phone Camera Grip  Smartphone Shooting Holder Selfie Handle Snap with Wireless Shutter Button Remote for iPhone 16 15 14 13 12 Pro Max Androi,1,-2449.0,Refund,Alwar,Refund,-2449.0,0.0,0,False,
2025-09-16,BOM7-1627,GP1620_TLS,B08S7D4LKH,yantralay Upgraded Helmet Chin Strap Mount for Hero 13 12 11 10 9 8 7 6 5  SJCAM  Insta 360   DJI Osmo Action 3   4   Adjustable   Secure Camera Moun,1,1201.0,Shipment,JAIPUR,Shipment,1201.0,0.0,1,False,
2025-09-16,BOM7-1624,PS5_CC1_GREY,B0BRJMPHKL,yantralay PS5 Carrying Case Bag for PS5 Console Gamepad  Controller  Headset  VR Play Station Accessories   Travel Bag   Grey,1,2449.0,Shipment,SALEM,Shipment,2449.0,0.0,1,False,
2025-09-16,IN-313,G301_STAND,B0FQ5BVVPC,Yantralay Magnetic Vlog Selfie Monitor with Stand   1080P HD Wireless Phone Display for iPhone   Android  Perfect for Live Streaming   Vlogging,1,7999.0,Shipment,BENGALURU,Shipment,7999.0,0.0,1,False,
2025-09-15,IN-308,GP1630,B0FQ5YBHD5,yantralay Motorcycle Helmet Chin Mount   Stable Adhesive Strap Holder for Hero 13 12 11 10 9  Insta 360 ONE X4 X3 X2  Ace Pro Pro 2  DJ I Osm o Action,1,1099.0,Shipment,PUNE,Shipment,1099.0,0.0,1,False,
2025-09-14,IN-301,GP162KIT,B0FQ5XM6M6,Yantralay Helmet Chin Strap Mount Combo Kit with Smartphone Holder  Quick Release Buckle   Screw   Compatible with Hero 13 12 11 10  Insta360  DJ I Os,1,349.0,Shipment,DALMAU,Shipment,349.0,0.0,1,False,
2025-09-16,IN-310,GP162KIT,B0FQ5XM6M6,Yantralay Helmet Chin Strap Mount Combo Kit with Smartphone Holder  Quick Release Buckle   Screw   Compatible with Hero 13 12 11 10  Insta360  DJ I Os,1,299.0,Shipment,LUCKNOW,Shipment,299.0,0.0,1,False,
2025-09-15,IN-309,GP162KIT,B0FQ5XM6M6,Yantralay Helmet Chin Strap Mount Combo Kit with Smartphone Holder  Quick Release Buckle   Screw   Compatible with Hero 13 12 11 10  Insta360  DJ I Os,1,299.0,Shipment,NASHIK,Shipment,299.0,0.0,1,False,
2025-09-16,IN-312,GP162KIT,B0FQ5XM6M6,Yantralay Helmet Chin Strap Mount Combo Kit with Smartphone Holder  Quick Release Buckle   Screw   Compatible with Hero 13 12 11 10  Insta360  DJ I Os,1,299.0,Shipment,BENGALURU,Shipment,299.0,0.0,1,False,
2025-09-15,IN-305,G301_STAND,B0FQ5BVVPC,Yantralay Magnetic Vlog Selfie Monitor with Stand   1080P HD Wireless Phone Display for iPhone   Android  Perfect for Live Streaming   Vlogging,1,7999.0,Shipment,MUMBAI,Shipment,7999.0,0.0,1,False,
2025-09-16,IN-311,GP162KIT,B0FQ5XM6M6,Yantralay Helmet Chin Strap Mount Combo Kit with Smartphone Holder  Quick Release Buckle   Screw   Compatible with Hero 13 12 11 10  Insta360  DJ I Os,1,299.0,Shipment,CHENNAI,Shipment,299.0,0.0,1,False,
2025-09-03,BOM7-1454,GP10_OM7P_STARTRC,B0F2J6Z8WT,yantralay Osmo Mobile 7P Case Portable PU Shoulder Bag for DJI OM 7 Pro 7 Gimbal Stabilizer Travel Case for DJI Osmo Mobile 7 7P,1,-1299.0,Refund,Ludhiana,Refund,-1299.0,0.0,0,False,
2025-09-16,BOM5-1428,ACCASEYTG9,B08NF6HMG6,yantralay YT G9 Vlogging Case with Dual Cold Shoe Mount for Hero 12 11 10 9  Removable 52mm Filter Ring  All in One Kit with Case Door  Lens Protector,1,965.0,Shipment,Kolhapur,Shipment,965.0,0.0,1,False,
2025-09-16,BOM7-1629,ACCASEONEX4,B0DZZC8YJV,Yantralay Invisible Dive Case for Insta360 X4   Waterproof Diving Housing Cover  Protective PC Sealed Shell with Bracket for Underwater Photography,1,5654.0,Shipment,NAVI MUMBAI,Shipment,5654.0,0.0,1,False,
2025-09-13,BOM7-1589,ACFRAMEOP3_PL_VRIG,B0DDQ7BWNC,yantralay Phone Holder for DJI Osmo Pocket 3  Vlogging Camera Expansion Bracket  Adjustable Adapter Frame  Live Streaming Accessories,1,-1266.0,Refund,MUMBAI,Refund,-1266.0,0.0,0,False,
2025-09-16,BOM7-1630,GP12,B0D7BZ38X8,yantralay Aluminium Car Suction Mount 360  Rotatable for Insta 360 X5 X4 X3 X2  Ace Pro ONE R RS  Hero 13 12 11 10 9 8 7  DJI Osmo Action Series   Al,1,1291.0,Shipment,MAYILADUTHURAI,Shipment,1291.0,0.0,1,False,
2025-09-16,BOM7-1631,GP12,B0D7BZ38X8,yantralay Aluminium Car Suction Mount 360  Rotatable for Insta 360 X5 X4 X3 X2  Ace Pro ONE R RS  Hero 13 12 11 10 9 8 7  DJI Osmo Action Series   Al,1,1291.0,Shipment,NEW DELHI,Shipment,1291.0,0.0,1,False,
2025-09-11,BOM7-1568,PS_CDRACK-BLUE,B0DWY1M5G4,yantralay Game Storage Tower for PS5 Xbox Series   Holds 18 Game Discs with 4 Controller Holders   Gaming Desk Organizer   Stand  Blue,1,-1709.0,Refund,BENGALURU,Refund,-1709.0,0.0,0,False,
2025-09-16,PNQ3-558,GP12,B0D7BZ38X8,yantralay Aluminium Car Suction Mount 360  Rotatable for Insta 360 X5 X4 X3 X2  Ace Pro ONE R RS  Hero 13 12 11 10 9 8 7  DJI Osmo Action Series   Al,1,1252.27,Shipment,BENGALURU,Shipment,1252.27,0.0,1,False,
2025-09-15,BOM5-1423,GP10_OM7P_STARTRC,B0F2J6Z8WT,yantralay Osmo Mobile 7P Case Portable PU Shoulder Bag for DJI OM 7 Pro 7 Gimbal Stabilizer Travel Case for DJI Osmo Mobile 7 7P,1,1299.0,Shipment,FARIDABAD,Shipment,1299.0,0.0,1,False,
2025-09-16,IN-314,GP162KIT,B0FQ5XM6M6,nan,1,0.0,Cancel,NANDYAL,Cancel,0.0,0.0,0,False,
2025-09-16,PNQ3-557,GP12,B0D7BZ38X8,yantralay Aluminium Car Suction Mount 360  Rotatable for Insta 360 X5 X4 X3 X2  Ace Pro ONE R RS  Hero 13 12 11 10 9 8 7  DJI Osmo Action Series   Al,1,1291.0,Shipment,PUNE,Shipment,1291.0,0.0,1,False,
2025-09-16,BOM7-1632,VRIG_MG-03,B0DLNT13PT,yantralay x V RIG MG 03 Magnetic Phone Tripod Mount  Mount for Mag safee Cold Shoe Compatible for iPhon e 16 15 14 13 12 Series  Magnetic Ring for All,1,1899.0,Shipment,MUMBAI,Shipment,1899.0,0.0,1,False,
2025-09-06,BOM7-1486,GP10_OM7P_STARTRC,B0F2J6Z8WT,yantralay Osmo Mobile 7P Case Portable PU Shoulder Bag for DJI OM 7 Pro 7 Gimbal Stabilizer Travel Case for DJI Osmo Mobile 7 7P,1,-1260.03,Refund,HAZARIBAGH,Refund,-1260.03,0.0,0,False,
2025-09-13,BOM7-1588,GP10_OM7P_STARTRC,B0F2J6Z8WT,yantralay Osmo Mobile 7P Case Portable PU Shoulder Bag for DJI OM 7 Pro 7 Gimbal Stabilizer Travel Case for DJI Osmo Mobile 7 7P,1,-1299.0,Refund,MUMBAI,Refund,-1299.0,0.0,0,False,
2025-09-16,BOM7-1633,GP1620_TLS,B08S7D4LKH,yantralay Upgraded Helmet Chin Strap Mount for Hero 13 12 11 10 9 8 7 6 5  SJCAM  Insta 360   DJI Osmo Action 3   4   Adjustable   Secure Camera Moun,1,1201.0,Shipment,NETRANG,Shipment,1201.0,0.0,1,False,
2025-09-16,BOM7-1634,ND_AIR3S_STARTRCN,B0DK3F3LQ7,STARTRC Air 3S ND   CPL Filters Set for DJI Air 3S Accessories  4 Pack Filters  ND16 ND64 ND256 CPL   Neutral Density   Polarizer Drone Lens Accessori,1,4199.0,Shipment,MURUD JANJIRA  Raigad,Shipment,4199.0,0.0,1,False,
2025-09-08,BOM5-1374,GP10_OM7P_STARTRC,B0F2J6Z8WT,yantralay Osmo Mobile 7P Case Portable PU Shoulder Bag for DJI OM 7 Pro 7 Gimbal Stabilizer Travel Case for DJI Osmo Mobile 7 7P,1,-1260.03,Refund,SURAT,Refund,-1260.03,0.0,0,False,
2025-09-16,IN-317,GP162KIT,B0FQ5XM6M6,nan,1,0.0,Cancel,BENGALURU,Cancel,0.0,0.0,0,False,
2025-09-17,PNQ3-559,GP12,B0D7BZ38X8,yantralay Aluminium Car Suction Mount 360  Rotatable for Insta 360 X5 X4 X3 X2  Ace Pro ONE R RS  Hero 13 12 11 10 9 8 7  DJI Osmo Action Series   Al,1,1252.27,Shipment,Secunderabad,Shipment,1252.27,0.0,1,False,
2025-09-15,IN-307,GP162KIT,B0FQ5XM6M6,Yantralay Helmet Chin Strap Mount Combo Kit with Smartphone Holder  Quick Release Buckle   Screw   Compatible with Hero 13 12 11 10  Insta360  DJ I Os,1,349.0,Shipment,AHMEDABAD,Shipment,349.0,0.0,1,False,
2025-09-15,IN-303,GP162KIT,B0FQ5XM6M6,Yantralay Helmet Chin Strap Mount Combo Kit with Smartphone Holder  Quick Release Buckle   Screw   Compatible with Hero 13 12 11 10  Insta360  DJ I Os,1,349.0,Shipment,Kolkata,Shipment,349.0,0.0,1,False,
2025-09-15,IN-306,SGOA360,B0FP9MWY9J,yantralay Screen Guard for DJI Osm o Action 360   HD Tempered Glass  Anti Scratch  Waterproof Film   Clear Protection for Action Camera Screen,1,387.03,Shipment,BENGALURU,Shipment,387.03,0.0,1,False,
2025-09-14,IN-302,GP28_ONEX5,B0FQBHNHVD,Yantralay Soft Silicone Camera Case Body Cover with Lens Cap for Insta 360  ONE X5   Shockproof  Anti Scratch  Precise Fit Protective Case for X5 Act,1,599.0,Shipment,CHENNAI,Shipment,599.0,0.0,1,False,
2025-09-16,IN-318,GP162KIT,B0FQ5XM6M6,Yantralay Helmet Chin Strap Mount Combo Kit with Smartphone Holder  Quick Release Buckle   Screw   Compatible with Hero 13 12 11 10  Insta360  DJ I Os,1,299.0,Shipment,DURG,Shipment,299.0,0.0,1,False,
2025-09-16,IN-315,GP162KIT,B0FQ5XM6M6,Yantralay Helmet Chin Strap Mount Combo Kit with Smartphone Holder  Quick Release Buckle   Screw   Compatible with Hero 13 12 11 10  Insta360  DJ I Os,1,299.0,Shipment,HOWRAH,Shipment,299.0,0.0,1,False,
2025-09-17,BOM7-1636,PS5_CC1_GREY,B0BRJMPHKL,yantralay PS5 Carrying Case Bag for PS5 Console Gamepad  Controller  Headset  VR Play Station Accessories   Travel Bag   Grey,1,2449.0,Shipment,Salem,Shipment,2449.0,0.0,1,False,
2025-09-16,IN-320,TY72_TUYU,B0FQ5XLZBY,yantralay Helmet Chin Mount with Removable Quick Release   Compatible with Hero 13 12 11 10 9  Insta 360 ONE X4 X3 X2  Ace Pro Pro 2  DJI Osm o Action,1,1099.0,Shipment,CHENNAI,Shipment,1099.0,0.0,1,False,
2025-09-09,BOM7-1536,SHOTGRIP_TLSN,B0F66YYCTQ,Magnetic Phone Camera Grip  Smartphone Shooting Holder Selfie Handle Snap with Wireless Shutter Button Remote for iPhone 16 15 14 13 12 Pro Max Androi,1,-2449.0,Refund,Alwar,Refund,-2449.0,0.0,0,False,
2025-09-13,BOM5-1399,GP10_OM7P_STARTRC,B0F2J6Z8WT,yantralay Osmo Mobile 7P Case Portable PU Shoulder Bag for DJI OM 7 Pro 7 Gimbal Stabilizer Travel Case for DJI Osmo Mobile 7 7P,1,-1299.0,Refund,MUZAFFARNAGAR,Refund,-1299.0,0.0,0,False,
2025-09-17,BOM5-1432,GP10_OM7_STARTRCN,B0DXPYBSMM,STARTRC PHOTO PU Osmo Mobile 7P Case Portable Shoulder Bag for Dji OM 7 Pro 7 Gimbal Stabilizer Travel Case for DJI Osmo Mobile 7 7P Accessories  Grey,1,1899.0,Shipment,Surat,Shipment,1899.0,0.0,1,False,
2025-09-17,BOM7-1635,PS5_CC1_BLACK,B0BRJM4R9Q,yantralay PS 5 Carrying Case Bag for PS5 Console Gamepad  Controller  Headset  VR Play Statio n Accessories   Travel Bag   Black,1,2449.0,Shipment,NOIDA,Shipment,2449.0,0.0,1,False,
2025-09-17,BOM5-1430,PS1,B0BJBL1XBS,yantralay Polyester Dual Controller Hard Carry Case Compatible With Ps5 Ps4 Xbox Ipega Controllers   3 Layer Protection Travel Carry Case   Grey,1,905.0,Shipment,Panaji,Shipment,905.0,0.0,1,False,
2025-09-17,BOM5-1429,PS1,B0BJBL1XBS,yantralay Polyester Dual Controller Hard Carry Case Compatible With Ps5 Ps4 Xbox Ipega Controllers   3 Layer Protection Travel Carry Case   Grey,1,905.0,Shipment,MUMBAI,Shipment,905.0,0.0,1,False,
2025-09-17,IN-324,GP162KIT,B0FQ5XM6M6,nan,1,0.0,Cancel,KARORAN,Cancel,0.0,0.0,0,False,
2025-09-17,BOM5-1431,GP10_RS4MINI_STARTRC,B0DZZFNDHP,yantralay Portable Carrying Storage Case for DJ I Ronin RS4Mini Gimbal EVA Handbag Travel Handheld Shoulder Bag  RS4MINI,1,2631.0,Shipment,Vadodara,Shipment,2631.0,0.0,1,False,
2025-09-17,IN-325,GP162KIT,B0FQ5XM6M6,nan,1,0.0,Cancel,BENGALURU,Cancel,0.0,0.0,0,False,
2025-09-13,BOM7-1596,GP10_OM7P_STARTRC,B0F2J6Z8WT,yantralay Osmo Mobile 7P Case Portable PU Shoulder Bag for DJI OM 7 Pro 7 Gimbal Stabilizer Travel Case for DJI Osmo Mobile 7 7P,1,-1299.0,Refund,JAMNAGAR,Refund,-1299.0,0.0,0,False,
2025-09-17,BOM7-1637,LGONEX5,B0FKYLQ2QZ,Yantralay Accessories for Insta 360 X5   Lens Guard Set of 2   Insta 360 X5 Accessories  X5 Lens Guard,1,678.03,Shipment,Old panvel,Shipment,678.03,0.0,1,False,
2025-09-17,BOM7-1637,ACCHARGERONEX5_3_AMG,B0FKYRJB8C,Yantralay Charging Case for Insta 360 X5   3 Battery Charger Hub with Intelligent Fast Charging  Automatic Pop Up Lid  Simultaneous Charging Station f,1,1454.03,Shipment,Old panvel,Shipment,1454.03,0.0,1,False,
2025-09-17,BOM5-1433,SHOTGRIP_TLSN,B0F66YYCTQ,Magnetic Phone Camera Grip  Smartphone Shooting Holder Selfie Handle Snap with Wireless Shutter Button Remote for iPhone 16 15 14 13 12 Pro Max Androi,1,2449.0,Shipment,MUMBAI,Shipment,2449.0,0.0,1,False,
2025-09-17,BOM7-1639,ND_MINI4PRO-6_STARTRCN,B0CJJT6WXR,STARTRC Mini 4 Pro Filters  6 Pack UV CPL ND8 ND16 ND32 ND64 Filter Compatible with DJI Mini 4 Pro Drone  Polarizer and Neutral Density Camera Lens Mu,1,4701.55,Shipment,MUMBAI,Shipment,4701.55,0.0,1,False,
2025-09-17,BOM7-1640,GP10_OM7P_STARTRC,B0F2J6Z8WT,yantralay Osmo Mobile 7P Case Portable PU Shoulder Bag for DJI OM 7 Pro 7 Gimbal Stabilizer Travel Case for DJI Osmo Mobile 7 7P,1,1299.0,Shipment,CHENNAI,Shipment,1299.0,0.0,1,False,
2025-09-17,BOM7-1638,LGONEX4,B0F7RT4HGJ,yantralay 2Pcs Lens Guard for Insta 360 X4   Scratch Resistant Protective Lens Cover   High Transparency Optical Coated Cap   Insta 360 X4 Camera Acce,1,779.0,Shipment,PUNE,Shipment,779.0,0.0,1,False,
2025-09-18,BOM7-1642,GP46-L,B0F91GCRP4,yantralay Double Clamp Mount Bracket with 1 4  Ball Head for Go Pro 13 12 11  Insta 360 X5 X4 X3 Handlebar  Motorcycle  Bicycle  Selfie Stick  Studio,1,1758.45,Shipment,INDORE,Shipment,1758.45,0.0,1,False,
2025-09-17,BOM7-1641,LGOA360,B0FP9LYYWR,yantralay Lens Guard for DJI Osmo 360 Camera   Waterproof Dustproof Snap On Lens Protective Cover  Easy Installation  Osm o Action 360 Accessories,1,1299.0,Shipment,BADLAPUR,Shipment,1299.0,0.0,1,False,
2025-09-08,BOM7-1513,GP10_OM7P_STARTRC,B0F2J6Z8WT,yantralay Osmo Mobile 7P Case Portable PU Shoulder Bag for DJI OM 7 Pro 7 Gimbal Stabilizer Travel Case for DJI Osmo Mobile 7 7P,1,-1260.03,Refund,CHARIDUAR,Refund,-1260.03,0.0,0,False,
2025-09-17,BOM5-1434,LGONEX4,B0F7RT4HGJ,yantralay 2Pcs Lens Guard for Insta 360 X4   Scratch Resistant Protective Lens Cover   High Transparency Optical Coated Cap   Insta 360 X4 Camera Acce,1,779.0,Shipment,Nagpur,Shipment,779.0,0.0,1,False,
2025-09-18,BOM7-1644,LGONEX4,B0F7RT4HGJ,yantralay 2Pcs Lens Guard for Insta 360 X4   Scratch Resistant Protective Lens Cover   High Transparency Optical Coated Cap   Insta 360 X4 Camera Acce,1,779.0,Shipment,GURUGRAM,Shipment,779.0,0.0,1,False,
2025-09-17,IN-321,GP162KIT,B0FQ5XM6M6,Yantralay Helmet Chin Strap Mount Combo Kit with Smartphone Holder  Quick Release Buckle   Screw   Compatible with Hero 13 12 11 10  Insta360  DJ I Os,1,299.0,Shipment,SURAT,Shipment,299.0,0.0,1,False,
2025-09-17,IN-322,GP162KIT,B0FQ5XM6M6,Yantralay Helmet Chin Strap Mount Combo Kit with Smartphone Holder  Quick Release Buckle   Screw   Compatible with Hero 13 12 11 10  Insta360  DJ I Os,1,299.0,Shipment,NOIDA,Shipment,299.0,0.0,1,False,
2025-09-17,IN-323,GP162KIT,B0FQ5XM6M6,Yantralay Helmet Chin Strap Mount Combo Kit with Smartphone Holder  Quick Release Buckle   Screw   Compatible with Hero 13 12 11 10  Insta360  DJ I Os,1,299.0,Shipment,KATIHAR,Shipment,299.0,0.0,1,False,
2025-09-17,IN-325,GP162KIT,B0FQ5XM6M6,Yantralay Helmet Chin Strap Mount Combo Kit with Smartphone Holder  Quick Release Buckle   Screw   Compatible with Hero 13 12 11 10  Insta360  DJ I Os,1,299.0,Shipment,BENGALURU,Shipment,299.0,0.0,1,False,
2025-09-17,IN-324,GP162KIT,B0FQ5XM6M6,Yantralay Helmet Chin Strap Mount Combo Kit with Smartphone Holder  Quick Release Buckle   Screw   Compatible with Hero 13 12 11 10  Insta360  DJ I Os,1,299.0,Shipment,KARORAN,Shipment,299.0,0.0,1,False,
2025-09-18,BOM5-1436,PS5_CC1_BLACK,B0BRJM4R9Q,yantralay PS 5 Carrying Case Bag for PS5 Console Gamepad  Controller  Headset  VR Play Statio n Accessories   Travel Bag   Black,1,2449.0,Shipment,NEW DELHI,Shipment,2449.0,0.0,1,False,
2025-09-18,BOM5-1438,TY98_TUYU,B0F7RP62NV,yantralay Motorcycle Windshield Mounting Clamp Aluminum Mount for Insta 360 X5 X4 X3  Go Pro Hero 13 12 11 10 9  D J I Action 5 Pro  4 3 Action Camera,1,1758.45,Shipment,JABALPUR,Shipment,1758.45,0.0,1,False,
2025-09-18,IN-329,GP162KIT,B0FQ5XM6M6,nan,1,0.0,Cancel,SHILLONG,Cancel,0.0,0.0,0,False,
2025-09-15,BOM5-1424,GP10_RS4_STARTRC,B0DB1TQPH3,yantralay Portable Carrying Storage Case for DJ I Ronin RS4   RS4 Pro Gimbal EVA Handbag Travel Handheld Shoulder Bag  Grey,1,-2706.0,Refund,MUMBAI,Refund,-2706.0,0.0,0,False,
2025-09-18,BOM7-1645,ACFRAMEOP3_PL_VRIG,B0DDQ7BWNC,yantralay Phone Holder for DJI Osmo Pocket 3  Vlogging Camera Expansion Bracket  Adjustable Adapter Frame  Live Streaming Accessories,1,1266.0,Shipment,GURUGRAM,Shipment,1266.0,0.0,1,False,
2025-09-11,BOM7-1564,GP10_OM7P_STARTRC,B0F2J6Z8WT,yantralay Osmo Mobile 7P Case Portable PU Shoulder Bag for DJI OM 7 Pro 7 Gimbal Stabilizer Travel Case for DJI Osmo Mobile 7 7P,1,-1299.0,Refund,DARJEELING,Refund,-1299.0,0.0,0,False,
2025-09-14,BOM7-1608,GP46-S,B0F91G6H93,yantralay Double Clamp Mount Bracket with 1 4  Ball Head for GoPro  Insta 360 X2 X3  Action Cameras   Handlebar  Motorcycle  Bicycle  Selfie Stick  St,1,-1606.32,Refund,MUMBAI,Refund,-1606.32,0.0,0,False,
2025-09-06,IN-280,LGOA360,B0FP9LYYWR,yantralay Lens Guard for DJI Osmo 360 Camera   Waterproof Dustproof Snap On Lens Protective Cover  Easy Installation  Osm o Action 360 Accessories,1,-1260.03,Refund,BENGALURU,Refund,-1260.03,0.0,0,False,
2025-09-18,BOM7-1650,PS1,B0BJBL1XBS,yantralay Polyester Dual Controller Hard Carry Case Compatible With Ps5 Ps4 Xbox Ipega Controllers   3 Layer Protection Travel Carry Case   Grey,1,905.0,Shipment,PUNE,Shipment,905.0,0.0,1,False,
2025-09-18,BOM7-1649,LM1_OA3,B0DRW3QS3C,yantralay Magnet Adapter Mount for DJI Action 5 4 3   Quick Release Tripod Adapter with Secure Claws for Outdoor Use,1,974.0,Shipment,PUNE,Shipment,974.0,0.0,1,False,
2025-09-18,BOM5-1439,PS2_YELLOW,B0BL1HQ3C4,yantralay Controller Gamepad Carry Case   Ultimate Protection Compatible for PS5 PS4 PS3 Switch Pro Xbox Joysticks Waterproof  Scratch Protection  Dur,1,474.05,Shipment,MUMBAI,Shipment,474.05,0.0,1,False,
2025-09-13,BOM5-1397,GP10_OM7_STARTRCN,B0DXPYBSMM,STARTRC PHOTO PU Osmo Mobile 7P Case Portable Shoulder Bag for Dji OM 7 Pro 7 Gimbal Stabilizer Travel Case for DJI Osmo Mobile 7 7P Accessories  Grey,1,-1899.0,Refund,Totu,Refund,-1899.0,0.0,0,False,
2025-09-18,BOM7-1648,LGONEX5,B0FKYLQ2QZ,Yantralay Accessories for Insta 360 X5   Lens Guard Set of 2   Insta 360 X5 Accessories  X5 Lens Guard,1,699.0,Shipment,Faridkot,Shipment,699.0,0.0,1,False,
2025-09-13,BOM7-1597,GP10_OM7P_STARTRC,B0F2J6Z8WT,yantralay Osmo Mobile 7P Case Portable PU Shoulder Bag for DJI OM 7 Pro 7 Gimbal Stabilizer Travel Case for DJI Osmo Mobile 7 7P,1,-1299.0,Refund,Ahmedabad,Refund,-1299.0,0.0,0,False,
2025-09-18,BOM7-1646,LGONEX5,B0FKYLQ2QZ,Yantralay Accessories for Insta 360 X5   Lens Guard Set of 2   Insta 360 X5 Accessories  X5 Lens Guard,1,664.05,Shipment,Mumbai,Shipment,664.05,0.0,1,False,
2025-09-16,IN-316,GP162KIT,B0FQ5XM6M6,nan,1,0.0,Cancel,DHORIMANNA,Cancel,0.0,0.0,0,False,
2025-09-18,IN-330,GP162KIT,B0FQ5XM6M6,nan,1,0.0,Cancel,JAMMU,Cancel,0.0,0.0,0,False,
2025-09-18,PNQ3-560,SGOLED2,B0FDQL7DFH,yantralay Tempered Glass Screen Protector for Nintendo Switch 2  2025    Ultra Thin HD Clear Film Guard with Rounded Edges for 7 9 Inch Display  1 Pac,1,499.0,Shipment,PUNE,Shipment,499.0,0.0,1,False,
2025-09-18,BOM5-1440,PS10_OLEDCOMBO_YELLOW,B0DJFL8DBY,yantralay Carry Case Pouch Cover Compatible with Nintendo Switch OLED  OLED 2 with Game Card Slots for Switch Switch OLED OLED 2 Accessories  Video Ga,1,1082.05,Shipment,INDORE,Shipment,1082.05,0.0,1,False,
2025-09-18,BOM7-1652,GP12,B0D7BZ38X8,yantralay Aluminium Car Suction Mount 360  Rotatable for Insta 360 X5 X4 X3 X2  Ace Pro ONE R RS  Hero 13 12 11 10 9 8 7  DJI Osmo Action Series   Al,1,1226.45,Shipment,VISAKHAPATNAM,Shipment,1226.45,0.0,1,False,
2025-09-19,IN-338,GP162KIT,B0FQ5XM6M6,nan,1,0.0,Cancel,MUMBAI,Cancel,0.0,0.0,0,False,
2025-09-19,IN-338,GP162KIT,B0FQ5XM6M6,Yantralay Helmet Chin Strap Mount Combo Kit with Smartphone Holder  Quick Release Buckle   Screw   Compatible with Hero 13 12 11 10  Insta360  DJ I Os,1,299.0,Shipment,MUMBAI,Shipment,299.0,0.0,1,False,
2025-09-18,BOM7-1651,GP10_RS4_STARTRC,B0DB1TQPH3,yantralay Portable Carrying Storage Case for DJ I Ronin RS4   RS4 Pro Gimbal EVA Handbag Travel Handheld Shoulder Bag  Grey,1,2570.7,Shipment,MARGAO,Shipment,2570.7,0.0,1,False,
2025-09-12,IN-296,G301_STAND,B0FQ5BVVPC,Yantralay Magnetic Vlog Selfie Monitor with Stand   1080P HD Wireless Phone Display for iPhone   Android  Perfect for Live Streaming   Vlogging,1,-7999.0,Refund,BENGALURU,Refund,-7999.0,0.0,0,False,
2025-09-19,BOM7-1653,PS5_CC1_BLACK,B0BRJM4R9Q,yantralay PS 5 Carrying Case Bag for PS5 Console Gamepad  Controller  Headset  VR Play Statio n Accessories   Travel Bag   Black,1,2449.0,Shipment,NEW DELHI,Shipment,2449.0,0.0,1,False,
2025-09-19,PNQ3-561,MP_ONEX4,B0F9X132RD,yantralay Camera Lavalier Clip on Type C Microphone for Insta 360 X4 Collar Clip Microphone  Without Need of Mic Adapter  1 5M Cable Length   Black  I,1,1461.0,Shipment,HYDERABAD,Shipment,1461.0,0.0,1,False,
2025-09-19,NAN,PS5_CC1_GREY,B0BRJMPHKL,nan,1,0.0,Cancel,MUMBAI,Cancel,0.0,0.0,0,False,
2025-09-19,BOM5-1441,GP100,B0723FF53T,yantralay 40 in 1 Action Camera Mount Kit for Hero 13 12 11 10 9 8 7 6 5 SJCAM  Osmo Action 3   4  Insta 360   More   with Selfie Monopod  Straps  Mou,1,1104.83,Shipment,BHOPAL,Shipment,1104.83,0.0,1,False,
2025-09-19,BOM5-1441,GP49,B0D456N4QM,yantralay Motorcycle Bike Bicycle Handlebar Mount Clamps with 1 4  Screw Compatible 8 35mm for Gopro Hero 13 12 11 10 9 Max Insta360 ONE X5 X4 X3  ONE,1,873.97,Shipment,BHOPAL,Shipment,873.97,0.0,1,False,
2025-09-19,IN-336,GP162KIT,B0FQ5XM6M6,Yantralay Helmet Chin Strap Mount Combo Kit with Smartphone Holder  Quick Release Buckle   Screw   Compatible with Hero 13 12 11 10  Insta360  DJ I Os,1,299.0,Shipment,PUTHUKKAD,Shipment,299.0,0.0,1,False,
2025-09-18,IN-334,TY72_TUYU,B0FQ5XLZBY,yantralay Helmet Chin Mount with Removable Quick Release   Compatible with Hero 13 12 11 10 9  Insta 360 ONE X4 X3 X2  Ace Pro Pro 2  DJI Osm o Action,1,1099.0,Shipment,TANAKPUR,Shipment,1099.0,0.0,1,False,
2025-09-19,IN-337,TY72_TUYU,B0FQ5XLZBY,yantralay Helmet Chin Mount with Removable Quick Release   Compatible with Hero 13 12 11 10 9  Insta 360 ONE X4 X3 X2  Ace Pro Pro 2  DJI Osm o Action,1,1099.0,Shipment,HOSHIARPUR,Shipment,1099.0,0.0,1,False,
2025-09-18,IN-332,GP162KIT,B0FQ5XM6M6,Yantralay Helmet Chin Strap Mount Combo Kit with Smartphone Holder  Quick Release Buckle   Screw   Compatible with Hero 13 12 11 10  Insta360  DJ I Os,1,299.0,Shipment,Silchar,Shipment,299.0,0.0,1,False,
2025-09-18,IN-327,GP162KIT,B0FQ5XM6M6,Yantralay Helmet Chin Strap Mount Combo Kit with Smartphone Holder  Quick Release Buckle   Screw   Compatible with Hero 13 12 11 10  Insta360  DJ I Os,1,299.0,Shipment,PUNE,Shipment,299.0,0.0,1,False,
2025-09-18,IN-326,GP162KIT,B0FQ5XM6M6,Yantralay Helmet Chin Strap Mount Combo Kit with Smartphone Holder  Quick Release Buckle   Screw   Compatible with Hero 13 12 11 10  Insta360  DJ I Os,1,299.0,Shipment,SHEOHAR,Shipment,299.0,0.0,1,False,
2025-09-18,IN-329,GP162KIT,B0FQ5XM6M6,Yantralay Helmet Chin Strap Mount Combo Kit with Smartphone Holder  Quick Release Buckle   Screw   Compatible with Hero 13 12 11 10  Insta360  DJ I Os,1,299.0,Shipment,SHILLONG,Shipment,299.0,0.0,1,False,
2025-09-18,IN-335,GP162KIT,B0FQ5XM6M6,Yantralay Helmet Chin Strap Mount Combo Kit with Smartphone Holder  Quick Release Buckle   Screw   Compatible with Hero 13 12 11 10  Insta360  DJ I Os,1,299.0,Shipment,Udupi,Shipment,299.0,0.0,1,False,
2025-09-18,IN-333,GP162KIT,B0FQ5XM6M6,Yantralay Helmet Chin Strap Mount Combo Kit with Smartphone Holder  Quick Release Buckle   Screw   Compatible with Hero 13 12 11 10  Insta360  DJ I Os,1,299.0,Shipment,BENGALURU,Shipment,299.0,0.0,1,False,
2025-09-18,IN-328,GP162KIT,B0FQ5XM6M6,Yantralay Helmet Chin Strap Mount Combo Kit with Smartphone Holder  Quick Release Buckle   Screw   Compatible with Hero 13 12 11 10  Insta360  DJ I Os,1,299.0,Shipment,KANPUR,Shipment,299.0,0.0,1,False,
2025-09-14,BOM7-1608,GP46-L,B0F91GCRP4,yantralay Double Clamp Mount Bracket with 1 4  Ball Head for Go Pro 13 12 11  Insta 360 X5 X4 X3 Handlebar  Motorcycle  Bicycle  Selfie Stick  Studio,1,-1795.47,Refund,MUMBAI,Refund,-1795.47,0.0,0,False,
2025-09-19,BOM7-1654,PS5_CC1_BLACK,B0BRJM4R9Q,yantralay PS 5 Carrying Case Bag for PS5 Console Gamepad  Controller  Headset  VR Play Statio n Accessories   Travel Bag   Black,1,2449.0,Shipment,KANPUR,Shipment,2449.0,0.0,1,False,
2025-09-13,BOM5-1406,ND_DJIFLIP-6_STARTRCN,B0DT1GJ13Z,ND UV CPL Filter Set for DJI Flip Accessories ND16 ND32 ND64 ND128 CPL UV Drone Lens Filters Set  Multi Coated HD Optical Glass 6 Pack,1,-3752.0,Refund,KANPUR,Refund,-3752.0,0.0,0,False,
2025-09-13,IN-298,PS10_OLED2COMBO-BLACK,B0FMYMJ5YT,yantralay Combo Kit for Nintendo Switch 2   Carrying Case  Transparent Protective Case  Tempered Glass  Card Holder  Joystick Covers  Wipes   Guide St,1,-1499.0,Refund,INDORE,Refund,-1499.0,0.0,0,False,
2025-09-19,BOM7-1656,PS5_CC1_GREY,B0BRJMPHKL,yantralay PS5 Carrying Case Bag for PS5 Console Gamepad  Controller  Headset  VR Play Station Accessories   Travel Bag   Grey,1,2326.55,Shipment,MUMBAI,Shipment,2326.55,0.0,1,False,
2025-09-19,BOM7-1655,LGONEX5,B0FKYLQ2QZ,Yantralay Accessories for Insta 360 X5   Lens Guard Set of 2   Insta 360 X5 Accessories  X5 Lens Guard,1,699.0,Shipment,THANE,Shipment,699.0,0.0,1,False,
2025-09-19,BOM7-1658,LGONEX5,B0FKYLQ2QZ,Yantralay Accessories for Insta 360 X5   Lens Guard Set of 2   Insta 360 X5 Accessories  X5 Lens Guard,1,664.05,Shipment,Kota,Shipment,664.05,0.0,1,False,
2025-09-09,BOM7-1542,ACFRAMEOP3_PL_VRIG,B0DDQ7BWNC,yantralay Phone Holder for DJI Osmo Pocket 3  Vlogging Camera Expansion Bracket  Adjustable Adapter Frame  Live Streaming Accessories,1,-1266.0,Refund,GURUGRAM,Refund,-1266.0,0.0,0,False,
2025-09-19,BOM5-1442,GP10_DJIFLIP_STARTRC,B0F83B4HX3,yantralay x Start rc Pu Material Carrying Case for DJ I Flip Fly More Combo   Waterproof Travel Bag for RC2 RC N3 Remote  Batteries  Charging Hub  65W,1,1804.05,Shipment,RAIGARH,Shipment,1804.05,0.0,1,False,
2025-09-19,BOM7-1660,LGONEX5,B0FKYLQ2QZ,Yantralay Accessories for Insta 360 X5   Lens Guard Set of 2  Insta 360 X5 Accessories  X5 Lens Guard,1,778.0,Shipment,NEW DELHI,Shipment,778.0,0.0,1,False,
2025-09-19,PNQ3-562,GP49,B0D456N4QM,yantralay Motorcycle Bike Bicycle Handlebar Mount Clamps with 1 4  Screw Compatible 8 35mm for Gopro Hero 13 12 11 10 9 Max Insta360 ONE X5 X4 X3  ONE,1,855.95,Shipment,Pune,Shipment,855.95,0.0,1,False,
2025-09-18,BOM7-1647,GP10_OM7P_STARTRC,B0F2J6Z8WT,yantralay Osmo Mobile 7P Case Portable PU Shoulder Bag for DJI OM 7 Pro 7 Gimbal Stabilizer Travel Case for DJI Osmo Mobile 7 7P,1,1299.0,Shipment,RATNAGIRI,Shipment,1299.0,0.0,1,False,
2025-09-19,BOM7-1657,PS1,B0BJBL1XBS,yantralay Polyester Dual Controller Hard Carry Case Compatible With Ps5 Ps4 Xbox Ipega Controllers   3 Layer Protection Travel Carry Case   Grey,1,859.75,Shipment,PUNE,Shipment,859.75,0.0,1,False,
2025-09-19,BOM5-1444,LGONEX5,B0FKYLQ2QZ,Yantralay Accessories for Insta 360 X5   Lens Guard Set of 2   Insta 360 X5 Accessories  X5 Lens Guard,1,699.0,Shipment,NAVI MUMBAI,Shipment,699.0,0.0,1,False,
2025-09-19,PNQ3-563,PS1,B0BJBL1XBS,yantralay Polyester Dual Controller Hard Carry Case Compatible With Ps5 Ps4 Xbox Ipega Controllers   3 Layer Protection Travel Carry Case   Grey,1,905.0,Shipment,PUNE,Shipment,905.0,0.0,1,False,
2025-09-19,BOM5-1443,GP45-M,B0F88CFJN2,yantralay Magnetic Camera Mount for Hero 13 12 11 10 9  Insta360 X5 X4 X3  Action 4 5  Osmo Pocket 3   360  Quick Release Car Holder  Heavy Duty Magn,1,1607.0,Shipment,shivpuri,Shipment,1607.0,0.0,1,False,
2025-09-20,BOM5-1446,SGONEX4-2_LGONEX4,B0F8VRR8JY,yantralay Insta 360 X4 Lens Guard   Screen Protector Combo Kit   Lens Covers   Anti Scratch  Tempered Glass Screen   Insta 360 X4 Accessories,1,1202.7,Shipment,JABALPUR,Shipment,1202.7,0.0,1,False,
2025-09-19,BOM5-1445,PS2_WHITE,B0C46XWQRT,yantralay Controller Gamepad Carry Case   Ultimate Protection Compatible for PS5 PS4 PS3 Switch Pro Xbox Joysticks Waterproof  Scratch Protection  Dur,1,549.0,Shipment,PUNE,Shipment,549.0,0.0,1,False,
2025-09-20,BOM5-1447,GP46-L_GP46-S_GP25_150CMS_TUYU,B0FCYMLQ95,yantralay Aluminium Dual Clamp Handlebar Mount Kit for Action Cameras   Invisible Selfie Stick Setup   Compatible with Insta 360 X5 X4  Go Pro 13 12 1,1,4749.05,Shipment,BENGALURU,Shipment,4749.05,0.0,1,False,
2025-09-20,BOM5-1448,TRH_TARIONN,B09XMJKR7B,TARION Polyester Backpacks Camera Backpack Hardshell Dslr Camera Bag 3 Side Hard Case Photography Backpack With Waterproof Raincover Laptop Tripod Com,1,9621.84,Shipment,Kulgam,Shipment,9621.84,0.0,1,False,
2025-09-13,BOM7-1601,GP10_OM7P_STARTRC,B0F2J6Z8WT,yantralay Osmo Mobile 7P Case Portable PU Shoulder Bag for DJI OM 7 Pro 7 Gimbal Stabilizer Travel Case for DJI Osmo Mobile 7 7P,1,-1299.0,Refund,Vijayawada,Refund,-1299.0,0.0,0,False,
2025-09-20,BOM7-1661,PS5_CC1_GREY,B0BRJMPHKL,yantralay PS5 Carrying Case Bag for PS5 Console Gamepad  Controller  Headset  VR Play Station Accessories   Travel Bag   Grey,1,2326.55,Shipment,RAJKOT,Shipment,2326.55,0.0,1,False,
2025-09-19,BOM7-1659,GP46-L,B0F91GCRP4,yantralay Double Clamp Mount Bracket with 1 4  Ball Head for Go Pro 13 12 11  Insta 360 X5 X4 X3 Handlebar  Motorcycle  Bicycle  Selfie Stick  Studio,1,1851.0,Shipment,MUMBAI,Shipment,1851.0,0.0,1,False,
2025-09-20,BOM5-1450,PS5_CC1_BLACK,B0BRJM4R9Q,yantralay PS 5 Carrying Case Bag for PS5 Console Gamepad  Controller  Headset  VR Play Statio n Accessories   Travel Bag   Black,1,2449.0,Shipment,Delhi,Shipment,2449.0,0.0,1,False,
2025-09-20,BOM5-1449,GP10_OM7P_STARTRC,B0F2J6Z8WT,yantralay Osmo Mobile 7P Case Portable PU Shoulder Bag for DJI OM 7 Pro 7 Gimbal Stabilizer Travel Case for DJI Osmo Mobile 7 7P,1,1234.05,Shipment,Puri,Shipment,1234.05,0.0,1,False,
2025-09-20,BOM7-1664,ND_MINI4PRO-6_STARTRCN,B0CJJT6WXR,STARTRC Mini 4 Pro Filters  6 Pack UV CPL ND8 ND16 ND32 ND64 Filter Compatible with DJI Mini 4 Pro Drone  Polarizer and Neutral Density Camera Lens Mu,1,4701.55,Shipment,NAGPUR,Shipment,4701.55,0.0,1,False,
2025-09-20,BOM7-1662,PS5_CC1_BLACK,B0BRJM4R9Q,yantralay PS 5 Carrying Case Bag for PS5 Console Gamepad  Controller  Headset  VR Play Statio n Accessories   Travel Bag   Black,1,2449.0,Shipment,LUCKNOW,Shipment,2449.0,0.0,1,False,
2025-09-20,IN-350,GP162KIT,B0FQ5XM6M6,Yantralay Helmet Chin Strap Mount Combo Kit with Smartphone Holder  Quick Release Buckle   Screw   Compatible with Hero 13 12 11 10  Insta360  DJ I Os,1,299.0,Shipment,MUMBAI,Shipment,299.0,0.0,1,False,
2025-09-20,BOM7-1663,GP12,B0D7BZ38X8,yantralay Aluminium Car Suction Mount 360  Rotatable for Insta 360 X5 X4 X3 X2  Ace Pro ONE R RS  Hero 13 12 11 10 9 8 7  DJI Osmo Action Series   Al,1,1226.45,Shipment,NEW DELHI,Shipment,1226.45,0.0,1,False,
2025-09-20,BOM7-1666,ND_H13_TLS,B0DWT75YDS,Yantralay ND Filter Set Compatible with GoPro Hero13 Circular Polarizing Filters with 3PCS Neutral Density for GoPro Hero 13 Accessories  CPL ND8 ND16,1,2754.05,Shipment,JAIPUR,Shipment,2754.05,0.0,1,False,
2025-09-19,BOM7-1653,PS5_CC1_BLACK,B0BRJM4R9Q,yantralay PS 5 Carrying Case Bag for PS5 Console Gamepad  Controller  Headset  VR Play Statio n Accessories   Travel Bag   Black,1,-2449.0,Refund,NEW DELHI,Refund,-2449.0,0.0,0,False,
2025-09-20,BOM5-1451,SGOLED2,B0FDQL7DFH,yantralay Tempered Glass Screen Protector for Nintendo Switch 2  2025    Ultra Thin HD Clear Film Guard with Rounded Edges for 7 9 Inch Display  1 Pac,1,499.0,Shipment,NEW DELHI,Shipment,499.0,0.0,1,False,
2025-09-19,IN-344,GP162KIT,B0FQ5XM6M6,Yantralay Helmet Chin Strap Mount Combo Kit with Smartphone Holder  Quick Release Buckle   Screw   Compatible with Hero 13 12 11 10  Insta360  DJ I Os,1,0.0,FreeReplacement,LUCKNOW,FreeReplacement,0.0,0.0,0,True,
2025-09-19,IN-348,GP162KIT,B0FQ5XM6M6,Yantralay Helmet Chin Strap Mount Combo Kit with Smartphone Holder  Quick Release Buckle   Screw   Compatible with Hero 13 12 11 10  Insta360  DJ I Os,1,299.0,Shipment,BENGALURU,Shipment,299.0,0.0,1,False,
2025-09-19,IN-339,GP162KIT,B0FQ5XM6M6,Yantralay Helmet Chin Strap Mount Combo Kit with Smartphone Holder  Quick Release Buckle   Screw   Compatible with Hero 13 12 11 10  Insta360  DJ I Os,1,299.0,Shipment,BADLAPUR EAST,Shipment,299.0,0.0,1,False,
2025-09-19,IN-340,GP162KIT,B0FQ5XM6M6,Yantralay Helmet Chin Strap Mount Combo Kit with Smartphone Holder  Quick Release Buckle   Screw   Compatible with Hero 13 12 11 10  Insta360  DJ I Os,1,299.0,Shipment,CHENNAI,Shipment,299.0,0.0,1,False,
2025-09-19,IN-341,GP162KIT,B0FQ5XM6M6,Yantralay Helmet Chin Strap Mount Combo Kit with Smartphone Holder  Quick Release Buckle   Screw   Compatible with Hero 13 12 11 10  Insta360  DJ I Os,1,299.0,Shipment,ANANTAPUR,Shipment,299.0,0.0,1,False,
2025-09-19,IN-347,TY72_TUYU,B0FQ5XLZBY,yantralay Helmet Chin Mount with Removable Quick Release   Compatible with Hero 13 12 11 10 9  Insta 360 ONE X4 X3 X2  Ace Pro Pro 2  DJI Osm o Action,1,1099.0,Shipment,Mohali,Shipment,1099.0,0.0,1,False,
2025-09-18,IN-331,GP162KIT,B0FQ5XM6M6,Yantralay Helmet Chin Strap Mount Combo Kit with Smartphone Holder  Quick Release Buckle   Screw   Compatible with Hero 13 12 11 10  Insta360  DJ I Os,1,299.0,Shipment,JOWAI,Shipment,299.0,0.0,1,False,
2025-09-19,IN-343,IN28_ONEX5,B0FLQG8YZR,Yantralay Soft Silicone Desktop Stand for Insta 360 X5   Non Slip Base Camera Holder Mount   Scratch Resistant Protective Desk Stand for Home  Studio,1,549.0,Shipment,Kota,Shipment,549.0,0.0,1,False,
2025-09-19,IN-345,GP162KIT,B0FQ5XM6M6,Yantralay Helmet Chin Strap Mount Combo Kit with Smartphone Holder  Quick Release Buckle   Screw   Compatible with Hero 13 12 11 10  Insta360  DJ I Os,1,299.0,Shipment,THOUBAL,Shipment,299.0,0.0,1,False,
2025-09-19,IN-342,GP162KIT,B0FQ5XM6M6,Yantralay Helmet Chin Strap Mount Combo Kit with Smartphone Holder  Quick Release Buckle   Screw   Compatible with Hero 13 12 11 10  Insta360  DJ I Os,1,299.0,Shipment,New Delhi,Shipment,299.0,0.0,1,False,
2025-09-14,BOM5-1410,GP10_OM7P_STARTRC,B0F2J6Z8WT,yantralay Osmo Mobile 7P Case Portable PU Shoulder Bag for DJI OM 7 Pro 7 Gimbal Stabilizer Travel Case for DJI Osmo Mobile 7 7P,1,-1299.0,Refund,KOLLAM,Refund,-1299.0,0.0,0,False,
2025-09-20,BOM7-1667,PS5_CC1_BLACK,B0BRJM4R9Q,yantralay PS 5 Carrying Case Bag for PS5 Console Gamepad  Controller  Headset  VR Play Statio n Accessories   Travel Bag   Black,1,2449.0,Shipment,Guna,Shipment,2449.0,0.0,1,False,
2025-09-20,BOM5-1452,GP10_ONEX4_STARTRC,B0DDXP86FQ,yantralay x Startr c Carrying Case for Insta 360 X4 X5  Portable PU Storage Protective Bag Travel Case for Insta 360 X4 X5 Accessories with Large Capa,1,1555.15,Shipment,Surat,Shipment,1555.15,0.0,1,False,
2025-09-20,PNQ3-564,GP12,B0D7BZ38X8,yantralay Aluminium Car Suction Mount 360  Rotatable for Insta 360 X5 X4 X3 X2  Ace Pro ONE R RS  Hero 13 12 11 10 9 8 7  DJI Osmo Action Series   Al,1,1226.45,Shipment,BENGALURU,Shipment,1226.45,0.0,1,False,
2025-09-20,BOM5-1449,GP10_OM7P_STARTRC,B0F2J6Z8WT,yantralay Osmo Mobile 7P Case Portable PU Shoulder Bag for DJI OM 7 Pro 7 Gimbal Stabilizer Travel Case for DJI Osmo Mobile 7 7P,1,-1234.05,Refund,Puri,Refund,-1234.05,0.0,0,False,
2025-09-20,IN-351,GP162KIT,B0FQ5XM6M6,nan,1,0.0,Cancel,NAVI MUMBAI,Cancel,0.0,0.0,0,False,
2025-09-20,BOM7-1668,ACCHARGERONEX5_3_AMG,B0FKYRJB8C,Yantralay Charging Case for Insta 360 X5   3 Battery Charger Hub with Intelligent Fast Charging  Automatic Pop Up Lid  Simultaneous Charging Station f,1,1499.0,Shipment,SILIGURI,Shipment,1499.0,0.0,1,False,
2025-09-20,BOM5-1454,PS10_OLEDCOMBO_YELLOW,B0DJFL8DBY,yantralay Carry Case Pouch Cover Compatible with Nintendo Switch OLED  OLED 2 with Game Card Slots for Switch Switch OLED OLED 2 Accessories  Video Ga,1,1082.05,Shipment,MUMBAI,Shipment,1082.05,0.0,1,False,
2025-09-20,BOM5-1453,GP49,B0D456N4QM,yantralay Motorcycle Bike Bicycle Handlebar Mount Clamps with 1 4  Screw Compatible 8 35mm for Gopro Hero 13 12 11 10 9 Max Insta360 ONE X5 X4 X3  ONE,1,855.95,Shipment,ahmedabad,Shipment,855.95,0.0,1,False,
2025-09-20,BOM7-1665,MP_OA5,B0F9X1YNVL,yantralay Camera Lavalier Clip on Type C Microphone for DJ I Action 3 4 Collar Clip Microphone  Without Need of Mic Adapter  1 5M Cable Length   Black,1,1461.0,Shipment,PUNE,Shipment,1461.0,0.0,1,False,
2025-09-20,BOM5-1455,PS10_PS5PORTALCOMBO,B0DF2Z2X1Q,yantralay 6 in 1 Hard Carrying Case with Protective Cover for Play Station 5 Portal  Non Slip Soft Case Cover   Screen Protectors   Thumb Grips for PS,1,2070.0,Shipment,KOLKATA,Shipment,2070.0,0.0,1,False,
2025-09-20,BOM5-1456,PS5_CC1_BLACK,B0BRJM4R9Q,yantralay PS 5 Carrying Case Bag for PS5 Console Gamepad  Controller  Headset  VR Play Statio n Accessories   Travel Bag   Black,1,2449.0,Shipment,HYDERABAD,Shipment,2449.0,0.0,1,False,
2025-09-16,IN-311,GP162KIT,B0FQ5XM6M6,Yantralay Helmet Chin Strap Mount Combo Kit with Smartphone Holder  Quick Release Buckle   Screw   Compatible with Hero 13 12 11 10  Insta360  DJ I Os,1,-299.0,Refund,CHENNAI,Refund,-299.0,0.0,0,False,
2025-09-21,BOM5-1458,GP10_RS4MINI_STARTRC,B0DZZFNDHP,yantralay Portable Carrying Storage Case for DJ I Ronin RS4Mini Gimbal EVA Handbag Travel Handheld Shoulder Bag  RS4MINI,1,2631.0,Shipment,BENGALURU,Shipment,2631.0,0.0,1,False,
2025-09-20,BOM5-1457,GP10_ONEX4_STARTRC,B0DDXP86FQ,yantralay x Startr c Carrying Case for Insta 360 X4 X5  Portable PU Storage Protective Bag Travel Case for Insta 360 X4 X5 Accessories with Large Capa,1,1555.15,Shipment,BEGUSARAI,Shipment,1555.15,0.0,1,False,
2025-09-21,BOM7-1671,GP28COMBO1_H13,B0DHYCQR66,Yantralay Silicone Lanyard Sleeve Protective Cover   6PCS Tempered Glass Screen Guard with Silicone Lens Cover Compatible with GoPro Hero 9 Black Acti,1,646.0,Shipment,BENGALURU,Shipment,646.0,0.0,1,False,
2025-09-20,BOM7-1670,GP1620_TLS,B08S7D4LKH,yantralay Upgraded Helmet Chin Strap Mount for Hero 13 12 11 10 9 8 7 6 5  SJCAM  Insta 360   DJI Osmo Action 3   4   Adjustable   Secure Camera Moun,1,1201.0,Shipment,VITA,Shipment,1201.0,0.0,1,False,
2025-09-21,BOM7-1673,PS10_PS5PORTALCOMBO,B0DF2Z2X1Q,yantralay 6 in 1 Hard Carrying Case with Protective Cover for Play Station 5 Portal  Non Slip Soft Case Cover   Screen Protectors   Thumb Grips for PS,1,2045.5,Shipment,HYDERABAD,Shipment,2045.5,0.0,1,False,
2025-09-21,BOM5-1459,GP25_TRIPOD,B0FN8K885R,Yantralay 122cm Invisible Stick   Tripod Extension Monopod for Insta360 X5 X4 X3  ONE R RS  DJI Osmo Action Series   Lightweight Extendable Camera Acc,1,1799.0,Shipment,AUT,Shipment,1799.0,0.0,1,False,
2025-09-21,IN-362,LED_F02,B0FR8R829R,nan,1,0.0,Cancel,HYDERABAD,Cancel,0.0,0.0,0,False,
2025-09-14,BOM7-1614,ND_AVATA2_STARTRC,B0DX7CQYH1,Yantralay x Start rc 4 Pack ND8 ND16 ND32 ND64 Filter Compatible with DJI Avata 2  Neutral Density Camera Lens ND Filter,1,-3314.0,Refund,Panjim,Refund,-3314.0,0.0,0,False,
2025-09-21,BOM7-1674,GP1620_TLS,B08S7D4LKH,yantralay Upgraded Helmet Chin Strap Mount for Hero 13 12 11 10 9 8 7 6 5  SJCAM  Insta 360   DJI Osmo Action 3   4   Adjustable   Secure Camera Moun,1,1140.95,Shipment,Ranchi,Shipment,1140.95,0.0,1,False,
2025-09-21,BOM5-1460,PS5_CC1_BLACK,B0BRJM4R9Q,yantralay PS 5 Carrying Case Bag for PS5 Console Gamepad  Controller  Headset  VR Play Statio n Accessories   Travel Bag   Black,1,2449.0,Shipment,BENGALURU,Shipment,2449.0,0.0,1,False,
2025-09-21,BOM5-1461,GP10_OM7P_STARTRC,B0F2J6Z8WT,yantralay Osmo Mobile 7P Case Portable PU Shoulder Bag for DJI OM 7 Pro 7 Gimbal Stabilizer Travel Case for DJI Osmo Mobile 7 7P,1,1234.05,Shipment,BENGALURU,Shipment,1234.05,0.0,1,False,
2025-09-20,BOM7-1669,GP45-M,B0F88CFJN2,yantralay Magnetic Camera Mount for Hero 13 12 11 10 9  Insta360 X5 X4 X3  Action 4 5  Osmo Pocket 3   360  Quick Release Car Holder  Heavy Duty Magn,1,1607.0,Shipment,MUMBAI,Shipment,1607.0,0.0,1,False,
2025-09-21,BOM7-1676,LGONEX5,B0FKYLQ2QZ,Yantralay Accessories for Insta 360 X5   Lens Guard Set of 2  Insta 360 X5 Accessories  X5 Lens Guard,1,699.0,Shipment,NEW DELHI,Shipment,699.0,0.0,1,False,
2025-09-21,BOM7-1678,PS5SLIM_CC1_GREY,B0DDQFP6NL,yantralay Carrying case for PS 5 Slim Console Gamepad Controller Headphone VR Travel Bag  Playstatio n 5 Slim Accessories   Grey,1,2299.0,Shipment,MUMBAI,Shipment,2299.0,0.0,1,False,
2025-09-21,BOM5-1462,PS5_CC1_BLACK,B0BRJM4R9Q,yantralay PS 5 Carrying Case Bag for PS5 Console Gamepad  Controller  Headset  VR Play Statio n Accessories   Travel Bag   Black,1,2449.0,Shipment,MUMBAI,Shipment,2449.0,0.0,1,False,
2025-09-21,BOM5-1463,PS5_CC1_BLACK,B0BRJM4R9Q,yantralay PS 5 Carrying Case Bag for PS5 Console Gamepad  Controller  Headset  VR Play Statio n Accessories   Travel Bag   Black,1,2449.0,Shipment,PUNE,Shipment,2449.0,0.0,1,False,
2025-09-21,BOM5-1464,PS5_CC1_BLACK,B0BRJM4R9Q,yantralay PS 5 Carrying Case Bag for PS5 Console Gamepad  Controller  Headset  VR Play Statio n Accessories   Travel Bag   Black,1,2326.55,Shipment,PUNE,Shipment,2326.55,0.0,1,False,
2025-09-21,BOM7-1679,ACFRAMEOP3_PL_VRIG,B0DDQ7BWNC,yantralay Phone Holder for DJI Osmo Pocket 3  Vlogging Camera Expansion Bracket  Adjustable Adapter Frame  Live Streaming Accessories,1,1266.0,Shipment,KESABPUR,Shipment,1266.0,0.0,1,False,
2025-09-21,BOM5-1465,PS5_CC1_GREY,B0BRJMPHKL,yantralay PS5 Carrying Case Bag for PS5 Console Gamepad  Controller  Headset  VR Play Station Accessories   Travel Bag   Grey,1,2449.0,Shipment,PALI,Shipment,2449.0,0.0,1,False,
2025-09-22,BOM7-1680,PS2_BLACK,B0BL1CYSW6,yantralay Nylon Controller Gamepad Carry Case   Ultimate Protection Compatible for PS5 PS4 PS3 Switch Pro Xbox Joysticks Waterproof  Scratch Protectio,1,479.0,Shipment,Pune,Shipment,479.0,0.0,1,False,
2025-09-22,BOM5-1466,PS5_CC1_BLACK,B0BRJM4R9Q,yantralay PS 5 Carrying Case Bag for PS5 Console Gamepad  Controller  Headset  VR Play Statio n Accessories   Travel Bag   Black,1,2326.55,Shipment,VARAMBALLI,Shipment,2326.55,0.0,1,False,
2025-09-22,IN-377,GP162KIT,B0FQ5XM6M6,nan,1,0.0,Cancel,Bengaluru,Cancel,0.0,0.0,0,False,
2025-09-22,PNQ3-566,ACFRAMEONEX4_AL,B0DZPHHK7F,nan,1,0.0,Cancel,AUNDH  PUNE,Cancel,0.0,0.0,0,False,
2025-09-22,BOM5-1470,PS10_PS5PORTALCOMBO,B0DF2Z2X1Q,nan,1,0.0,Cancel,PUNE,Cancel,0.0,0.0,0,False,
2025-09-22,BOM7-1683,ACFRAMEOP3_PL_VRIG,B0DDQ7BWNC,yantralay Phone Holder for DJI Osmo Pocket 3  Vlogging Camera Expansion Bracket  Adjustable Adapter Frame  Live Streaming Accessories,1,1110.55,Shipment,MUMBAI,Shipment,1110.55,0.0,1,False,
2025-09-22,PNQ3-565,GP49,B0D456N4QM,yantralay Motorcycle Bike Bicycle Handlebar Mount Clamps with 1 4  Screw Compatible 8 35mm for Gopro Hero 13 12 11 10 9 Max Insta360 ONE X5 X4 X3  ONE,1,855.95,Shipment,MUMBAI,Shipment,855.95,0.0,1,False,
2025-09-22,BOM7-1681,GP25_TRIPOD,B0FN8K885R,Yantralay 122cm Invisible Stick   Tripod Extension Monopod for Insta360 X5 X4 X3  ONE R RS  DJI Osmo Action Series   Lightweight Extendable Camera Acc,1,1538.05,Shipment,AURANGABAD,Shipment,1538.05,0.0,1,False,
2025-09-22,BOM5-1467,PS5_CC1_BLACK,B0BRJM4R9Q,yantralay PS 5 Carrying Case Bag for PS5 Console Gamepad  Controller  Headset  VR Play Statio n Accessories   Travel Bag   Black,1,2326.55,Shipment,TIRUVANNAMALAI,Shipment,2326.55,0.0,1,False,
2025-09-22,BOM7-1686,LGONEX4,B0F7RT4HGJ,yantralay 2Pcs Lens Guard for Insta 360 X4 Camera Lens Protector Scratch Resistant Protective Lens Cover High Transparency Optical Coated Cap Insta 36,1,799.0,Shipment,BENGALURU,Shipment,799.0,0.0,1,False,
2025-09-22,BOM7-1685,LGOA360,B0FP9LYYWR,yantralay Lens Guard for DJI Osmo 360 Camera   Waterproof Dustproof Snap On Lens Protective Cover  Easy Installation  Osm o Action 360 Accessories,1,1110.55,Shipment,Vazhakkala,Shipment,1110.55,0.0,1,False,
2025-09-22,BOM5-1472,PS5_CC1_BLACK,B0BRJM4R9Q,yantralay PS 5 Carrying Case Bag for PS5 Console Gamepad  Controller  Headset  VR Play Statio n Accessories   Travel Bag   Black,1,2449.0,Shipment,HYDERABAD,Shipment,2449.0,0.0,1,False,
2025-09-22,BOM5-1471,PS5_CC1_BLACK,B0BRJM4R9Q,yantralay PS 5 Carrying Case Bag for PS5 Console Gamepad  Controller  Headset  VR Play Statio n Accessories   Travel Bag   Black,1,2326.55,Shipment,GHAZIABAD,Shipment,2326.55,0.0,1,False,
2025-09-22,BOM5-1468,PS5_CC1_BLACK,B0BRJM4R9Q,yantralay PS 5 Carrying Case Bag for PS5 Console Gamepad  Controller  Headset  VR Play Statio n Accessories   Travel Bag   Black,1,2326.55,Shipment,Navi Mumbai,Shipment,2326.55,0.0,1,False,
2025-09-19,PNQ3-561,MP_ONEX4,B0F9X132RD,yantralay Camera Lavalier Clip on Type C Microphone for Insta 360 X4 Collar Clip Microphone  Without Need of Mic Adapter  1 5M Cable Length   Black  I,1,-1461.0,Refund,HYDERABAD,Refund,-1461.0,0.0,0,False,
2025-09-22,BOM7-1684,SHOTGRIP_TLSN,B0F66YYCTQ,Magnetic Phone Camera Grip  Smartphone Shooting Holder Selfie Handle Snap with Wireless Shutter Button Remote for iPhone 16 15 14 13 12 Pro Max Androi,1,2326.55,Shipment,Nashik,Shipment,2326.55,0.0,1,False,
2025-09-22,BOM7-1688,PS_CDRACK-RED,B0DWXZPTZV,yantralay Game Storage Tower for PS5 Xbox Series   Holds 18 Game Discs with 4 Controller Holders   Gaming Desk Organizer   Stand  Red,1,1709.05,Shipment,BENGALURU,Shipment,1709.05,0.0,1,False,
2025-09-22,NAN,GP162KIT,B0FQ5XM6M6,nan,1,0.0,Cancel,PURULIYA,Cancel,0.0,0.0,0,False,
2025-09-22,PNQ3-568,SGOLED2,B0FDQL7DFH,yantralay Tempered Glass Screen Protector for Nintendo Switch 2  2025    Ultra Thin HD Clear Film Guard with Rounded Edges for 7 9 Inch Display  1 Pac,1,474.05,Shipment,BENGALURU,Shipment,474.05,0.0,1,False,
2025-09-22,BOM7-1682,GP43_OA360,B0FP9QB6HY,Yantralay Protective Hard Shell Storage Pouch for D J I Osm o Action 360 Camera  Osm o Action 360 Accessories,1,449.0,Shipment,MUMBAI,Shipment,449.0,0.0,1,False,
2025-09-21,IN-366,GP162KIT,B0FQ5XM6M6,Yantralay Helmet Chin Strap Mount Combo Kit with Smartphone Holder  Quick Release Buckle   Screw   Compatible with Hero 13 12 11 10  Insta360  DJ I Os,1,299.0,Shipment,BENGALURU,Shipment,299.0,0.0,1,False,
2025-09-19,IN-346,GP162KIT,B0FQ5XM6M6,Yantralay Helmet Chin Strap Mount Combo Kit with Smartphone Holder  Quick Release Buckle   Screw   Compatible with Hero 13 12 11 10  Insta360  DJ I Os,1,299.0,Shipment,BASTI,Shipment,299.0,0.0,1,False,
2025-09-21,IN-359,GP162KIT,B0FQ5XM6M6,Yantralay Helmet Chin Strap Mount Combo Kit with Smartphone Holder  Quick Release Buckle   Screw   Compatible with Hero 13 12 11 10  Insta360  DJ I Os,1,299.0,Shipment,ALMORA,Shipment,299.0,0.0,1,False,
2025-09-20,IN-356,GP162KIT,B0FQ5XM6M6,Yantralay Helmet Chin Strap Mount Combo Kit with Smartphone Holder  Quick Release Buckle   Screw   Compatible with Hero 13 12 11 10  Insta360  DJ I Os,1,299.0,Shipment,JODHPUR,Shipment,299.0,0.0,1,False,
2025-09-20,IN-352,GP52,B0FPXJH4ZL,Yantralay Smart Remote Control for Insta 360 Cameras   Wireless Accessory for Easy Shooting  Recording  and Mode Switching   Action Camera Remote Cont,1,2199.0,Shipment,MYSURU,Shipment,2199.0,0.0,1,False,
2025-09-21,IN-374,GP162KIT,B0FQ5XM6M6,Yantralay Helmet Chin Strap Mount Combo Kit with Smartphone Holder  Quick Release Buckle   Screw   Compatible with Hero 13 12 11 10  Insta360  DJ I Os,1,299.0,Shipment,BARASAT,Shipment,299.0,0.0,1,False,
2025-09-21,IN-372,IN28_ONEX5,B0FLQG8YZR,Yantralay Soft Silicone Desktop Stand for Insta 360 X5   Non Slip Base Camera Holder Mount   Scratch Resistant Protective Desk Stand for Home  Studio,1,549.0,Shipment,HYDERABAD,Shipment,549.0,0.0,1,False,
2025-09-21,IN-370,GP162KIT,B0FQ5XM6M6,Yantralay Helmet Chin Strap Mount Combo Kit with Smartphone Holder  Quick Release Buckle   Screw   Compatible with Hero 13 12 11 10  Insta360  DJ I Os,1,299.0,Shipment,SOLAPUR,Shipment,299.0,0.0,1,False,
2025-09-22,IN-375,ACFRAMEONEX4_HZ_AL,B0DZZ6M6F2,yantralay Horizontal Vertical Mount Bracket for Insta360 ONE X4   90  Aluminum Vertical Frame Adapter  Durable   Lightweight Insta360 X4 Accessory fo,1,1699.0,Shipment,PUNE,Shipment,1699.0,0.0,1,False,
2025-09-20,IN-354,GP162KIT,B0FQ5XM6M6,Yantralay Helmet Chin Strap Mount Combo Kit with Smartphone Holder  Quick Release Buckle   Screw   Compatible with Hero 13 12 11 10  Insta360  DJ I Os,1,299.0,Shipment,RANGPO,Shipment,299.0,0.0,1,False,
2025-09-16,IN-319,GP162KIT,B0FQ5XM6M6,Yantralay Helmet Chin Strap Mount Combo Kit with Smartphone Holder  Quick Release Buckle   Screw   Compatible with Hero 13 12 11 10  Insta360  DJ I Os,1,299.0,Shipment,IMPHAL,Shipment,299.0,0.0,1,False,
2025-09-20,IN-355,LED_F02,B0FR8R829R,Yantralay Portable Mini Camera Flash Light  Rechargeable Speedlite with Built in Battery  6500K High CRI 96  External Flash for DSLR Cameras,1,1499.0,Shipment,BADLAPUR,Shipment,1499.0,0.0,1,False,
2025-09-22,IN-377,GP162KIT,B0FQ5XM6M6,Yantralay Helmet Chin Strap Mount Combo Kit with Smartphone Holder  Quick Release Buckle   Screw   Compatible with Hero 13 12 11 10  Insta360  DJ I Os,1,299.0,Shipment,Bengaluru,Shipment,299.0,0.0,1,False,
2025-09-21,IN-364,LED_F02,B0FR8R829R,Yantralay Portable Mini Camera Flash Light  Rechargeable Speedlite with Built in Battery  6500K High CRI 96  External Flash for DSLR Cameras,1,1499.0,Shipment,HAMIRPUR,Shipment,1499.0,0.0,1,False,
2025-09-21,IN-363,GP162KIT,B0FQ5XM6M6,Yantralay Helmet Chin Strap Mount Combo Kit with Smartphone Holder  Quick Release Buckle   Screw   Compatible with Hero 13 12 11 10  Insta360  DJ I Os,1,299.0,Shipment,SANGLI MIRAJ KUPWAD,Shipment,299.0,0.0,1,False,
2025-09-21,IN-373,PS10_OLED2COMBO-BLACK,B0FMYMJ5YT,yantralay Combo Kit for Nintendo Switch 2   Carrying Case  Transparent Protective Case  Tempered Glass  Card Holder  Joystick Covers  Wipes   Guide St,1,1499.0,Shipment,NAVELIM,Shipment,1499.0,0.0,1,False,
2025-09-21,IN-360,GP162KIT,B0FQ5XM6M6,Yantralay Helmet Chin Strap Mount Combo Kit with Smartphone Holder  Quick Release Buckle   Screw   Compatible with Hero 13 12 11 10  Insta360  DJ I Os,1,299.0,Shipment,ANKLESHWAR,Shipment,299.0,0.0,1,False,
2025-09-20,IN-349,GP162KIT,B0FQ5XM6M6,Yantralay Helmet Chin Strap Mount Combo Kit with Smartphone Holder  Quick Release Buckle   Screw   Compatible with Hero 13 12 11 10  Insta360  DJ I Os,1,299.0,Shipment,AGRA,Shipment,299.0,0.0,1,False,
2025-09-21,IN-358,GP162KIT,B0FQ5XM6M6,Yantralay Helmet Chin Strap Mount Combo Kit with Smartphone Holder  Quick Release Buckle   Screw   Compatible with Hero 13 12 11 10  Insta360  DJ I Os,1,299.0,Shipment,MANDSAUR,Shipment,299.0,0.0,1,False,
2025-09-21,IN-369,GP28_ONEX5,B0FQBHNHVD,Yantralay Soft Silicone Camera Case Body Cover with Lens Cap for Insta 360  ONE X5   Shockproof  Anti Scratch  Precise Fit Protective Case for X5 Act,1,599.0,Shipment,THANE,Shipment,599.0,0.0,1,False,
2025-09-21,IN-367,GP162KIT,B0FQ5XM6M6,Yantralay Helmet Chin Strap Mount Combo Kit with Smartphone Holder  Quick Release Buckle   Screw   Compatible with Hero 13 12 11 10  Insta360  DJ I Os,1,299.0,Shipment,KARARI CHANDPUR,Shipment,299.0,0.0,1,False,
2025-09-22,BOM7-1687,PS5_CC1_GREY,B0BRJMPHKL,yantralay PS5 Carrying Case Bag for PS5 Console Gamepad  Controller  Headset  VR Play Station Accessories   Travel Bag   Grey,1,2326.55,Shipment,THANJAVUR,Shipment,2326.55,0.0,1,False,
2025-09-21,IN-365,GP162KIT,B0FQ5XM6M6,Yantralay Helmet Chin Strap Mount Combo Kit with Smartphone Holder  Quick Release Buckle   Screw   Compatible with Hero 13 12 11 10  Insta360  DJ I Os,1,299.0,Shipment,Guntur,Shipment,299.0,0.0,1,False,
2025-09-22,PNQ3-567,ACFRAMEONEX4_AL,B0DZPHHK7F,Yantralay Multifunction Utility Frame Compatible for Insta360 X4  Metal Protective Case for Insta360 X4 Accessories  Upgraded Quick Release Aluminium,1,3609.05,Shipment,AUNDH  PUNE,Shipment,3609.05,0.0,1,False,
2025-09-21,IN-368,GP52,B0FPXJH4ZL,Yantralay Smart Remote Control for Insta 360 Cameras   Wireless Accessory for Easy Shooting  Recording  and Mode Switching   Action Camera Remote Cont,1,2199.0,Shipment,THANE,Shipment,2199.0,0.0,1,False,
2025-09-22,IN-376,GP162KIT,B0FQ5XM6M6,Yantralay Helmet Chin Strap Mount Combo Kit with Smartphone Holder  Quick Release Buckle   Screw   Compatible with Hero 13 12 11 10  Insta360  DJ I Os,1,299.0,Shipment,BENGALURU,Shipment,299.0,0.0,1,False,
2025-09-20,IN-353,GP162KIT,B0FQ5XM6M6,Yantralay Helmet Chin Strap Mount Combo Kit with Smartphone Holder  Quick Release Buckle   Screw   Compatible with Hero 13 12 11 10  Insta360  DJ I Os,1,299.0,Shipment,Sayan,Shipment,299.0,0.0,1,False,
2025-09-21,IN-362,LED_F02,B0FR8R829R,Yantralay Portable Mini Camera Flash Light  Rechargeable Speedlite with Built in Battery  6500K High CRI 96  External Flash for DSLR Cameras,1,1499.0,Shipment,HYDERABAD,Shipment,1499.0,0.0,1,False,
2025-09-21,IN-361,GP162KIT,B0FQ5XM6M6,Yantralay Helmet Chin Strap Mount Combo Kit with Smartphone Holder  Quick Release Buckle   Screw   Compatible with Hero 13 12 11 10  Insta360  DJ I Os,1,299.0,Shipment,BHIWADI,Shipment,299.0,0.0,1,False,
2025-09-21,IN-371,GP162KIT,B0FQ5XM6M6,Yantralay Helmet Chin Strap Mount Combo Kit with Smartphone Holder  Quick Release Buckle   Screw   Compatible with Hero 13 12 11 10  Insta360  DJ I Os,1,299.0,Shipment,NEW DELHI,Shipment,299.0,0.0,1,False,
2025-09-21,IN-357,GP162KIT,B0FQ5XM6M6,Yantralay Helmet Chin Strap Mount Combo Kit with Smartphone Holder  Quick Release Buckle   Screw   Compatible with Hero 13 12 11 10  Insta360  DJ I Os,1,299.0,Shipment,NEW DELHI,Shipment,299.0,0.0,1,False,
2025-09-22,BOM5-1473,INONEX4_COMBO1,B0DX1SWJXZ,yantralay Lens Guard for Insta360 X4   Tempered Glass   Scratch Resistant Protective Lens Cover   Insta360 X4 Camera Accessories   ONEX4 Combo Kit,1,1851.55,Shipment,PORVORIM,Shipment,1851.55,0.0,1,False,
2025-09-22,NAN,GP43_OA360,B0FP9QB6HY,nan,1,0.0,Cancel,MUMBAI,Cancel,0.0,0.0,0,False,
2025-09-22,NAN,LGOA360,B0FP9LYYWR,nan,1,0.0,Cancel,MUMBAI,Cancel,0.0,0.0,0,False,
2025-09-22,BOM5-1469,GP47-L_TLSNK,B0BBVGXFZ2,Camera Bike Mount Motorcycle Handlebar Clamp Holder for GoPro Insta360 Accessories  TELESIN 360    Rotating Bicycle Cycling Attachment Accessory for,1,1756.55,Shipment,NAVI MUMBAI,Shipment,1756.55,0.0,1,False,
2025-09-13,BOM7-1587,GP10_OM7P_STARTRC,B0F2J6Z8WT,yantralay Osmo Mobile 7P Case Portable PU Shoulder Bag for DJI OM 7 Pro 7 Gimbal Stabilizer Travel Case for DJI Osmo Mobile 7 7P,1,-1299.0,Refund,KHAJURAHO,Refund,-1299.0,0.0,0,False,
2025-09-22,IN-393,GP162KIT,B0FQ5XM6M6,nan,1,0.0,Cancel,THANE,Cancel,0.0,0.0,0,False,
2025-09-22,BOM5-1470,PS10_PS5PORTALCOMBO,B0DF2Z2X1Q,yantralay 6 in 1 Hard Carrying Case with Protective Cover for Play Station 5 Portal  Non Slip Soft Case Cover   Screen Protectors   Thumb Grips for PS,1,1966.0,Shipment,PUNE,Shipment,1966.0,0.0,1,False,
2025-09-22,BOM7-1690,ACCASEYTG9,B08NF6HMG6,nan,1,0.0,Cancel,Pune,Cancel,0.0,0.0,0,False,
2025-09-20,BOM5-1456,PS5_CC1_BLACK,B0BRJM4R9Q,yantralay PS 5 Carrying Case Bag for PS5 Console Gamepad  Controller  Headset  VR Play Statio n Accessories   Travel Bag   Black,1,-2449.0,Refund,HYDERABAD,Refund,-2449.0,0.0,0,False,
2025-09-22,PNQ3-569,GP12,B0D7BZ38X8,yantralay Aluminium Car Suction Mount 360  Rotatable for Insta 360 X5 X4 X3 X2  Ace Pro ONE R RS  Hero 13 12 11 10 9 8 7  DJI Osmo Action Series   Al,1,1262.0,Shipment,PIMPRI CHINCHWAD,Shipment,1262.0,0.0,1,False,
2025-09-22,NAN,GP1630,B0FQ5YBHD5,nan,1,0.0,Cancel,RAYAGADA RAYAGADA DISTRICT,Cancel,0.0,0.0,0,False,
2025-09-22,BOM7-1691,ACCHARGERGP5_3,B08LYVPLR9,Yantralay 3 Channel AHDBT 501 Battery Charger for Hero 5 6 7   8 Black Action Camera   USB Cable Included   Fast Charging Dock,1,781.85,Shipment,THANE,Shipment,781.85,0.0,1,False,
2025-09-22,BOM7-1692,GP43_OA360,B0FP9QB6HY,Yantralay Protective Hard Shell Storage Pouch for D J I Osm o Action 360 Camera  Osm o Action 360 Accessories,1,435.53,Shipment,MUMBAI,Shipment,435.53,0.0,1,False,
2025-09-22,BOM7-1692,LGOA360,B0FP9LYYWR,yantralay Lens Guard for DJI Osmo 360 Camera   Waterproof Dustproof Snap On Lens Protective Cover  Easy Installation  Osm o Action 360 Accessories,1,1133.93,Shipment,MUMBAI,Shipment,1133.93,0.0,1,False,
2025-09-22,BOM7-1693,LGONEX5,B0FKYLQ2QZ,Yantralay Accessories for Insta 360 X5   Lens Guard Set of 2  Insta 360 X5 Accessories  X5 Lens Guard,1,699.0,Shipment,PUNE,Shipment,699.0,0.0,1,False,
2025-09-22,BOM7-1696,ACCHARGERONEX5_3_AMG,B0FKYRJB8C,Yantralay Charging Case for Insta 360 X5   3 Battery Charger Hub with Intelligent Fast Charging  Automatic Pop Up Lid  Simultaneous Charging Station f,1,1424.05,Shipment,Dombivli east,Shipment,1424.05,0.0,1,False,
2025-09-22,BOM7-1694,PS1,B0BJBL1XBS,yantralay Polyester Dual Controller Hard Carry Case Compatible With Ps5 Ps4 Xbox Ipega Controllers   3 Layer Protection Travel Carry Case   Grey,1,805.6,Shipment,KALYAN,Shipment,805.6,0.0,1,False,
2025-09-22,BOM5-1477,PS2_YELLOW,B0BL1HQ3C4,yantralay Controller Gamepad Carry Case   Ultimate Protection Compatible for PS5 PS4 PS3 Switch Pro Xbox Joysticks Waterproof  Scratch Protection  Dur,1,474.05,Shipment,MUMBAI,Shipment,474.05,0.0,1,False,
2025-09-22,BOM7-1695,GP47-L_TLSNK,B0BBVGXFZ2,Camera Bike Mount Motorcycle Handlebar Clamp Holder for GoPro Insta360 Accessories  TELESIN 360    Rotating Bicycle Cycling Attachment Accessory for,1,1849.0,Shipment,AMLA,Shipment,1849.0,0.0,1,False,
2025-09-22,PNQ3-570,GP12,B0D7BZ38X8,yantralay Aluminium Car Suction Mount 360  Rotatable for Insta 360 X5 X4 X3 X2  Ace Pro ONE R RS  Hero 13 12 11 10 9 8 7  DJI Osmo Action Series   Al,1,1198.9,Shipment,YAMUNANAGAR,Shipment,1198.9,0.0,1,False,
2025-09-23,IN-405,ACFRAMEOA360_AL,B0FP9RC1HB,nan,1,0.0,Cancel,CHENNAI,Cancel,0.0,0.0,0,False,
2025-09-23,BOM7-1697,LGOA360,B0FP9LYYWR,yantralay Lens Guard for DJI Osmo 360 Camera   Waterproof Dustproof Snap On Lens Protective Cover  Easy Installation  Osm o Action 360 Accessories,1,1087.17,Shipment,AHMEDABAD,Shipment,1087.17,0.0,1,False,
2025-09-23,BOM7-1698,ACCHARGERONEX5_3_AMG,B0FKYRJB8C,Yantralay Charging Case for Insta 360 X5   3 Battery Charger Hub with Intelligent Fast Charging  Automatic Pop Up Lid  Simultaneous Charging Station f,1,1499.0,Shipment,kolkata,Shipment,1499.0,0.0,1,False,
2025-09-16,BOM7-1623,GP10_OM7P_STARTRC,B0F2J6Z8WT,yantralay Osmo Mobile 7P Case Portable PU Shoulder Bag for DJI OM 7 Pro 7 Gimbal Stabilizer Travel Case for DJI Osmo Mobile 7 7P,1,-1299.0,Refund,MAKTHAL,Refund,-1299.0,0.0,0,False,
2025-09-23,IN-408,GP1630,B0FQ5YBHD5,nan,1,0.0,Cancel,Ahmedabad,Cancel,0.0,0.0,0,False,
2025-09-23,NAN,GP162KIT,B0FQ5XM6M6,nan,1,0.0,Cancel,BAGALKOT,Cancel,0.0,0.0,0,False,
2025-09-22,IN-401,GP162KIT,B0FQ5XM6M6,Yantralay Helmet Chin Strap Mount Combo Kit with Smartphone Holder  Quick Release Buckle   Screw   Compatible with Hero 13 12 11 10  Insta360  DJ I Os,1,299.0,Shipment,Mumbai,Shipment,299.0,0.0,1,False,
2025-09-23,BOM5-1481,GP28COMBO1_H13,B0DHYCQR66,Yantralay Silicone Lanyard Sleeve Protective Cover   6PCS Tempered Glass Screen Guard with Silicone Lens Cover Compatible with GoPro Hero 9 Black Acti,1,699.0,Shipment,KALYAN,Shipment,699.0,0.0,1,False,
2025-09-23,BOM7-1699,GP28COMBO_X3N,B0BY8178B6,PellKing Camera Protective Accessories Kit for Insta360 X3  Inst 360 X3 Bundle Include Lens Guard Silicone Protective Cover Screen Protectors Camera C,1,1149.0,Shipment,NAGPUR,Shipment,1149.0,0.0,1,False,
2025-09-23,NAN,GP162KIT,B0FQ5XM6M6,nan,1,0.0,Cancel,Secunderabad,Cancel,0.0,0.0,0,False,
2025-09-23,BOM5-1483,GP10_OM7P_STARTRC,B0F2J6Z8WT,yantralay Osmo Mobile 7P Case Portable PU Shoulder Bag for DJI OM 7 Pro 7 Gimbal Stabilizer Travel Case for DJI Osmo Mobile 7 7P,1,1299.0,Shipment,MALEGAON,Shipment,1299.0,0.0,1,False,
2025-09-23,BOM7-1706,GP12,B0D7BZ38X8,yantralay Aluminium Car Suction Mount 360  Rotatable for Insta 360 X5 X4 X3 X2  Ace Pro ONE R RS  Hero 13 12 11 10 9 8 7  DJI Osmo Action Series   Al,1,1198.9,Shipment,NEW DELHI,Shipment,1198.9,0.0,1,False,
2025-09-23,BOM7-1710,GP12,B0D7BZ38X8,yantralay Aluminium Car Suction Mount 360  Rotatable for Insta 360 X5 X4 X3 X2  Ace Pro ONE R RS  Hero 13 12 11 10 9 8 7  DJI Osmo Action Series   Al,1,1262.0,Shipment,MATHURA,Shipment,1262.0,0.0,1,False,
2025-09-23,NAN,GP49,B0D456N4QM,nan,1,0.0,Cancel,Thane,Cancel,0.0,0.0,0,False,
2025-09-23,BOM7-1703,ACFRAMEONEX5_AL,B0FJG46XCP,Yantralay Accessories for Insta 360 X5   Aluminum Frame Mount  Insta 360 X5 Accessories  X5 Aluminium Frame,1,3675.55,Shipment,ALIBAG,Shipment,3675.55,0.0,1,False,
2025-09-22,IN-394,SGOA360,B0FP9MWY9J,yantralay Screen Guard for DJI Osm o Action 360   HD Tempered Glass  Anti Scratch  Waterproof Film   Clear Protection for Action Camera Screen,1,371.07,Shipment,AHMEDABAD,Shipment,371.07,0.0,1,False,
2025-09-22,IN-386,GP162KIT,B0FQ5XM6M6,Yantralay Helmet Chin Strap Mount Combo Kit with Smartphone Holder  Quick Release Buckle   Screw   Compatible with Hero 13 12 11 10  Insta360  DJ I Os,1,299.0,Shipment,Ghaziabad,Shipment,299.0,0.0,1,False,
2025-09-22,IN-392,SGOA360,B0FP9MWY9J,yantralay Screen Guard for DJI Osm o Action 360   HD Tempered Glass  Anti Scratch  Waterproof Film   Clear Protection for Action Camera Screen,1,399.0,Shipment,Alappuzha,Shipment,399.0,0.0,1,False,
2025-09-22,IN-391,GP162KIT,B0FQ5XM6M6,Yantralay Helmet Chin Strap Mount Combo Kit with Smartphone Holder  Quick Release Buckle   Screw   Compatible with Hero 13 12 11 10  Insta360  DJ I Os,1,299.0,Shipment,BILASPUR,Shipment,299.0,0.0,1,False,
2025-09-22,IN-384,GP1630,B0FQ5YBHD5,yantralay Motorcycle Helmet Chin Mount   Stable Adhesive Strap Holder for Hero 13 12 11 10 9  Insta 360 ONE X4 X3 X2  Ace Pro Pro 2  DJ I Osm o Action,1,1099.0,Shipment,HYDERABAD,Shipment,1099.0,0.0,1,False,
2025-09-22,IN-398,SGOA360,B0FP9MWY9J,yantralay Screen Guard for DJI Osm o Action 360   HD Tempered Glass  Anti Scratch  Waterproof Film   Clear Protection for Action Camera Screen,1,399.0,Shipment,Pune,Shipment,399.0,0.0,1,False,
2025-09-22,IN-396,INONEX5_COMBO1,B0FRSFPDVD,Yantralay Insta 360 ONE X5 Accessories Combo   Lens Guard  Silicone Lens Cap  Tempered Glass Screen Protector   Shockproof Camera Pouch Protective Kit,1,1999.0,Shipment,PUNE,Shipment,1999.0,0.0,1,False,
2025-09-23,IN-404,GP162KIT,B0FQ5XM6M6,Yantralay Helmet Chin Strap Mount Combo Kit with Smartphone Holder  Quick Release Buckle   Screw   Compatible with Hero 13 12 11 10  Insta360  DJ I Os,1,299.0,Shipment,NEW DELHI,Shipment,299.0,0.0,1,False,
2025-09-22,IN-383,GP162KIT,B0FQ5XM6M6,Yantralay Helmet Chin Strap Mount Combo Kit with Smartphone Holder  Quick Release Buckle   Screw   Compatible with Hero 13 12 11 10  Insta360  DJ I Os,1,299.0,Shipment,PURULIYA,Shipment,299.0,0.0,1,False,
2025-09-22,IN-378,GP162KIT,B0FQ5XM6M6,Yantralay Helmet Chin Strap Mount Combo Kit with Smartphone Holder  Quick Release Buckle   Screw   Compatible with Hero 13 12 11 10  Insta360  DJ I Os,1,299.0,Shipment,BENGALURU,Shipment,299.0,0.0,1,False,
2025-09-22,IN-382,GP162KIT,B0FQ5XM6M6,Yantralay Helmet Chin Strap Mount Combo Kit with Smartphone Holder  Quick Release Buckle   Screw   Compatible with Hero 13 12 11 10  Insta360  DJ I Os,1,299.0,Shipment,BENGALURU,Shipment,299.0,0.0,1,False,
2025-09-22,IN-380,GP162KIT,B0FQ5XM6M6,Yantralay Helmet Chin Strap Mount Combo Kit with Smartphone Holder  Quick Release Buckle   Screw   Compatible with Hero 13 12 11 10  Insta360  DJ I Os,1,299.0,Shipment,PALWAL,Shipment,299.0,0.0,1,False,
2025-09-22,IN-379,GP162KIT,B0FQ5XM6M6,Yantralay Helmet Chin Strap Mount Combo Kit with Smartphone Holder  Quick Release Buckle   Screw   Compatible with Hero 13 12 11 10  Insta360  DJ I Os,1,299.0,Shipment,JEHANABAD,Shipment,299.0,0.0,1,False,
2025-09-22,IN-388,GP162KIT,B0FQ5XM6M6,Yantralay Helmet Chin Strap Mount Combo Kit with Smartphone Holder  Quick Release Buckle   Screw   Compatible with Hero 13 12 11 10  Insta360  DJ I Os,1,299.0,Shipment,BENGALURU,Shipment,299.0,0.0,1,False,
2025-09-22,IN-390,GP162KIT,B0FQ5XM6M6,Yantralay Helmet Chin Strap Mount Combo Kit with Smartphone Holder  Quick Release Buckle   Screw   Compatible with Hero 13 12 11 10  Insta360  DJ I Os,1,299.0,Shipment,KOLHAPUR,Shipment,299.0,0.0,1,False,
2025-09-23,IN-405,ACFRAMEOA360_AL,B0FP9RC1HB,Yantralay Metal Frame Camera Cage with Silicone Lens Protector for DJI Osm o Action 360   Aluminium Protective Cage with 1 4  Threaded Hole   Cold Sho,1,3999.0,Shipment,CHENNAI,Shipment,3999.0,0.0,1,False,
2025-09-22,IN-400,ACFRAMEOA360_AL,B0FP9RC1HB,Yantralay Metal Frame Camera Cage with Silicone Lens Protector for DJI Osm o Action 360   Aluminium Protective Cage with 1 4  Threaded Hole   Cold Sho,1,3999.0,Shipment,mumbai,Shipment,3999.0,0.0,1,False,
2025-09-22,IN-399,GP162KIT,B0FQ5XM6M6,Yantralay Helmet Chin Strap Mount Combo Kit with Smartphone Holder  Quick Release Buckle   Screw   Compatible with Hero 13 12 11 10  Insta360  DJ I Os,1,299.0,Shipment,BHILAI,Shipment,299.0,0.0,1,False,
2025-09-23,IN-406,GP162KIT,B0FQ5XM6M6,Yantralay Helmet Chin Strap Mount Combo Kit with Smartphone Holder  Quick Release Buckle   Screw   Compatible with Hero 13 12 11 10  Insta360  DJ I Os,1,299.0,Shipment,Nagpur,Shipment,299.0,0.0,1,False,
2025-09-23,IN-402,GP162KIT,B0FQ5XM6M6,Yantralay Helmet Chin Strap Mount Combo Kit with Smartphone Holder  Quick Release Buckle   Screw   Compatible with Hero 13 12 11 10  Insta360  DJ I Os,1,299.0,Shipment,MURADNAGAR,Shipment,299.0,0.0,1,False,
2025-09-23,IN-416,GP162KIT,B0FQ5XM6M6,Yantralay Helmet Chin Strap Mount Combo Kit with Smartphone Holder  Quick Release Buckle   Screw   Compatible with Hero 13 12 11 10  Insta360  DJ I Os,1,379.0,Shipment,Thane,Shipment,379.0,0.0,1,False,
2025-09-22,IN-397,GP162KIT,B0FQ5XM6M6,Yantralay Helmet Chin Strap Mount Combo Kit with Smartphone Holder  Quick Release Buckle   Screw   Compatible with Hero 13 12 11 10  Insta360  DJ I Os,1,299.0,Shipment,SIDCUL HARIDWAR,Shipment,299.0,0.0,1,False,
2025-09-22,IN-393,GP162KIT,B0FQ5XM6M6,Yantralay Helmet Chin Strap Mount Combo Kit with Smartphone Holder  Quick Release Buckle   Screw   Compatible with Hero 13 12 11 10  Insta360  DJ I Os,1,299.0,Shipment,THANE,Shipment,299.0,0.0,1,False,
2025-09-22,IN-385,GP162KIT,B0FQ5XM6M6,Yantralay Helmet Chin Strap Mount Combo Kit with Smartphone Holder  Quick Release Buckle   Screw   Compatible with Hero 13 12 11 10  Insta360  DJ I Os,1,299.0,Shipment,MAKRONIA BUZURG,Shipment,299.0,0.0,1,False,
2025-09-23,BOM7-1705,PS1,B0BJBL1XBS,yantralay Polyester Dual Controller Hard Carry Case Compatible With Ps5 Ps4 Xbox Ipega Controllers   3 Layer Protection Travel Carry Case   Grey,1,805.6,Shipment,BHOPAL,Shipment,805.6,0.0,1,False,
2025-09-23,IN-407,ACFRAMEONEX4_HZ_AL,B0DZZ6M6F2,yantralay Horizontal Vertical Mount Bracket for Insta360 ONE X4   90  Aluminum Vertical Frame Adapter  Durable   Lightweight Insta360 X4 Accessory fo,1,1699.0,Shipment,MATHURA,Shipment,1699.0,0.0,1,False,
2025-09-22,IN-381,GP162KIT,B0FQ5XM6M6,Yantralay Helmet Chin Strap Mount Combo Kit with Smartphone Holder  Quick Release Buckle   Screw   Compatible with Hero 13 12 11 10  Insta360  DJ I Os,1,299.0,Shipment,Village wazirabad,Shipment,299.0,0.0,1,False,
2025-09-22,IN-387,TY72_TUYU,B0FQ5XLZBY,yantralay Helmet Chin Mount with Removable Quick Release   Compatible with Hero 13 12 11 10 9  Insta 360 ONE X4 X3 X2  Ace Pro Pro 2  DJI Osm o Action,1,1099.0,Shipment,MANGALURU,Shipment,1099.0,0.0,1,False,
2025-09-22,IN-395,GP1630,B0FQ5YBHD5,yantralay Motorcycle Helmet Chin Mount   Stable Adhesive Strap Holder for Hero 13 12 11 10 9  Insta 360 ONE X4 X3 X2  Ace Pro Pro 2  DJ I Osm o Action,1,1099.0,Shipment,RAYAGADA RAYAGADA DISTRICT,Shipment,1099.0,0.0,1,False,
2025-09-22,IN-389,GP162KIT,B0FQ5XM6M6,Yantralay Helmet Chin Strap Mount Combo Kit with Smartphone Holder  Quick Release Buckle   Screw   Compatible with Hero 13 12 11 10  Insta360  DJ I Os,1,299.0,Shipment,Hyderabad,Shipment,299.0,0.0,1,False,
2025-09-23,IN-408,GP1630,B0FQ5YBHD5,yantralay Motorcycle Helmet Chin Mount   Stable Adhesive Strap Holder for Hero 13 12 11 10 9  Insta 360 ONE X4 X3 X2  Ace Pro Pro 2  DJ I Osm o Action,1,1099.0,Shipment,Ahmedabad,Shipment,1099.0,0.0,1,False,
2025-09-23,PNQ3-573,GP28COMBO_X3N,B0BY8178B6,PellKing Camera Protective Accessories Kit for Insta360 X3  Inst 360 X3 Bundle Include Lens Guard Silicone Protective Cover Screen Protectors Camera C,1,1091.55,Shipment,BELAGAVI,Shipment,1091.55,0.0,1,False,
2025-09-23,BOM5-1488,GP47-L_TLSNK,B0BBVGXFZ2,Camera Bike Mount Motorcycle Handlebar Clamp Holder for GoPro Insta360 Accessories  TELESIN 360    Rotating Bicycle Cycling Attachment Accessory for,1,1849.0,Shipment,NOIDA,Shipment,1849.0,0.0,1,False,
2025-09-23,BOM7-1701,GP1620_TLS,B08S7D4LKH,yantralay Upgraded Helmet Chin Strap Mount for Hero 13 12 11 10 9 8 7 6 5  SJCAM  Insta 360   DJI Osmo Action 3   4   Adjustable   Secure Camera Moun,1,1141.0,Shipment,SILIGURI,Shipment,1141.0,0.0,1,False,
2025-09-23,BOM7-1714,GP45-S,B0F88FL4CN,nan,1,0.0,Cancel,NASHIK,Cancel,0.0,0.0,0,False,
2025-09-23,BOM5-1482,PS1,B0BJBL1XBS,yantralay Polyester Dual Controller Hard Carry Case Compatible With Ps5 Ps4 Xbox Ipega Controllers   3 Layer Protection Travel Carry Case   Grey,1,848.0,Shipment,PUNE,Shipment,848.0,0.0,1,False,
2025-09-23,BOM5-1484,PS5SLIM_CC1_GREY,B0DDQFP6NL,yantralay Carrying case for PS 5 Slim Console Gamepad Controller Headphone VR Travel Bag  Playstatio n 5 Slim Accessories   Grey,1,2299.0,Shipment,PUNE,Shipment,2299.0,0.0,1,False,
2025-09-23,BOM7-1712,GP49,B0D456N4QM,yantralay Motorcycle Bike Bicycle Handlebar Mount Clamps with 1 4  Screw Compatible 8 35mm for Gopro Hero 13 12 11 10 9 Max Insta360 ONE X5 X4 X3  ONE,1,949.0,Shipment,Thane,Shipment,949.0,0.0,1,False,
2025-09-23,BOM7-1702,GP47-L_TLSNK,B0BBVGXFZ2,Camera Bike Mount Motorcycle Handlebar Clamp Holder for GoPro Insta360 Accessories  TELESIN 360    Rotating Bicycle Cycling Attachment Accessory for,1,1849.0,Shipment,MUMBAI,Shipment,1849.0,0.0,1,False,
2025-09-23,BOM5-1491,GP47-L_TLSNK,B0BBVGXFZ2,Camera Bike Mount Motorcycle Handlebar Clamp Holder for GoPro Insta360 Accessories  TELESIN 360    Rotating Bicycle Cycling Attachment Accessory for,1,1756.55,Shipment,Noida,Shipment,1756.55,0.0,1,False,
2025-09-23,BOM5-1489,ACCHARGERONEX5_3_AMG,B0FKYRJB8C,Yantralay Charging Case for Insta 360 X5   3 Battery Charger Hub with Intelligent Fast Charging  Automatic Pop Up Lid  Simultaneous Charging Station f,1,1499.0,Shipment,BENGALURU,Shipment,1499.0,0.0,1,False,
2025-09-23,BOM7-1711,LGONEX4,B0F7RT4HGJ,yantralay 2Pcs Lens Guard for Insta 360 X4 Camera Lens Protector Scratch Resistant Protective Lens Cover High Transparency Optical Coated Cap Insta 36,1,759.05,Shipment,CHENNAI,Shipment,759.05,0.0,1,False,
2025-09-23,BOM7-1709,LGONEX4,B0F7RT4HGJ,yantralay 2Pcs Lens Guard for Insta 360 X4 Camera Lens Protector Scratch Resistant Protective Lens Cover High Transparency Optical Coated Cap Insta 36,1,759.05,Shipment,Gurugram,Shipment,759.05,0.0,1,False,
2025-09-15,BOM5-1423,GP10_OM7P_STARTRC,B0F2J6Z8WT,yantralay Osmo Mobile 7P Case Portable PU Shoulder Bag for DJI OM 7 Pro 7 Gimbal Stabilizer Travel Case for DJI Osmo Mobile 7 7P,1,-1299.0,Refund,FARIDABAD,Refund,-1299.0,0.0,0,False,
2025-09-22,BOM7-1683,ACFRAMEOP3_PL_VRIG,B0DDQ7BWNC,yantralay Phone Holder for DJI Osmo Pocket 3  Vlogging Camera Expansion Bracket  Adjustable Adapter Frame  Live Streaming Accessories,1,-1110.55,Refund,MUMBAI,Refund,-1110.55,0.0,0,False,
2025-09-23,BOM7-1717,ACFRAMEOP3_PL_VRIG,B0DDQ7BWNC,nan,1,0.0,Cancel,MUMBAI,Cancel,0.0,0.0,0,False,
2025-09-23,BOM5-1479,PS1,B0BJBL1XBS,yantralay Polyester Dual Controller Hard Carry Case Compatible With Ps5 Ps4 Xbox Ipega Controllers   3 Layer Protection Travel Carry Case   Grey,1,805.6,Shipment,PUNE,Shipment,805.6,0.0,1,False,
2025-09-23,BOM7-1713,ACFRAMEONEX5_AL,B0FJG46XCP,Yantralay Accessories for Insta 360 X5   Aluminum Frame Mount  Insta 360 X5 Accessories  X5 Aluminium Frame,1,3869.0,Shipment,PUNE,Shipment,3869.0,0.0,1,False,
2025-09-23,BOM5-1485,PS5SLIM_CC1_GREY,B0DDQFP6NL,yantralay Carrying case for PS 5 Slim Console Gamepad Controller Headphone VR Travel Bag  Playstatio n 5 Slim Accessories   Grey,1,2184.05,Shipment,HYDERABAD,Shipment,2184.05,0.0,1,False,
2025-09-23,BOM7-1717,ACFRAMEOP3_PL_VRIG,B0DDQ7BWNC,yantralay Phone Holder for DJI Osmo Pocket 3  Vlogging Camera Expansion Bracket  Adjustable Adapter Frame  Live Streaming Accessories,1,1169.0,Shipment,MUMBAI,Shipment,1169.0,0.0,1,False,
2025-09-23,BOM5-1493,GP47-L_TLS,B0DJ9S3SY7,yantralay Camera Clamp Mount   360  Ball Joint Handlebar Holder for Go Pro Hero 13 12 11 10 9  Insta360 X4 X3 X2  ONE R RS  DJI Osmo Action 5 4 3   B,1,1614.05,Shipment,THANE,Shipment,1614.05,0.0,1,False,
2025-09-23,NAN,SGOA360,B0FP9MWY9J,nan,1,0.0,Cancel,Navi Mumbai,Cancel,0.0,0.0,0,False,
2025-09-23,IN-431,GP1630,B0FQ5YBHD5,nan,1,0.0,Cancel,NEW DELHI,Cancel,0.0,0.0,0,False,
2025-09-23,BOM7-1715,GP45-S,B0F88FL4CN,yantralay Magnetic Camera Mount for Hero 13 12 11 10 9  Insta360 X5 X4 X3  Action 4 5  Osmo Pocket 3   360  Quick Release Car Holder  Heavy Duty Magn,1,1471.55,Shipment,NASHIK,Shipment,1471.55,0.0,1,False,
2025-09-23,PNQ3-571,SGOLED2,B0FDQL7DFH,yantralay Tempered Glass Screen Protector for Nintendo Switch 2  2025    Ultra Thin HD Clear Film Guard with Rounded Edges for 7 9 Inch Display  1 Pac,1,499.0,Shipment,BENGALURU,Shipment,499.0,0.0,1,False,
2025-09-23,BOM5-1487,GP28COMBO_X3N,B0BY8178B6,PellKing Camera Protective Accessories Kit for Insta360 X3  Inst 360 X3 Bundle Include Lens Guard Silicone Protective Cover Screen Protectors Camera C,1,1149.0,Shipment,VASAI VIRAR,Shipment,1149.0,0.0,1,False,
2025-09-23,PNQ3-574,SGONEX4-2_LGONEX4,B0F8VRR8JY,yantralay Insta 360 X4 Lens Guard   Screen Protector Combo Kit   Lens Covers   Anti Scratch  Tempered Glass Screen   Insta 360 X4 Accessories,1,1234.05,Shipment,Pune,Shipment,1234.05,0.0,1,False,
2025-09-23,BOM5-1494,PS1,B0BJBL1XBS,yantralay Polyester Dual Controller Hard Carry Case Compatible With Ps5 Ps4 Xbox Ipega Controllers   3 Layer Protection Travel Carry Case   Grey,1,805.6,Shipment,MUMBAI,Shipment,805.6,0.0,1,False,
2025-09-23,IN-434,G300,B0FQ563CBQ,nan,1,0.0,Cancel,KOTDWARA,Cancel,0.0,0.0,0,False,
2025-09-23,BOM7-1720,GP43_OA360,B0FP9QB6HY,Yantralay Protective Hard Shell Storage Pouch for D J I Osm o Action 360 Camera  Osm o Action 360 Accessories,1,417.57,Shipment,Navi Mumbai,Shipment,417.57,0.0,1,False,
2025-09-23,BOM5-1480,GP10_OP3,B0CVQMKG3M,yantralay Protective Carry Case Compatible for DJI OSMO Pocket 3 Camera   Anti Scratch  Wear Resistant   Ideal Travel Accessory for OSMO Pocket 3 Acce,1,854.05,Shipment,New Delhi,Shipment,854.05,0.0,1,False,
2025-09-23,BOM7-1719,LM1_OA3,B0DRW3QS3C,yantralay Magnet Adapter Mount for DJI Action 5 4 3   Quick Release Tripod Adapter with Secure Claws for Outdoor Use,1,929.07,Shipment,Navi Mumbai,Shipment,929.07,0.0,1,False,
2025-09-23,BOM7-1716,PS2_BLACK,B0BL1CYSW6,yantralay Nylon Controller Gamepad Carry Case   Ultimate Protection Compatible for PS5 PS4 PS3 Switch Pro Xbox Joysticks Waterproof  Scratch Protectio,1,543.63,Shipment,Mumbai,Shipment,543.63,0.0,1,False,
2025-09-23,BOM7-1716,PS2_RED,B0BL1HF4NJ,yantralay Nylon Controller Gamepad Carry Case   Ultimate Protection Compatible For PS5 PS4 PS3 Switch Pro Xbox Joysticks Waterproof  Scratch Protectio,1,563.03,Shipment,Mumbai,Shipment,563.03,0.0,1,False,
2025-09-23,BOM5-1486,ACFRAMEONEX4_AL,B0DZPHHK7F,Yantralay Multifunction Utility Frame Compatible for Insta360 X4  Metal Protective Case for Insta360 X4 Accessories  Upgraded Quick Release Aluminium,1,0.0,FreeReplacement,AUNDH  PUNE,FreeReplacement,0.0,0.0,0,True,
2025-09-23,BOM5-1490,PS5_CC1_GREY,B0BRJMPHKL,yantralay PS5 Carrying Case Bag for PS5 Console Gamepad  Controller  Headset  VR Play Station Accessories   Travel Bag   Grey,1,2326.55,Shipment,KORATAGERE,Shipment,2326.55,0.0,1,False,
2025-09-23,BOM7-1707,LGOA360,B0FP9LYYWR,yantralay Lens Guard for DJI Osmo 360 Camera   Waterproof Dustproof Snap On Lens Protective Cover  Easy Installation  Osm o Action 360 Accessories,1,1110.55,Shipment,Alappuzha,Shipment,1110.55,0.0,1,False,
2025-09-22,IN-379,GP162KIT,B0FQ5XM6M6,Yantralay Helmet Chin Strap Mount Combo Kit with Smartphone Holder  Quick Release Buckle   Screw   Compatible with Hero 13 12 11 10  Insta360  DJ I Os,1,-299.0,Refund,JEHANABAD,Refund,-299.0,0.0,0,False,
2025-09-22,BOM7-1687,PS5_CC1_GREY,B0BRJMPHKL,yantralay PS5 Carrying Case Bag for PS5 Console Gamepad  Controller  Headset  VR Play Station Accessories   Travel Bag   Grey,1,-2326.55,Refund,THANJAVUR,Refund,-2326.55,0.0,0,False,
2025-09-23,BOM7-1704,GP25_TRIPOD,B0FN8K885R,Yantralay 122cm Invisible Stick   Tripod Extension Monopod for Insta360 X5 X4 X3  ONE R RS  DJI Osmo Action Series   Lightweight Extendable Camera Acc,1,1619.0,Shipment,MAURANIPUR,Shipment,1619.0,0.0,1,False,
2025-09-24,BOM7-1722,GP12,B0D7BZ38X8,yantralay Aluminium Car Suction Mount 360  Rotatable for Insta 360 X5 X4 X3 X2  Ace Pro ONE R RS  Hero 13 12 11 10 9 8 7  DJI Osmo Action Series   Al,1,1198.9,Shipment,Hyderabad,Shipment,1198.9,0.0,1,False,
2025-09-23,BOM7-1718,PS5_CC1_GREY,B0BRJMPHKL,yantralay PS5 Carrying Case Bag for PS5 Console Gamepad  Controller  Headset  VR Play Station Accessories   Travel Bag   Grey,1,2449.0,Shipment,MUMBAI,Shipment,2449.0,0.0,1,False,
2025-09-24,IN-442,GP162KIT,B0FQ5XM6M6,nan,1,0.0,Cancel,BENGALURU,Cancel,0.0,0.0,0,False,
2025-09-23,BOM5-1478,GP10_OP3,B0CVQMKG3M,yantralay Protective Carry Case Compatible for DJI OSMO Pocket 3 Camera   Anti Scratch  Wear Resistant   Ideal Travel Accessory for OSMO Pocket 3 Acce,1,899.0,Shipment,CHANDIGARH,Shipment,899.0,0.0,1,False,
2025-09-24,NAN,LGONEX4,B0F7RT4HGJ,nan,1,0.0,Cancel,GURGAON,Cancel,0.0,0.0,0,False,
2025-09-22,BOM5-1472,PS5_CC1_BLACK,B0BRJM4R9Q,yantralay PS 5 Carrying Case Bag for PS5 Console Gamepad  Controller  Headset  VR Play Statio n Accessories   Travel Bag   Black,1,-2449.0,Refund,HYDERABAD,Refund,-2449.0,0.0,0,False,
2025-09-24,IN-438,GP162KIT,B0FQ5XM6M6,Yantralay Helmet Chin Strap Mount Combo Kit with Smartphone Holder  Quick Release Buckle   Screw   Compatible with Hero 13 12 11 10  Insta360  DJ I Os,1,299.0,Shipment,MUMBAI,Shipment,299.0,0.0,1,False,
2025-09-24,BOM7-1725,LGONEX4,B0F7RT4HGJ,yantralay 2Pcs Lens Guard for Insta 360 X4 Camera Lens Protector Scratch Resistant Protective Lens Cover High Transparency Optical Coated Cap Insta 36,1,799.0,Shipment,KOLKATA,Shipment,799.0,0.0,1,False,
2025-09-24,BOM7-1727,PS1,B0BJBL1XBS,yantralay Polyester Dual Controller Hard Carry Case Compatible With Ps5 Ps4 Xbox Ipega Controllers   3 Layer Protection Travel Carry Case   Grey,1,848.0,Shipment,AHMEDABAD,Shipment,848.0,0.0,1,False,
2025-09-24,BOM7-1729,LCONEX3,B0CQ6C5255,yantralay Silicone Protective Lens Cap for Insta 360 ONE X3 Camera   Dust Proof  Scratch Proof  Lightweight Design   Easy to Carry   Reliable Accessor,1,474.05,Shipment,NEW DELHI,Shipment,474.05,0.0,1,False,
2025-09-24,BOM5-1499,S13,B07MG832T8,yantralay Universal 360  Rotating Vertical Mobile Tripod Monopod Mount for Smartphones up to 4 1  Width   Compatible with Samsung  iPhone  Xiaomi  On,1,249.0,Shipment,MUMBAI,Shipment,249.0,0.0,1,False,
2025-09-24,BOM5-1498,GP47-L_TLSNK,B0BBVGXFZ2,Camera Bike Mount Motorcycle Handlebar Clamp Holder for GoPro Insta360 Accessories  TELESIN 360    Rotating Bicycle Cycling Attachment Accessory for,1,1756.55,Shipment,BENGALURU,Shipment,1756.55,0.0,1,False,
2025-09-23,IN-422,SGOA360,B0FP9MWY9J,yantralay Screen Guard for DJI Osm o Action 360   HD Tempered Glass  Anti Scratch  Waterproof Film   Clear Protection for Action Camera Screen,1,399.0,Shipment,MUMBAI,Shipment,399.0,0.0,1,False,
2025-09-23,IN-419,GP162KIT,B0FQ5XM6M6,Yantralay Helmet Chin Strap Mount Combo Kit with Smartphone Holder  Quick Release Buckle   Screw   Compatible with Hero 13 12 11 10  Insta360  DJ I Os,1,299.0,Shipment,Secunderabad,Shipment,299.0,0.0,1,False,
2025-09-23,IN-431,GP1630,B0FQ5YBHD5,yantralay Motorcycle Helmet Chin Mount   Stable Adhesive Strap Holder for Hero 13 12 11 10 9  Insta 360 ONE X4 X3 X2  Ace Pro Pro 2  DJ I Osm o Action,1,1099.0,Shipment,NEW DELHI,Shipment,1099.0,0.0,1,False,
2025-09-18,BOM7-1651,GP10_RS4_STARTRC,B0DB1TQPH3,yantralay Portable Carrying Storage Case for DJ I Ronin RS4   RS4 Pro Gimbal EVA Handbag Travel Handheld Shoulder Bag  Grey,1,-2570.7,Refund,MARGAO,Refund,-2570.7,0.0,0,False,
2025-09-23,IN-409,GP162KIT,B0FQ5XM6M6,Yantralay Helmet Chin Strap Mount Combo Kit with Smartphone Holder  Quick Release Buckle   Screw   Compatible with Hero 13 12 11 10  Insta360  DJ I Os,1,299.0,Shipment,PUNE,Shipment,299.0,0.0,1,False,
2025-09-23,IN-411,GP162KIT,B0FQ5XM6M6,Yantralay Helmet Chin Strap Mount Combo Kit with Smartphone Holder  Quick Release Buckle   Screw   Compatible with Hero 13 12 11 10  Insta360  DJ I Os,1,299.0,Shipment,Chalode,Shipment,299.0,0.0,1,False,
2025-09-23,IN-435,GP290XL_AL,B0F7Y3T6JV,yantralay Triple Suction Aluminium Mount with 1 4  Standard Screw Mount Compatible for Hero 12 11 10 9  Insta 360 ONE X3 X2 ONER RS ACE PRO   All Othe,1,2699.0,Shipment,ULHASNAGAR,Shipment,2699.0,0.0,1,False,
2025-09-23,IN-426,GP162KIT,B0FQ5XM6M6,Yantralay Helmet Chin Strap Mount Combo Kit with Smartphone Holder  Quick Release Buckle   Screw   Compatible with Hero 13 12 11 10  Insta360  DJ I Os,1,299.0,Shipment,OOTY,Shipment,299.0,0.0,1,False,
2025-09-23,IN-423,GP162KIT,B0FQ5XM6M6,Yantralay Helmet Chin Strap Mount Combo Kit with Smartphone Holder  Quick Release Buckle   Screw   Compatible with Hero 13 12 11 10  Insta360  DJ I Os,1,299.0,Shipment,SIKAR,Shipment,299.0,0.0,1,False,
2025-09-23,IN-412,GP162KIT,B0FQ5XM6M6,Yantralay Helmet Chin Strap Mount Combo Kit with Smartphone Holder  Quick Release Buckle   Screw   Compatible with Hero 13 12 11 10  Insta360  DJ I Os,1,299.0,Shipment,New Town,Shipment,299.0,0.0,1,False,
2025-09-23,IN-403,GP162KIT,B0FQ5XM6M6,Yantralay Helmet Chin Strap Mount Combo Kit with Smartphone Holder  Quick Release Buckle   Screw   Compatible with Hero 13 12 11 10  Insta360  DJ I Os,1,299.0,Shipment,BENGALURU,Shipment,299.0,0.0,1,False,
2025-09-23,IN-417,GP162KIT,B0FQ5XM6M6,Yantralay Helmet Chin Strap Mount Combo Kit with Smartphone Holder  Quick Release Buckle   Screw   Compatible with Hero 13 12 11 10  Insta360  DJ I Os,1,299.0,Shipment,AHMEDABAD,Shipment,299.0,0.0,1,False,
2025-09-23,IN-418,GP162KIT,B0FQ5XM6M6,Yantralay Helmet Chin Strap Mount Combo Kit with Smartphone Holder  Quick Release Buckle   Screw   Compatible with Hero 13 12 11 10  Insta360  DJ I Os,1,299.0,Shipment,MALLANKINARU,Shipment,299.0,0.0,1,False,
2025-09-23,IN-433,GP1630,B0FQ5YBHD5,yantralay Motorcycle Helmet Chin Mount   Stable Adhesive Strap Holder for Hero 13 12 11 10 9  Insta 360 ONE X4 X3 X2  Ace Pro Pro 2  DJ I Osm o Action,1,1099.0,Shipment,Mathura,Shipment,1099.0,0.0,1,False,
2025-09-23,IN-420,GP162KIT,B0FQ5XM6M6,Yantralay Helmet Chin Strap Mount Combo Kit with Smartphone Holder  Quick Release Buckle   Screw   Compatible with Hero 13 12 11 10  Insta360  DJ I Os,1,299.0,Shipment,Bhubaneswar,Shipment,299.0,0.0,1,False,
2025-09-23,IN-427,SGOA360,B0FP9MWY9J,yantralay Screen Guard for DJI Osm o Action 360   HD Tempered Glass  Anti Scratch  Waterproof Film   Clear Protection for Action Camera Screen,1,399.0,Shipment,VIJAYAWADA,Shipment,399.0,0.0,1,False,
2025-09-23,IN-430,GP162KIT,B0FQ5XM6M6,Yantralay Helmet Chin Strap Mount Combo Kit with Smartphone Holder  Quick Release Buckle   Screw   Compatible with Hero 13 12 11 10  Insta360  DJ I Os,1,299.0,Shipment,BENGALURU,Shipment,299.0,0.0,1,False,
2025-09-23,IN-424,GP28_ONEX5,B0FQBHNHVD,Yantralay Soft Silicone Camera Case Body Cover with Lens Cap for Insta 360  ONE X5   Shockproof  Anti Scratch  Precise Fit Protective Case for X5 Act,1,599.0,Shipment,Bengaluru,Shipment,599.0,0.0,1,False,
2025-09-23,IN-428,SGOA360,B0FP9MWY9J,yantralay Screen Guard for DJI Osm o Action 360   HD Tempered Glass  Anti Scratch  Waterproof Film   Clear Protection for Action Camera Screen,1,371.07,Shipment,Navi Mumbai,Shipment,371.07,0.0,1,False,
2025-09-23,IN-414,G300,B0FQ563CBQ,Yantralay Magnetic Wireless Selfie Screen   1080P Phone Vlog Display with Remote for Live Streaming   Recording  Compatible with iOS   Android,1,6999.0,Shipment,THIRUVANANTHAPURAM,Shipment,6999.0,0.0,1,False,
2025-09-23,IN-415,G300,B0FQ563CBQ,Yantralay Magnetic Wireless Selfie Screen   1080P Phone Vlog Display with Remote for Live Streaming   Recording  Compatible with iOS   Android,1,6999.0,Shipment,KARNAL,Shipment,6999.0,0.0,1,False,
2025-09-23,IN-421,GP162KIT,B0FQ5XM6M6,Yantralay Helmet Chin Strap Mount Combo Kit with Smartphone Holder  Quick Release Buckle   Screw   Compatible with Hero 13 12 11 10  Insta360  DJ I Os,1,299.0,Shipment,WALUJ MIDC,Shipment,299.0,0.0,1,False,
2025-09-24,BOM5-1497,GP10_RS4_STARTRC,B0DB1TQPH3,yantralay Portable Carrying Storage Case for DJ I Ronin RS4   RS4 Pro Gimbal EVA Handbag Travel Handheld Shoulder Bag  Grey,1,2706.55,Shipment,MARGAO,Shipment,2706.55,0.0,1,False,
2025-09-24,IN-446,GP162KIT,B0FQ5XM6M6,nan,1,0.0,Cancel,TOSHAM,Cancel,0.0,0.0,0,False,
2025-09-24,BOM7-1735,LGONEX4,B0F7RT4HGJ,yantralay 2Pcs Lens Guard for Insta 360 X4 Camera Lens Protector Scratch Resistant Protective Lens Cover High Transparency Optical Coated Cap Insta 36,1,799.0,Shipment,KARAIKAL,Shipment,799.0,0.0,1,False,
2025-09-23,IN-425,GP162KIT,B0FQ5XM6M6,Yantralay Helmet Chin Strap Mount Combo Kit with Smartphone Holder  Quick Release Buckle   Screw   Compatible with Hero 13 12 11 10  Insta360  DJ I Os,1,299.0,Shipment,CHENGAMANAD,Shipment,299.0,0.0,1,False,
2025-09-23,IN-429,ACFRAMEOA360_AL,B0FP9RC1HB,Yantralay Metal Frame Camera Cage with Silicone Lens Protector for DJI Osm o Action 360   Aluminium Protective Cage with 1 4  Threaded Hole   Cold Sho,1,3879.03,Shipment,Navi Mumbai,Shipment,3879.03,0.0,1,False,
2025-09-23,IN-429,SGOA360,B0FP9MWY9J,yantralay Screen Guard for DJI Osm o Action 360   HD Tempered Glass  Anti Scratch  Waterproof Film   Clear Protection for Action Camera Screen,1,387.03,Shipment,Navi Mumbai,Shipment,387.03,0.0,1,False,
2025-09-24,BOM7-1733,LGONEX4,B0F7RT4HGJ,yantralay 2Pcs Lens Guard for Insta 360 X4 Camera Lens Protector Scratch Resistant Protective Lens Cover High Transparency Optical Coated Cap Insta 36,1,799.0,Shipment,GURGAON,Shipment,799.0,0.0,1,False,
2025-09-24,BOM7-1734,PS_CDRACK-BLUE,B0DWY1M5G4,yantralay Game Storage Tower for PS5 Xbox Series   Holds 18 Game Discs with 4 Controller Holders   Gaming Desk Organizer   Stand  Blue,1,1709.05,Shipment,MUMBAI,Shipment,1709.05,0.0,1,False,
2025-09-23,BOM7-1708,LGOA360,B0FP9LYYWR,yantralay Lens Guard for DJI Osmo 360 Camera   Waterproof Dustproof Snap On Lens Protective Cover  Easy Installation  Osm o Action 360 Accessories,1,1110.55,Shipment,PATNA,Shipment,1110.55,0.0,1,False,
2025-09-24,BOM7-1728,ACFRAMEONEX5_AL,B0FJG46XCP,Yantralay Accessories for Insta 360 X5   Aluminum Frame Mount  Insta 360 X5 Accessories  X5 Aluminium Frame,1,3869.0,Shipment,Gurugram,Shipment,3869.0,0.0,1,False,
2025-09-24,BOM7-1731,GP12,B0D7BZ38X8,yantralay Aluminium Car Suction Mount 360  Rotatable for Insta 360 X5 X4 X3 X2  Ace Pro ONE R RS  Hero 13 12 11 10 9 8 7  DJI Osmo Action Series   Al,1,1277.9,Shipment,NEW DELHI,Shipment,1277.9,0.0,1,False,
2025-09-24,IN-436,GP162KIT,B0FQ5XM6M6,nan,1,0.0,Cancel,PATIALA,Cancel,0.0,0.0,0,False,
2025-09-24,BOM7-1743,PS2_BLACK,B0BL1CYSW6,nan,1,0.0,Cancel,MUMBAI,Cancel,0.0,0.0,0,False,
2025-09-20,IN-355,LED_F02,B0FR8R829R,Yantralay Portable Mini Camera Flash Light  Rechargeable Speedlite with Built in Battery  6500K High CRI 96  External Flash for DSLR Cameras,1,-1499.0,Refund,BADLAPUR,Refund,-1499.0,0.0,0,False,
2025-09-23,IN-413,MS_P3-FS-01_TLS,B0FPR3MF8C,yantralay Magnetic Tablet Floor Stand  Aluminum Alloy Phone Holder Stand for Video Recording  Overhead Bed Sofa Phone Mount Height Adjustable Ultra St,1,3499.0,Shipment,New Delhi,Shipment,3499.0,0.0,1,False,
2025-09-24,BOM7-1730,GP47-L_TLSNK,B0BBVGXFZ2,Camera Bike Mount Motorcycle Handlebar Clamp Holder for GoPro Insta360 Accessories  TELESIN 360    Rotating Bicycle Cycling Attachment Accessory for,1,1849.0,Shipment,SRINAGAR,Shipment,1849.0,0.0,1,False,
2025-09-23,BOM5-1492,GP47-L_TLSNK,B0BBVGXFZ2,Camera Bike Mount Motorcycle Handlebar Clamp Holder for GoPro Insta360 Accessories  TELESIN 360    Rotating Bicycle Cycling Attachment Accessory for,1,1849.0,Shipment,SHIKARPUR,Shipment,1849.0,0.0,1,False,
2025-09-24,BOM7-1742,GP46-M_GP46-S_GP25_150CMS,B0F99WWGGT,yantralay Motorcycle Handlebar Clamp Kit with Dual Clamp Mounts   Invisible Selfie Stick for Insta 360 X4 X3 X2 One RS GO 3   Bike Action Camera Mount,1,3999.0,Shipment,DELHI,Shipment,3999.0,0.0,1,False,
2025-09-24,BOM5-1501,PS5_CC1_GREY,B0BRJMPHKL,nan,1,0.0,Cancel,PUNE,Cancel,0.0,0.0,0,False,
2025-09-24,BOM7-1738,GP47-L_TLSNK,B0BBVGXFZ2,Camera Bike Mount Motorcycle Handlebar Clamp Holder for GoPro Insta360 Accessories  TELESIN 360    Rotating Bicycle Cycling Attachment Accessory for,1,1849.0,Shipment,DAVANAGERE,Shipment,1849.0,0.0,1,False,
2025-09-17,IN-322,GP162KIT,B0FQ5XM6M6,Yantralay Helmet Chin Strap Mount Combo Kit with Smartphone Holder  Quick Release Buckle   Screw   Compatible with Hero 13 12 11 10  Insta360  DJ I Os,1,-299.0,Refund,NOIDA,Refund,-299.0,0.0,0,False,
2025-09-24,BOM7-1740,ACCHARGERONEX5_3_AMG,B0FKYRJB8C,Yantralay Charging Case for Insta 360 X5   3 Battery Charger Hub with Intelligent Fast Charging  Automatic Pop Up Lid  Simultaneous Charging Station f,1,1424.05,Shipment,PUNE,Shipment,1424.05,0.0,1,False,
2025-09-24,BOM7-1726,GP28COMBO1_H13,B0DHYCQR66,Yantralay Silicone Lanyard Sleeve Protective Cover   6PCS Tempered Glass Screen Guard with Silicone Lens Cover Compatible with GoPro Hero 9 Black Acti,1,664.05,Shipment,MUMBAI,Shipment,664.05,0.0,1,False,
2025-09-24,BOM5-1500,PS1,B0BJBL1XBS,yantralay Polyester Dual Controller Hard Carry Case Compatible With Ps5 Ps4 Xbox Ipega Controllers   3 Layer Protection Travel Carry Case   Grey,1,805.6,Shipment,PUNE,Shipment,805.6,0.0,1,False,
2025-09-21,BOM5-1462,PS5_CC1_BLACK,B0BRJM4R9Q,yantralay PS 5 Carrying Case Bag for PS5 Console Gamepad  Controller  Headset  VR Play Statio n Accessories   Travel Bag   Black,1,-2449.0,Refund,MUMBAI,Refund,-2449.0,0.0,0,False,
2025-09-24,BOM7-1744,GP25_TRIPOD,B0FN8K885R,Yantralay 122cm Invisible Stick   Tripod Extension Monopod for Insta360 X5 X4 X3  ONE R RS  DJI Osmo Action Series   Lightweight Extendable Camera Acc,1,1538.05,Shipment,TRIMBAK,Shipment,1538.05,0.0,1,False,
2025-09-24,BOM7-1739,PS10_PS5PORTALCOMBO,B0DF2Z2X1Q,yantralay 6 in 1 Hard Carrying Case with Protective Cover for Play Station 5 Portal  Non Slip Soft Case Cover   Screen Protectors   Thumb Grips for PS,1,1867.7,Shipment,Ulhasnagar,Shipment,1867.7,0.0,1,False,
2025-09-23,BOM5-1495,GP46-L,B0F91GCRP4,yantralay Double Clamp Mount Bracket with 1 4  Ball Head for Go Pro 13 12 11  Insta 360 X5 X4 X3 Handlebar  Motorcycle  Bicycle  Selfie Stick  Studio,1,1899.0,Shipment,MUMBAI,Shipment,1899.0,0.0,1,False,
2025-09-18,BOM7-1647,GP10_OM7P_STARTRC,B0F2J6Z8WT,yantralay Osmo Mobile 7P Case Portable PU Shoulder Bag for DJI OM 7 Pro 7 Gimbal Stabilizer Travel Case for DJI Osmo Mobile 7 7P,1,-1299.0,Refund,RATNAGIRI,Refund,-1299.0,0.0,0,False,
2025-09-24,BOM7-1741,GP25_TRIPOD,B0FN8K885R,Yantralay 122cm Invisible Stick   Tripod Extension Monopod for Insta360 X5 X4 X3  ONE R RS  DJI Osmo Action Series   Lightweight Extendable Camera Acc,1,1538.05,Shipment,Nashik,Shipment,1538.05,0.0,1,False,
2025-09-24,BOM5-1502,PS5_CC1_GREY,B0BRJMPHKL,yantralay PS5 Carrying Case Bag for PS5 Console Gamepad  Controller  Headset  VR Play Station Accessories   Travel Bag   Grey,1,2326.55,Shipment,PUNE,Shipment,2326.55,0.0,1,False,
2025-09-24,BOM7-1745,GP12,B0D7BZ38X8,yantralay Aluminium Car Suction Mount 360  Rotatable for Insta 360 X5 X4 X3 X2  Ace Pro ONE R RS  Hero 13 12 11 10 9 8 7  DJI Osmo Action Series   Al,1,1198.9,Shipment,THANE,Shipment,1198.9,0.0,1,False,
2025-09-24,BOM7-1721,GP46-M_GP46-S_GP25_150CMS,B0F99WWGGT,yantralay Motorcycle Handlebar Clamp Kit with Dual Clamp Mounts   Invisible Selfie Stick for Insta 360 X4 X3 X2 One RS GO 3   Bike Action Camera Mount,1,3799.05,Shipment,VISAKHAPATNAM,Shipment,3799.05,0.0,1,False,
2025-09-23,BOM5-1496,GP47-L_TLSNK,B0BBVGXFZ2,Camera Bike Mount Motorcycle Handlebar Clamp Holder for GoPro Insta360 Accessories  TELESIN 360    Rotating Bicycle Cycling Attachment Accessory for,1,1849.0,Shipment,Karlamunda,Shipment,1849.0,0.0,1,False,
2025-09-24,BOM7-1723,PS1,B0BJBL1XBS,yantralay Polyester Dual Controller Hard Carry Case Compatible With Ps5 Ps4 Xbox Ipega Controllers   3 Layer Protection Travel Carry Case   Grey,1,848.0,Shipment,AHMEDABAD,Shipment,848.0,0.0,1,False,
2025-09-17,BOM7-1640,GP10_OM7P_STARTRC,B0F2J6Z8WT,yantralay Osmo Mobile 7P Case Portable PU Shoulder Bag for DJI OM 7 Pro 7 Gimbal Stabilizer Travel Case for DJI Osmo Mobile 7 7P,1,-1299.0,Refund,CHENNAI,Refund,-1299.0,0.0,0,False,
2025-09-25,BOM7-1748,PS2_BLACK,B0BL1CYSW6,yantralay Nylon Controller Gamepad Carry Case   Ultimate Protection Compatible for PS5 PS4 PS3 Switch Pro Xbox Joysticks Waterproof  Scratch Protectio,1,479.0,Shipment,AKOLA,Shipment,479.0,0.0,1,False,
2025-09-24,BOM7-1746,LM17,B0D455L1MN,yantralay Folding Fingers Replacement Magnet Adapter Mount with 1 4 Tripod Connector Port Compatible with Go Pro Hero 13 12 11 11 Mini 10 9 8   Hero M,1,949.0,Shipment,NEW DELHI,Shipment,949.0,0.0,1,False,
2025-09-25,BOM7-1749,LGONEX4,B0F7RT4HGJ,yantralay 2Pcs Lens Guard for Insta 360 X4 Camera Lens Protector Scratch Resistant Protective Lens Cover High Transparency Optical Coated Cap Insta 36,1,799.0,Shipment,THANE,Shipment,799.0,0.0,1,False,
2025-09-24,BOM7-1724,ACFRAMEOP3_PL_VRIG,B0DDQ7BWNC,yantralay Phone Holder for DJI Osmo Pocket 3  Vlogging Camera Expansion Bracket  Adjustable Adapter Frame  Live Streaming Accessories,1,1169.0,Shipment,ARANTHANGI,Shipment,1169.0,0.0,1,False,
2025-09-24,IN-453,GP162KIT,B0FQ5XM6M6,Yantralay Helmet Chin Strap Mount Combo Kit with Smartphone Holder  Quick Release Buckle   Screw   Compatible with Hero 13 12 11 10  Insta360  DJ I Os,1,299.0,Shipment,MUMBAI,Shipment,299.0,0.0,1,False,
2025-09-24,BOM7-1736,LGONEX4,B0F7RT4HGJ,yantralay 2Pcs Lens Guard for Insta 360 X4 Camera Lens Protector Scratch Resistant Protective Lens Cover High Transparency Optical Coated Cap Insta 36,1,799.0,Shipment,KANGRA,Shipment,799.0,0.0,1,False,
2025-09-25,BOM7-1750,GP28COMBO1_H13,B0DHYCQR66,Yantralay Silicone Lanyard Sleeve Protective Cover   6PCS Tempered Glass Screen Guard with Silicone Lens Cover Compatible with GoPro Hero 9 Black Acti,1,664.05,Shipment,Mumbai,Shipment,664.05,0.0,1,False,
2025-09-25,BOM7-1747,ACCHARGERONEX5_3_AMG,B0FKYRJB8C,Yantralay Charging Case for Insta 360 X5   3 Battery Charger Hub with Intelligent Fast Charging  Automatic Pop Up Lid  Simultaneous Charging Station f,1,1499.0,Shipment,BHUBANESWAR,Shipment,1499.0,0.0,1,False,
2025-09-25,NAN,GP162KIT,B0FQ5XM6M6,nan,1,0.0,Cancel,AHMEDABAD,Cancel,0.0,0.0,0,False,
2025-09-25,BOM7-1753,ACFRAMEOP3_STARTRCN,B0CR1C9243,STARTRC OSMO Pocket 3 360  Rotation Backpack Clip Mount Shoulder Strap Accessories for DJI Pocket 3 OSMO Pocket 3 Action Cameras,1,1763.0,Shipment,BADNAGAR,Shipment,1763.0,0.0,1,False,
2025-09-24,BOM5-1505,GP46-M_GP46-S_GP25_150CMS,B0F99WWGGT,yantralay Motorcycle Handlebar Clamp Kit with Dual Clamp Mounts   Invisible Selfie Stick for Insta 360 X4 X3 X2 One RS GO 3   Bike Action Camera Mount,1,3999.0,Shipment,UDAIPUR,Shipment,3999.0,0.0,1,False,
2025-09-24,IN-440,GP162KIT,B0FQ5XM6M6,Yantralay Helmet Chin Strap Mount Combo Kit with Smartphone Holder  Quick Release Buckle   Screw   Compatible with Hero 13 12 11 10  Insta360  DJ I Os,1,299.0,Shipment,KHARKHODA,Shipment,299.0,0.0,1,False,
2025-09-24,IN-456,TY72_TUYU,B0FQ5XLZBY,yantralay Helmet Chin Mount with Removable Quick Release   Compatible with Hero 13 12 11 10 9  Insta 360 ONE X4 X3 X2  Ace Pro Pro 2  DJI Osm o Action,1,1099.0,Shipment,NAVI MUMBAI,Shipment,1099.0,0.0,1,False,
2025-09-24,IN-455,GP162KIT,B0FQ5XM6M6,Yantralay Helmet Chin Strap Mount Combo Kit with Smartphone Holder  Quick Release Buckle   Screw   Compatible with Hero 13 12 11 10  Insta360  DJ I Os,1,299.0,Shipment,Khusropur,Shipment,299.0,0.0,1,False,
2025-09-24,IN-443,GP162KIT,B0FQ5XM6M6,Yantralay Helmet Chin Strap Mount Combo Kit with Smartphone Holder  Quick Release Buckle   Screw   Compatible with Hero 13 12 11 10  Insta360  DJ I Os,1,299.0,Shipment,Bengaluru,Shipment,299.0,0.0,1,False,
2025-09-24,IN-437,GP162KIT,B0FQ5XM6M6,Yantralay Helmet Chin Strap Mount Combo Kit with Smartphone Holder  Quick Release Buckle   Screw   Compatible with Hero 13 12 11 10  Insta360  DJ I Os,1,299.0,Shipment,Simlaguri,Shipment,299.0,0.0,1,False,
2025-09-24,IN-441,GP1630,B0FQ5YBHD5,yantralay Motorcycle Helmet Chin Mount   Stable Adhesive Strap Holder for Hero 13 12 11 10 9  Insta 360 ONE X4 X3 X2  Ace Pro Pro 2  DJ I Osm o Action,1,1099.0,Shipment,THODUPUZHA,Shipment,1099.0,0.0,1,False,
2025-09-24,IN-448,GP162KIT,B0FQ5XM6M6,Yantralay Helmet Chin Strap Mount Combo Kit with Smartphone Holder  Quick Release Buckle   Screw   Compatible with Hero 13 12 11 10  Insta360  DJ I Os,1,299.0,Shipment,BENGALURU,Shipment,299.0,0.0,1,False,
2025-09-24,IN-449,GP162KIT,B0FQ5XM6M6,Yantralay Helmet Chin Strap Mount Combo Kit with Smartphone Holder  Quick Release Buckle   Screw   Compatible with Hero 13 12 11 10  Insta360  DJ I Os,1,299.0,Shipment,SECUNDERABAD,Shipment,299.0,0.0,1,False,
2025-09-25,IN-458,GP162KIT,B0FQ5XM6M6,Yantralay Helmet Chin Strap Mount Combo Kit with Smartphone Holder  Quick Release Buckle   Screw   Compatible with Hero 13 12 11 10  Insta360  DJ I Os,1,299.0,Shipment,KUNNUMMAL,Shipment,299.0,0.0,1,False,
2025-09-25,IN-457,G300,B0FQ563CBQ,Yantralay Magnetic Wireless Selfie Screen   1080P Phone Vlog Display with Remote for Live Streaming   Recording  Compatible with iOS   Android,1,6999.0,Shipment,GURUGRAM,Shipment,6999.0,0.0,1,False,
2025-09-25,IN-459,GP162KIT,B0FQ5XM6M6,Yantralay Helmet Chin Strap Mount Combo Kit with Smartphone Holder  Quick Release Buckle   Screw   Compatible with Hero 13 12 11 10  Insta360  DJ I Os,1,299.0,Shipment,HYDERABAD,Shipment,299.0,0.0,1,False,
2025-09-24,IN-445,TY72_TUYU,B0FQ5XLZBY,yantralay Helmet Chin Mount with Removable Quick Release   Compatible with Hero 13 12 11 10 9  Insta 360 ONE X4 X3 X2  Ace Pro Pro 2  DJI Osm o Action,1,1099.0,Shipment,JALPAIGURI,Shipment,1099.0,0.0,1,False,
2025-09-24,IN-450,GP162KIT,B0FQ5XM6M6,Yantralay Helmet Chin Strap Mount Combo Kit with Smartphone Holder  Quick Release Buckle   Screw   Compatible with Hero 13 12 11 10  Insta360  DJ I Os,1,299.0,Shipment,MYSURU,Shipment,299.0,0.0,1,False,
2025-09-24,IN-447,GP162KIT,B0FQ5XM6M6,Yantralay Helmet Chin Strap Mount Combo Kit with Smartphone Holder  Quick Release Buckle   Screw   Compatible with Hero 13 12 11 10  Insta360  DJ I Os,1,299.0,Shipment,GURUGRAM,Shipment,299.0,0.0,1,False,
2025-09-24,IN-442,GP162KIT,B0FQ5XM6M6,Yantralay Helmet Chin Strap Mount Combo Kit with Smartphone Holder  Quick Release Buckle   Screw   Compatible with Hero 13 12 11 10  Insta360  DJ I Os,1,299.0,Shipment,BENGALURU,Shipment,299.0,0.0,1,False,
2025-09-24,IN-439,TY72_TUYU,B0FQ5XLZBY,yantralay Helmet Chin Mount with Removable Quick Release   Compatible with Hero 13 12 11 10 9  Insta 360 ONE X4 X3 X2  Ace Pro Pro 2  DJI Osm o Action,1,1099.0,Shipment,PUNE,Shipment,1099.0,0.0,1,False,
2025-09-24,IN-452,GP162KIT,B0FQ5XM6M6,Yantralay Helmet Chin Strap Mount Combo Kit with Smartphone Holder  Quick Release Buckle   Screw   Compatible with Hero 13 12 11 10  Insta360  DJ I Os,1,299.0,Shipment,NAUGARH,Shipment,299.0,0.0,1,False,
2025-09-24,IN-444,GP162KIT,B0FQ5XM6M6,Yantralay Helmet Chin Strap Mount Combo Kit with Smartphone Holder  Quick Release Buckle   Screw   Compatible with Hero 13 12 11 10  Insta360  DJ I Os,1,299.0,Shipment,Delhi,Shipment,299.0,0.0,1,False,
2025-09-24,IN-451,GP28_ONEX5,B0FQBHNHVD,Yantralay Soft Silicone Camera Case Body Cover with Lens Cap for Insta 360  ONE X5   Shockproof  Anti Scratch  Precise Fit Protective Case for X5 Act,1,599.0,Shipment,BERHAMPORE,Shipment,599.0,0.0,1,False,
2025-09-24,BOM5-1504,GP45-S,B0F88FL4CN,yantralay Magnetic Camera Mount for Hero 13 12 11 10 9  Insta360 X5 X4 X3  Action 4 5  Osmo Pocket 3   360  Quick Release Car Holder  Heavy Duty Magn,1,1549.0,Shipment,AGRA,Shipment,1549.0,0.0,1,False,
2025-09-25,BOM7-1751,GP28COMBO1_H13,B0DHYCQR66,Yantralay Silicone Lanyard Sleeve Protective Cover   6PCS Tempered Glass Screen Guard with Silicone Lens Cover Compatible with GoPro Hero 9 Black Acti,1,699.0,Shipment,GURUGRAM,Shipment,699.0,0.0,1,False,
2025-09-25,BOM7-1757,G301_STAND,B0FQ5BVVPC,Yantralay Magnetic Vlog Selfie Monitor with Stand   1080P HD Wireless Phone Display for iPhone   Android  Perfect for Live Streaming   Vlogging,1,7999.0,Shipment,SURAT,Shipment,7999.0,0.0,1,False,
2025-09-17,IN-323,GP162KIT,B0FQ5XM6M6,Yantralay Helmet Chin Strap Mount Combo Kit with Smartphone Holder  Quick Release Buckle   Screw   Compatible with Hero 13 12 11 10  Insta360  DJ I Os,1,-299.0,Refund,KATIHAR,Refund,-299.0,0.0,0,False,
2025-09-25,BOM5-1506,GP28_H13,B0DHYDQL5V,Yantralay Silicone Lanyard Sleeve Protective Cover   6PCS Tempered Glass Screen Guard with Silicone Lens Cover Compatible with Go Pro Hero 9 Black Act,1,399.0,Shipment,GHAZIABAD,Shipment,399.0,0.0,1,False,
2025-09-25,BOM7-1762,ACFRAMEONEX4_AL,B0DZPHHK7F,nan,1,0.0,Cancel,Pune,Cancel,0.0,0.0,0,False,
2025-09-25,BOM7-1762,INONEX4_COMBO1,B0DX1SWJXZ,nan,1,0.0,Cancel,Pune,Cancel,0.0,0.0,0,False,
2025-09-24,BOM7-1737,GP47-M,B0F91SSVW8,yantralay Action Camera Handlebar Mount with 360  Dual Ball Head   Super Clamp for Go Pro  Insta 360  Mobile  Bike  Motorcycle   Universal Quick Rele,1,1799.0,Shipment,NAVI MUMBAI,Shipment,1799.0,0.0,1,False,
2025-09-25,BOM7-1752,PS1,B0BJBL1XBS,yantralay Polyester Dual Controller Hard Carry Case Compatible With Ps5 Ps4 Xbox Ipega Controllers   3 Layer Protection Travel Carry Case   Grey,1,805.6,Shipment,MUMBAI,Shipment,805.6,0.0,1,False,
2025-09-24,PNQ3-575,GP10_DJIFLIP_STARTRC,B0F83B4HX3,yantralay x Start rc Pu Material Carrying Case for DJ I Flip Fly More Combo   Waterproof Travel Bag for RC2 RC N3 Remote  Batteries  Charging Hub  65W,1,1804.05,Shipment,NOIDA,Shipment,1804.05,0.0,1,False,
2025-09-25,BOM7-1754,PS2_BLACK,B0BL1CYSW6,yantralay Nylon Controller Gamepad Carry Case   Ultimate Protection Compatible for PS5 PS4 PS3 Switch Pro Xbox Joysticks Waterproof  Scratch Protectio,2,910.1,Shipment,Mumbai,Shipment,910.1,0.0,2,False,
2025-09-25,BOM7-1759,ACFRAMEGP13_AL,B0F93ZW44W,Yantralay Premium Aluminum Protective Case for Go Pro Hero13 12 11 10 9 Tough Aluminum Cage Maximum Protection with Minimal Weight Accessory,1,2999.0,Shipment,KOLHAPUR,Shipment,2999.0,0.0,1,False,
2025-09-25,BOM5-1507,INONEX4_COMBO1,B0DX1SWJXZ,yantralay Lens Guard for Insta360 X4   Tempered Glass   Scratch Resistant Protective Lens Cover   Insta360 X4 Camera Accessories   ONEX4 Combo Kit,1,1890.53,Shipment,Pune,Shipment,1890.53,0.0,1,False,
2025-09-25,PNQ3-577,GP10_ONEX4_STARTRC,B0DDXP86FQ,yantralay x Startr c Carrying Case for Insta 360 X4 X5  Portable PU Storage Protective Bag Travel Case for Insta 360 X4 X5 Accessories with Large Capa,1,1483.35,Shipment,PUNE,Shipment,1483.35,0.0,1,False,
2025-09-24,PNQ3-576,ACFRAMEOP3_STARTRCN,B0CR1C9243,STARTRC OSMO Pocket 3 360  Rotation Backpack Clip Mount Shoulder Strap Accessories for DJI Pocket 3 OSMO Pocket 3 Action Cameras,1,1674.85,Shipment,PUNE,Shipment,1674.85,0.0,1,False,
2025-09-25,BOM7-1760,PS2_BLUE,B0BL1H24P4,yantralay Controller Gamepad Carry Case   Ultimate Protection Compatible for PS5 PS4 PS3 Switch Pro Xbox Joysticks Waterproof  Scratch Protection  Dur,1,499.0,Shipment,SOLAPUR,Shipment,499.0,0.0,1,False,
2025-09-25,BOM7-1764,GP47-L_TLSNK,B0BBVGXFZ2,Camera Bike Mount Motorcycle Handlebar Clamp Holder for GoPro Insta360 Accessories  TELESIN 360    Rotating Bicycle Cycling Attachment Accessory for,1,1756.55,Shipment,PUNE,Shipment,1756.55,0.0,1,False,
2025-09-17,BOM7-1636,PS5_CC1_GREY,B0BRJMPHKL,yantralay PS5 Carrying Case Bag for PS5 Console Gamepad  Controller  Headset  VR Play Station Accessories   Travel Bag   Grey,1,-2449.0,Refund,Salem,Refund,-2449.0,0.0,0,False,
2025-09-25,BOM7-1763,ACFRAMEONEX4_AL,B0DZPHHK7F,Yantralay Multifunction Utility Frame Compatible for Insta360 X4  Metal Protective Case for Insta360 X4 Accessories  Upgraded Quick Release Aluminium,1,3685.03,Shipment,Pune,Shipment,3685.03,0.0,1,False,
2025-09-21,IN-369,GP28_ONEX5,B0FQBHNHVD,Yantralay Soft Silicone Camera Case Body Cover with Lens Cap for Insta 360  ONE X5   Shockproof  Anti Scratch  Precise Fit Protective Case for X5 Act,1,-599.0,Refund,THANE,Refund,-599.0,0.0,0,False,
2025-09-25,BOM7-1761,ACCHARGERGP5_3,B08LYVPLR9,Yantralay 3 Channel AHDBT 501 Battery Charger for Hero 5 6 7   8 Black Action Camera   USB Cable Included   Fast Charging Dock,1,781.85,Shipment,PUNE,Shipment,781.85,0.0,1,False,
2025-09-23,BOM5-1494,PS1,B0BJBL1XBS,yantralay Polyester Dual Controller Hard Carry Case Compatible With Ps5 Ps4 Xbox Ipega Controllers   3 Layer Protection Travel Carry Case   Grey,1,-805.6,Refund,MUMBAI,Refund,-805.6,0.0,0,False,
2025-09-25,BOM7-1756,GP25_TRIPOD,B0FN8K885R,Yantralay 122cm Invisible Stick   Tripod Extension Monopod for Insta360 X5 X4 X3  ONE R RS  DJI Osmo Action Series   Lightweight Extendable Camera Acc,1,1538.05,Shipment,Ahmedabad,Shipment,1538.05,0.0,1,False,
2025-09-25,BOM7-1758,PS_CDRACK-GREEN,B0DWXXDCX6,yantralay Game Storage Tower for PS5 Xbox Series   Holds 18 Game Discs with 4 Controller Holders   Gaming Desk Organizer   Stand  Green,1,1799.0,Shipment,MUZAFFARNAGAR,Shipment,1799.0,0.0,1,False,
2025-09-25,BOM7-1755,GP47-L_TLSNK,B0BBVGXFZ2,Camera Bike Mount Motorcycle Handlebar Clamp Holder for GoPro Insta360 Accessories  TELESIN 360    Rotating Bicycle Cycling Attachment Accessory for,1,1756.55,Shipment,AHMEDABAD,Shipment,1756.55,0.0,1,False,
2025-09-22,CN-53,SGOA360,B0FP9MWY9J,nan,1,0.0,Cancel,AHMEDABAD,Cancel,0.0,0.0,0,False,
2025-09-22,IN-394,SGOA360,B0FP9MWY9J,yantralay Screen Guard for DJI Osm o Action 360   HD Tempered Glass  Anti Scratch  Waterproof Film   Clear Protection for Action Camera Screen,1,-371.07,Refund,AHMEDABAD,Refund,-371.07,0.0,0,False,
2025-09-26,IN-485,GP162KIT,B0FQ5XM6M6,nan,1,0.0,Cancel,SHIRPUR,Cancel,0.0,0.0,0,False,
2025-09-25,BOM5-1509,GP10_RS4_STARTRC,B0DB1TQPH3,yantralay Portable Carrying Storage Case for DJ I Ronin RS4   RS4 Pro Gimbal EVA Handbag Travel Handheld Shoulder Bag  Grey,1,2849.0,Shipment,DIGRAS,Shipment,2849.0,0.0,1,False,
2025-09-26,BOM7-1767,PS5SLIM_DUSTCOVER,B0DWLGZ3DN,yantralay Neoprene Dust Proof Protective Waterproof Cover Sleeve Compatible with PS 5   PS 5 Slim Digital and Disc Edition Version  PS5 Slim,1,499.0,Shipment,HYDERABAD,Shipment,499.0,0.0,1,False,
2025-09-23,BOM5-1483,GP10_OM7P_STARTRC,B0F2J6Z8WT,yantralay Osmo Mobile 7P Case Portable PU Shoulder Bag for DJI OM 7 Pro 7 Gimbal Stabilizer Travel Case for DJI Osmo Mobile 7 7P,1,-1299.0,Refund,MALEGAON,Refund,-1299.0,0.0,0,False,
2025-09-26,BOM7-1768,ACFRAMEONEX5_AL,B0FJG46XCP,Yantralay Accessories for Insta 360 X5   Aluminum Frame Mount  Insta 360 X5 Accessories  X5 Aluminium Frame,1,3734.55,Shipment,kolkata,Shipment,3734.55,0.0,1,False,
2025-09-26,BOM5-1513,GP47-L_TLS,B0DJ9S3SY7,yantralay Camera Clamp Mount   360  Ball Joint Handlebar Holder for Go Pro Hero 13 12 11 10 9  Insta360 X4 X3 X2  ONE R RS  DJI Osmo Action 5 4 3   B,1,1699.0,Shipment,SILIGURI,Shipment,1699.0,0.0,1,False,
2025-09-26,IN-479,CG8,B0FRSTP83G,yantralay RGB Music Sync Light Bars with APP   Remote  Voice Sound Controlled LED Ambient Stand Lights  16M Colours   Various Modes for Home Party Gam,1,999.0,Shipment,MUMBAI,Shipment,999.0,0.0,1,False,
2025-09-26,BOM5-1515,GP10_RS4MINI_STARTRC,B0DZZFNDHP,yantralay Portable Carrying Storage Case for DJ I Ronin RS4Mini Gimbal EVA Handbag Travel Handheld Shoulder Bag  RS4MINI,1,2631.0,Shipment,BENGALURU,Shipment,2631.0,0.0,1,False,
2025-09-25,BOM7-1765,GP25_TRIPOD,B0FN8K885R,Yantralay 122cm Invisible Stick   Tripod Extension Monopod for Insta360 X5 X4 X3  ONE R RS  DJI Osmo Action Series   Lightweight Extendable Camera Acc,1,1538.05,Shipment,ARKI,Shipment,1538.05,0.0,1,False,
2025-09-26,BOM5-1514,GP47-L_TLS,B0DJ9S3SY7,yantralay Camera Clamp Mount   360  Ball Joint Handlebar Holder for Go Pro Hero 13 12 11 10 9  Insta360 X4 X3 X2  ONE R RS  DJI Osmo Action 5 4 3   B,1,1614.05,Shipment,SHIRPUR,Shipment,1614.05,0.0,1,False,
2025-09-25,IN-460,G300,B0FQ563CBQ,Yantralay Magnetic Wireless Selfie Screen   1080P Phone Vlog Display with Remote for Live Streaming   Recording  Compatible with iOS   Android,1,6999.0,Shipment,BENGALURU,Shipment,6999.0,0.0,1,False,
2025-09-26,IN-483,CG8,B0FRSTP83G,yantralay RGB Music Sync Light Bars with APP   Remote  Voice Sound Controlled LED Ambient Stand Lights  16M Colours   Various Modes for Home Party Gam,1,999.0,Shipment,CHENNAI,Shipment,999.0,0.0,1,False,
2025-09-26,IN-482,GP162KIT,B0FQ5XM6M6,Yantralay Helmet Chin Strap Mount Combo Kit with Smartphone Holder  Quick Release Buckle   Screw   Compatible with Hero 13 12 11 10  Insta360  DJ I Os,1,299.0,Shipment,HYDERABAD,Shipment,299.0,0.0,1,False,
2025-09-25,IN-470,INONEX5_COMBO1,B0FRSFPDVD,Yantralay Insta 360 ONE X5 Accessories Combo   Lens Guard  Silicone Lens Cap  Tempered Glass Screen Protector   Shockproof Camera Pouch Protective Kit,1,1999.0,Shipment,Mangaluru,Shipment,1999.0,0.0,1,False,
2025-09-26,IN-480,TY72_TUYU,B0FQ5XLZBY,yantralay Helmet Chin Mount with Removable Quick Release   Compatible with Hero 13 12 11 10 9  Insta 360 ONE X4 X3 X2  Ace Pro Pro 2  DJI Osm o Action,1,1099.0,Shipment,KHATAULI,Shipment,1099.0,0.0,1,False,
2025-09-25,IN-461,GP162KIT,B0FQ5XM6M6,Yantralay Helmet Chin Strap Mount Combo Kit with Smartphone Holder  Quick Release Buckle   Screw   Compatible with Hero 13 12 11 10  Insta360  DJ I Os,1,299.0,Shipment,NOIDA,Shipment,299.0,0.0,1,False,
2025-09-25,IN-465,GP162KIT,B0FQ5XM6M6,Yantralay Helmet Chin Strap Mount Combo Kit with Smartphone Holder  Quick Release Buckle   Screw   Compatible with Hero 13 12 11 10  Insta360  DJ I Os,1,299.0,Shipment,TIRUPPUR,Shipment,299.0,0.0,1,False,
2025-09-25,IN-476,GP162KIT,B0FQ5XM6M6,Yantralay Helmet Chin Strap Mount Combo Kit with Smartphone Holder  Quick Release Buckle   Screw   Compatible with Hero 13 12 11 10  Insta360  DJ I Os,1,299.0,Shipment,BENGALURU,Shipment,299.0,0.0,1,False,
2025-09-25,IN-469,GP28_ONEX5,B0FQBHNHVD,Yantralay Soft Silicone Camera Case Body Cover with Lens Cap for Insta 360  ONE X5   Shockproof  Anti Scratch  Precise Fit Protective Case for X5 Act,1,599.0,Shipment,THANE,Shipment,599.0,0.0,1,False,
2025-09-25,IN-474,GP1630,B0FQ5YBHD5,yantralay Motorcycle Helmet Chin Mount   Stable Adhesive Strap Holder for Hero 13 12 11 10 9  Insta 360 ONE X4 X3 X2  Ace Pro Pro 2  DJ I Osm o Action,1,1099.0,Shipment,COIMBATORE,Shipment,1099.0,0.0,1,False,
2025-09-25,IN-473,TY72_TUYU,B0FQ5XLZBY,yantralay Helmet Chin Mount with Removable Quick Release   Compatible with Hero 13 12 11 10 9  Insta 360 ONE X4 X3 X2  Ace Pro Pro 2  DJI Osm o Action,1,1099.0,Shipment,BENGALURU,Shipment,1099.0,0.0,1,False,
2025-09-25,IN-462,GP162KIT,B0FQ5XM6M6,Yantralay Helmet Chin Strap Mount Combo Kit with Smartphone Holder  Quick Release Buckle   Screw   Compatible with Hero 13 12 11 10  Insta360  DJ I Os,1,299.0,Shipment,BENGALURU,Shipment,299.0,0.0,1,False,
2025-09-25,IN-463,GP162KIT,B0FQ5XM6M6,Yantralay Helmet Chin Strap Mount Combo Kit with Smartphone Holder  Quick Release Buckle   Screw   Compatible with Hero 13 12 11 10  Insta360  DJ I Os,1,279.0,Shipment,HOSUR,Shipment,279.0,0.0,1,False,
2025-09-25,IN-472,LED_F02,B0FR8R829R,Yantralay Portable Mini Camera Flash Light  Rechargeable Speedlite with Built in Battery  6500K High CRI 96  External Flash for DSLR Cameras,1,1499.0,Shipment,LUCKNOW,Shipment,1499.0,0.0,1,False,
2025-09-25,IN-477,GP162KIT,B0FQ5XM6M6,Yantralay Helmet Chin Strap Mount Combo Kit with Smartphone Holder  Quick Release Buckle   Screw   Compatible with Hero 13 12 11 10  Insta360  DJ I Os,1,299.0,Shipment,HYDERABAD,Shipment,299.0,0.0,1,False,
2025-09-25,IN-468,GP162KIT,B0FQ5XM6M6,Yantralay Helmet Chin Strap Mount Combo Kit with Smartphone Holder  Quick Release Buckle   Screw   Compatible with Hero 13 12 11 10  Insta360  DJ I Os,1,299.0,Shipment,BENGALURU,Shipment,299.0,0.0,1,False,
2025-09-26,IN-487,GP52,B0FPXJH4ZL,Yantralay Smart Remote Control for Insta 360 Cameras   Wireless Accessory for Easy Shooting  Recording  and Mode Switching   Action Camera Remote Cont,1,2199.0,Shipment,RAICHUR,Shipment,2199.0,0.0,1,False,
2025-09-25,IN-475,GP162KIT,B0FQ5XM6M6,Yantralay Helmet Chin Strap Mount Combo Kit with Smartphone Holder  Quick Release Buckle   Screw   Compatible with Hero 13 12 11 10  Insta360  DJ I Os,1,299.0,Shipment,Chennai,Shipment,299.0,0.0,1,False,
2025-09-25,IN-464,GP162KIT,B0FQ5XM6M6,Yantralay Helmet Chin Strap Mount Combo Kit with Smartphone Holder  Quick Release Buckle   Screw   Compatible with Hero 13 12 11 10  Insta360  DJ I Os,1,299.0,Shipment,AHMEDABAD,Shipment,299.0,0.0,1,False,
2025-09-26,IN-481,GP250,B08LL95PQ6,Yantralay 3 in 1 Bullet Time Bundle Invisible Stick with Foldable Tripod Extension Monopod Rod for Insta360   Compatible with X5 X4 X3 X2  ONER RS Act,1,2049.0,Shipment,HYDERABAD,Shipment,2049.0,0.0,1,False,
2025-09-26,IN-484,TY72_TUYU,B0FQ5XLZBY,yantralay Helmet Chin Mount with Removable Quick Release   Compatible with Hero 13 12 11 10 9  Insta 360 ONE X4 X3 X2  Ace Pro Pro 2  DJI Osm o Action,1,1099.0,Shipment,MANAMADURAI,Shipment,1099.0,0.0,1,False,
2025-09-26,IN-478,GP162KIT,B0FQ5XM6M6,Yantralay Helmet Chin Strap Mount Combo Kit with Smartphone Holder  Quick Release Buckle   Screw   Compatible with Hero 13 12 11 10  Insta360  DJ I Os,1,299.0,Shipment,CHENNAI,Shipment,299.0,0.0,1,False,
2025-09-25,IN-466,GP162KIT,B0FQ5XM6M6,Yantralay Helmet Chin Strap Mount Combo Kit with Smartphone Holder  Quick Release Buckle   Screw   Compatible with Hero 13 12 11 10  Insta360  DJ I Os,1,299.0,Shipment,HYDERABAD,Shipment,299.0,0.0,1,False,
2025-09-25,BOM5-1508,PS5_CC1_GREY,B0BRJMPHKL,yantralay PS5 Carrying Case Bag for PS5 Console Gamepad  Controller  Headset  VR Play Station Accessories   Travel Bag   Grey,1,2449.0,Shipment,IMPHAL,Shipment,2449.0,0.0,1,False,
2025-09-26,BOM7-1769,GP47-L_TLSNK,B0BBVGXFZ2,Camera Bike Mount Motorcycle Handlebar Clamp Holder for GoPro Insta360 Accessories  TELESIN 360    Rotating Bicycle Cycling Attachment Accessory for,1,1849.0,Shipment,MUMBAI,Shipment,1849.0,0.0,1,False,
2025-09-25,BOM7-1766,GP46-L,B0F91GCRP4,yantralay Double Clamp Mount Bracket with 1 4  Ball Head for Go Pro 13 12 11  Insta 360 X5 X4 X3 Handlebar  Motorcycle  Bicycle  Selfie Stick  Studio,1,0.0,FreeReplacement,MUMBAI,FreeReplacement,0.0,0.0,0,True,
2025-09-26,BOM7-1777,GP47-L_TLSNK,B0BBVGXFZ2,Camera Bike Mount Motorcycle Handlebar Clamp Holder for GoPro Insta360 Accessories  TELESIN 360    Rotating Bicycle Cycling Attachment Accessory for,1,1756.55,Shipment,New Delhi,Shipment,1756.55,0.0,1,False,
2025-09-26,BOM7-1772,GP12,B0D7BZ38X8,yantralay Aluminium Car Suction Mount 360  Rotatable for Insta 360 X5 X4 X3 X2  Ace Pro ONE R RS  Hero 13 12 11 10 9 8 7  DJI Osmo Action Series   Al,1,1262.0,Shipment,KANTABANJi,Shipment,1262.0,0.0,1,False,
2025-09-26,BOM7-1776,PS1,B0BJBL1XBS,yantralay Polyester Dual Controller Hard Carry Case Compatible With Ps5 Ps4 Xbox Ipega Controllers   3 Layer Protection Travel Carry Case   Grey,1,805.6,Shipment,NAVI MUMBAI,Shipment,805.6,0.0,1,False,
2025-09-26,BOM5-1512,PS10_PS5PORTAL,B0DVT5SJD2,yantralay Hard Carrying Protective Case for Play Station Portal for PS5 Portal Console  Storage Case Only,1,999.0,Shipment,GURUGRAM,Shipment,999.0,0.0,1,False,
2025-09-19,IN-336,GP162KIT,B0FQ5XM6M6,Yantralay Helmet Chin Strap Mount Combo Kit with Smartphone Holder  Quick Release Buckle   Screw   Compatible with Hero 13 12 11 10  Insta360  DJ I Os,1,-299.0,Refund,PUTHUKKAD,Refund,-299.0,0.0,0,False,
2025-09-26,BOM7-1770,GP46-L,B0F91GCRP4,yantralay Double Clamp Mount Bracket with 1 4  Ball Head for Go Pro 13 12 11  Insta 360 X5 X4 X3 Handlebar  Motorcycle  Bicycle  Selfie Stick  Studio,1,1899.0,Shipment,CHENNAI,Shipment,1899.0,0.0,1,False,
2025-09-16,IN-310,GP162KIT,B0FQ5XM6M6,Yantralay Helmet Chin Strap Mount Combo Kit with Smartphone Holder  Quick Release Buckle   Screw   Compatible with Hero 13 12 11 10  Insta360  DJ I Os,1,-299.0,Refund,LUCKNOW,Refund,-299.0,0.0,0,False,
2025-09-26,BOM5-1518,GP28COMBO1_H13,B0DHYCQR66,nan,1,0.0,Cancel,MUMBAI,Cancel,0.0,0.0,0,False,
2025-09-26,BOM7-1780,ACFRAMEONEX5_AL,B0FJG46XCP,Yantralay Accessories for Insta 360 X5   Aluminum Frame Mount  Insta 360 X5 Accessories  X5 Aluminium Frame,1,3598.17,Shipment,PUNE,Shipment,3598.17,0.0,1,False,
2025-09-26,BOM7-1780,ACCHARGERONEX5_3_AMG,B0FKYRJB8C,Yantralay Charging Case for Insta 360 X5   3 Battery Charger Hub with Intelligent Fast Charging  Automatic Pop Up Lid  Simultaneous Charging Station f,1,1394.07,Shipment,PUNE,Shipment,1394.07,0.0,1,False,
2025-09-22,IN-390,GP162KIT,B0FQ5XM6M6,Yantralay Helmet Chin Strap Mount Combo Kit with Smartphone Holder  Quick Release Buckle   Screw   Compatible with Hero 13 12 11 10  Insta360  DJ I Os,1,-299.0,Refund,KOLHAPUR,Refund,-299.0,0.0,0,False,
2025-09-26,BOM7-1778,GP1620_TLS,B08S7D4LKH,yantralay Upgraded Helmet Chin Strap Mount for Hero 13 12 11 10 9 8 7 6 5  SJCAM  Insta 360   DJI Osmo Action 3   4   Adjustable   Secure Camera Moun,1,1141.0,Shipment,NEW DELHI,Shipment,1141.0,0.0,1,False,
2025-09-26,BOM5-1519,PS1,B0BJBL1XBS,yantralay Polyester Dual Controller Hard Carry Case Compatible With Ps5 Ps4 Xbox Ipega Controllers   3 Layer Protection Travel Carry Case   Grey,1,848.0,Shipment,GONDIYA,Shipment,848.0,0.0,1,False,
2025-09-26,BOM7-1787,GP47-L_TLSNK,B0BBVGXFZ2,Camera Bike Mount Motorcycle Handlebar Clamp Holder for GoPro Insta360 Accessories  TELESIN 360    Rotating Bicycle Cycling Attachment Accessory for,1,1849.0,Shipment,GWALIOR,Shipment,1849.0,0.0,1,False,
2025-09-26,BOM5-1518,GP28COMBO1_H13,B0DHYCQR66,Yantralay Silicone Lanyard Sleeve Protective Cover   6PCS Tempered Glass Screen Guard with Silicone Lens Cover Compatible with GoPro Hero 9 Black Acti,1,613.7,Shipment,MUMBAI,Shipment,613.7,0.0,1,False,
2025-09-26,BOM7-1779,GP12,B0D7BZ38X8,yantralay Aluminium Car Suction Mount 360  Rotatable for Insta 360 X5 X4 X3 X2  Ace Pro ONE R RS  Hero 13 12 11 10 9 8 7  DJI Osmo Action Series   Al,1,1198.9,Shipment,PUNE,Shipment,1198.9,0.0,1,False,
2025-09-26,BOM5-1521,GP10KIT_H9_GP18,B0FDBGBJVT,yantralay 63 in 1 Action Camera Accessories Kit for Go Pro Hero 13 12 11 10 9   Waterproof Housing  Silicone Case  3 Way Arm  Head Chest Wrist Strap,1,2564.05,Shipment,THANE,Shipment,2564.05,0.0,1,False,
2025-09-26,BOM7-1771,GP46-M_GP46-S_GP25_150CMS,B0F99WWGGT,yantralay Motorcycle Handlebar Clamp Kit with Dual Clamp Mounts   Invisible Selfie Stick for Insta 360 X4 X3 X2 One RS GO 3   Bike Action Camera Mount,1,3999.0,Shipment,AHMEDABAD,Shipment,3999.0,0.0,1,False,
2025-09-26,BOM5-1511,SGOLED2,B0FDQL7DFH,yantralay Tempered Glass Screen Protector for Nintendo Switch 2  2025    Ultra Thin HD Clear Film Guard with Rounded Edges for 7 9 Inch Display  1 Pac,1,474.05,Shipment,SRINAGAR,Shipment,474.05,0.0,1,False,
2025-09-26,BOM5-1520,GP10_ONEX4_STARTRC,B0DDXP86FQ,yantralay x Startr c Carrying Case for Insta 360 X4 X5  Portable PU Storage Protective Bag Travel Case for Insta 360 X4 X5 Accessories with Large Capa,1,1515.25,Shipment,THANE,Shipment,1515.25,0.0,1,False,
2025-09-26,BOM7-1783,PS5_CC1_GREY,B0BRJMPHKL,yantralay PS5 Carrying Case Bag for PS5 Console Gamepad  Controller  Headset  VR Play Station Accessories   Travel Bag   Grey,1,2326.55,Shipment,Navi Mumbai,Shipment,2326.55,0.0,1,False,
2025-09-26,BOM5-1517,DA34,B0DQQ96VMF,yantralay Handheld Adapter for Wireless Interview with Foam Windshield   Reduce Wind Noise  Compatible with Digite k DWM 101  DJI MIC MIC2  Rode Rode,1,646.95,Shipment,SHORAPUR,Shipment,646.95,0.0,1,False,
2025-09-26,BOM7-1781,ND_ACEPRO2,B0F83RJN9W,Yantralay ND Filter Set Pack of 4 CPL   ND8   ND16   ND32 Compatible for Insta 360 Ace Pro 2 Camera Lens Filter Kit   Includes ND  Polarizing Filters,1,2799.0,Shipment,CHAVAKKAD,Shipment,2799.0,0.0,1,False,
2025-09-26,BOM7-1785,LGONEX4,B0F7RT4HGJ,yantralay 2Pcs Lens Guard for Insta 360 X4 Camera Lens Protector Scratch Resistant Protective Lens Cover High Transparency Optical Coated Cap Insta 36,1,799.0,Shipment,MANGALURU,Shipment,799.0,0.0,1,False,
2025-09-26,BOM5-1516,GP28COMBO1_H13,B0DHYCQR66,Yantralay Silicone Lanyard Sleeve Protective Cover   6PCS Tempered Glass Screen Guard with Silicone Lens Cover Compatible with GoPro Hero 9 Black Acti,1,613.7,Shipment,ROHA ASHTAMI,Shipment,613.7,0.0,1,False,
2025-09-26,BOM7-1788,LGONEX4,B0F7RT4HGJ,yantralay 2Pcs Lens Guard for Insta 360 X4 Camera Lens Protector Scratch Resistant Protective Lens Cover High Transparency Optical Coated Cap Insta 36,1,799.0,Shipment,KOLKATA,Shipment,799.0,0.0,1,False,
2025-09-26,BOM7-1777,GP47-L_TLSNK,B0BBVGXFZ2,Camera Bike Mount Motorcycle Handlebar Clamp Holder for GoPro Insta360 Accessories  TELESIN 360    Rotating Bicycle Cycling Attachment Accessory for,1,-1756.55,Refund,New Delhi,Refund,-1756.55,0.0,0,False,
2025-09-26,BOM7-1773,LGONEX4,B0F7RT4HGJ,yantralay 2Pcs Lens Guard for Insta 360 X4 Camera Lens Protector Scratch Resistant Protective Lens Cover High Transparency Optical Coated Cap Insta 36,1,799.0,Shipment,JUNAGARH,Shipment,799.0,0.0,1,False,
2025-09-26,BOM7-1786,LGONEX4,B0F7RT4HGJ,yantralay 2Pcs Lens Guard for Insta 360 X4 Camera Lens Protector Scratch Resistant Protective Lens Cover High Transparency Optical Coated Cap Insta 36,1,799.0,Shipment,Dhanbad,Shipment,799.0,0.0,1,False,
2025-09-26,BOM7-1790,SHOTGRIP_TLSN,B0F66YYCTQ,Magnetic Phone Camera Grip  Smartphone Shooting Holder Selfie Handle Snap with Wireless Shutter Button Remote for iPhone 16 15 14 13 12 Pro Max Androi,1,2449.0,Shipment,AURANGABAD,Shipment,2449.0,0.0,1,False,
2025-09-26,BOM7-1784,GP12,B0D7BZ38X8,yantralay Aluminium Car Suction Mount 360  Rotatable for Insta 360 X5 X4 X3 X2  Ace Pro ONE R RS  Hero 13 12 11 10 9 8 7  DJI Osmo Action Series   Al,1,1198.9,Shipment,BENGALURU,Shipment,1198.9,0.0,1,False,
2025-09-26,BOM7-1775,GP47-L_TLSNK,B0BBVGXFZ2,Camera Bike Mount Motorcycle Handlebar Clamp Holder for GoPro Insta360 Accessories  TELESIN 360    Rotating Bicycle Cycling Attachment Accessory for,1,1849.0,Shipment,ROHA ASHTAMI,Shipment,1849.0,0.0,1,False,
2025-09-26,BOM7-1774,LGONEX4,B0F7RT4HGJ,yantralay 2Pcs Lens Guard for Insta 360 X4 Camera Lens Protector Scratch Resistant Protective Lens Cover High Transparency Optical Coated Cap Insta 36,1,799.0,Shipment,Sedam,Shipment,799.0,0.0,1,False,
2025-09-27,NAN,GP1630,B0FQ5YBHD5,nan,1,0.0,Cancel,AKLUJ,Cancel,0.0,0.0,0,False,
2025-09-22,BOM5-1468,PS5_CC1_BLACK,B0BRJM4R9Q,yantralay PS 5 Carrying Case Bag for PS5 Console Gamepad  Controller  Headset  VR Play Statio n Accessories   Travel Bag   Black,1,-2326.55,Refund,Navi Mumbai,Refund,-2326.55,0.0,0,False,
2025-09-21,BOM5-1465,PS5_CC1_GREY,B0BRJMPHKL,yantralay PS5 Carrying Case Bag for PS5 Console Gamepad  Controller  Headset  VR Play Station Accessories   Travel Bag   Grey,1,-2449.0,Refund,PALI,Refund,-2449.0,0.0,0,False,
2025-09-27,BOM7-1791,GP47-L_TLSNK,B0BBVGXFZ2,Camera Bike Mount Motorcycle Handlebar Clamp Holder for GoPro Insta360 Accessories  TELESIN 360    Rotating Bicycle Cycling Attachment Accessory for,1,1849.0,Shipment,PUNE,Shipment,1849.0,0.0,1,False,
2025-09-26,PNQ3-578,GP49,B0D456N4QM,yantralay Motorcycle Bike Bicycle Handlebar Mount Clamps with 1 4  Screw Compatible 8 35mm for Gopro Hero 13 12 11 10 9 Max Insta360 ONE X5 X4 X3  ONE,1,901.55,Shipment,Panjim,Shipment,901.55,0.0,1,False,
2025-09-26,BOM7-1789,PS10_PS5PORTALCOMBO,B0DF2Z2X1Q,yantralay 6 in 1 Hard Carrying Case with Protective Cover for Play Station 5 Portal  Non Slip Soft Case Cover   Screen Protectors   Thumb Grips for PS,1,1867.7,Shipment,MUMBAI,Shipment,1867.7,0.0,1,False,
2025-09-26,BOM5-1522,GP10_OM7_STARTRCN,B0DXPYBSMM,STARTRC PHOTO PU Osmo Mobile 7P Case Portable Shoulder Bag for Dji OM 7 Pro 7 Gimbal Stabilizer Travel Case for DJI Osmo Mobile 7 7P Accessories  Grey,1,1899.0,Shipment,Kanpur,Shipment,1899.0,0.0,1,False,
2025-09-18,BOM5-1436,PS5_CC1_BLACK,B0BRJM4R9Q,yantralay PS 5 Carrying Case Bag for PS5 Console Gamepad  Controller  Headset  VR Play Statio n Accessories   Travel Bag   Black,1,-2449.0,Refund,NEW DELHI,Refund,-2449.0,0.0,0,False,
2025-09-27,BOM7-1792,GP1620_TLS,B08S7D4LKH,yantralay Upgraded Helmet Chin Strap Mount for Hero 13 12 11 10 9 8 7 6 5  SJCAM  Insta 360   DJI Osmo Action 3   4   Adjustable   Secure Camera Moun,1,1141.0,Shipment,LUCKNOW,Shipment,1141.0,0.0,1,False,
2025-09-27,BOM7-1797,GP12,B0D7BZ38X8,nan,1,0.0,Cancel,Cherthala,Cancel,0.0,0.0,0,False,
2025-09-27,BOM5-1527,GP29XL,B0CP43L2M2,yantralay Car Suction Mount with Rotatable Ball Head   Compatible with Insta ONE X3 X2  ONE R RS  Insta Ace Ace pro  Hero 13 12 11 10  DJI Osmo Action,1,1221.0,Shipment,BENGALURU,Shipment,1221.0,0.0,1,False,
2025-09-27,BOM5-1524,ACFRAMEOP3_PL_VRIG,B0DDQ7BWNC,yantralay Phone Holder for DJI Osmo Pocket 3  Vlogging Camera Expansion Bracket  Adjustable Adapter Frame  Live Streaming Accessories,1,1110.55,Shipment,GREATER NOIDA WEST,Shipment,1110.55,0.0,1,False,
2025-09-27,BOM7-1793,ACCHARGERONEX5_3_AMG,B0FKYRJB8C,Yantralay Charging Case for Insta 360 X5   3 Battery Charger Hub with Intelligent Fast Charging  Automatic Pop Up Lid  Simultaneous Charging Station f,1,1424.05,Shipment,MUMBAI,Shipment,1424.05,0.0,1,False,
2025-09-27,BOM5-1525,GP46-S,B0F91G6H93,yantralay Double Clamp Mount Bracket with 1 4  Ball Head for GoPro  Insta 360 X2 X3  Action Cameras   Handlebar  Motorcycle  Bicycle  Selfie Stick  St,1,1614.05,Shipment,GURUGRAM,Shipment,1614.05,0.0,1,False,
2025-09-27,IN-508,GP162KIT,B0FQ5XM6M6,yantralay Helmet Chin Strap Mount Combo Kit with Smartphone Holder  Quick Release Buckle   Screw   Compatible with Hero 13 12 11 10  Insta360  DJ I Os,1,299.0,Shipment,BHUBANESWAR,Shipment,299.0,0.0,1,False,
2025-09-27,IN-503,GP1630,B0FQ5YBHD5,yantralay Motorcycle Helmet Chin Mount   Stable Adhesive Strap Holder for Hero 13 12 11 10 9  Insta 360 ONE X4 X3 X2  Ace Pro Pro 2  DJ I Osm o Action,1,1099.0,Shipment,AKLUJ,Shipment,1099.0,0.0,1,False,
2025-09-27,IN-505,GP162KIT,B0FQ5XM6M6,yantralay Helmet Chin Strap Mount Combo Kit with Smartphone Holder  Quick Release Buckle   Screw   Compatible with Hero 13 12 11 10  Insta360  DJ I Os,1,299.0,Shipment,RUDRAPUR,Shipment,299.0,0.0,1,False,
2025-09-26,IN-498,LED_F02,B0FR8R829R,Yantralay Portable Mini Camera Flash Light  Rechargeable Speedlite with Built in Battery  6500K High CRI 96  External Flash for DSLR Cameras,1,1499.0,Shipment,KANNIYAKUMARI,Shipment,1499.0,0.0,1,False,
2025-09-26,IN-499,LGOA360,B0FP9LYYWR,yantralay Lens Guard for DJI Osmo 360 Camera   Waterproof Dustproof Snap On Lens Protective Cover  Easy Installation  Osm o Action 360 Accessories,1,1169.0,Shipment,BENGALURU,Shipment,1169.0,0.0,1,False,
2025-09-26,IN-495,GP162KIT,B0FQ5XM6M6,yantralay Helmet Chin Strap Mount Combo Kit with Smartphone Holder  Quick Release Buckle   Screw   Compatible with Hero 13 12 11 10  Insta360  DJ I Os,1,299.0,Shipment,LUCKNOW,Shipment,299.0,0.0,1,False,
2025-09-27,IN-506,GP162KIT,B0FQ5XM6M6,yantralay Helmet Chin Strap Mount Combo Kit with Smartphone Holder  Quick Release Buckle   Screw   Compatible with Hero 13 12 11 10  Insta360  DJ I Os,1,299.0,Shipment,Rewari,Shipment,299.0,0.0,1,False,
2025-09-23,IN-432,GP162KIT,B0FQ5XM6M6,Yantralay Helmet Chin Strap Mount Combo Kit with Smartphone Holder  Quick Release Buckle   Screw   Compatible with Hero 13 12 11 10  Insta360  DJ I Os,1,299.0,Shipment,Budgam,Shipment,299.0,0.0,1,False,
2025-09-27,IN-510,GP162KIT,B0FQ5XM6M6,yantralay Helmet Chin Strap Mount Combo Kit with Smartphone Holder  Quick Release Buckle   Screw   Compatible with Hero 13 12 11 10  Insta360  DJ I Os,1,299.0,Shipment,AURANGABAD,Shipment,299.0,0.0,1,False,
2025-09-27,IN-504,GP162KIT,B0FQ5XM6M6,yantralay Helmet Chin Strap Mount Combo Kit with Smartphone Holder  Quick Release Buckle   Screw   Compatible with Hero 13 12 11 10  Insta360  DJ I Os,1,299.0,Shipment,MUMBAI,Shipment,299.0,0.0,1,False,
2025-09-26,IN-494,GP162KIT,B0FQ5XM6M6,Yantralay Helmet Chin Strap Mount Combo Kit with Smartphone Holder  Quick Release Buckle   Screw   Compatible with Hero 13 12 11 10  Insta360  DJ I Os,1,299.0,Shipment,SIROHI,Shipment,299.0,0.0,1,False,
2025-09-26,IN-496,GP162KIT,B0FQ5XM6M6,yantralay Helmet Chin Strap Mount Combo Kit with Smartphone Holder  Quick Release Buckle   Screw   Compatible with Hero 13 12 11 10  Insta360  DJ I Os,1,299.0,Shipment,Mysuru,Shipment,299.0,0.0,1,False,
2025-09-26,IN-489,GP162KIT,B0FQ5XM6M6,Yantralay Helmet Chin Strap Mount Combo Kit with Smartphone Holder  Quick Release Buckle   Screw   Compatible with Hero 13 12 11 10  Insta360  DJ I Os,1,299.0,Shipment,BENGALURU,Shipment,299.0,0.0,1,False,
2025-09-26,IN-490,GP162KIT,B0FQ5XM6M6,Yantralay Helmet Chin Strap Mount Combo Kit with Smartphone Holder  Quick Release Buckle   Screw   Compatible with Hero 13 12 11 10  Insta360  DJ I Os,1,299.0,Shipment,JAIPUR,Shipment,299.0,0.0,1,False,
2025-09-27,IN-509,DA24_1110073_STARTRC,B0FRGCWWYS,Yantralay Drone Landing Pad Pro 50cm Foldable Waterproof Octagonal Mat for Mini  Air  Phantom  FPV Racing Drones   Portable Safe Landing Accessory,1,1999.0,Shipment,COIMBATORE,Shipment,1999.0,0.0,1,False,
2025-09-26,IN-486,TY72_TUYU,B0FQ5XLZBY,yantralay Helmet Chin Mount with Removable Quick Release   Compatible with Hero 13 12 11 10 9  Insta 360 ONE X4 X3 X2  Ace Pro Pro 2  DJI Osm o Action,1,1099.0,Shipment,BENGALURU,Shipment,1099.0,0.0,1,False,
2025-09-26,IN-497,LGOA360,B0FP9LYYWR,yantralay Lens Guard for DJI Osmo 360 Camera   Waterproof Dustproof Snap On Lens Protective Cover  Easy Installation  Osm o Action 360 Accessories,1,1169.0,Shipment,VADODARA,Shipment,1169.0,0.0,1,False,
2025-09-26,IN-493,GP1630,B0FQ5YBHD5,yantralay Motorcycle Helmet Chin Mount   Stable Adhesive Strap Holder for Hero 13 12 11 10 9  Insta 360 ONE X4 X3 X2  Ace Pro Pro 2  DJ I Osm o Action,1,1099.0,Shipment,Ahmedabad,Shipment,1099.0,0.0,1,False,
2025-09-26,IN-500,LED_F02,B0FR8R829R,Yantralay Portable Mini Camera Flash Light  Rechargeable Speedlite with Built in Battery  6500K High CRI 96  External Flash for DSLR Cameras,1,1499.0,Shipment,Kolkata,Shipment,1499.0,0.0,1,False,
2025-09-26,IN-488,GP52,B0FPXJH4ZL,Yantralay Smart Remote Control for Insta 360 Cameras   Wireless Accessory for Easy Shooting  Recording  and Mode Switching   Action Camera Remote Cont,1,2199.0,Shipment,CHENNAI   600058,Shipment,2199.0,0.0,1,False,
2025-09-26,IN-492,LGOA360,B0FP9LYYWR,yantralay Lens Guard for DJI Osmo 360 Camera   Waterproof Dustproof Snap On Lens Protective Cover  Easy Installation  Osm o Action 360 Accessories,2,2174.34,Shipment,CHENNAI,Shipment,2174.34,0.0,2,False,
2025-09-26,IN-492,SGOA360,B0FP9MWY9J,yantralay Screen Guard for DJI Osm o Action 360   HD Tempered Glass  Anti Scratch  Waterproof Film   Clear Protection for Action Camera Screen,2,742.14,Shipment,CHENNAI,Shipment,742.14,0.0,2,False,
2025-09-27,IN-514,GP162KIT,B0FQ5XM6M6,nan,1,0.0,Cancel,BHATGAON  Sarangarh Bilaigarh,Cancel,0.0,0.0,0,False,
2025-09-27,BOM5-1526,GP10_ONEX4_STARTRC,B0DDXP86FQ,yantralay x Startr c Carrying Case for Insta 360 X4 X5  Portable PU Storage Protective Bag Travel Case for Insta 360 X4 X5 Accessories with Large Capa,1,1515.25,Shipment,MUMBAI,Shipment,1515.25,0.0,1,False,
2025-09-26,BOM5-1523,PS5_CC1_BLACK,B0BRJM4R9Q,yantralay PS 5 Carrying Case Bag for PS5 Console Gamepad  Controller  Headset  VR Play Statio n Accessories   Travel Bag   Black,1,2326.55,Shipment,KALYAN,Shipment,2326.55,0.0,1,False,
2025-09-27,IN-507,HC10_MAVIC4PRO_STARTRC,B0FQV7JJWH,yantralay Portable Storage Hard Case for D JI Mavic 4 Pro Drone Accessories  Waterproof Carrying Bag with All in One Travel Kit  Durable ABS Material,1,9999.0,Shipment,COIMBATORE,Shipment,9999.0,0.0,1,False,
2025-09-27,BOM7-1803,GP12,B0D7BZ38X8,yantralay Aluminium Car Suction Mount 360  Rotatable for Insta 360 X5 X4 X3 X2  Ace Pro ONE R RS  Hero 13 12 11 10 9 8 7  DJI Osmo Action Series   Al,1,1198.9,Shipment,Cherthala,Shipment,1198.9,0.0,1,False,
2025-09-26,BOM7-1782,PS5_CC1_GREY,B0BRJMPHKL,yantralay PS5 Carrying Case Bag for PS5 Console Gamepad  Controller  Headset  VR Play Station Accessories   Travel Bag   Grey,1,2449.0,Shipment,BENGALURU,Shipment,2449.0,0.0,1,False,
2025-09-17,IN-324,GP162KIT,B0FQ5XM6M6,Yantralay Helmet Chin Strap Mount Combo Kit with Smartphone Holder  Quick Release Buckle   Screw   Compatible with Hero 13 12 11 10  Insta360  DJ I Os,1,-299.0,Refund,KARORAN,Refund,-299.0,0.0,0,False,
2025-09-27,BOM7-1804,PS2_WHITE,B0C46XWQRT,yantralay Controller Gamepad Carry Case   Ultimate Protection Compatible for PS5 PS4 PS3 Switch Pro Xbox Joysticks Waterproof  Scratch Protection  Dur,1,549.0,Shipment,UJJAIN,Shipment,549.0,0.0,1,False,
2025-09-22,IN-376,GP162KIT,B0FQ5XM6M6,Yantralay Helmet Chin Strap Mount Combo Kit with Smartphone Holder  Quick Release Buckle   Screw   Compatible with Hero 13 12 11 10  Insta360  DJ I Os,1,-299.0,Refund,BENGALURU,Refund,-299.0,0.0,0,False,
2025-09-26,IN-484,TY72_TUYU,B0FQ5XLZBY,yantralay Helmet Chin Mount with Removable Quick Release   Compatible with Hero 13 12 11 10 9  Insta 360 ONE X4 X3 X2  Ace Pro Pro 2  DJI Osm o Action,1,-1099.0,Refund,MANAMADURAI,Refund,-1099.0,0.0,0,False,
2025-09-27,BOM7-1802,LGONEX4,B0F7RT4HGJ,yantralay 2Pcs Lens Guard for Insta 360 X4 Camera Lens Protector Scratch Resistant Protective Lens Cover High Transparency Optical Coated Cap Insta 36,1,799.0,Shipment,DIBRUGARH,Shipment,799.0,0.0,1,False,
2025-09-27,BOM7-1794,GP28COMBO1_H13,B0DHYCQR66,Yantralay Silicone Lanyard Sleeve Protective Cover   6PCS Tempered Glass Screen Guard with Silicone Lens Cover Compatible with GoPro Hero 9 Black Acti,1,613.7,Shipment,DEHRADUND,Shipment,613.7,0.0,1,False,
2025-09-27,BOM7-1795,GP46-M_GP46-S_GP25_150CMS,B0F99WWGGT,yantralay Motorcycle Handlebar Clamp Kit with Dual Clamp Mounts   Invisible Selfie Stick for Insta 360 X4 X3 X2 One RS GO 3   Bike Action Camera Mount,1,3873.0,Shipment,Hyderabad,Shipment,3873.0,0.0,1,False,
2025-09-27,BOM7-1805,GP47-M,B0F91SSVW8,yantralay Action Camera Handlebar Mount with 360  Dual Ball Head   Super Clamp for Go Pro  Insta 360  Mobile  Bike  Motorcycle   Universal Quick Rele,1,1799.0,Shipment,PIMPRI,Shipment,1799.0,0.0,1,False,
2025-09-27,BOM7-1800,GP10_OM7P_STARTRC,B0F2J6Z8WT,yantralay Osmo Mobile 7P Case Portable PU Shoulder Bag for DJI OM 7 Pro 7 Gimbal Stabilizer Travel Case for DJI Osmo Mobile 7 7P,1,1234.05,Shipment,AURANGABAD,Shipment,1234.05,0.0,1,False,
2025-09-27,BOM7-1807,GP28_H13,B0DHYDQL5V,Yantralay Silicone Lanyard Sleeve Protective Cover   6PCS Tempered Glass Screen Guard with Silicone Lens Cover Compatible with Go Pro Hero 9 Black Act,1,0.0,FreeReplacement,Shiroda,FreeReplacement,0.0,0.0,0,True,
2025-09-27,BOM7-1796,LED_M42,B0FCXVRGTD,Yantralay M42 Magnetic Double Sided LED Fill Light for iPhone 16 15 14   Dual Color  180  Adjustable Selfie Light with Mirror for Makeup  Vlogging  C,1,1709.05,Shipment,BENGALURU,Shipment,1709.05,0.0,1,False,
2025-09-28,IN-527,GP162KIT,B0FQ5XM6M6,nan,1,0.0,Cancel,Aurangabad,Cancel,0.0,0.0,0,False,
2025-09-27,BOM7-1798,G301_STAND,B0FQ5BVVPC,Yantralay Magnetic Vlog Selfie Monitor with Stand   1080P HD Wireless Phone Display for iPhone   Android  Perfect for Live Streaming   Vlogging,1,7999.0,Shipment,THIRUVALLA,Shipment,7999.0,0.0,1,False,
2025-09-27,BOM5-1528,GP10_ONEX4_STARTRC,B0DDXP86FQ,yantralay x Startr c Carrying Case for Insta 360 X4 X5  Portable PU Storage Protective Bag Travel Case for Insta 360 X4 X5 Accessories with Large Capa,1,1595.0,Shipment,PIMPRI CHINCHWAD,Shipment,1595.0,0.0,1,False,
2025-09-25,IN-460,G300,B0FQ563CBQ,Yantralay Magnetic Wireless Selfie Screen   1080P Phone Vlog Display with Remote for Live Streaming   Recording  Compatible with iOS   Android,1,-6999.0,Refund,BENGALURU,Refund,-6999.0,0.0,0,False,
2025-09-27,BOM5-1529,PS_CDRACK-BLUE,B0DWY1M5G4,yantralay Game Storage Tower for PS5 Xbox Series   Holds 18 Game Discs with 4 Controller Holders   Gaming Desk Organizer   Stand  Blue,1,1623.55,Shipment,PUNE,Shipment,1623.55,0.0,1,False,
2025-09-27,BOM7-1799,GP12,B0D7BZ38X8,yantralay Aluminium Car Suction Mount 360  Rotatable for Insta 360 X5 X4 X3 X2  Ace Pro ONE R RS  Hero 13 12 11 10 9 8 7  DJI Osmo Action Series   Al,1,1198.9,Shipment,NEYVELI,Shipment,1198.9,0.0,1,False,
2025-09-23,IN-422,SGOA360,B0FP9MWY9J,yantralay Screen Guard for DJI Osm o Action 360   HD Tempered Glass  Anti Scratch  Waterproof Film   Clear Protection for Action Camera Screen,1,-399.0,Refund,MUMBAI,Refund,-399.0,0.0,0,False,
2025-09-21,IN-361,GP162KIT,B0FQ5XM6M6,Yantralay Helmet Chin Strap Mount Combo Kit with Smartphone Holder  Quick Release Buckle   Screw   Compatible with Hero 13 12 11 10  Insta360  DJ I Os,1,-299.0,Refund,BHIWADI,Refund,-299.0,0.0,0,False,
2025-09-28,BOM7-1809,ACCHARGERONEX5_3_AMG,B0FKYRJB8C,Yantralay Charging Case for Insta 360 X5   3 Battery Charger Hub with Intelligent Fast Charging  Automatic Pop Up Lid  Simultaneous Charging Station f,1,1424.05,Shipment,NEDUMANGAD,Shipment,1424.05,0.0,1,False,
2025-09-27,BOM7-1806,IN1_AL,B0D4536M61,yantralay 4 in 1 Motorcycle Mount Bundle with Unicorn Helmet Extension Arm Adhesive Kit Compatible for Insta360 One X5 X4 X3 X2  ONE R RS  Hero 13 12,1,2149.0,Shipment,ICHALKARANJI,Shipment,2149.0,0.0,1,False,
2025-09-28,BOM7-1811,GP28COMBO1_H13,B0DHYCQR66,Yantralay Silicone Lanyard Sleeve Protective Cover   6PCS Tempered Glass Screen Guard with Silicone Lens Cover Compatible with GoPro Hero 9 Black Acti,1,646.0,Shipment,Nainital,Shipment,646.0,0.0,1,False,
2025-09-23,IN-412,GP162KIT,B0FQ5XM6M6,Yantralay Helmet Chin Strap Mount Combo Kit with Smartphone Holder  Quick Release Buckle   Screw   Compatible with Hero 13 12 11 10  Insta360  DJ I Os,1,-299.0,Refund,New Town,Refund,-299.0,0.0,0,False,
2025-09-28,BOM7-1810,GP1620_TLS,B08S7D4LKH,yantralay Upgraded Helmet Chin Strap Mount for Hero 13 12 11 10 9 8 7 6 5  SJCAM  Insta 360   DJI Osmo Action 3   4   Adjustable   Secure Camera Moun,1,1141.0,Shipment,New Delhi,Shipment,1141.0,0.0,1,False,
2025-09-28,BOM7-1815,ACFRAMEOP3_PL_VRIG,B0DDQ7BWNC,yantralay Phone Holder for DJI Osmo Pocket 3  Vlogging Camera Expansion Bracket  Adjustable Adapter Frame  Live Streaming Accessories,1,1169.0,Shipment,HYDERABAD,Shipment,1169.0,0.0,1,False,
2025-09-28,BOM7-1817,GP47-L_TLSNK,B0BBVGXFZ2,nan,1,0.0,Cancel,URAN,Cancel,0.0,0.0,0,False,
2025-09-28,BOM5-1531,GP46-S,B0F91G6H93,yantralay Double Clamp Mount Bracket with 1 4  Ball Head for GoPro  Insta 360 X2 X3  Action Cameras   Handlebar  Motorcycle  Bicycle  Selfie Stick  St,1,1614.05,Shipment,PIMPRI CHINCHWAD,Shipment,1614.05,0.0,1,False,
2025-09-28,BOM5-1531,GP46-L_TUYU,B0FCYK5XW1,yantralay All Aluminium Dual Clamp Mount with 1 4  Ball Head   Heavy Duty Aluminium Bracket for Go Pro 13 12 11  Insta 360 X5 X4 X3  Bike Handlebar  M,1,2469.05,Shipment,PIMPRI CHINCHWAD,Shipment,2469.05,0.0,1,False,
2025-09-28,PNQ3-579,SGOLED2,B0FDQL7DFH,yantralay Tempered Glass Screen Protector for Nintendo Switch 2  2025    Ultra Thin HD Clear Film Guard with Rounded Edges for 7 9 Inch Display  1 Pac,1,499.0,Shipment,Beeramguda  Hyderabad,Shipment,499.0,0.0,1,False,
2025-09-28,IN-532,GP162KIT,B0FQ5XM6M6,nan,1,0.0,Cancel,Dhanbad,Cancel,0.0,0.0,0,False,
2025-09-28,BOM7-1814,GP12,B0D7BZ38X8,nan,1,0.0,Cancel,IMPHAL,Cancel,0.0,0.0,0,False,
2025-09-28,BOM5-1532,DA31,B0CGDMJ882,Yantralay DSLR Battery Pouch   Portable Waterproof Bag for lp e6 e8 e10 e12 en el14 el15 fw50 f550 Batteries   Convenient Access Design   Compact and,1,474.05,Shipment,GHAZIABAD,Shipment,474.05,0.0,1,False,
2025-09-28,IN-535,GP162KIT,B0FQ5XM6M6,nan,1,0.0,Cancel,PUNE,Cancel,0.0,0.0,0,False,
2025-09-20,BOM7-1666,ND_H13_TLS,B0DWT75YDS,Yantralay ND Filter Set Compatible with GoPro Hero13 Circular Polarizing Filters with 3PCS Neutral Density for GoPro Hero 13 Accessories  CPL ND8 ND16,1,-2754.05,Refund,JAIPUR,Refund,-2754.05,0.0,0,False,
2025-09-28,BOM7-1816,GP12,B0D7BZ38X8,yantralay Aluminium Car Suction Mount 360  Rotatable for Insta 360 X5 X4 X3 X2  Ace Pro ONE R RS  Hero 13 12 11 10 9 8 7  DJI Osmo Action Series   Al,1,1262.0,Shipment,BENGALURU,Shipment,1262.0,0.0,1,False,
2025-09-28,BOM7-1819,GP12,B0D7BZ38X8,yantralay Aluminium Car Suction Mount 360  Rotatable for Insta 360 X5 X4 X3 X2  Ace Pro ONE R RS  Hero 13 12 11 10 9 8 7  DJI Osmo Action Series   Al,1,1198.9,Shipment,Tiruttani,Shipment,1198.9,0.0,1,False,
2025-09-28,BOM7-1818,GP47-L_TLSNK,B0BBVGXFZ2,Camera Bike Mount Motorcycle Handlebar Clamp Holder for GoPro Insta360 Accessories  TELESIN 360    Rotating Bicycle Cycling Attachment Accessory for,1,1849.0,Shipment,URAN,Shipment,1849.0,0.0,1,False,
2025-09-28,BOM7-1812,TY98_TUYU,B0F7RP62NV,yantralay Motorcycle Windshield Mounting Clamp Aluminum Mount for Insta 360 X5 X4 X3  Go Pro Hero 13 12 11 10 9  D J I Action 5 Pro  4 3 Action Camera,1,1766.07,Shipment,MUMBAI,Shipment,1766.07,0.0,1,False,
2025-09-28,BOM7-1812,GP12,B0D7BZ38X8,yantralay Aluminium Car Suction Mount 360  Rotatable for Insta 360 X5 X4 X3 X2  Ace Pro ONE R RS  Hero 13 12 11 10 9 8 7  DJI Osmo Action Series   Al,1,1173.66,Shipment,MUMBAI,Shipment,1173.66,0.0,1,False,
2025-09-28,BOM7-1812,LM_ACEPRO,B0F98Z5NKW,yantralay Magnetic Quick Release Mount for Insta 360 X5 Ace pro2 Ace pro  Lightweight Tripod Adapter   Action Camera Mounting Accessory for Ace Pro Ac,1,1208.07,Shipment,MUMBAI,Shipment,1208.07,0.0,1,False,
2025-09-28,PNQ3-580,ACCASEONEX4,B0DZZC8YJV,Yantralay Invisible Dive Case for Insta360 X4   Waterproof Diving Housing Cover  Protective PC Sealed Shell with Bracket for Underwater Photography,1,5509.05,Shipment,PUNE,Shipment,5509.05,0.0,1,False,
2025-09-28,BOM7-1820,ACFRAMEOP3_PL_VRIG,B0DDQ7BWNC,yantralay Phone Holder for DJI Osmo Pocket 3  Vlogging Camera Expansion Bracket  Adjustable Adapter Frame  Live Streaming Accessories,1,1110.55,Shipment,NEW DELHI,Shipment,1110.55,0.0,1,False,
2025-09-27,BOM7-1801,LGONEX4,B0F7RT4HGJ,nan,1,0.0,Cancel,AGARTALA,Cancel,0.0,0.0,0,False,
2025-09-24,BOM7-1741,GP25_TRIPOD,B0FN8K885R,Yantralay 122cm Invisible Stick   Tripod Extension Monopod for Insta360 X5 X4 X3  ONE R RS  DJI Osmo Action Series   Lightweight Extendable Camera Acc,1,-1538.05,Refund,Nashik,Refund,-1538.05,0.0,0,False,
2025-09-23,IN-407,ACFRAMEONEX4_HZ_AL,B0DZZ6M6F2,yantralay Horizontal Vertical Mount Bracket for Insta360 ONE X4   90  Aluminum Vertical Frame Adapter  Durable   Lightweight Insta360 X4 Accessory fo,1,-1699.0,Refund,MATHURA,Refund,-1699.0,0.0,0,False,
2025-09-28,BOM5-1536,TY72_TUYU,B0FQ5XLZBY,yantralay Helmet Chin Mount with Removable Quick Release   Compatible with Hero 13 12 11 10 9  Insta 360 ONE X4 X3 X2  Ace Pro Pro 2  DJI Osm o Action,1,1099.0,Shipment,Bengaluru,Shipment,1099.0,0.0,1,False,
2025-09-28,PNQ3-581,IN_MICMOUNT_X4,B0DZJQ8F1R,yantralay External Microphone Aluminium Auxiliary Mount Compatible With Insta 360 X4 X3 X2  Insta 360 Camera Accessories,1,1398.0,Shipment,PUNE,Shipment,1398.0,0.0,1,False,
2025-09-28,IN-533,GP162KIT,B0FQ5XM6M6,nan,1,0.0,Cancel,Darhiyal,Cancel,0.0,0.0,0,False,
2025-09-28,BOM5-1535,IN28_X5,B0F9KX96CY,yantralay Insta 360 X4 X5 Camera Mount Stand Base   Silicone Non Slip Desktop Bracket for Insta 360 X4   X5   Lightweight  Compact   Stable,1,489.0,Shipment,Bengaluru,Shipment,489.0,0.0,1,False,
2025-09-28,BOM5-1534,GP46-M_GP46-S_GP25_150CMS,B0F99WWGGT,yantralay Motorcycle Handlebar Clamp Kit with Dual Clamp Mounts   Invisible Selfie Stick for Insta 360 X4 X3 X2 One RS GO 3   Bike Action Camera Mount,1,3679.35,Shipment,NEW DELHI,Shipment,3679.35,0.0,1,False,
2025-09-28,BOM5-1533,LCONEX3,B0CQ6C5255,yantralay Silicone Protective Lens Cap for Insta 360 ONE X3 Camera   Dust Proof  Scratch Proof  Lightweight Design   Easy to Carry   Reliable Accessor,1,499.0,Shipment,LUCKNOW,Shipment,499.0,0.0,1,False,
2025-09-28,BOM7-1821,GP12,B0D7BZ38X8,yantralay Aluminium Car Suction Mount 360  Rotatable for Insta 360 X5 X4 X3 X2  Ace Pro ONE R RS  Hero 13 12 11 10 9 8 7  DJI Osmo Action Series   Al,1,1198.9,Shipment,IMPHAL,Shipment,1198.9,0.0,1,False,
2025-09-28,BOM7-1822,G301_STAND,B0FQ5BVVPC,Yantralay Magnetic Vlog Selfie Monitor with Stand   1080P HD Wireless Phone Display for iPhone   Android  Perfect for Live Streaming   Vlogging,1,7999.0,Shipment,BENGALURU,Shipment,7999.0,0.0,1,False,
2025-09-29,BOM5-1537,LGONEX4,B0F7RT4HGJ,yantralay 2Pcs Lens Guard for Insta 360 X4 Camera Lens Protector Scratch Resistant Protective Lens Cover High Transparency Optical Coated Cap Insta 36,1,775.03,Shipment,AGARTALA,Shipment,775.03,0.0,1,False,
2025-09-24,BOM7-1733,LGONEX4,B0F7RT4HGJ,yantralay 2Pcs Lens Guard for Insta 360 X4 Camera Lens Protector Scratch Resistant Protective Lens Cover High Transparency Optical Coated Cap Insta 36,1,-799.0,Refund,GURGAON,Refund,-799.0,0.0,0,False,
2025-09-29,BOM5-1538,IN28_ONEX5,B0FLQG8YZR,Yantralay Soft Silicone Desktop Stand for Insta 360 X5   Non Slip Base Camera Holder Mount   Scratch Resistant Protective Desk Stand for Home  Studio,1,549.0,Shipment,HYDERABAD,Shipment,549.0,0.0,1,False,
2025-09-29,BOM5-1540,TY72_TUYU,B0FQ5XLZBY,yantralay Helmet Chin Mount with Removable Quick Release   Compatible with Hero 13 12 11 10 9  Insta 360 ONE X4 X3 X2  Ace Pro Pro 2  DJI Osm o Action,1,1099.0,Shipment,THANE,Shipment,1099.0,0.0,1,False,
2025-09-29,BOM7-1823,GP12,B0D7BZ38X8,yantralay Aluminium Car Suction Mount 360  Rotatable for Insta 360 X5 X4 X3 X2  Ace Pro ONE R RS  Hero 13 12 11 10 9 8 7  DJI Osmo Action Series   Al,1,1198.9,Shipment,CHENNAI,Shipment,1198.9,0.0,1,False,
2025-09-28,BOM7-1813,PS_CDRACK-BLUE,B0DWY1M5G4,yantralay Game Storage Tower for PS5 Xbox Series   Holds 18 Game Discs with 4 Controller Holders   Gaming Desk Organizer   Stand  Blue,1,1709.0,Shipment,Chennai,Shipment,1709.0,0.0,1,False,
2025-09-27,IN-523,HC10_MAVIC4PRO_STARTRC,B0FQV7JJWH,yantralay Portable Storage Hard Case for D JI Mavic 4 Pro Drone Accessories  Waterproof Carrying Bag with All in One Travel Kit  Durable ABS Material,1,9999.0,Shipment,NAVI MUMBAI,Shipment,9999.0,0.0,1,False,
2025-09-27,IN-515,GP162KIT,B0FQ5XM6M6,yantralay Helmet Chin Strap Mount Combo Kit with Smartphone Holder  Quick Release Buckle   Screw   Compatible with Hero 13 12 11 10  Insta360  DJ I Os,1,299.0,Shipment,HYDERABAD,Shipment,299.0,0.0,1,False,
2025-09-27,IN-516,GP162KIT,B0FQ5XM6M6,yantralay Helmet Chin Strap Mount Combo Kit with Smartphone Holder  Quick Release Buckle   Screw   Compatible with Hero 13 12 11 10  Insta360  DJ I Os,1,299.0,Shipment,SECUNDERABAD,Shipment,299.0,0.0,1,False,
2025-09-26,IN-501,GP162KIT,B0FQ5XM6M6,yantralay Helmet Chin Strap Mount Combo Kit with Smartphone Holder  Quick Release Buckle   Screw   Compatible with Hero 13 12 11 10  Insta360  DJ I Os,1,299.0,Shipment,THANE,Shipment,299.0,0.0,1,False,
2025-09-27,IN-512,GP162KIT,B0FQ5XM6M6,yantralay Helmet Chin Strap Mount Combo Kit with Smartphone Holder  Quick Release Buckle   Screw   Compatible with Hero 13 12 11 10  Insta360  DJ I Os,1,299.0,Shipment,JALANDHAR,Shipment,299.0,0.0,1,False,
2025-09-29,PNQ3-583,GP53,B0FQPG3GG2,nan,1,0.0,Cancel,BENGALURU,Cancel,0.0,0.0,0,False,
2025-09-27,IN-513,GP162KIT,B0FQ5XM6M6,yantralay Helmet Chin Strap Mount Combo Kit with Smartphone Holder  Quick Release Buckle   Screw   Compatible with Hero 13 12 11 10  Insta360  DJ I Os,1,299.0,Shipment,PURNIA,Shipment,299.0,0.0,1,False,
2025-09-27,IN-518,LGOA360,B0FP9LYYWR,yantralay Lens Guard for DJI Osmo 360 Camera   Waterproof Dustproof Snap On Lens Protective Cover  Easy Installation  Osm o Action 360 Accessories,1,1110.55,Shipment,NAVI MUMBAI,Shipment,1110.55,0.0,1,False,
2025-09-27,IN-517,GP162KIT,B0FQ5XM6M6,yantralay Helmet Chin Strap Mount Combo Kit with Smartphone Holder  Quick Release Buckle   Screw   Compatible with Hero 13 12 11 10  Insta360  DJ I Os,1,299.0,Shipment,NEW DELHI,Shipment,299.0,0.0,1,False,
2025-09-27,IN-514,GP162KIT,B0FQ5XM6M6,yantralay Helmet Chin Strap Mount Combo Kit with Smartphone Holder  Quick Release Buckle   Screw   Compatible with Hero 13 12 11 10  Insta360  DJ I Os,1,299.0,Shipment,BHATGAON  Sarangarh Bilaigarh,Shipment,299.0,0.0,1,False,
2025-09-29,BOM7-1824,ACFRAMEOP3_PL_VRIG,B0DDQ7BWNC,yantralay Phone Holder for DJI Osmo Pocket 3  Vlogging Camera Expansion Bracket  Adjustable Adapter Frame  Live Streaming Accessories,1,1169.0,Shipment,SILIGURI,Shipment,1169.0,0.0,1,False,
2025-09-29,BOM5-1539,GP47-L_TLSNK,B0BBVGXFZ2,Camera Bike Mount Motorcycle Handlebar Clamp Holder for GoPro Insta360 Accessories  TELESIN 360    Rotating Bicycle Cycling Attachment Accessory for,1,1849.0,Shipment,KOPPAL,Shipment,1849.0,0.0,1,False,
2025-09-29,PNQ3-584,GP28_H13,B0DHYDQL5V,Yantralay Silicone Lanyard Sleeve Protective Cover   6PCS Tempered Glass Screen Guard with Silicone Lens Cover Compatible with Go Pro Hero 9 Black Act,1,0.0,FreeReplacement,HYDERABAD,FreeReplacement,0.0,0.0,0,True,
2025-09-29,BOM7-1827,GP12,B0D7BZ38X8,yantralay Aluminium Car Suction Mount 360  Rotatable for Insta 360 X5 X4 X3 X2  Ace Pro ONE R RS  Hero 13 12 11 10 9 8 7  DJI Osmo Action Series   Al,1,1262.0,Shipment,JAIPUR,Shipment,1262.0,0.0,1,False,
2025-09-29,BOM5-1542,GP10_RS4MINI_STARTRC,B0DZZFNDHP,yantralay Portable Carrying Storage Case for DJ I Ronin RS4Mini Gimbal EVA Handbag Travel Handheld Shoulder Bag  RS4MINI,1,2631.0,Shipment,MUMBAI,Shipment,2631.0,0.0,1,False,
2025-09-26,BOM7-1779,GP12,B0D7BZ38X8,yantralay Aluminium Car Suction Mount 360  Rotatable for Insta 360 X5 X4 X3 X2  Ace Pro ONE R RS  Hero 13 12 11 10 9 8 7  DJI Osmo Action Series   Al,1,-1198.9,Refund,PUNE,Refund,-1198.9,0.0,0,False,
2025-09-29,BOM5-1543,GP10_OM7_STARTRCN,B0DXPYBSMM,STARTRC PHOTO PU Osmo Mobile 7P Case Portable Shoulder Bag for Dji OM 7 Pro 7 Gimbal Stabilizer Travel Case for DJI Osmo Mobile 7 7P Accessories  Grey,1,1804.05,Shipment,MUMBAI,Shipment,1804.05,0.0,1,False,
2025-09-29,BOM5-1541,GP10_ONEX4_STARTRC,B0DDXP86FQ,yantralay x Startr c Carrying Case for Insta 360 X4 X5  Portable PU Storage Protective Bag Travel Case for Insta 360 X4 X5 Accessories with Large Capa,1,1595.0,Shipment,MUMBAI,Shipment,1595.0,0.0,1,False,
2025-09-29,BOM7-1830,GP46-M_GP46-S_GP25_150CMS,B0F99WWGGT,yantralay Motorcycle Handlebar Clamp Kit with Dual Clamp Mounts   Invisible Selfie Stick for Insta 360 X4 X3 X2 One RS GO 3   Bike Action Camera Mount,1,3679.35,Shipment,Pune,Shipment,3679.35,0.0,1,False,
2025-09-29,BOM7-1831,PS5_CC1_GREY,B0BRJMPHKL,yantralay PS5 Carrying Case Bag for PS5 Console Gamepad  Controller  Headset  VR Play Station Accessories   Travel Bag   Grey,1,2449.0,Shipment,Vasai Virar,Shipment,2449.0,0.0,1,False,
2025-09-29,BOM7-1832,DA31,B0CGDMJ882,Yantralay DSLR Battery Pouch   Portable Waterproof Bag for lp e6 e8 e10 e12 en el14 el15 fw50 f550 Batteries   Convenient Access Design   Compact and,1,499.0,Shipment,MUMBAI,Shipment,499.0,0.0,1,False,
2025-09-23,IN-427,SGOA360,B0FP9MWY9J,yantralay Screen Guard for DJI Osm o Action 360   HD Tempered Glass  Anti Scratch  Waterproof Film   Clear Protection for Action Camera Screen,1,-399.0,Refund,VIJAYAWADA,Refund,-399.0,0.0,0,False,
2025-09-29,BOM7-1833,PS2_BLUE,B0BL1H24P4,yantralay Controller Gamepad Carry Case   Ultimate Protection Compatible for PS5 PS4 PS3 Switch Pro Xbox Joysticks Waterproof  Scratch Protection  Dur,1,474.05,Shipment,Mumbai,Shipment,474.05,0.0,1,False,
2025-09-29,BOM7-1826,ACFRAMEONEX5_AL,B0FJG46XCP,Yantralay Accessories for Insta 360 X5   Aluminum Frame Mount  Insta 360 X5 Accessories  X5 Aluminium Frame,1,3752.93,Shipment,Mumbai,Shipment,3752.93,0.0,1,False,
2025-09-29,BOM5-1544,GP46-S,B0F91G6H93,yantralay Double Clamp Mount Bracket with 1 4  Ball Head for GoPro  Insta 360 X2 X3  Action Cameras   Handlebar  Motorcycle  Bicycle  Selfie Stick  St,1,1614.05,Shipment,NAVI MUMBAI,Shipment,1614.05,0.0,1,False,
2025-09-29,BOM7-1834,PS10_PS5PORTALCOMBO,B0DF2Z2X1Q,yantralay 6 in 1 Hard Carrying Case with Protective Cover for Play Station 5 Portal  Non Slip Soft Case Cover   Screen Protectors   Thumb Grips for PS,1,1867.7,Shipment,AHMEDABAD,Shipment,1867.7,0.0,1,False,
2025-09-27,BOM7-1802,LGONEX4,B0F7RT4HGJ,yantralay 2Pcs Lens Guard for Insta 360 X4 Camera Lens Protector Scratch Resistant Protective Lens Cover High Transparency Optical Coated Cap Insta 36,1,-799.0,Refund,DIBRUGARH,Refund,-799.0,0.0,0,False,
2025-09-29,PNQ3-582,GP10_OM7P_STARTRC,B0F2J6Z8WT,yantralay Osmo Mobile 7P Case Portable PU Shoulder Bag for DJI OM 7 Pro 7 Gimbal Stabilizer Travel Case for DJI Osmo Mobile 7 7P,1,1234.05,Shipment,GAYA,Shipment,1234.05,0.0,1,False,
2025-09-30,BOM7-1835,GP10_OM6_SLF,B0BWWQDCY7,yantralay Polyester Carry Case For Dji Osmo Mobile 6  Om6 Gimbal Accessories   Premium Pu Shockproof Material  Dual Zipper  Portable   Lightweight Har,1,901.55,Shipment,SIRSA,Shipment,901.55,0.0,1,False,
2025-09-29,BOM5-1545,GP10_RS4MINI_STARTRC,B0DZZFNDHP,yantralay Portable Carrying Storage Case for DJ I Ronin RS4Mini Gimbal EVA Handbag Travel Handheld Shoulder Bag  RS4MINI,1,2631.0,Shipment,BENGALURU,Shipment,2631.0,0.0,1,False,
2025-09-30,BOM7-1838,PS_CDRACK-BLACK,B0DWXZ4PH8,yantralay Game Storage Tower for PS5 Xbox Series   Holds 18 Game Discs with 4 Controller Holders   Gaming Desk Organizer   Stand   Black,1,1709.0,Shipment,ROHTAK,Shipment,1709.0,0.0,1,False,
2025-09-30,BOM5-1546,IN_MICMOUNT_X4,B0DZJQ8F1R,yantralay External Microphone Aluminium Auxiliary Mount Compatible With Insta 360 X4 X3 X2  Insta 360 Camera Accessories,1,1398.0,Shipment,PIMPRI CHINCHWAD,Shipment,1398.0,0.0,1,False,
2025-09-30,BOM7-1837,GP28COMBO1_H13,B0DHYCQR66,Yantralay Silicone Lanyard Sleeve Protective Cover   6PCS Tempered Glass Screen Guard with Silicone Lens Cover Compatible with GoPro Hero 9 Black Acti,1,613.7,Shipment,SHIMLA,Shipment,613.7,0.0,1,False,
2025-09-30,NAN,PS5_CC1_GREY,B0BRJMPHKL,nan,1,0.0,Cancel,KORATAGERE,Cancel,0.0,0.0,0,False,
2025-09-30,BOM5-1548,GP25_TRIPOD,B0FN8K885R,Yantralay 122cm Invisible Stick   Tripod Extension Monopod for Insta360 X5 X4 X3  ONE R RS  DJI Osmo Action Series   Lightweight Extendable Camera Acc,1,1538.05,Shipment,PUNE,Shipment,1538.05,0.0,1,False,
2025-09-30,PNQ3-585,TY72_TUYU,B0FQ5XLZBY,nan,1,0.0,Cancel,KADODARA,Cancel,0.0,0.0,0,False,
2025-09-28,IN-534,GP162KIT,B0FQ5XM6M6,yantralay Helmet Chin Strap Mount Combo Kit with Smartphone Holder  Quick Release Buckle   Screw   Compatible with Hero 13 12 11 10  Insta360  DJ I Os,1,299.0,Shipment,SIKAR,Shipment,299.0,0.0,1,False,
2025-09-28,IN-543,GP162KIT,B0FQ5XM6M6,yantralay Helmet Chin Strap Mount Combo Kit with Smartphone Holder  Quick Release Buckle   Screw   Compatible with Hero 13 12 11 10  Insta360  DJ I Os,1,299.0,Shipment,Pawapuri,Shipment,299.0,0.0,1,False,
2025-09-28,IN-542,LED_F02,B0FR8R829R,Yantralay Portable Mini Camera Flash Light  Rechargeable Speedlite with Built in Battery  6500K High CRI 96  External Flash for DSLR Cameras,1,1849.0,Shipment,PANIPAT,Shipment,1849.0,0.0,1,False,
2025-09-28,IN-531,GP162KIT,B0FQ5XM6M6,yantralay Helmet Chin Strap Mount Combo Kit with Smartphone Holder  Quick Release Buckle   Screw   Compatible with Hero 13 12 11 10  Insta360  DJ I Os,1,299.0,Shipment,BENGALURU,Shipment,299.0,0.0,1,False,
2025-09-28,IN-541,GP162KIT,B0FQ5XM6M6,yantralay Helmet Chin Strap Mount Combo Kit with Smartphone Holder  Quick Release Buckle   Screw   Compatible with Hero 13 12 11 10  Insta360  DJ I Os,1,299.0,Shipment,VASAI VIRAR,Shipment,299.0,0.0,1,False,
2025-09-28,IN-536,GP162KIT,B0FQ5XM6M6,yantralay Helmet Chin Strap Mount Combo Kit with Smartphone Holder  Quick Release Buckle   Screw   Compatible with Hero 13 12 11 10  Insta360  DJ I Os,1,299.0,Shipment,Hyderabad,Shipment,299.0,0.0,1,False,
2025-09-27,IN-520,GP162KIT,B0FQ5XM6M6,yantralay Helmet Chin Strap Mount Combo Kit with Smartphone Holder  Quick Release Buckle   Screw   Compatible with Hero 13 12 11 10  Insta360  DJ I Os,1,299.0,Shipment,NALAGARH,Shipment,299.0,0.0,1,False,
2025-09-27,IN-521,MS_P3-FS-01_TLS,B0FPR3MF8C,yantralay Magnetic Tablet Floor Stand  Aluminum Alloy Phone Holder Stand for Video Recording  Overhead Bed Sofa Phone Mount Height Adjustable Ultra St,1,0.0,FreeReplacement,New Delhi,FreeReplacement,0.0,0.0,0,True,
2025-09-28,IN-528,GP162KIT,B0FQ5XM6M6,yantralay Helmet Chin Strap Mount Combo Kit with Smartphone Holder  Quick Release Buckle   Screw   Compatible with Hero 13 12 11 10  Insta360  DJ I Os,1,299.0,Shipment,Solan,Shipment,299.0,0.0,1,False,
2025-09-29,IN-545,GP162KIT,B0FQ5XM6M6,yantralay Helmet Chin Strap Mount Combo Kit with Smartphone Holder  Quick Release Buckle   Screw   Compatible with Hero 13 12 11 10  Insta360  DJ I Os,1,299.0,Shipment,SERCHHIP,Shipment,299.0,0.0,1,False,
2025-09-28,IN-529,GP162KIT,B0FQ5XM6M6,yantralay Helmet Chin Strap Mount Combo Kit with Smartphone Holder  Quick Release Buckle   Screw   Compatible with Hero 13 12 11 10  Insta360  DJ I Os,1,299.0,Shipment,DEHRADUN,Shipment,299.0,0.0,1,False,
2025-09-29,IN-546,GP162KIT,B0FQ5XM6M6,yantralay Helmet Chin Strap Mount Combo Kit with Smartphone Holder  Quick Release Buckle   Screw   Compatible with Hero 13 12 11 10  Insta360  DJ I Os,1,299.0,Shipment,MUMBAI,Shipment,299.0,0.0,1,False,
2025-09-28,IN-526,GP162KIT,B0FQ5XM6M6,yantralay Helmet Chin Strap Mount Combo Kit with Smartphone Holder  Quick Release Buckle   Screw   Compatible with Hero 13 12 11 10  Insta360  DJ I Os,1,299.0,Shipment,UDUPI,Shipment,299.0,0.0,1,False,
2025-09-29,IN-548,SGOA360,B0FP9MWY9J,yantralay Screen Guard for DJI Osm o Action 360   HD Tempered Glass  Anti Scratch  Waterproof Film   Clear Protection for Action Camera Screen,1,399.0,Shipment,HARNAUT,Shipment,399.0,0.0,1,False,
2025-09-30,IN-554,SGOA360,B0FP9MWY9J,yantralay Screen Guard for DJI Osm o Action 360   HD Tempered Glass  Anti Scratch  Waterproof Film   Clear Protection for Action Camera Screen,1,399.0,Shipment,CHENNAI,Shipment,399.0,0.0,1,False,
2025-09-28,IN-537,GP162KIT,B0FQ5XM6M6,yantralay Helmet Chin Strap Mount Combo Kit with Smartphone Holder  Quick Release Buckle   Screw   Compatible with Hero 13 12 11 10  Insta360  DJ I Os,1,299.0,Shipment,chelavoor,Shipment,299.0,0.0,1,False,
2025-09-29,IN-551,ACFRAMEOA360_AL,B0FP9RC1HB,Yantralay Metal Frame Camera Cage with Silicone Lens Protector for DJI Osm o Action 360   Aluminium Protective Cage with 1 4  Threaded Hole   Cold Sho,1,3999.0,Shipment,MADURAI,Shipment,3999.0,0.0,1,False,
2025-09-27,IN-525,GP162KIT,B0FQ5XM6M6,yantralay Helmet Chin Strap Mount Combo Kit with Smartphone Holder  Quick Release Buckle   Screw   Compatible with Hero 13 12 11 10  Insta360  DJ I Os,1,299.0,Shipment,CUTTACK,Shipment,299.0,0.0,1,False,
2025-09-28,IN-539,GP28_ONEX5,B0FQBHNHVD,Yantralay Soft Silicone Camera Case Body Cover with Lens Cap for Insta 360  ONE X5   Shockproof  Anti Scratch  Precise Fit Protective Case for X5 Act,1,599.0,Shipment,NAVI MUMBAI,Shipment,599.0,0.0,1,False,
2025-09-28,IN-540,GP162KIT,B0FQ5XM6M6,yantralay Helmet Chin Strap Mount Combo Kit with Smartphone Holder  Quick Release Buckle   Screw   Compatible with Hero 13 12 11 10  Insta360  DJ I Os,1,299.0,Shipment,Dombivali,Shipment,299.0,0.0,1,False,
2025-09-27,IN-524,ACFRAMEOA360_AL,B0FP9RC1HB,Yantralay Metal Frame Camera Cage with Silicone Lens Protector for DJI Osm o Action 360   Aluminium Protective Cage with 1 4  Threaded Hole   Cold Sho,1,3879.03,Shipment,HAORA,Shipment,3879.03,0.0,1,False,
2025-09-30,IN-553,ACFRAMEOA360_AL,B0FP9RC1HB,Yantralay Metal Frame Camera Cage with Silicone Lens Protector for DJI Osm o Action 360   Aluminium Protective Cage with 1 4  Threaded Hole   Cold Sho,1,3999.0,Shipment,Prayagraj,Shipment,3999.0,0.0,1,False,
2025-09-28,IN-530,GP162KIT,B0FQ5XM6M6,yantralay Helmet Chin Strap Mount Combo Kit with Smartphone Holder  Quick Release Buckle   Screw   Compatible with Hero 13 12 11 10  Insta360  DJ I Os,1,299.0,Shipment,KOTA,Shipment,299.0,0.0,1,False,
2025-09-29,IN-547,GP162KIT,B0FQ5XM6M6,yantralay Helmet Chin Strap Mount Combo Kit with Smartphone Holder  Quick Release Buckle   Screw   Compatible with Hero 13 12 11 10  Insta360  DJ I Os,2,580.06,Shipment,BENGALURU,Shipment,580.06,0.0,2,False,
2025-09-30,IN-552,ACFRAMEOA360_AL,B0FP9RC1HB,Yantralay Metal Frame Camera Cage with Silicone Lens Protector for DJI Osm o Action 360   Aluminium Protective Cage with 1 4  Threaded Hole   Cold Sho,1,3999.0,Shipment,BENGALURU,Shipment,3999.0,0.0,1,False,
2025-09-28,IN-544,SGOA360,B0FP9MWY9J,yantralay Screen Guard for DJI Osm o Action 360   HD Tempered Glass  Anti Scratch  Waterproof Film   Clear Protection for Action Camera Screen,1,399.0,Shipment,New Delhi,Shipment,399.0,0.0,1,False,
2025-09-27,IN-522,LED_F02,B0FR8R829R,Yantralay Portable Mini Camera Flash Light  Rechargeable Speedlite with Built in Battery  6500K High CRI 96  External Flash for DSLR Cameras,1,1499.0,Shipment,KALYANI,Shipment,1499.0,0.0,1,False,
2025-09-28,IN-538,GP162KIT,B0FQ5XM6M6,yantralay Helmet Chin Strap Mount Combo Kit with Smartphone Holder  Quick Release Buckle   Screw   Compatible with Hero 13 12 11 10  Insta360  DJ I Os,1,299.0,Shipment,NALGONDA,Shipment,299.0,0.0,1,False,
2025-09-28,IN-527,GP162KIT,B0FQ5XM6M6,yantralay Helmet Chin Strap Mount Combo Kit with Smartphone Holder  Quick Release Buckle   Screw   Compatible with Hero 13 12 11 10  Insta360  DJ I Os,1,299.0,Shipment,Aurangabad,Shipment,299.0,0.0,1,False,
2025-09-29,BOM7-1825,GP47-L_TLSNK,B0BBVGXFZ2,Camera Bike Mount Motorcycle Handlebar Clamp Holder for GoPro Insta360 Accessories  TELESIN 360    Rotating Bicycle Cycling Attachment Accessory for,1,1849.0,Shipment,PUNE,Shipment,1849.0,0.0,1,False,
2025-09-30,BOM7-1836,PS5_CC1_GREY,B0BRJMPHKL,yantralay PS5 Carrying Case Bag for PS5 Console Gamepad  Controller  Headset  VR Play Station Accessories   Travel Bag   Grey,1,2449.0,Shipment,THANE,Shipment,2449.0,0.0,1,False,
2025-09-30,BOM5-1550,GP10_ONEX4_STARTRC,B0DDXP86FQ,yantralay x Startr c Carrying Case for Insta 360 X4 X5  Portable PU Storage Protective Bag Travel Case for Insta 360 X4 X5 Accessories with Large Capa,1,1595.0,Shipment,Mumbai Suburban,Shipment,1595.0,0.0,1,False,
2025-09-28,PNQ3-579,SGOLED2,B0FDQL7DFH,yantralay Tempered Glass Screen Protector for Nintendo Switch 2  2025    Ultra Thin HD Clear Film Guard with Rounded Edges for 7 9 Inch Display  1 Pac,1,-499.0,Refund,Beeramguda  Hyderabad,Refund,-499.0,0.0,0,False,
2025-09-25,IN-473,TY72_TUYU,B0FQ5XLZBY,yantralay Helmet Chin Mount with Removable Quick Release   Compatible with Hero 13 12 11 10 9  Insta 360 ONE X4 X3 X2  Ace Pro Pro 2  DJI Osm o Action,1,-1099.0,Refund,BENGALURU,Refund,-1099.0,0.0,0,False,
2025-09-30,BOM7-1840,PS5SLIM_DUSTCOVER,B0DWLGZ3DN,yantralay Neoprene Dust Proof Protective Waterproof Cover Sleeve Compatible with PS 5   PS 5 Slim Digital and Disc Edition Version  PS5 Slim,1,499.0,Shipment,TALEGAON MIDC,Shipment,499.0,0.0,1,False,
2025-09-30,BOM5-1553,PS1,B0BJBL1XBS,yantralay Polyester Dual Controller Hard Carry Case Compatible With Ps5 Ps4 Xbox Ipega Controllers   3 Layer Protection Travel Carry Case   Grey,1,805.6,Shipment,Mumbai,Shipment,805.6,0.0,1,False,
2025-09-30,BOM5-1554,GP10_OM7P_STARTRC,B0F2J6Z8WT,yantralay Osmo Mobile 7P Case Portable PU Shoulder Bag for DJI OM 7 Pro 7 Gimbal Stabilizer Travel Case for DJI Osmo Mobile 7 7P,1,1234.05,Shipment,SANCHORE,Shipment,1234.05,0.0,1,False,
2025-09-30,BOM7-1844,GP12,B0D7BZ38X8,yantralay Aluminium Car Suction Mount 360  Rotatable for Insta 360 X5 X4 X3 X2  Ace Pro ONE R RS  Hero 13 12 11 10 9 8 7  DJI Osmo Action Series   Al,1,1262.0,Shipment,GREATER NOIDA,Shipment,1262.0,0.0,1,False,
2025-09-30,BOM7-1845,GP46-M_GP46-S_GP25_150CMS,B0F99WWGGT,yantralay Motorcycle Handlebar Clamp Kit with Dual Clamp Mounts   Invisible Selfie Stick for Insta 360 X4 X3 X2 One RS GO 3   Bike Action Camera Mount,1,3873.0,Shipment,Sonauli,Shipment,3873.0,0.0,1,False,
2025-09-30,PNQ3-586,TY72_TUYU,B0FQ5XLZBY,nan,1,0.0,Cancel,KADODARA,Cancel,0.0,0.0,0,False,
2025-09-30,BOM7-1848,PS10_PS5PORTALCOMBO,B0DF2Z2X1Q,yantralay 6 in 1 Hard Carrying Case with Protective Cover for Play Station 5 Portal  Non Slip Soft Case Cover   Screen Protectors   Thumb Grips for PS,1,1867.7,Shipment,Pune,Shipment,1867.7,0.0,1,False,
2025-09-23,PNQ3-573,GP28COMBO_X3N,B0BY8178B6,PellKing Camera Protective Accessories Kit for Insta360 X3  Inst 360 X3 Bundle Include Lens Guard Silicone Protective Cover Screen Protectors Camera C,1,-1091.55,Refund,BELAGAVI,Refund,-1091.55,0.0,0,False,
2025-09-30,BOM5-1555,GP46-S,B0F91G6H93,yantralay Double Clamp Mount Bracket with 1 4  Ball Head for GoPro  Insta 360 X2 X3  Action Cameras   Handlebar  Motorcycle  Bicycle  Selfie Stick  St,1,1614.05,Shipment,GREATER NOIDA,Shipment,1614.05,0.0,1,False,
2025-09-26,PNQ3-578,GP49,B0D456N4QM,yantralay Motorcycle Bike Bicycle Handlebar Mount Clamps with 1 4  Screw Compatible 8 35mm for Gopro Hero 13 12 11 10 9 Max Insta360 ONE X5 X4 X3  ONE,1,-901.55,Refund,Panjim,Refund,-901.55,0.0,0,False,
2025-09-30,BOM7-1846,GP12,B0D7BZ38X8,yantralay Aluminium Car Suction Mount 360  Rotatable for Insta 360 X5 X4 X3 X2  Ace Pro ONE R RS  Hero 13 12 11 10 9 8 7  DJI Osmo Action Series   Al,1,1262.0,Shipment,Mainpuri,Shipment,1262.0,0.0,1,False,
2025-09-30,NAN,GP49,B0D456N4QM,nan,1,0.0,Cancel,KALYAN,Cancel,0.0,0.0,0,False,
2025-09-30,BOM7-1847,PS_CDRACK-RED,B0DWXZPTZV,yantralay Game Storage Tower for PS5 Xbox Series   Holds 18 Game Discs with 4 Controller Holders   Gaming Desk Organizer   Stand  Red,1,1623.55,Shipment,MATHIGIRI,Shipment,1623.55,0.0,1,False,
2025-09-30,NAN,LGOA360,B0FP9LYYWR,nan,1,0.0,Cancel,BENGALURU,Cancel,0.0,0.0,0,False,
2025-09-30,BOM5-1549,PS5_CC1_GREY,B0BRJMPHKL,yantralay PS5 Carrying Case Bag for PS5 Console Gamepad  Controller  Headset  VR Play Station Accessories   Travel Bag   Grey,1,2449.0,Shipment,BENGALURU,Shipment,2449.0,0.0,1,False,
2025-09-30,BOM7-1849,GP12,B0D7BZ38X8,yantralay Aluminium Car Suction Mount 360  Rotatable for Insta 360 X5 X4 X3 X2  Ace Pro ONE R RS  Hero 13 12 11 10 9 8 7  DJI Osmo Action Series   Al,1,1262.0,Shipment,Mumbai,Shipment,1262.0,0.0,1,False,
2025-09-30,BOM5-1557,GP49,B0D456N4QM,yantralay Motorcycle Bike Bicycle Handlebar Mount Clamps with 1 4  Screw Compatible 8 35mm for Gopro Hero 13 12 11 10 9 Max Insta360 ONE X5 X4 X3  ONE,1,901.55,Shipment,KALYAN,Shipment,901.55,0.0,1,False,
2025-09-30,BOM5-1551,CADEN_D15N,B07Q6BBS1L,CADeN Camera Bag Sling Backpack  Camera Case Waterproof with Modular Inserts Tripod Holder for DSLR SLR and Mirrorless Cameras  Canon Nikon Sony Penta,1,2849.0,Shipment,SIVAKASI,Shipment,2849.0,0.0,1,False,
2025-09-30,BOM5-1556,PS1,B0BJBL1XBS,yantralay Polyester Dual Controller Hard Carry Case Compatible With Ps5 Ps4 Xbox Ipega Controllers   3 Layer Protection Travel Carry Case   Grey,1,848.0,Shipment,NAVI MUMBAI,Shipment,848.0,0.0,1,False,
2025-09-30,BOM7-1850,PS10_PS5PORTALCOMBO,B0DF2Z2X1Q,yantralay 6 in 1 Hard Carrying Case with Protective Cover for Play Station 5 Portal  Non Slip Soft Case Cover   Screen Protectors   Thumb Grips for PS,1,1966.0,Shipment,NEW DELHI,Shipment,1966.0,0.0,1,False,
2025-09-30,BOM7-1842,PS5_CC1_GREY,B0BRJMPHKL,yantralay PS5 Carrying Case Bag for PS5 Console Gamepad  Controller  Headset  VR Play Station Accessories   Travel Bag   Grey,1,0.0,FreeReplacement,KORATAGERE,FreeReplacement,0.0,0.0,0,True,
2025-09-30,BOM7-1843,GP12,B0D7BZ38X8,yantralay Aluminium Car Suction Mount 360  Rotatable for Insta 360 X5 X4 X3 X2  Ace Pro ONE R RS  Hero 13 12 11 10 9 8 7  DJI Osmo Action Series   Al,1,1198.9,Shipment,BENGALURU,Shipment,1198.9,0.0,1,False,
2025-09-30,BOM7-1839,PS5_CC1_BLACK,B0BRJM4R9Q,yantralay PS 5 Carrying Case Bag for PS5 Console Gamepad  Controller  Headset  VR Play Statio n Accessories   Travel Bag   Black,1,2326.55,Shipment,NAGPUR,Shipment,2326.55,0.0,1,False,
2025-09-30,BOM5-1547,TRH_TARIONN,B09XMJKR7B,nan,1,0.0,Cancel,LAWNGTLAI,Cancel,0.0,0.0,0,False,
2025-09-29,IN-549,GP162KIT,B0FQ5XM6M6,yantralay Helmet Chin Strap Mount Combo Kit with Smartphone Holder  Quick Release Buckle   Screw   Compatible with Hero 13 12 11 10  Insta360  DJ I Os,1,299.0,Shipment,MORADABAD,Shipment,299.0,0.0,1,False,
2025-09-29,IN-550,GP162KIT,B0FQ5XM6M6,yantralay Helmet Chin Strap Mount Combo Kit with Smartphone Holder  Quick Release Buckle   Screw   Compatible with Hero 13 12 11 10  Insta360  DJ I Os,1,299.0,Shipment,DHUBRI,Shipment,299.0,0.0,1,False,
2025-09-19,CN-70,GP162KIT,B0FQ5XM6M6,nan,1,0.0,Cancel,BENGALURU,Cancel,0.0,0.0,0,False,
2025-09-29,NAN,GP46-S,B0F91G6H93,nan,1,0.0,Cancel,NAVI MUMBAI,Cancel,0.0,0.0,0,False,
2025-08-18,BLR7-1167,PS10_OLEDCOMBO_GREEN,B0DJFLRGQF,yantralay 4 in 1 Carrying Case Pouch with Protective Cover for Nintendo Switch OLED  Non Slip Soft Case Cover  Screen Protectors   Thumb Grips for Swi,1,-1104.83,Refund,Akola lahane umri,Refund,-1104.83,0.0,0,False,
2025-08-27,BLR7-1218,GP10_OM6_STARTRC,B0C55JFPKR,yantralay Waterproof Storage Case for DJI Osmo Mobile 6 with Ultimate Protection for Gimbal  Tripod  Phone Clamp  and Accessories   Includes Shoulder,1,-1228.02,Refund,KUNNAMKULAM,Refund,-1228.02,0.0,0,False,
2025-08-07,BLR7-1100,GP29L,B08RXBFBG9,yantralay Windshield Car Suction Cup Mount for Hero 10 9 8  SJCAM  Osmo Action 3   4  Insta 360   Flexible  Multi Angle Adjustable   Mount for Smartph,1,-610.13,Refund,PANAJI,Refund,-610.13,0.0,0,False,
2025-09-01,BLR7-1232,GP46-M_GP46-S_GP25_150CMS,B0F99WWGGT,nan,1,0.0,Cancel,Bengaluru,Cancel,0.0,0.0,0,False,
2025-09-01,BLR7-1230,GP100,B0723FF53T,yantralay 40 in 1 Action Camera Mount Kit for Hero 13 12 11 10 9 8 7 6 5 SJCAM  Osmo Action 3   4  Insta 360   More   with Selfie Monopod  Straps  Mou,1,1104.83,Shipment,Calicut,Shipment,1104.83,0.0,1,False,
2025-09-01,BLR7-1228,GP47_NEW,B0DRYJZ6VH,yantralay 360  Rotatable Camera Bike Mount Clamp Motorcycle Handlebar Pole Aluminium Mount for Insta360 X5 X4 X3  Ace Pro Pro2  Hero13 12 11 10 9 Osm,1,1315.0,Shipment,ERODE,Shipment,1315.0,0.0,1,False,
2025-09-01,BLR7-1231,PS10_OLEDCOMBO_YELLOW,B0DJFL8DBY,yantralay Carry Case Pouch Cover Compatible with Nintendo Switch OLED  OLED 2 with Game Card Slots for Switch Switch OLED OLED 2 Accessories  Video Ga,1,1139.0,Shipment,HYDERABAD,Shipment,1139.0,0.0,1,False,
2025-09-01,BLR7-1233,PS5SLIM_CC1_BLACK,B0DDQGJB7N,yantralay Carrying case for PS 5 Slim Console Gamepad Controller Headphone VR Travel Bag  Playstatio n 5 Slim Accessories   Grey,1,2241.0,Shipment,MUMBAI,Shipment,2241.0,0.0,1,False,
2025-09-02,BLR7-1234,GP46-M_GP46-S_GP25_150CMS,B0F99WWGGT,yantralay Motorcycle Handlebar Clamp Kit with Dual Clamp Mounts   Invisible Selfie Stick for Insta 360 X4 X3 X2 One RS GO 3   Bike Action Camera Mount,1,4386.0,Shipment,Bengaluru,Shipment,4386.0,0.0,1,False,
2025-09-03,BLR7-1235,PS1,B0BJBL1XBS,yantralay Polyester Dual Controller Hard Carry Case Compatible With Ps5 Ps4 Xbox Ipega Controllers   3 Layer Protection Travel Carry Case   Grey,1,905.0,Shipment,BENGALURU,Shipment,905.0,0.0,1,False,
2025-09-05,BLR7-1236,GP10_OP3,B0CVQMKG3M,yantralay Protective Carry Case Compatible for DJI OSMO Pocket 3 Camera   Anti Scratch  Wear Resistant   Ideal Travel Accessory for OSMO Pocket 3 Acce,1,806.07,Shipment,BENGALURU,Shipment,806.07,0.0,1,False,
2025-09-05,BLR7-1237,PS10_OLEDCOMBO_GREEN,B0DJFLRGQF,yantralay Carry Case Pouch Cover Compatible with Nintendo Switch OLED  OLED 2 with Game Card Slots for Switch Switch OLED OLED 2 Accessories  Video Ga,1,1104.83,Shipment,NANDIVARAM GUDUVANCHERI,Shipment,1104.83,0.0,1,False,
2025-09-06,BLR7-1239,ACFRAMEOP3_PL_VRIG,B0DDQ7BWNC,yantralay Phone Holder for DJI Osmo Pocket 3  Vlogging Camera Expansion Bracket  Adjustable Adapter Frame  Live Streaming Accessories,1,1228.02,Shipment,MUMBAI,Shipment,1228.02,0.0,1,False,
2025-09-06,BLR7-1238,GP46-M_GP46-S_GP25_150CMS,B0F99WWGGT,yantralay Motorcycle Handlebar Clamp Kit with Dual Clamp Mounts   Invisible Selfie Stick for Insta 360 X4 X3 X2 One RS GO 3   Bike Action Camera Mount,1,4122.84,Shipment,BENGALURU,Shipment,4122.84,0.0,1,False,
2025-09-06,BLR7-1240,DITTOPRO-BLUE_DIVOOMN,B0811WQ4P8,Divoom Ditoo 10 Watt Wireless Bluetooth Speaker  Blue,1,14847.0,Shipment,NEW DELHI,Shipment,14847.0,0.0,1,False,
2025-09-09,BLR7-1241,PS1,B0BJBL1XBS,yantralay Polyester Dual Controller Hard Carry Case Compatible With Ps5 Ps4 Xbox Ipega Controllers   3 Layer Protection Travel Carry Case   Grey,1,905.0,Shipment,CHENNAI,Shipment,905.0,0.0,1,False,
2025-09-10,BLR7-1243,GP10_OP3,B0CVQMKG3M,yantralay Protective Carry Case Compatible for DJI OSMO Pocket 3 Camera   Anti Scratch  Wear Resistant   Ideal Travel Accessory for OSMO Pocket 3 Acce,1,831.0,Shipment,NEW TOWN,Shipment,831.0,0.0,1,False,
2025-09-10,BLR7-1242,GP10_OP3,B0CVQMKG3M,yantralay Protective Carry Case Compatible for DJI OSMO Pocket 3 Camera   Anti Scratch  Wear Resistant   Ideal Travel Accessory for OSMO Pocket 3 Acce,1,831.0,Shipment,NEW TOWN,Shipment,831.0,0.0,1,False,
2025-09-10,BLR7-1244,GP47-L_TLSNK,B0BBVGXFZ2,Camera Bike Mount Motorcycle Handlebar Clamp Holder for GoPro Insta360 Accessories  TELESIN 360    Rotating Bicycle Cycling Attachment Accessory for,1,1849.0,Shipment,BENGALURU,Shipment,1849.0,0.0,1,False,
2025-09-11,BLR7-1245,ULANZI_VL49RGB,B08QJSZWHR,Yantralay VL49 Professional Magnetic RGB LED Light with 2 Color Modes for LiveStreaming  Photo Shoot with 3 Hot Shoe Mounts Compatible with All Camera,1,1939.03,Shipment,Navi Mumbai,Shipment,1939.03,0.0,1,False,
2025-09-12,BLR7-1246,GP10_OP3,B0CVQMKG3M,yantralay Protective Carry Case Compatible for DJI OSMO Pocket 3 Camera   Anti Scratch  Wear Resistant   Ideal Travel Accessory for OSMO Pocket 3 Acce,1,831.0,Shipment,HYDERABAD,Shipment,831.0,0.0,1,False,
2025-09-12,BLR7-1247,LCONEX4,B0DWN2WTF1,yantralay Anti Fall Silicone Lens Cap for Insta360 X4   Dustproof Protective Cover   Durable Sports Camera Accessory,1,474.0,Shipment,THIRUVANANTHAPURAM,Shipment,474.0,0.0,1,False,
2025-09-12,BLR7-1248,PS10_OLEDCOMBO_YELLOW,B0DJFL8DBY,yantralay Carry Case Pouch Cover Compatible with Nintendo Switch OLED  OLED 2 with Game Card Slots for Switch Switch OLED OLED 2 Accessories  Video Ga,1,1139.0,Shipment,BENGALURU,Shipment,1139.0,0.0,1,False,
2025-09-13,BLR7-1249,GP10_ONEX4_STARTRC,B0DDXP86FQ,yantralay x Startr c Carrying Case for Insta 360 X4 X5  Portable PU Storage Protective Bag Travel Case for Insta 360 X4 X5 Accessories with Large Capa,1,1637.0,Shipment,Tuticorin,Shipment,1637.0,0.0,1,False,
2025-09-13,BLR7-1250,PS5_VERTICALSTAND,B0DGTZGCNQ,nan,1,0.0,Cancel,BENGALURU,Cancel,0.0,0.0,0,False,
2025-09-06,BLR7-1240,DITTOPRO-BLUE_DIVOOMN,B0811WQ4P8,Divoom Ditoo 10 Watt Wireless Bluetooth Speaker  Blue,1,-14847.0,Refund,NEW DELHI,Refund,-14847.0,0.0,0,False,
2025-09-13,BLR7-1251,PS5_VERTICALSTAND,B0DGTZGCNQ,nan,1,0.0,Cancel,BENGALURU,Cancel,0.0,0.0,0,False,
2025-09-13,BLR7-1252,PS5_VERTICALSTAND,B0DGTZGCNQ,yantralay 2 in 1 Vertical Stand for PS 5   PS 5 Slim Consoles Non Slip Base Mount for PS 5 Accessories  for PS5   PS5 Slim Digital   Disc Version,1,899.0,Shipment,BENGALURU,Shipment,899.0,0.0,1,False,
2025-09-13,BLR7-1253,GP47-L_TLSNK,B0BBVGXFZ2,Camera Bike Mount Motorcycle Handlebar Clamp Holder for GoPro Insta360 Accessories  TELESIN 360    Rotating Bicycle Cycling Attachment Accessory for,1,1849.0,Shipment,BENGALURU,Shipment,1849.0,0.0,1,False,
2025-09-14,BLR7-1254,ULANZI_VL49RGB,B08QJSZWHR,Yantralay VL49 Professional Magnetic RGB LED Light with 2 Color Modes for LiveStreaming  Photo Shoot with 3 Hot Shoe Mounts Compatible with All Camera,1,1999.0,Shipment,Gandhinagar,Shipment,1999.0,0.0,1,False,
2025-09-14,BLR7-1255,GP10_OM6_STARTRC,B0C55JFPKR,yantralay Waterproof Storage Case for DJI Osmo Mobile 6 with Ultimate Protection for Gimbal  Tripod  Phone Clamp  and Accessories   Includes Shoulder,1,949.0,Shipment,Chittorgarh,Shipment,949.0,0.0,1,False,
2025-09-13,BLR7-1252,PS5_VERTICALSTAND,B0DGTZGCNQ,yantralay 2 in 1 Vertical Stand for PS 5   PS 5 Slim Consoles Non Slip Base Mount for PS 5 Accessories  for PS5   PS5 Slim Digital   Disc Version,1,-899.0,Refund,BENGALURU,Refund,-899.0,0.0,0,False,
2025-09-14,BLR7-1256,XHS_TARION,B0F2W1X1S1,yantralay x TARI ON XHS Hard Shell Camera Case Bag Roll Top Shoulder Sling Bag for Outdoor Photography  DSLR   Mirrorless Cameras  Lenses   Tripod   W,1,4274.0,Shipment,HOSKOTE,Shipment,4274.0,0.0,1,False,
2025-09-14,BLR7-1257,PS2_RED,B0BL1HF4NJ,yantralay Nylon Controller Gamepad Carry Case   Ultimate Protection Compatible For PS5 PS4 PS3 Switch Pro Xbox Joysticks Waterproof  Scratch Protectio,1,499.0,Shipment,BENGALURU,Shipment,499.0,0.0,1,False,
2025-09-14,BLR7-1258,GP47_NEW,B0DRYJZ6VH,yantralay 360  Rotatable Camera Bike Mount Clamp Motorcycle Handlebar Pole Aluminium Mount for Insta360 X5 X4 X3  Ace Pro Pro2  Hero13 12 11 10 9 Osm,1,1349.0,Shipment,BENGALURU,Shipment,1349.0,0.0,1,False,
2025-09-14,BLR7-1259,GP47-L_TLSNK,B0BBVGXFZ2,Camera Bike Mount Motorcycle Handlebar Clamp Holder for GoPro Insta360 Accessories  TELESIN 360    Rotating Bicycle Cycling Attachment Accessory for,1,1849.0,Shipment,BENGALURU,Shipment,1849.0,0.0,1,False,
2025-09-15,BLR7-1260,ACCHARGERONEX5_3_AMG,B0FKYRJB8C,Yantralay Charging Case for Insta 360 X5   3 Battery Charger Hub with Intelligent Fast Charging  Automatic Pop Up Lid  Simultaneous Charging Station f,1,1454.03,Shipment,HASSAN,Shipment,1454.03,0.0,1,False,
2025-09-15,BLR7-1260,LGONEX5,B0FKYLQ2QZ,Yantralay Accessories for Insta 360 X5   Lens Guard Set of 2   Insta 360 X5 Accessories  X5 Lens Guard,1,678.03,Shipment,HASSAN,Shipment,678.03,0.0,1,False,
2025-09-15,BLR7-1261,GP47-L_TLSNK,B0BBVGXFZ2,Camera Bike Mount Motorcycle Handlebar Clamp Holder for GoPro Insta360 Accessories  TELESIN 360    Rotating Bicycle Cycling Attachment Accessory for,1,1849.0,Shipment,MYSURU,Shipment,1849.0,0.0,1,False,
2025-09-16,BLR7-1263,GP47-L_TLSNK,B0BBVGXFZ2,Camera Bike Mount Motorcycle Handlebar Clamp Holder for GoPro Insta360 Accessories  TELESIN 360    Rotating Bicycle Cycling Attachment Accessory for,1,1849.0,Shipment,Bengaluru,Shipment,1849.0,0.0,1,False,
2025-09-16,BLR7-1264,PS1,B0BJBL1XBS,yantralay Polyester Dual Controller Hard Carry Case Compatible With Ps5 Ps4 Xbox Ipega Controllers   3 Layer Protection Travel Carry Case   Grey,1,905.0,Shipment,BENGALURU,Shipment,905.0,0.0,1,False,
2025-09-10,BLR7-1242,GP10_OP3,B0CVQMKG3M,yantralay Protective Carry Case Compatible for DJI OSMO Pocket 3 Camera   Anti Scratch  Wear Resistant   Ideal Travel Accessory for OSMO Pocket 3 Acce,1,-831.0,Refund,NEW TOWN,Refund,-831.0,0.0,0,False,
2025-09-16,BLR7-1265,PS2_BLACK,B0BL1CYSW6,yantralay Nylon Controller Gamepad Carry Case   Ultimate Protection Compatible for PS5 PS4 PS3 Switch Pro Xbox Joysticks Waterproof  Scratch Protectio,1,479.0,Shipment,BENGALURU,Shipment,479.0,0.0,1,False,
2025-09-16,BLR7-1266,GP10_ONEX4_STARTRC,B0DDXP86FQ,yantralay x Startr c Carrying Case for Insta 360 X4 X5  Portable PU Storage Protective Bag Travel Case for Insta 360 X4 X5 Accessories with Large Capa,1,1637.0,Shipment,BENGALURU,Shipment,1637.0,0.0,1,False,
2025-09-17,BLR7-1267,PS2_RED,B0BL1HF4NJ,yantralay Nylon Controller Gamepad Carry Case   Ultimate Protection Compatible For PS5 PS4 PS3 Switch Pro Xbox Joysticks Waterproof  Scratch Protectio,1,474.05,Shipment,Bengaluru,Shipment,474.05,0.0,1,False,
2025-09-18,BLR7-1268,GP47-L_TLSNK,B0BBVGXFZ2,Camera Bike Mount Motorcycle Handlebar Clamp Holder for GoPro Insta360 Accessories  TELESIN 360    Rotating Bicycle Cycling Attachment Accessory for,1,1849.0,Shipment,Bengaluru,Shipment,1849.0,0.0,1,False,
2025-09-18,BLR7-1269,MP_ONEX4,B0F9X132RD,yantralay Camera Lavalier Clip on Type C Microphone for Insta 360 X4 Collar Clip Microphone  Without Need of Mic Adapter  1 5M Cable Length   Black  I,1,1387.95,Shipment,BENGALURU,Shipment,1387.95,0.0,1,False,
2025-09-19,BLR7-1270,LGOA360,B0FP9LYYWR,yantralay Lens Guard for DJI Osmo 360 Camera   Waterproof Dustproof Snap On Lens Protective Cover  Easy Installation  Osm o Action 360 Accessories,1,1234.05,Shipment,Bengaluru,Shipment,1234.05,0.0,1,False,
2025-09-19,BLR7-1271,IN_MICMOUNT_X4,B0DZJQ8F1R,yantralay External Microphone Aluminium Auxiliary Mount Compatible With Insta 360 X4 X3 X2  Insta 360 Camera Accessories,1,1471.0,Shipment,VARANASI,Shipment,1471.0,0.0,1,False,
2025-09-20,BLR7-1272,PS5_VERTICALSTAND,B0DGTZGCNQ,yantralay 2 in 1 Vertical Stand for PS 5   PS 5 Slim Consoles Non Slip Base Mount for PS 5 Accessories  for PS5   PS5 Slim Digital   Disc Version,1,899.0,Shipment,Bangalore,Shipment,899.0,0.0,1,False,
2025-09-20,BLR7-1273,PS1,B0BJBL1XBS,yantralay Polyester Dual Controller Hard Carry Case Compatible With Ps5 Ps4 Xbox Ipega Controllers   3 Layer Protection Travel Carry Case   Grey,1,859.75,Shipment,BENGALURU,Shipment,859.75,0.0,1,False,
2025-09-21,BLR7-1274,XHS_TARION,B0F2W1X1S1,yantralay x TARI ON XHS Hard Shell Camera Case Bag Roll Top Shoulder Sling Bag for Outdoor Photography  DSLR   Mirrorless Cameras  Lenses   Tripod   W,1,4274.0,Shipment,BANGALORE,Shipment,4274.0,0.0,1,False,
2025-09-21,BLR7-1275,PS1,B0BJBL1XBS,yantralay Polyester Dual Controller Hard Carry Case Compatible With Ps5 Ps4 Xbox Ipega Controllers   3 Layer Protection Travel Carry Case   Grey,1,905.0,Shipment,Bengaluru,Shipment,905.0,0.0,1,False,
2025-09-22,BLR7-1277,PS1,B0BJBL1XBS,yantralay Polyester Dual Controller Hard Carry Case Compatible With Ps5 Ps4 Xbox Ipega Controllers   3 Layer Protection Travel Carry Case   Grey,1,805.6,Shipment,BENGALURU,Shipment,805.6,0.0,1,False,
2025-09-22,NAN,GP10_ONEX4_STARTRC,B0DDXP86FQ,nan,1,0.0,Cancel,AUNDH  PUNE,Cancel,0.0,0.0,0,False,
2025-09-22,BLR7-1279,GP10_ONEX4_STARTRC,B0DDXP86FQ,yantralay x Startr c Carrying Case for Insta 360 X4 X5  Portable PU Storage Protective Bag Travel Case for Insta 360 X4 X5 Accessories with Large Capa,1,1515.25,Shipment,AUNDH  PUNE,Shipment,1515.25,0.0,1,False,
2025-09-22,BLR7-1276,GP10_ONEX4_STARTRC,B0DDXP86FQ,yantralay x Startr c Carrying Case for Insta 360 X4 X5  Portable PU Storage Protective Bag Travel Case for Insta 360 X4 X5 Accessories with Large Capa,1,1555.15,Shipment,CHENNAI,Shipment,1555.15,0.0,1,False,
2025-09-22,BLR7-1281,GP28COMBO1_H13,B0DHYCQR66,Yantralay Silicone Lanyard Sleeve Protective Cover   6PCS Tempered Glass Screen Guard with Silicone Lens Cover Compatible with GoPro Hero 9 Black Acti,1,613.7,Shipment,TUMAKURU,Shipment,613.7,0.0,1,False,
2025-09-22,BLR7-1282,GP43_OA360,B0FP9QB6HY,Yantralay Protective Hard Shell Storage Pouch for D J I Osm o Action 360 Camera  Osm o Action 360 Accessories,1,417.57,Shipment,AHMEDABAD,Shipment,417.57,0.0,1,False,
2025-09-22,BLR7-1280,GP10_ONEX4_STARTRC,B0DDXP86FQ,yantralay x Startr c Carrying Case for Insta 360 X4 X5  Portable PU Storage Protective Bag Travel Case for Insta 360 X4 X5 Accessories with Large Capa,1,1595.0,Shipment,BENGALURU,Shipment,1595.0,0.0,1,False,
2025-09-22,BLR7-1284,PS1,B0BJBL1XBS,yantralay Polyester Dual Controller Hard Carry Case Compatible With Ps5 Ps4 Xbox Ipega Controllers   3 Layer Protection Travel Carry Case   Grey,1,848.0,Shipment,BENGALURU,Shipment,848.0,0.0,1,False,
2025-09-22,BLR7-1283,PS1,B0BJBL1XBS,yantralay Polyester Dual Controller Hard Carry Case Compatible With Ps5 Ps4 Xbox Ipega Controllers   3 Layer Protection Travel Carry Case   Grey,1,848.0,Shipment,Bengaluru,Shipment,848.0,0.0,1,False,
2025-09-23,BLR7-1285,CWATCUN_D125-WHITEN,B0DGPBN9ZM,Cwatcun Camera Backpack Bag Small Fashion DSLR Camera Bag with Tripod Strap Laptop Compartment and Removable Padded Dividers  White  Small  Fashion,1,3289.06,Shipment,Bengaluru,Shipment,3289.06,0.0,1,False,
2025-09-23,BLR7-1286,PS1,B0BJBL1XBS,yantralay Polyester Dual Controller Hard Carry Case Compatible With Ps5 Ps4 Xbox Ipega Controllers   3 Layer Protection Travel Carry Case   Grey,1,805.6,Shipment,BANGALORE,Shipment,805.6,0.0,1,False,
2025-09-23,BLR7-1289,GP10_ONEX4_STARTRC,B0DDXP86FQ,yantralay x Startr c Carrying Case for Insta 360 X4 X5  Portable PU Storage Protective Bag Travel Case for Insta 360 X4 X5 Accessories with Large Capa,1,1515.25,Shipment,Bengaluru,Shipment,1515.25,0.0,1,False,
2025-09-23,BLR7-1287,GP10_ONEX4_STARTRC,B0DDXP86FQ,yantralay x Startr c Carrying Case for Insta 360 X4 X5  Portable PU Storage Protective Bag Travel Case for Insta 360 X4 X5 Accessories with Large Capa,1,1547.15,Shipment,BENGALURU,Shipment,1547.15,0.0,1,False,
2025-09-23,BLR7-1288,GP10_ONEX4_STARTRC,B0DDXP86FQ,yantralay x Startr c Carrying Case for Insta 360 X4 X5  Portable PU Storage Protective Bag Travel Case for Insta 360 X4 X5 Accessories with Large Capa,1,1547.15,Shipment,BENGALURU,Shipment,1547.15,0.0,1,False,
2025-09-24,BLR7-1290,PS2_BLACK,B0BL1CYSW6,yantralay Nylon Controller Gamepad Carry Case   Ultimate Protection Compatible for PS5 PS4 PS3 Switch Pro Xbox Joysticks Waterproof  Scratch Protectio,1,455.05,Shipment,Bengaluru,Shipment,455.05,0.0,1,False,
2025-09-24,BLR7-1291,GP28_H13,B0DHYDQL5V,Yantralay Silicone Lanyard Sleeve Protective Cover   6PCS Tempered Glass Screen Guard with Silicone Lens Cover Compatible with Go Pro Hero 9 Black Act,1,379.05,Shipment,Shiroda,Shipment,379.05,0.0,1,False,
2025-09-25,BLR7-1294,GP49,B0D456N4QM,yantralay Motorcycle Bike Bicycle Handlebar Mount Clamps with 1 4  Screw Compatible 8 35mm for Gopro Hero 13 12 11 10 9 Max Insta360 ONE X5 X4 X3  ONE,1,901.55,Shipment,Robertsonpet,Shipment,901.55,0.0,1,False,
2025-09-25,BLR7-1295,PS2_BLACK,B0BL1CYSW6,yantralay Nylon Controller Gamepad Carry Case   Ultimate Protection Compatible for PS5 PS4 PS3 Switch Pro Xbox Joysticks Waterproof  Scratch Protectio,1,455.05,Shipment,BENGALURU,Shipment,455.05,0.0,1,False,
2025-09-20,BLR7-1272,PS5_VERTICALSTAND,B0DGTZGCNQ,yantralay 2 in 1 Vertical Stand for PS 5   PS 5 Slim Consoles Non Slip Base Mount for PS 5 Accessories  for PS5   PS5 Slim Digital   Disc Version,1,-899.0,Refund,Bangalore,Refund,-899.0,0.0,0,False,
2025-09-25,BLR7-1293,GP10_DJIFLIP_STARTRC,B0F83B4HX3,yantralay x Start rc Pu Material Carrying Case for DJ I Flip Fly More Combo   Waterproof Travel Bag for RC2 RC N3 Remote  Batteries  Charging Hub  65W,1,1899.0,Shipment,THANE,Shipment,1899.0,0.0,1,False,
2025-09-25,BLR7-1296,GP10_ONEX4_STARTRC,B0DDXP86FQ,yantralay x Startr c Carrying Case for Insta 360 X4 X5  Portable PU Storage Protective Bag Travel Case for Insta 360 X4 X5 Accessories with Large Capa,1,1595.0,Shipment,BENGALURU,Shipment,1595.0,0.0,1,False,
2025-09-24,BLR7-1292,ACCASEYTG9,B08NF6HMG6,yantralay YT G9 Vlogging Case with Dual Cold Shoe Mount for Hero 12 11 10 9  Removable 52mm Filter Ring  All in One Kit with Case Door  Lens Protector,1,991.8,Shipment,BANGALORE,Shipment,991.8,0.0,1,False,
2025-09-25,BLR7-1297,ACFRAMEONEX5_AL,B0FJG46XCP,Yantralay Accessories for Insta 360 X5   Aluminum Frame Mount  Insta 360 X5 Accessories  X5 Aluminium Frame,1,3675.55,Shipment,BENGALURU,Shipment,3675.55,0.0,1,False,
2025-09-14,BLR7-1255,GP10_OM6_STARTRC,B0C55JFPKR,yantralay Waterproof Storage Case for DJI Osmo Mobile 6 with Ultimate Protection for Gimbal  Tripod  Phone Clamp  and Accessories   Includes Shoulder,1,-949.0,Refund,Chittorgarh,Refund,-949.0,0.0,0,False,
2025-09-20,BLR7-1273,PS1,B0BJBL1XBS,yantralay Polyester Dual Controller Hard Carry Case Compatible With Ps5 Ps4 Xbox Ipega Controllers   3 Layer Protection Travel Carry Case   Grey,1,-859.75,Refund,BENGALURU,Refund,-859.75,0.0,0,False,
2025-09-23,BLR7-1285,CWATCUN_D125-WHITEN,B0DGPBN9ZM,Cwatcun Camera Backpack Bag Small Fashion DSLR Camera Bag with Tripod Strap Laptop Compartment and Removable Padded Dividers  White  Small  Fashion,1,-3289.06,Refund,Bengaluru,Refund,-3289.06,0.0,0,False,
2025-09-26,BLR7-1298,IN1_AL-X5,B0FPMMCSHQ,Yantralay Bike Motorcycle Handlebar Mounting Kit for Insta 360 X5 X4   360  Rotation with 1 4  Adapter Helmet Adhesive  Invisible Stick  Backpack Cli,1,2324.07,Shipment,KRISHNAGIRI,Shipment,2324.07,0.0,1,False,
2025-09-22,BLR7-1282,GP43_OA360,B0FP9QB6HY,Yantralay Protective Hard Shell Storage Pouch for D J I Osm o Action 360 Camera  Osm o Action 360 Accessories,1,-417.57,Refund,AHMEDABAD,Refund,-417.57,0.0,0,False,
2025-09-26,BLR7-1299,GP49,B0D456N4QM,yantralay Motorcycle Bike Bicycle Handlebar Mount Clamps with 1 4  Screw Compatible 8 35mm for Gopro Hero 13 12 11 10 9 Max Insta360 ONE X5 X4 X3  ONE,1,949.0,Shipment,BENGALURU,Shipment,949.0,0.0,1,False,
2025-09-26,BLR7-1301,ACFRAMEONEX5_AL,B0FJG46XCP,Yantralay Accessories for Insta 360 X5   Aluminum Frame Mount  Insta 360 X5 Accessories  X5 Aluminium Frame,1,3869.0,Shipment,CHENNAI,Shipment,3869.0,0.0,1,False,
2025-09-26,BLR7-1300,GP10_OM7P_STARTRC,B0F2J6Z8WT,yantralay Osmo Mobile 7P Case Portable PU Shoulder Bag for DJI OM 7 Pro 7 Gimbal Stabilizer Travel Case for DJI Osmo Mobile 7 7P,1,1299.0,Shipment,PUNE,Shipment,1299.0,0.0,1,False,
2025-09-27,BLR7-1302,GP10_OM7P_STARTRC,B0F2J6Z8WT,yantralay Osmo Mobile 7P Case Portable PU Shoulder Bag for DJI OM 7 Pro 7 Gimbal Stabilizer Travel Case for DJI Osmo Mobile 7 7P,1,1234.05,Shipment,Sivaganga,Shipment,1234.05,0.0,1,False,
2025-09-27,BLR7-1304,GP10_OM7P_STARTRC,B0F2J6Z8WT,yantralay Osmo Mobile 7P Case Portable PU Shoulder Bag for DJI OM 7 Pro 7 Gimbal Stabilizer Travel Case for DJI Osmo Mobile 7 7P,1,1234.05,Shipment,BENGALURU,Shipment,1234.05,0.0,1,False,
2025-09-27,BLR7-1303,GP10_ONEX4_STARTRC,B0DDXP86FQ,yantralay x Startr c Carrying Case for Insta 360 X4 X5  Portable PU Storage Protective Bag Travel Case for Insta 360 X4 X5 Accessories with Large Capa,1,1515.25,Shipment,BENGALURU,Shipment,1515.25,0.0,1,False,
2025-09-27,BLR7-1306,SGONEX4-2_LGONEX4,B0F8VRR8JY,yantralay Insta 360 X4 Lens Guard   Screen Protector Combo Kit   Lens Covers   Anti Scratch  Tempered Glass Screen   Insta 360 X4 Accessories,1,1299.0,Shipment,BENGALURU,Shipment,1299.0,0.0,1,False,
2025-09-27,BLR7-1305,GP45-M,B0F88CFJN2,yantralay Magnetic Camera Mount for Hero 13 12 11 10 9  Insta360 X5 X4 X3  Action 4 5  Osmo Pocket 3   360  Quick Release Car Holder  Heavy Duty Magn,1,1649.0,Shipment,Mysuru,Shipment,1649.0,0.0,1,False,
2025-09-27,BLR7-1310,GP10_ONEX4_STARTRC,B0DDXP86FQ,yantralay x Startr c Carrying Case for Insta 360 X4 X5  Portable PU Storage Protective Bag Travel Case for Insta 360 X4 X5 Accessories with Large Capa,1,1515.25,Shipment,BENGALURU,Shipment,1515.25,0.0,1,False,
2025-09-27,BLR7-1309,GP1620_TLS,B08S7D4LKH,yantralay Upgraded Helmet Chin Strap Mount for Hero 13 12 11 10 9 8 7 6 5  SJCAM  Insta 360   DJI Osmo Action 3   4   Adjustable   Secure Camera Moun,1,1141.0,Shipment,BENGALURU,Shipment,1141.0,0.0,1,False,
2025-09-27,BLR7-1307,GP10_OP3,B0CVQMKG3M,yantralay Protective Carry Case Compatible for DJI OSMO Pocket 3 Camera   Anti Scratch  Wear Resistant   Ideal Travel Accessory for OSMO Pocket 3 Acce,1,831.0,Shipment,Hyderabad,Shipment,831.0,0.0,1,False,
2025-09-28,BLR7-1311,GP10_OM7P_STARTRC,B0F2J6Z8WT,yantralay Osmo Mobile 7P Case Portable PU Shoulder Bag for DJI OM 7 Pro 7 Gimbal Stabilizer Travel Case for DJI Osmo Mobile 7 7P,1,1299.0,Shipment,BENGALURU,Shipment,1299.0,0.0,1,False,
2025-09-28,BLR7-1312,GP10_OM7P_STARTRC,B0F2J6Z8WT,yantralay Osmo Mobile 7P Case Portable PU Shoulder Bag for DJI OM 7 Pro 7 Gimbal Stabilizer Travel Case for DJI Osmo Mobile 7 7P,1,1299.0,Shipment,TONK,Shipment,1299.0,0.0,1,False,
2025-09-28,BLR7-1313,GP10_OM7P_STARTRC,B0F2J6Z8WT,yantralay Osmo Mobile 7P Case Portable PU Shoulder Bag for DJI OM 7 Pro 7 Gimbal Stabilizer Travel Case for DJI Osmo Mobile 7 7P,1,1234.05,Shipment,Kalpakanchery,Shipment,1234.05,0.0,1,False,
2025-09-28,NAN,GP10_OM7P_STARTRC,B0F2J6Z8WT,nan,1,0.0,Cancel,BENGALURU,Cancel,0.0,0.0,0,False,
2025-09-28,BLR7-1315,GP10_OM7P_STARTRC,B0F2J6Z8WT,yantralay Osmo Mobile 7P Case Portable PU Shoulder Bag for DJI OM 7 Pro 7 Gimbal Stabilizer Travel Case for DJI Osmo Mobile 7 7P,1,1299.0,Shipment,BENGALURU,Shipment,1299.0,0.0,1,False,
2025-09-27,BLR7-1308,GP10_OM7P_STARTRC,B0F2J6Z8WT,yantralay Osmo Mobile 7P Case Portable PU Shoulder Bag for DJI OM 7 Pro 7 Gimbal Stabilizer Travel Case for DJI Osmo Mobile 7 7P,1,1299.0,Shipment,BENGALURU,Shipment,1299.0,0.0,1,False,
2025-09-28,BLR7-1314,GP10_OM7P_STARTRC,B0F2J6Z8WT,yantralay Osmo Mobile 7P Case Portable PU Shoulder Bag for DJI OM 7 Pro 7 Gimbal Stabilizer Travel Case for DJI Osmo Mobile 7 7P,1,1234.05,Shipment,BENGALURU,Shipment,1234.05,0.0,1,False,
2025-09-28,BLR7-1316,GP49,B0D456N4QM,yantralay Motorcycle Bike Bicycle Handlebar Mount Clamps with 1 4  Screw Compatible 8 35mm for Gopro Hero 13 12 11 10 9 Max Insta360 ONE X5 X4 X3  ONE,1,949.0,Shipment,BENGALURU,Shipment,949.0,0.0,1,False,
2025-09-28,BLR7-1317,GP10_ONEX4_STARTRC,B0DDXP86FQ,yantralay x Startr c Carrying Case for Insta 360 X4 X5  Portable PU Storage Protective Bag Travel Case for Insta 360 X4 X5 Accessories with Large Capa,1,1547.15,Shipment,BENGALURU,Shipment,1547.15,0.0,1,False,
2025-09-29,BLR7-1319,GP49,B0D456N4QM,yantralay Motorcycle Bike Bicycle Handlebar Mount Clamps with 1 4  Screw Compatible 8 35mm for Gopro Hero 13 12 11 10 9 Max Insta360 ONE X5 X4 X3  ONE,1,901.55,Shipment,Bengaluru,Shipment,901.55,0.0,1,False,
2025-09-29,BLR7-1321,LGONEX5,B0FKYLQ2QZ,Yantralay Accessories for Insta 360 X5   Lens Guard Set of 2  Insta 360 X5 Accessories  X5 Lens Guard,1,664.05,Shipment,COIMBATORE,Shipment,664.05,0.0,1,False,
2025-09-29,BLR7-1318,LGONEX5,B0FKYLQ2QZ,Yantralay Accessories for Insta 360 X5   Lens Guard Set of 2  Insta 360 X5 Accessories  X5 Lens Guard,1,678.03,Shipment,Mumbai,Shipment,678.03,0.0,1,False,
2025-09-29,BLR7-1326,LGONEX5,B0FKYLQ2QZ,Yantralay Accessories for Insta 360 X5   Lens Guard Set of 2  Insta 360 X5 Accessories  X5 Lens Guard,1,699.0,Shipment,TIRUVALLUR,Shipment,699.0,0.0,1,False,
2025-09-29,BLR7-1324,GP10_OM7P_STARTRC,B0F2J6Z8WT,yantralay Osmo Mobile 7P Case Portable PU Shoulder Bag for DJI OM 7 Pro 7 Gimbal Stabilizer Travel Case for DJI Osmo Mobile 7 7P,1,1234.05,Shipment,CHAKAN,Shipment,1234.05,0.0,1,False,
2025-09-27,BLR7-1302,GP10_OM7P_STARTRC,B0F2J6Z8WT,yantralay Osmo Mobile 7P Case Portable PU Shoulder Bag for DJI OM 7 Pro 7 Gimbal Stabilizer Travel Case for DJI Osmo Mobile 7 7P,1,-1234.05,Refund,Sivaganga,Refund,-1234.05,0.0,0,False,
2025-09-29,BLR7-1327,LGONEX5,B0FKYLQ2QZ,Yantralay Accessories for Insta 360 X5   Lens Guard Set of 2  Insta 360 X5 Accessories  X5 Lens Guard,1,664.05,Shipment,ASANSOL,Shipment,664.05,0.0,1,False,
2025-09-29,BLR7-1325,GP10_OM7P_STARTRC,B0F2J6Z8WT,yantralay Osmo Mobile 7P Case Portable PU Shoulder Bag for DJI OM 7 Pro 7 Gimbal Stabilizer Travel Case for DJI Osmo Mobile 7 7P,1,1299.0,Shipment,MANDI,Shipment,1299.0,0.0,1,False,
2025-09-29,BLR7-1323,GP10_OM7P_STARTRC,B0F2J6Z8WT,yantralay Osmo Mobile 7P Case Portable PU Shoulder Bag for DJI OM 7 Pro 7 Gimbal Stabilizer Travel Case for DJI Osmo Mobile 7 7P,1,1234.05,Shipment,ALIGARH,Shipment,1234.05,0.0,1,False,
2025-09-29,BLR7-1322,LGONEX5,B0FKYLQ2QZ,Yantralay Accessories for Insta 360 X5   Lens Guard Set of 2  Insta 360 X5 Accessories  X5 Lens Guard,1,664.05,Shipment,Faridabad,Shipment,664.05,0.0,1,False,
2025-09-30,BLR7-1328,GP49,B0D456N4QM,yantralay Motorcycle Bike Bicycle Handlebar Mount Clamps with 1 4  Screw Compatible 8 35mm for Gopro Hero 13 12 11 10 9 Max Insta360 ONE X5 X4 X3  ONE,1,949.0,Shipment,BENGALURU,Shipment,949.0,0.0,1,False,
2025-09-30,BLR7-1329,LGONEX5,B0FKYLQ2QZ,Yantralay Accessories for Insta 360 X5   Lens Guard Set of 2  Insta 360 X5 Accessories  X5 Lens Guard,1,699.0,Shipment,LUCKNOW,Shipment,699.0,0.0,1,False,
2025-09-30,BLR7-1330,GP10_OM7P_STARTRC,B0F2J6Z8WT,yantralay Osmo Mobile 7P Case Portable PU Shoulder Bag for DJI OM 7 Pro 7 Gimbal Stabilizer Travel Case for DJI Osmo Mobile 7 7P,1,1299.0,Shipment,Chennai,Shipment,1299.0,0.0,1,False,
2025-09-30,BLR7-1331,GP10_OM7P_STARTRC,B0F2J6Z8WT,yantralay Osmo Mobile 7P Case Portable PU Shoulder Bag for DJI OM 7 Pro 7 Gimbal Stabilizer Travel Case for DJI Osmo Mobile 7 7P,1,1333.05,Shipment,BENGALURU,Shipment,1333.05,0.0,1,False,
2025-09-30,BLR7-1333,GP10_OM7P_STARTRC,B0F2J6Z8WT,yantralay Osmo Mobile 7P Case Portable PU Shoulder Bag for DJI OM 7 Pro 7 Gimbal Stabilizer Travel Case for DJI Osmo Mobile 7 7P,1,1234.05,Shipment,BENGALURU,Shipment,1234.05,0.0,1,False,
2025-09-30,BLR7-1332,GP10_OM7P_STARTRC,B0F2J6Z8WT,yantralay Osmo Mobile 7P Case Portable PU Shoulder Bag for DJI OM 7 Pro 7 Gimbal Stabilizer Travel Case for DJI Osmo Mobile 7 7P,1,1234.05,Shipment,JEWAR,Shipment,1234.05,0.0,1,False,
2025-09-30,BLR7-1334,LGONEX5,B0FKYLQ2QZ,Yantralay Accessories for Insta 360 X5   Lens Guard Set of 2  Insta 360 X5 Accessories  X5 Lens Guard,1,699.0,Shipment,BHUBANESWAR,Shipment,699.0,0.0,1,False,
2025-08-31,CJB1-355,GP46-M_GP46-S_GP25_150CMS,B0F99WWGGT,yantralay Motorcycle Handlebar Clamp Kit with Dual Clamp Mounts   Invisible Selfie Stick for Insta 360 X4 X3 X2 One RS GO 3   Bike Action Camera Mount,1,-4254.42,Refund,NEW DELHI,Refund,-4254.42,0.0,0,False,
2025-08-27,MAA4-522,GP10_OM7P_STARTRC,B0F2J6Z8WT,yantralay Osmo Mobile 7P Case Portable PU Shoulder Bag for DJI OM 7 Pro 7 Gimbal Stabilizer Travel Case for DJI Osmo Mobile 7 7P,1,-1260.03,Refund,PHILLAUR,Refund,-1260.03,0.0,0,False,
2025-09-01,MAA4-528,GP46-L,B0F91GCRP4,yantralay Double Clamp Mount Bracket with 1 4  Ball Head for Go Pro 13 12 11  Insta 360 X5 X4 X3 Handlebar  Motorcycle  Bicycle  Selfie Stick  Studio,1,1851.0,Shipment,CHENNAI,Shipment,1851.0,0.0,1,False,
2025-09-01,MAA4-527,IN1_AL,B0D4536M61,yantralay 4 in 1 Motorcycle Mount Bundle with Unicorn Helmet Extension Arm Adhesive Kit Compatible for Insta360 One X5 X4 X3 X2  ONE R RS  Hero 13 12,1,1987.0,Shipment,CUDDALORE,Shipment,1987.0,0.0,1,False,
2025-09-01,MAA4-530,SGONEX4-2_LGONEX4,B0F8VRR8JY,yantralay Insta 360 X4 Lens Guard   Screen Protector Combo Kit   Lens Covers   Anti Scratch  Tempered Glass Screen   Insta 360 X4 Accessories,1,1266.0,Shipment,BENGALURU,Shipment,1266.0,0.0,1,False,
2025-09-01,MAA4-529,ACFRAMEOA5_AL,B0F882DN17,Yantralay Premium Aluminum Protective Case for Action 5Pro 4 3  Supports Horizontal and Vertical Shooting Tough Aluminum Cage Maximum Protection with,1,2680.0,Shipment,NEW DELHI,Shipment,2680.0,0.0,1,False,
2025-09-01,MAA4-531,DA35,B0F9FM9XHJ,Yantralay Professional 360  Rotating Metal Tripod Ball Head   Quick Release Plate with Bubble Level   8kg Load Capacity   1 4  Screw for DSLR  Camera,1,1900.0,Shipment,CHENNAI,Shipment,1900.0,0.0,1,False,
2025-09-02,MAA4-532,CWATCUN_D105-L-BLACKN,B0CQ1QXC2X,Cwatcun Waterresist Camera Waist Pack Compact Crossbody Sling Bag for DSLR SLR Mirrorless Cameras,1,2999.0,Shipment,HYDERABAD,Shipment,2999.0,0.0,1,False,
2025-09-02,CJB1-356,GP12,B0D7BZ38X8,yantralay Aluminium Car Suction Mount 360  Rotatable for Insta 360 X4 X3 X2  Ace Pro ONE R RS  Hero 13 12 11 10 9 8 7  DJI Osmo Action Series   All O,1,1291.0,Shipment,BENGALURU,Shipment,1291.0,0.0,1,False,
2025-09-02,CJB1-357,GP28COMBO1_H13,B0DHYCQR66,Yantralay Silicone Lanyard Sleeve Protective Cover   6PCS Tempered Glass Screen Guard with Silicone Lens Cover Compatible with GoPro Hero 9 Black Acti,1,646.0,Shipment,Thrissur,Shipment,646.0,0.0,1,False,
2025-09-03,MAA4-533,GP28COMBO_X3N,B0BY8178B6,PellKing Camera Protective Accessories Kit for Insta360 X3  Inst 360 X3 Bundle Include Lens Guard Silicone Protective Cover Screen Protectors Camera C,1,1120.0,Shipment,Madanapalle,Shipment,1120.0,0.0,1,False,
2025-09-03,CJB1-358,GP28COMBO1_H13,B0DHYCQR66,Yantralay Silicone Lanyard Sleeve Protective Cover   6PCS Tempered Glass Screen Guard with Silicone Lens Cover Compatible with GoPro Hero 9 Black Acti,1,0.0,FreeReplacement,Thrissur,FreeReplacement,0.0,0.0,0,True,
2025-09-04,MAA4-534,INONEX4_COMBO1,B0DX1SWJXZ,yantralay Lens Guard for Insta360 X4   Tempered Glass   Scratch Resistant Protective Lens Cover   Insta360 X4 Camera Accessories   ONEX4 Combo Kit,1,1843.0,Shipment,MYSURU,Shipment,1843.0,0.0,1,False,
2025-09-04,CJB1-359,PS1,B0BJBL1XBS,yantralay Polyester Dual Controller Hard Carry Case Compatible With Ps5 Ps4 Xbox Ipega Controllers   3 Layer Protection Travel Carry Case   Grey,1,905.0,Shipment,Alappuzha,Shipment,905.0,0.0,1,False,
2025-09-05,MAA4-535,GP28COMBO_X3N,B0BY8178B6,PellKing Camera Protective Accessories Kit for Insta360 X3  Inst 360 X3 Bundle Include Lens Guard Silicone Protective Cover Screen Protectors Camera C,1,1086.4,Shipment,NARASARAOPET,Shipment,1086.4,0.0,1,False,
2025-09-06,MAA4-536,INONEX4_COMBO1,B0DX1SWJXZ,yantralay Lens Guard for Insta360 X4   Tempered Glass   Scratch Resistant Protective Lens Cover   Insta360 X4 Camera Accessories   ONEX4 Combo Kit,1,1843.0,Shipment,KARUR,Shipment,1843.0,0.0,1,False,
2025-09-06,CJB1-361,CWATCUN_D105-L-BLACKN,B0CQ1QXC2X,Cwatcun Waterresist Camera Waist Pack Compact Crossbody Sling Bag for DSLR SLR Mirrorless Cameras,1,2999.0,Shipment,BANGALORE,Shipment,2999.0,0.0,1,False,
2025-09-07,MAA4-538,GP28COMBO_X3N,B0BY8178B6,PellKing Camera Protective Accessories Kit for Insta360 X3  Inst 360 X3 Bundle Include Lens Guard Silicone Protective Cover Screen Protectors Camera C,1,1086.4,Shipment,pune,Shipment,1086.4,0.0,1,False,
2025-09-07,MAA4-537,GP10_OP3,B0CVQMKG3M,yantralay Protective Carry Case Compatible for DJI OSMO Pocket 3 Camera   Anti Scratch  Wear Resistant   Ideal Travel Accessory for OSMO Pocket 3 Acce,1,806.07,Shipment,BENGALURU,Shipment,806.07,0.0,1,False,
2025-09-08,MAA4-540,GP47_NEW,B0DRYJZ6VH,yantralay 360  Rotatable Camera Bike Mount Clamp Motorcycle Handlebar Pole Aluminium Mount for Insta360 X5 X4 X3  Ace Pro Pro2  Hero13 12 11 10 9 Osm,1,1315.0,Shipment,CHENNAI,Shipment,1315.0,0.0,1,False,
2025-09-08,MAA4-539,LCONEX3,B0CQ6C5255,yantralay Silicone Protective Lens Cap for Insta 360 ONE X3 Camera   Dust Proof  Scratch Proof  Lightweight Design   Easy to Carry   Reliable Accessor,1,484.03,Shipment,ELAMPALLOOR,Shipment,484.03,0.0,1,False,
2025-09-08,MAA4-541,ACCASEONEX4,B0DZZC8YJV,Yantralay Invisible Dive Case for Insta360 X4   Waterproof Diving Housing Cover  Protective PC Sealed Shell with Bracket for Underwater Photography,1,5484.38,Shipment,Bangalore,Shipment,5484.38,0.0,1,False,
2025-09-09,MAA4-542,YT_R094,B0CHZ1NP8V,yantralay Camera Clamp Handlebar Mount 360  Double Ballhead Magic Arm with 1 4  20   3 8  16 Thread for Monitor Hero  Insta 360   Other Action Camera,1,1109.0,Shipment,BANGALORE,Shipment,1109.0,0.0,1,False,
2025-09-09,MAA4-543,GP28COMBO_X3N,B0BY8178B6,PellKing Camera Protective Accessories Kit for Insta360 X3  Inst 360 X3 Bundle Include Lens Guard Silicone Protective Cover Screen Protectors Camera C,1,1120.0,Shipment,Bengaluru,Shipment,1120.0,0.0,1,False,
2025-09-10,MAA4-544,ACFRAMEOP3_STARTRCN,B0CR1C9243,nan,1,0.0,Cancel,CHENNAI,Cancel,0.0,0.0,0,False,
2025-09-10,MAA4-545,ACFRAMEOP3_STARTRCN,B0CR1C9243,STARTRC OSMO Pocket 3 360  Rotation Backpack Clip Mount Shoulder Strap Accessories for DJI Pocket 3 OSMO Pocket 3 Action Cameras,1,1763.0,Shipment,CHENNAI,Shipment,1763.0,0.0,1,False,
2025-09-10,MAA4-546,GP49,B0D456N4QM,yantralay Motorcycle Bike Bicycle Handlebar Mount Clamps with 1 4  Screw Compatible 8 35mm for Gopro Hero 13 12 11 10 9 Max Insta360 ONE X5 X4 X3  ONE,1,901.0,Shipment,JAGDALPUR,Shipment,901.0,0.0,1,False,
2025-09-05,MAA4-535,GP28COMBO_X3N,B0BY8178B6,PellKing Camera Protective Accessories Kit for Insta360 X3  Inst 360 X3 Bundle Include Lens Guard Silicone Protective Cover Screen Protectors Camera C,1,-1086.4,Refund,NARASARAOPET,Refund,-1086.4,0.0,0,False,
2025-09-10,CJB1-363,LGONEX5,B0FKYLQ2QZ,Yantralay Accessories for Insta 360 X5   Lens Guard Set of 2   Insta 360 X5 Accessories  X5 Lens Guard,1,699.0,Shipment,MUMBAI,Shipment,699.0,0.0,1,False,
2025-09-10,MAA4-548,GP47_NEW,B0DRYJZ6VH,yantralay 360  Rotatable Camera Bike Mount Clamp Motorcycle Handlebar Pole Aluminium Mount for Insta360 X5 X4 X3  Ace Pro Pro2  Hero13 12 11 10 9 Osm,1,1315.0,Shipment,CHENNAI,Shipment,1315.0,0.0,1,False,
2025-09-11,MAA4-549,GP49,B0D456N4QM,yantralay Motorcycle Bike Bicycle Handlebar Mount Clamps with 1 4  Screw Compatible 8 35mm for Gopro Hero 13 12 11 10 9 Max Insta360 ONE X5 X4 X3  ONE,1,901.0,Shipment,BENGALURU,Shipment,901.0,0.0,1,False,
2025-09-10,MAA4-547,GP10_ONEX4_STARTRC,B0DDXP86FQ,yantralay x Startr c Carrying Case for Insta 360 X4 X5  Portable PU Storage Protective Bag Travel Case for Insta 360 X4 X5 Accessories with Large Capa,1,1637.0,Shipment,MURI,Shipment,1637.0,0.0,1,False,
2025-09-09,MAA4-543,GP28COMBO_X3N,B0BY8178B6,PellKing Camera Protective Accessories Kit for Insta360 X3  Inst 360 X3 Bundle Include Lens Guard Silicone Protective Cover Screen Protectors Camera C,1,-1120.0,Refund,Bengaluru,Refund,-1120.0,0.0,0,False,
2025-09-11,MAA4-550,GP10_ONEX4_STARTRC,B0DDXP86FQ,yantralay x Startr c Carrying Case for Insta 360 X4 X5  Portable PU Storage Protective Bag Travel Case for Insta 360 X4 X5 Accessories with Large Capa,1,1637.0,Shipment,Greater noida west,Shipment,1637.0,0.0,1,False,
2025-09-11,MAA4-551,GP10_ONEX4_STARTRC,B0DDXP86FQ,yantralay x Startr c Carrying Case for Insta 360 X4 X5  Portable PU Storage Protective Bag Travel Case for Insta 360 X4 X5 Accessories with Large Capa,1,1637.0,Shipment,THANE,Shipment,1637.0,0.0,1,False,
2025-09-11,CJB1-364,LGONEX5,B0FKYLQ2QZ,Yantralay Accessories for Insta 360 X5   Lens Guard Set of 2   Insta 360 X5 Accessories  X5 Lens Guard,1,699.0,Shipment,TALIPARAMBA,Shipment,699.0,0.0,1,False,
2025-09-11,MAA4-549,GP49,B0D456N4QM,yantralay Motorcycle Bike Bicycle Handlebar Mount Clamps with 1 4  Screw Compatible 8 35mm for Gopro Hero 13 12 11 10 9 Max Insta360 ONE X5 X4 X3  ONE,1,-901.0,Refund,BENGALURU,Refund,-901.0,0.0,0,False,
2025-09-11,MAA4-553,GP10_OM7P_STARTRC,B0F2J6Z8WT,yantralay Osmo Mobile 7P Case Portable PU Shoulder Bag for DJI OM 7 Pro 7 Gimbal Stabilizer Travel Case for DJI Osmo Mobile 7 7P,1,1299.0,Shipment,KODAVASAL,Shipment,1299.0,0.0,1,False,
2025-09-11,MAA4-552,GP47_NEW,B0DRYJZ6VH,yantralay 360  Rotatable Camera Bike Mount Clamp Motorcycle Handlebar Pole Aluminium Mount for Insta360 X5 X4 X3  Ace Pro Pro2  Hero13 12 11 10 9 Osm,1,1315.0,Shipment,CHENNAI,Shipment,1315.0,0.0,1,False,
2025-09-11,MAA4-554,SGONEX4-2_LGONEX4,B0F8VRR8JY,yantralay Insta 360 X4 Lens Guard   Screen Protector Combo Kit   Lens Covers   Anti Scratch  Tempered Glass Screen   Insta 360 X4 Accessories,1,1266.0,Shipment,Bengaluru,Shipment,1266.0,0.0,1,False,
2025-09-12,CJB1-366,GP28COMBO1_H13,B0DHYCQR66,Yantralay Silicone Lanyard Sleeve Protective Cover   6PCS Tempered Glass Screen Guard with Silicone Lens Cover Compatible with GoPro Hero 9 Black Acti,1,646.0,Shipment,ANANTAPUR,Shipment,646.0,0.0,1,False,
2025-09-12,NAN,GP49,B0D456N4QM,nan,1,0.0,Cancel,Secunderabad,Cancel,0.0,0.0,0,False,
2025-09-12,MAA4-555,GP49,B0D456N4QM,yantralay Motorcycle Bike Bicycle Handlebar Mount Clamps with 1 4  Screw Compatible 8 35mm for Gopro Hero 13 12 11 10 9 Max Insta360 ONE X5 X4 X3  ONE,1,949.0,Shipment,Secunderabad,Shipment,949.0,0.0,1,False,
2025-09-11,CJB1-365,PS5SLIM_CC1_GREY,B0DDQFP6NL,yantralay Carrying case for PS 5 Slim Console Gamepad Controller Headphone VR Travel Bag  Playstatio n 5 Slim Accessories   Grey,1,2299.0,Shipment,BENGALURU,Shipment,2299.0,0.0,1,False,
2025-09-12,MAA4-556,GP46-M_GP46-S_GP25_150CMS,B0F99WWGGT,yantralay Motorcycle Handlebar Clamp Kit with Dual Clamp Mounts   Invisible Selfie Stick for Insta 360 X4 X3 X2 One RS GO 3   Bike Action Camera Mount,1,4386.0,Shipment,BENGALURU,Shipment,4386.0,0.0,1,False,
2025-09-12,MAA4-557,PS1,B0BJBL1XBS,yantralay Polyester Dual Controller Hard Carry Case Compatible With Ps5 Ps4 Xbox Ipega Controllers   3 Layer Protection Travel Carry Case   Grey,1,0.0,FreeReplacement,CHENNAI,FreeReplacement,0.0,0.0,0,True,
2025-09-12,CJB1-367,PS5SLIM_CC1_GREY,B0DDQFP6NL,yantralay Carrying case for PS 5 Slim Console Gamepad Controller Headphone VR Travel Bag  Playstatio n 5 Slim Accessories   Grey,1,2299.0,Shipment,CHENNAI,Shipment,2299.0,0.0,1,False,
2025-09-12,MAA4-558,GP49,B0D456N4QM,yantralay Motorcycle Bike Bicycle Handlebar Mount Clamps with 1 4  Screw Compatible 8 35mm for Gopro Hero 13 12 11 10 9 Max Insta360 ONE X5 X4 X3  ONE,1,901.0,Shipment,Bengaluru,Shipment,901.0,0.0,1,False,
2025-09-12,CJB1-368,GP10_DJIFLIP_STARTRC,B0F83B4HX3,yantralay x Start rc Pu Material Carrying Case for DJ I Flip Fly More Combo   Waterproof Travel Bag for RC2 RC N3 Remote  Batteries  Charging Hub  65W,1,1899.0,Shipment,MUMBAI,Shipment,1899.0,0.0,1,False,
2025-09-13,MAA4-559,GP28COMBO_X3N,B0BY8178B6,PellKing Camera Protective Accessories Kit for Insta360 X3  Inst 360 X3 Bundle Include Lens Guard Silicone Protective Cover Screen Protectors Camera C,1,1120.0,Shipment,Bengaluru,Shipment,1120.0,0.0,1,False,
2025-09-11,MAA4-551,GP10_ONEX4_STARTRC,B0DDXP86FQ,yantralay x Startr c Carrying Case for Insta 360 X4 X5  Portable PU Storage Protective Bag Travel Case for Insta 360 X4 X5 Accessories with Large Capa,1,-1637.0,Refund,THANE,Refund,-1637.0,0.0,0,False,
2025-09-12,MAA4-555,GP49,B0D456N4QM,yantralay Motorcycle Bike Bicycle Handlebar Mount Clamps with 1 4  Screw Compatible 8 35mm for Gopro Hero 13 12 11 10 9 Max Insta360 ONE X5 X4 X3  ONE,1,-949.0,Refund,Secunderabad,Refund,-949.0,0.0,0,False,
2025-09-13,CJB1-371,ACFRAMEOP3_STARTRCN,B0CR1C9243,STARTRC OSMO Pocket 3 360  Rotation Backpack Clip Mount Shoulder Strap Accessories for DJI Pocket 3 OSMO Pocket 3 Action Cameras,1,1822.0,Shipment,Trivandrum,Shipment,1822.0,0.0,1,False,
2025-09-13,CJB1-369,GP10_RS4MINI_STARTRC,B0DZZFNDHP,yantralay Portable Carrying Storage Case for DJ I Ronin RS4Mini Gimbal EVA Handbag Travel Handheld Shoulder Bag  RS4MINI,1,2631.0,Shipment,MANNARGUDI,Shipment,2631.0,0.0,1,False,
2025-09-13,CJB1-370,ND_ACEPRO2,B0F83RJN9W,Yantralay ND Filter Set Pack of 4 CPL   ND8   ND16   ND32 Compatible for Insta 360 Ace Pro 2 Camera Lens Filter Kit   Includes ND  Polarizing Filters,1,2799.0,Shipment,BENGALURU,Shipment,2799.0,0.0,1,False,
2025-09-13,MAA4-560,GP46-S,B0F91G6H93,yantralay Double Clamp Mount Bracket with 1 4  Ball Head for GoPro  Insta 360 X2 X3  Action Cameras   Handlebar  Motorcycle  Bicycle  Selfie Stick  St,1,1656.0,Shipment,CHENNAI,Shipment,1656.0,0.0,1,False,
2025-09-13,CJB1-372,SGONEX4-2_LGONEX4,B0F8VRR8JY,yantralay Insta 360 X4 Lens Guard   Screen Protector Combo Kit   Lens Covers   Anti Scratch  Tempered Glass Screen   Insta 360 X4 Accessories,1,1266.0,Shipment,RAYACHOTI,Shipment,1266.0,0.0,1,False,
2025-09-14,CJB1-375,GP46-L,B0F91GCRP4,yantralay Double Clamp Mount Bracket with 1 4  Ball Head for Go Pro 13 12 11  Insta 360 X5 X4 X3 Handlebar  Motorcycle  Bicycle  Selfie Stick  Studio,1,1851.0,Shipment,BANGALORE,Shipment,1851.0,0.0,1,False,
2025-09-14,CJB1-373,CWATCUN_D93-L-WHITEN,B0CDZX4Z9L,Cwatcun Camera Bag Crossbody Shoulder Messenger Camera Case  Lightweight DSLR SLR Mirrorless Photography Bag with Tripod Holder and Rain Cover for Can,1,2999.0,Shipment,BENGALURU,Shipment,2999.0,0.0,1,False,
2025-09-14,CJB1-374,GP46-M_GP46-S_GP25_150CMS,B0F99WWGGT,yantralay Motorcycle Handlebar Clamp Kit with Dual Clamp Mounts   Invisible Selfie Stick for Insta 360 X4 X3 X2 One RS GO 3   Bike Action Camera Mount,1,4386.0,Shipment,KANNANOOR,Shipment,4386.0,0.0,1,False,
2025-09-14,CJB1-376,LGONEX4,B0F7RT4HGJ,yantralay 2Pcs Lens Guard for Insta 360 X4   Scratch Resistant Protective Lens Cover   High Transparency Optical Coated Cap   Insta 360 X4 Camera Acce,1,779.0,Shipment,Madurai,Shipment,779.0,0.0,1,False,
2025-09-14,MAA4-561,GP46-S,B0F91G6H93,yantralay Double Clamp Mount Bracket with 1 4  Ball Head for GoPro  Insta 360 X2 X3  Action Cameras   Handlebar  Motorcycle  Bicycle  Selfie Stick  St,1,1656.0,Shipment,BANGALORE,Shipment,1656.0,0.0,1,False,
2025-09-14,CJB1-377,LGONEX5,B0FKYLQ2QZ,Yantralay Accessories for Insta 360 X5   Lens Guard Set of 2   Insta 360 X5 Accessories  X5 Lens Guard,1,699.0,Shipment,KODAIKANAL,Shipment,699.0,0.0,1,False,
2025-09-11,MAA4-553,GP10_OM7P_STARTRC,B0F2J6Z8WT,yantralay Osmo Mobile 7P Case Portable PU Shoulder Bag for DJI OM 7 Pro 7 Gimbal Stabilizer Travel Case for DJI Osmo Mobile 7 7P,1,-1299.0,Refund,KODAVASAL,Refund,-1299.0,0.0,0,False,
2025-09-14,MAA4-562,GP28COMBO1_H13,B0DHYCQR66,Yantralay Silicone Lanyard Sleeve Protective Cover   6PCS Tempered Glass Screen Guard with Silicone Lens Cover Compatible with GoPro Hero 9 Black Acti,1,646.0,Shipment,Bengaluru,Shipment,646.0,0.0,1,False,
2025-09-14,MAA4-563,ACCHARGERONEX5_3_AMG,B0FKYRJB8C,Yantralay Charging Case for Insta 360 X5   3 Battery Charger Hub with Intelligent Fast Charging  Automatic Pop Up Lid  Simultaneous Charging Station f,1,1394.07,Shipment,Bengaluru,Shipment,1394.07,0.0,1,False,
2025-09-14,MAA4-563,LGONEX5,B0FKYLQ2QZ,Yantralay Accessories for Insta 360 X5   Lens Guard Set of 2   Insta 360 X5 Accessories  X5 Lens Guard,1,650.07,Shipment,Bengaluru,Shipment,650.07,0.0,1,False,
2025-09-14,MAA4-565,ACCASEONEX5,B0FF2D12YN,nan,1,0.0,Cancel,BENGALURU,Cancel,0.0,0.0,0,False,
2025-09-14,CJB1-378,PS1,B0BJBL1XBS,yantralay Polyester Dual Controller Hard Carry Case Compatible With Ps5 Ps4 Xbox Ipega Controllers   3 Layer Protection Travel Carry Case   Grey,1,905.0,Shipment,Kulasekharam post,Shipment,905.0,0.0,1,False,
2025-09-15,CJB1-379,LGONEX4,B0F7RT4HGJ,yantralay 2Pcs Lens Guard for Insta 360 X4   Scratch Resistant Protective Lens Cover   High Transparency Optical Coated Cap   Insta 360 X4 Camera Acce,1,779.0,Shipment,VANDIPERIYAR,Shipment,779.0,0.0,1,False,
2025-09-15,CJB1-380,DA31,B0CGDMJ882,Yantralay DSLR Battery Pouch   Portable Waterproof Bag for lp e6 e8 e10 e12 en el14 el15 fw50 f550 Batteries   Convenient Access Design   Compact and,1,499.0,Shipment,CHENNAI,Shipment,499.0,0.0,1,False,
2025-09-15,MAA4-571,GP45-S,B0F88FL4CN,yantralay Magnetic Camera Mount for Hero 13 12 11 10 9  Insta360 X5 X4 X3  Action 4 5  Osmo Pocket 3   360  Quick Release Car Holder  Heavy Duty Magn,1,1549.0,Shipment,BENGALURU,Shipment,1549.0,0.0,1,False,
2025-09-15,MAA4-567,SGONEX4-2_LGONEX4,B0F8VRR8JY,yantralay Insta 360 X4 Lens Guard   Screen Protector Combo Kit   Lens Covers   Anti Scratch  Tempered Glass Screen   Insta 360 X4 Accessories,1,1266.0,Shipment,Bangalore,Shipment,1266.0,0.0,1,False,
2025-09-15,CJB1-381,ACCASEONEX4,B0DZZC8YJV,Yantralay Invisible Dive Case for Insta360 X4   Waterproof Diving Housing Cover  Protective PC Sealed Shell with Bracket for Underwater Photography,1,5654.0,Shipment,Kalamassery,Shipment,5654.0,0.0,1,False,
2025-09-15,CJB1-382,PS2_YELLOW,B0BL1HQ3C4,yantralay Controller Gamepad Carry Case   Ultimate Protection Compatible for PS5 PS4 PS3 Switch Pro Xbox Joysticks Waterproof  Scratch Protection  Dur,1,499.0,Shipment,MADURAI,Shipment,499.0,0.0,1,False,
2025-09-15,MAA4-569,GP28COMBO_X3N,B0BY8178B6,PellKing Camera Protective Accessories Kit for Insta360 X3  Inst 360 X3 Bundle Include Lens Guard Silicone Protective Cover Screen Protectors Camera C,1,1120.0,Shipment,Chennai,Shipment,1120.0,0.0,1,False,
2025-09-15,MAA4-572,LGOA360,B0FP9LYYWR,yantralay Lens Guard for DJI Osmo 360 Camera   Waterproof Dustproof Snap On Lens Protective Cover  Easy Installation  Osm o Action 360 Accessories,1,1260.03,Shipment,BENGALURU,Shipment,1260.03,0.0,1,False,
2025-09-15,MAA4-570,LGONEX4,B0F7RT4HGJ,yantralay 2Pcs Lens Guard for Insta 360 X4   Scratch Resistant Protective Lens Cover   High Transparency Optical Coated Cap   Insta 360 X4 Camera Acce,1,779.0,Shipment,Bengaluru,Shipment,779.0,0.0,1,False,
2025-09-15,CJB1-383,CG5,B0DW9FS3FL,yantralay 40 Cms 16 inch Monitor Light  Touch Control USB Powered LED Lamp for Computer  10 Level Dimmable with 3 Color Modes  IP44 Waterproof e Readi,1,2374.0,Shipment,Thrissur,Shipment,2374.0,0.0,1,False,
2025-09-15,MAA4-568,ACCASEONEX5,B0FF2D12YN,Yantralay Invisible Magnetic Dive Case for Insta360 X5   60M Waterproof Underwater Housing for Deep Sea   Snorkeling Shots,1,5849.0,Shipment,BENGALURU,Shipment,5849.0,0.0,1,False,
2025-09-16,CJB1-384,GP46-M_GP46-S_GP25_150CMS,B0F99WWGGT,yantralay Motorcycle Handlebar Clamp Kit with Dual Clamp Mounts   Invisible Selfie Stick for Insta 360 X4 X3 X2 One RS GO 3   Bike Action Camera Mount,1,4386.0,Shipment,NANDIVARAM GUDUVANCHERI,Shipment,4386.0,0.0,1,False,
2025-09-16,CJB1-385,LGONEX4,B0F7RT4HGJ,yantralay 2Pcs Lens Guard for Insta 360 X4   Scratch Resistant Protective Lens Cover   High Transparency Optical Coated Cap   Insta 360 X4 Camera Acce,1,779.0,Shipment,BENGALURU,Shipment,779.0,0.0,1,False,
2025-09-14,MAA4-566,LGONEX5,B0FKYLQ2QZ,Yantralay Accessories for Insta 360 X5   Lens Guard Set of 2   Insta 360 X5 Accessories  X5 Lens Guard,1,699.0,Shipment,SOLAN,Shipment,699.0,0.0,1,False,
2025-09-16,CJB1-386,GP10_RS4MINI_STARTRC,B0DZZFNDHP,yantralay Portable Carrying Storage Case for DJ I Ronin RS4Mini Gimbal EVA Handbag Travel Handheld Shoulder Bag  RS4MINI,1,2631.0,Shipment,MADURAI,Shipment,2631.0,0.0,1,False,
2025-09-16,MAA4-574,GP45-L,B0F88JWL9W,yantralay Magnetic Camera Mount for Hero 13 12 11 10 9  Insta360 X5 X4 X3  Action 4 5  Osmo Pocket 3   360  Quick Release Car Holder  Heavy Duty Magn,1,1799.0,Shipment,MOHALI,Shipment,1799.0,0.0,1,False,
2025-09-16,CJB1-387,GP25_TRIPOD,B0FN8K885R,Yantralay 122cm Invisible Stick   Tripod Extension Monopod for Insta360 X5 X4 X3  ONE R RS  DJI Osmo Action Series   Lightweight Extendable Camera Acc,1,1799.0,Shipment,ERNAKULAM,Shipment,1799.0,0.0,1,False,
2025-09-16,CJB1-388,PS5SLIM_CC1_GREY,B0DDQFP6NL,yantralay Carrying case for PS 5 Slim Console Gamepad Controller Headphone VR Travel Bag  Playstatio n 5 Slim Accessories   Grey,1,2299.0,Shipment,BENGALURU,Shipment,2299.0,0.0,1,False,
2025-09-16,MAA4-573,GP45-M,B0F88CFJN2,yantralay Magnetic Camera Mount for Hero 13 12 11 10 9  Insta360 X5 X4 X3  Action 4 5  Osmo Pocket 3   360  Quick Release Car Holder  Heavy Duty Magn,1,1607.0,Shipment,CHENNAI,Shipment,1607.0,0.0,1,False,
2025-09-17,MAA4-577,GP49,B0D456N4QM,yantralay Motorcycle Bike Bicycle Handlebar Mount Clamps with 1 4  Screw Compatible 8 35mm for Gopro Hero 13 12 11 10 9 Max Insta360 ONE X5 X4 X3  ONE,1,901.0,Shipment,BENGALURU,Shipment,901.0,0.0,1,False,
2025-09-16,MAA4-573,GP45-M,B0F88CFJN2,yantralay Magnetic Camera Mount for Hero 13 12 11 10 9  Insta360 X5 X4 X3  Action 4 5  Osmo Pocket 3   360  Quick Release Car Holder  Heavy Duty Magn,1,-1607.0,Refund,CHENNAI,Refund,-1607.0,0.0,0,False,
2025-09-17,MAA4-576,GP45-S,B0F88FL4CN,yantralay Magnetic Camera Mount for Hero 13 12 11 10 9  Insta360 X5 X4 X3  Action 4 5  Osmo Pocket 3   360  Quick Release Car Holder  Heavy Duty Magn,1,1549.0,Shipment,CHENNAI,Shipment,1549.0,0.0,1,False,
2025-09-17,MAA4-575,ND_OP3-6_STARTRCN,B0CLTTKV97,STARTRAC Magnetic ND   CPL Filters Set for DJI Osmo Pocket 3 Creator Combo   6 Pack CPL  ND 8  16  32  64  256  Ultra Slim Aluminum Frame,1,3899.0,Shipment,BENGALURU,Shipment,3899.0,0.0,1,False,
2025-09-14,CJB1-375,GP46-L,B0F91GCRP4,yantralay Double Clamp Mount Bracket with 1 4  Ball Head for Go Pro 13 12 11  Insta 360 X5 X4 X3 Handlebar  Motorcycle  Bicycle  Selfie Stick  Studio,1,-1851.0,Refund,BANGALORE,Refund,-1851.0,0.0,0,False,
2025-09-13,CJB1-370,ND_ACEPRO2,B0F83RJN9W,Yantralay ND Filter Set Pack of 4 CPL   ND8   ND16   ND32 Compatible for Insta 360 Ace Pro 2 Camera Lens Filter Kit   Includes ND  Polarizing Filters,1,-2799.0,Refund,BENGALURU,Refund,-2799.0,0.0,0,False,
2025-09-17,MAA4-579,LGONEX4,B0F7RT4HGJ,yantralay 2Pcs Lens Guard for Insta 360 X4   Scratch Resistant Protective Lens Cover   High Transparency Optical Coated Cap   Insta 360 X4 Camera Acce,1,779.0,Shipment,bangalore,Shipment,779.0,0.0,1,False,
2025-09-17,MAA4-578,LGONEX4,B0F7RT4HGJ,yantralay 2Pcs Lens Guard for Insta 360 X4   Scratch Resistant Protective Lens Cover   High Transparency Optical Coated Cap   Insta 360 X4 Camera Acce,1,779.0,Shipment,BENGALURU,Shipment,779.0,0.0,1,False,
2025-09-17,MAA4-580,SGOLED2,B0FDQL7DFH,yantralay Tempered Glass Screen Protector for Nintendo Switch 2  2025    Ultra Thin HD Clear Film Guard with Rounded Edges for 7 9 Inch Display  1 Pac,1,499.0,Shipment,VELLORE,Shipment,499.0,0.0,1,False,
2025-09-17,CJB1-389,GP10_RS4MINI_STARTRC,B0DZZFNDHP,yantralay Portable Carrying Storage Case for DJ I Ronin RS4Mini Gimbal EVA Handbag Travel Handheld Shoulder Bag  RS4MINI,1,2631.0,Shipment,GINGEE,Shipment,2631.0,0.0,1,False,
2025-09-17,CJB1-390,GP10_RS4_STARTRC,B0DB1TQPH3,yantralay Portable Carrying Storage Case for DJ I Ronin RS4   RS4 Pro Gimbal EVA Handbag Travel Handheld Shoulder Bag  Grey,1,2706.0,Shipment,PALAKKAD,Shipment,2706.0,0.0,1,False,
2025-09-17,CJB1-392,PS2_BLACK,B0BL1CYSW6,yantralay Nylon Controller Gamepad Carry Case   Ultimate Protection Compatible for PS5 PS4 PS3 Switch Pro Xbox Joysticks Waterproof  Scratch Protectio,1,534.05,Shipment,COIMBATORE,Shipment,534.05,0.0,1,False,
2025-09-17,CJB1-391,GP49,B0D456N4QM,yantralay Motorcycle Bike Bicycle Handlebar Mount Clamps with 1 4  Screw Compatible 8 35mm for Gopro Hero 13 12 11 10 9 Max Insta360 ONE X5 X4 X3  ONE,1,855.95,Shipment,MUVATTUPUZHA,Shipment,855.95,0.0,1,False,
2025-09-17,MAA4-582,ACCASEONEX5,B0FF2D12YN,Yantralay Invisible Magnetic Dive Case for Insta360 X5   60M Waterproof Underwater Housing for Deep Sea   Snorkeling Shots,1,5556.55,Shipment,CHENNAI,Shipment,5556.55,0.0,1,False,
2025-09-18,CJB1-393,LGONEX4,B0F7RT4HGJ,yantralay 2Pcs Lens Guard for Insta 360 X4   Scratch Resistant Protective Lens Cover   High Transparency Optical Coated Cap   Insta 360 X4 Camera Acce,1,740.05,Shipment,BENGALURU,Shipment,740.05,0.0,1,False,
2025-09-18,CJB1-395,ACCHARGERGP5_3,B08LYVPLR9,Yantralay 3 Channel AHDBT 501 Battery Charger for Hero 5 6 7   8 Black Action Camera   USB Cable Included   Fast Charging Dock,1,823.0,Shipment,Bengaluru,Shipment,823.0,0.0,1,False,
2025-09-18,CJB1-394,GP49,B0D456N4QM,yantralay Motorcycle Bike Bicycle Handlebar Mount Clamps with 1 4  Screw Compatible 8 35mm for Gopro Hero 13 12 11 10 9 Max Insta360 ONE X5 X4 X3  ONE,1,855.95,Shipment,TRICHY,Shipment,855.95,0.0,1,False,
2025-09-18,CJB1-396,GP1620_TLS,B08S7D4LKH,yantralay Upgraded Helmet Chin Strap Mount for Hero 13 12 11 10 9 8 7 6 5  SJCAM  Insta 360   DJI Osmo Action 3   4   Adjustable   Secure Camera Moun,1,1201.0,Shipment,KAYALPATTINAM,Shipment,1201.0,0.0,1,False,
2025-09-18,MAA4-583,ACCHARGERGP13_CD_AMG,B0DZVVQPKD,Yantralay 3 Channel Fast Charging Box Battery Charger for GoPro Hero 13 Black   Compatible with Original GoPro Hero 13 Batteries  Portable GoPro Hero,1,2029.2,Shipment,Bengaluru,Shipment,2029.2,0.0,1,False,
2025-09-18,CJB1-398,ACCHARGERGP13_CD_AMG,B0DZVVQPKD,Yantralay 3 Channel Fast Charging Box Battery Charger for GoPro Hero 13 Black   Compatible with Original GoPro Hero 13 Batteries  Portable GoPro Hero,1,2029.2,Shipment,BENGALURU,Shipment,2029.2,0.0,1,False,
2025-09-18,CJB1-397,GP1620_TLS,B08S7D4LKH,yantralay Upgraded Helmet Chin Strap Mount for Hero 13 12 11 10 9 8 7 6 5  SJCAM  Insta 360   DJI Osmo Action 3   4   Adjustable   Secure Camera Moun,1,1140.95,Shipment,ETTUMANOOR,Shipment,1140.95,0.0,1,False,
2025-09-18,CJB1-399,LGONEX5,B0FKYLQ2QZ,Yantralay Accessories for Insta 360 X5   Lens Guard Set of 2   Insta 360 X5 Accessories  X5 Lens Guard,2,1300.14,Shipment,CHENNAI,Shipment,1300.14,0.0,2,False,
2025-09-18,MAA4-584,ACCHARGERONEX5_3_AMG,B0FKYRJB8C,Yantralay Charging Case for Insta 360 X5   3 Battery Charger Hub with Intelligent Fast Charging  Automatic Pop Up Lid  Simultaneous Charging Station f,1,1394.07,Shipment,CHENNAI,Shipment,1394.07,0.0,1,False,
2025-09-18,MAA4-585,GP47-M,B0F91SSVW8,yantralay Action Camera Handlebar Mount with 360  Dual Ball Head   Super Clamp for Go Pro  Insta 360  Mobile  Bike  Motorcycle   Universal Quick Rele,1,1754.0,Shipment,MALAPPURAM,Shipment,1754.0,0.0,1,False,
2025-09-14,CJB1-373,CWATCUN_D93-L-WHITEN,B0CDZX4Z9L,Cwatcun Camera Bag Crossbody Shoulder Messenger Camera Case  Lightweight DSLR SLR Mirrorless Photography Bag with Tripod Holder and Rain Cover for Can,1,-2999.0,Refund,BENGALURU,Refund,-2999.0,0.0,0,False,
2025-09-19,MAA4-586,GP47-L_TLSNK,B0BBVGXFZ2,Camera Bike Mount Motorcycle Handlebar Clamp Holder for GoPro Insta360 Accessories  TELESIN 360    Rotating Bicycle Cycling Attachment Accessory for,1,1849.0,Shipment,BENGALURU,Shipment,1849.0,0.0,1,False,
2025-09-19,CJB1-400,GP10_OM7_STARTRCN,B0DXPYBSMM,STARTRC PHOTO PU Osmo Mobile 7P Case Portable Shoulder Bag for Dji OM 7 Pro 7 Gimbal Stabilizer Travel Case for DJI Osmo Mobile 7 7P Accessories  Grey,1,1899.0,Shipment,HYDERABAD,Shipment,1899.0,0.0,1,False,
2025-09-19,MAA4-588,MS_ACFRAMEOP3_PL,B0FJFWVC4N,nan,1,0.0,Cancel,NELLORE,Cancel,0.0,0.0,0,False,
2025-09-17,MAA4-575,ND_OP3-6_STARTRCN,B0CLTTKV97,STARTRAC Magnetic ND   CPL Filters Set for DJI Osmo Pocket 3 Creator Combo   6 Pack CPL  ND 8  16  32  64  256  Ultra Slim Aluminum Frame,1,-3899.0,Refund,BENGALURU,Refund,-3899.0,0.0,0,False,
2025-09-19,CJB1-401,LGONEX4,B0F7RT4HGJ,yantralay 2Pcs Lens Guard for Insta 360 X4 Camera Lens Protector Scratch Resistant Protective Lens Cover High Transparency Optical Coated Cap Insta 36,1,740.05,Shipment,BENGALURU,Shipment,740.05,0.0,1,False,
2025-09-19,MAA4-589,MS_ACFRAMEOP3_PL,B0FJFWVC4N,yantralay Magnetic Mount Stand for DJ I Osmo Pocket 3 180  Adjustable Portable Magnet Grip Frame Bracket for Pocket 3 Accessories,1,1376.55,Shipment,NELLORE,Shipment,1376.55,0.0,1,False,
2025-09-19,CJB1-402,LGONEX5,B0FKYLQ2QZ,Yantralay Accessories for Insta 360 X5   Lens Guard Set of 2  Insta 360 X5 Accessories  X5 Lens Guard,1,699.0,Shipment,Chennai,Shipment,699.0,0.0,1,False,
2025-09-19,CJB1-403,GP10_RS4MINI_STARTRC,B0DZZFNDHP,yantralay Portable Carrying Storage Case for DJ I Ronin RS4Mini Gimbal EVA Handbag Travel Handheld Shoulder Bag  RS4MINI,1,2631.0,Shipment,PATHANAMTHITTA,Shipment,2631.0,0.0,1,False,
2025-09-19,CJB1-404,GP49,B0D456N4QM,yantralay Motorcycle Bike Bicycle Handlebar Mount Clamps with 1 4  Screw Compatible 8 35mm for Gopro Hero 13 12 11 10 9 Max Insta360 ONE X5 X4 X3  ONE,1,901.0,Shipment,KOZHIKODE,Shipment,901.0,0.0,1,False,
2025-09-18,CJB1-397,GP1620_TLS,B08S7D4LKH,yantralay Upgraded Helmet Chin Strap Mount for Hero 13 12 11 10 9 8 7 6 5  SJCAM  Insta 360   DJI Osmo Action 3   4   Adjustable   Secure Camera Moun,1,-1140.95,Refund,ETTUMANOOR,Refund,-1140.95,0.0,0,False,
2025-09-20,CJB1-405,GP10_RS4MINI_STARTRC,B0DZZFNDHP,yantralay Portable Carrying Storage Case for DJ I Ronin RS4Mini Gimbal EVA Handbag Travel Handheld Shoulder Bag  RS4MINI,1,2499.45,Shipment,visakhapatnam,Shipment,2499.45,0.0,1,False,
2025-09-20,MAA4-590,GP47-L_TLSNK,B0BBVGXFZ2,Camera Bike Mount Motorcycle Handlebar Clamp Holder for GoPro Insta360 Accessories  TELESIN 360    Rotating Bicycle Cycling Attachment Accessory for,1,1849.0,Shipment,BENGALURU,Shipment,1849.0,0.0,1,False,
2025-09-20,MAA4-591,S13,B07MG832T8,yantralay Universal 360  Rotating Vertical Mobile Tripod Monopod Mount for Smartphones up to 4 1  Width   Compatible with Samsung  iPhone  Xiaomi  On,1,236.55,Shipment,BENGALURU,Shipment,236.55,0.0,1,False,
2025-09-20,CJB1-406,GP12,B0D7BZ38X8,yantralay Aluminium Car Suction Mount 360  Rotatable for Insta 360 X5 X4 X3 X2  Ace Pro ONE R RS  Hero 13 12 11 10 9 8 7  DJI Osmo Action Series   Al,1,1291.0,Shipment,Ernakulam,Shipment,1291.0,0.0,1,False,
2025-09-20,MAA4-592,LGOA360,B0FP9LYYWR,yantralay Lens Guard for DJI Osmo 360 Camera   Waterproof Dustproof Snap On Lens Protective Cover  Easy Installation  Osm o Action 360 Accessories,1,1299.0,Shipment,NANDIVARAM GUDUVANCHERI,Shipment,1299.0,0.0,1,False,
2025-09-20,MAA4-593,GP28COMBO1_H13,B0DHYCQR66,Yantralay Silicone Lanyard Sleeve Protective Cover   6PCS Tempered Glass Screen Guard with Silicone Lens Cover Compatible with GoPro Hero 9 Black Acti,1,646.0,Shipment,Kelambakkam,Shipment,646.0,0.0,1,False,
2025-09-21,CJB1-407,GP10_OM6_SLF,B0BWWQDCY7,yantralay Polyester Carry Case For Dji Osmo Mobile 6  Om6 Gimbal Accessories   Premium Pu Shockproof Material  Dual Zipper  Portable   Lightweight Har,1,1008.0,Shipment,CHENNAI,Shipment,1008.0,0.0,1,False,
2025-09-21,CJB1-410,MP_OA5,B0F9X1YNVL,yantralay Camera Lavalier Clip on Type C Microphone for DJ I Action 3 4 Collar Clip Microphone  Without Need of Mic Adapter  1 5M Cable Length   Black,1,1387.95,Shipment,HYDERABAD,Shipment,1387.95,0.0,1,False,
2025-09-21,CJB1-409,LGONEX4,B0F7RT4HGJ,yantralay 2Pcs Lens Guard for Insta 360 X4 Camera Lens Protector Scratch Resistant Protective Lens Cover High Transparency Optical Coated Cap Insta 36,1,779.0,Shipment,BANGALORE,Shipment,779.0,0.0,1,False,
2025-09-21,MAA4-594,PS1,B0BJBL1XBS,yantralay Polyester Dual Controller Hard Carry Case Compatible With Ps5 Ps4 Xbox Ipega Controllers   3 Layer Protection Travel Carry Case   Grey,1,905.0,Shipment,Bengaluru,Shipment,905.0,0.0,1,False,
2025-09-12,CJB1-368,GP10_DJIFLIP_STARTRC,B0F83B4HX3,yantralay x Start rc Pu Material Carrying Case for DJ I Flip Fly More Combo   Waterproof Travel Bag for RC2 RC N3 Remote  Batteries  Charging Hub  65W,1,-1899.0,Refund,MUMBAI,Refund,-1899.0,0.0,0,False,
2025-09-21,MAA4-596,LGOA360,B0FP9LYYWR,yantralay Lens Guard for DJI Osmo 360 Camera   Waterproof Dustproof Snap On Lens Protective Cover  Easy Installation  Osm o Action 360 Accessories,1,1299.0,Shipment,MADURAI,Shipment,1299.0,0.0,1,False,
2025-09-21,CJB1-412,GP28COMBO1_H13,B0DHYCQR66,Yantralay Silicone Lanyard Sleeve Protective Cover   6PCS Tempered Glass Screen Guard with Silicone Lens Cover Compatible with GoPro Hero 9 Black Acti,1,646.0,Shipment,Madukkarai,Shipment,646.0,0.0,1,False,
2025-09-21,CJB1-408,LGONEX5,B0FKYLQ2QZ,Yantralay Accessories for Insta 360 X5   Lens Guard Set of 2  Insta 360 X5 Accessories  X5 Lens Guard,1,699.0,Shipment,BENGALURU,Shipment,699.0,0.0,1,False,
2025-09-21,CJB1-411,GP10_ONEX4_STARTRC,B0DDXP86FQ,yantralay x Startr c Carrying Case for Insta 360 X4 X5  Portable PU Storage Protective Bag Travel Case for Insta 360 X4 X5 Accessories with Large Capa,1,1637.0,Shipment,SALEM,Shipment,1637.0,0.0,1,False,
2025-09-21,MAA4-595,GP10_ONEX4_STARTRC,B0DDXP86FQ,yantralay x Startr c Carrying Case for Insta 360 X4 X5  Portable PU Storage Protective Bag Travel Case for Insta 360 X4 X5 Accessories with Large Capa,1,1555.15,Shipment,CHENNAI,Shipment,1555.15,0.0,1,False,
2025-09-21,MAA4-597,ACCASEYTG9,B08NF6HMG6,yantralay YT G9 Vlogging Case with Dual Cold Shoe Mount for Hero 12 11 10 9  Removable 52mm Filter Ring  All in One Kit with Case Door  Lens Protector,1,965.0,Shipment,CHENNAI,Shipment,965.0,0.0,1,False,
2025-09-21,CJB1-413,LGONEX4,B0F7RT4HGJ,yantralay 2Pcs Lens Guard for Insta 360 X4 Camera Lens Protector Scratch Resistant Protective Lens Cover High Transparency Optical Coated Cap Insta 36,1,740.05,Shipment,BENGALURU,Shipment,740.05,0.0,1,False,
2025-09-21,MAA4-599,ND_MINI4PRO-6_STARTRCN,B0CJJT6WXR,STARTRC Mini 4 Pro Filters  6 Pack UV CPL ND8 ND16 ND32 ND64 Filter Compatible with DJI Mini 4 Pro Drone  Polarizer and Neutral Density Camera Lens Mu,1,4701.55,Shipment,Kochi,Shipment,4701.55,0.0,1,False,
2025-09-22,CJB1-415,LGONEX4,B0F7RT4HGJ,yantralay 2Pcs Lens Guard for Insta 360 X4 Camera Lens Protector Scratch Resistant Protective Lens Cover High Transparency Optical Coated Cap Insta 36,1,740.05,Shipment,GURUGRAM,Shipment,740.05,0.0,1,False,
2025-09-22,CJB1-419,PS10_PS5PORTALCOMBO,B0DF2Z2X1Q,yantralay 6 in 1 Hard Carrying Case with Protective Cover for Play Station 5 Portal  Non Slip Soft Case Cover   Screen Protectors   Thumb Grips for PS,1,1966.0,Shipment,BANGALORE,Shipment,1966.0,0.0,1,False,
2025-09-22,CJB1-416,GP46-M_GP46-S_GP25_150CMS,B0F99WWGGT,yantralay Motorcycle Handlebar Clamp Kit with Dual Clamp Mounts   Invisible Selfie Stick for Insta 360 X4 X3 X2 One RS GO 3   Bike Action Camera Mount,1,4386.0,Shipment,GUDUR,Shipment,4386.0,0.0,1,False,
2025-09-22,CJB1-417,LGONEX5,B0FKYLQ2QZ,Yantralay Accessories for Insta 360 X5   Lens Guard Set of 2  Insta 360 X5 Accessories  X5 Lens Guard,1,699.0,Shipment,THIRUVANANTHAPURAM,Shipment,699.0,0.0,1,False,
2025-09-22,CJB1-421,PS1,B0BJBL1XBS,yantralay Polyester Dual Controller Hard Carry Case Compatible With Ps5 Ps4 Xbox Ipega Controllers   3 Layer Protection Travel Carry Case   Grey,1,805.6,Shipment,THANJAVUR,Shipment,805.6,0.0,1,False,
2025-09-22,CJB1-414,PS1,B0BJBL1XBS,yantralay Polyester Dual Controller Hard Carry Case Compatible With Ps5 Ps4 Xbox Ipega Controllers   3 Layer Protection Travel Carry Case   Grey,1,0.0,FreeReplacement,MUMBAI,FreeReplacement,0.0,0.0,0,True,
2025-09-22,MAA4-602,GP47-S,B08RDGDZJG,Taisioner Super Clamp Mount Double Ball Head Adapter Compatible with GoPro AKASO DJI Action or DSLR Camera Accessories,1,1281.55,Shipment,BENGALURU,Shipment,1281.55,0.0,1,False,
2025-09-21,MAA4-598,SGONEX4-2_LGONEX4,B0F8VRR8JY,yantralay Insta 360 X4 Lens Guard   Screen Protector Combo Kit   Lens Covers   Anti Scratch  Tempered Glass Screen   Insta 360 X4 Accessories,1,1266.0,Shipment,CHENNAI,Shipment,1266.0,0.0,1,False,
2025-09-22,MAA4-604,GP47-L_TLSNK,B0BBVGXFZ2,Camera Bike Mount Motorcycle Handlebar Clamp Holder for GoPro Insta360 Accessories  TELESIN 360    Rotating Bicycle Cycling Attachment Accessory for,1,1756.55,Shipment,BENGALURU,Shipment,1756.55,0.0,1,False,
2025-09-22,CJB1-420,GP28COMBO1_H13,B0DHYCQR66,Yantralay Silicone Lanyard Sleeve Protective Cover   6PCS Tempered Glass Screen Guard with Silicone Lens Cover Compatible with GoPro Hero 9 Black Acti,1,699.0,Shipment,CHENNAI,Shipment,699.0,0.0,1,False,
2025-09-22,MAA4-603,PS1,B0BJBL1XBS,yantralay Polyester Dual Controller Hard Carry Case Compatible With Ps5 Ps4 Xbox Ipega Controllers   3 Layer Protection Travel Carry Case   Grey,1,848.0,Shipment,Bengaluru,Shipment,848.0,0.0,1,False,
2025-09-22,CJB1-418,GP10_DJIFLIP_STARTRC,B0F83B4HX3,yantralay x Start rc Pu Material Carrying Case for DJ I Flip Fly More Combo   Waterproof Travel Bag for RC2 RC N3 Remote  Batteries  Charging Hub  65W,1,1804.05,Shipment,BENGALURU,Shipment,1804.05,0.0,1,False,
2025-09-22,MAA4-600,GP28COMBO_X3N,B0BY8178B6,PellKing Camera Protective Accessories Kit for Insta360 X3  Inst 360 X3 Bundle Include Lens Guard Silicone Protective Cover Screen Protectors Camera C,1,1091.55,Shipment,BENGALURU,Shipment,1091.55,0.0,1,False,
2025-09-22,CJB1-423,SGOLED2,B0FDQL7DFH,yantralay Tempered Glass Screen Protector for Nintendo Switch 2  2025    Ultra Thin HD Clear Film Guard with Rounded Edges for 7 9 Inch Display  1 Pac,1,499.0,Shipment,CHENNAI,Shipment,499.0,0.0,1,False,
2025-09-22,CJB1-422,PS10_PS5PORTALCOMBO,B0DF2Z2X1Q,yantralay 6 in 1 Hard Carrying Case with Protective Cover for Play Station 5 Portal  Non Slip Soft Case Cover   Screen Protectors   Thumb Grips for PS,1,1966.0,Shipment,CHENNAI,Shipment,1966.0,0.0,1,False,
2025-09-22,MAA4-606,GP46-M,B0F91GXT2N,yantralay Double Clamp Mount Bracket with 1 4  Ball Head for GoPro  Insta 360 X2 X3  Action Cameras   Handlebar  Motorcycle  Bicycle  Selfie Stick  St,1,1799.0,Shipment,BENGALURU,Shipment,1799.0,0.0,1,False,
2025-09-22,CJB1-417,LGONEX5,B0FKYLQ2QZ,Yantralay Accessories for Insta 360 X5   Lens Guard Set of 2  Insta 360 X5 Accessories  X5 Lens Guard,1,-699.0,Refund,THIRUVANANTHAPURAM,Refund,-699.0,0.0,0,False,
2025-09-22,MAA4-601,GP28COMBO_X3N,B0BY8178B6,PellKing Camera Protective Accessories Kit for Insta360 X3  Inst 360 X3 Bundle Include Lens Guard Silicone Protective Cover Screen Protectors Camera C,1,1149.0,Shipment,KOLKATA,Shipment,1149.0,0.0,1,False,
2025-09-22,CJB1-424,GP10_ONEX4_STARTRC,B0DDXP86FQ,yantralay x Startr c Carrying Case for Insta 360 X4 X5  Portable PU Storage Protective Bag Travel Case for Insta 360 X4 X5 Accessories with Large Capa,1,1595.0,Shipment,COIMBATORE,Shipment,1595.0,0.0,1,False,
2025-09-22,CJB1-415,LGONEX4,B0F7RT4HGJ,yantralay 2Pcs Lens Guard for Insta 360 X4 Camera Lens Protector Scratch Resistant Protective Lens Cover High Transparency Optical Coated Cap Insta 36,1,-740.05,Refund,GURUGRAM,Refund,-740.05,0.0,0,False,
2025-09-23,MAA4-607,GP28COMBO_X3N,B0BY8178B6,nan,1,0.0,Cancel,KOLKATA,Cancel,0.0,0.0,0,False,
2025-09-23,CJB1-425,GP10_RS4MINI_STARTRC,B0DZZFNDHP,yantralay Portable Carrying Storage Case for DJ I Ronin RS4Mini Gimbal EVA Handbag Travel Handheld Shoulder Bag  RS4MINI,1,2499.45,Shipment,Bengaluru,Shipment,2499.45,0.0,1,False,
2025-09-23,MAA4-609,TY98_TUYU,B0F7RP62NV,yantralay Motorcycle Windshield Mounting Clamp Aluminum Mount for Insta 360 X5 X4 X3  Go Pro Hero 13 12 11 10 9  D J I Action 5 Pro  4 3 Action Camera,1,1804.05,Shipment,BENGALURU,Shipment,1804.05,0.0,1,False,
2025-09-23,MAA4-607,GP28COMBO_X3N,B0BY8178B6,PellKing Camera Protective Accessories Kit for Insta360 X3  Inst 360 X3 Bundle Include Lens Guard Silicone Protective Cover Screen Protectors Camera C,1,1149.0,Shipment,KOLKATA,Shipment,1149.0,0.0,1,False,
2025-09-23,CJB1-427,LGONEX5,B0FKYLQ2QZ,Yantralay Accessories for Insta 360 X5   Lens Guard Set of 2  Insta 360 X5 Accessories  X5 Lens Guard,1,664.05,Shipment,Adipur,Shipment,664.05,0.0,1,False,
2025-09-23,CJB1-429,GP1620_TLS,B08S7D4LKH,yantralay Upgraded Helmet Chin Strap Mount for Hero 13 12 11 10 9 8 7 6 5  SJCAM  Insta 360   DJI Osmo Action 3   4   Adjustable   Secure Camera Moun,1,1083.95,Shipment,CHENNAI,Shipment,1083.95,0.0,1,False,
2025-09-23,CJB1-428,LGONEX5,B0FKYLQ2QZ,Yantralay Accessories for Insta 360 X5   Lens Guard Set of 2  Insta 360 X5 Accessories  X5 Lens Guard,1,699.0,Shipment,BENGALURU,Shipment,699.0,0.0,1,False,
2025-09-23,MAA4-610,GP28COMBO_X3N,B0BY8178B6,PellKing Camera Protective Accessories Kit for Insta360 X3  Inst 360 X3 Bundle Include Lens Guard Silicone Protective Cover Screen Protectors Camera C,1,1091.55,Shipment,RAICHUR,Shipment,1091.55,0.0,1,False,
2025-09-23,MAA4-608,GP28COMBO_X3N,B0BY8178B6,PellKing Camera Protective Accessories Kit for Insta360 X3  Inst 360 X3 Bundle Include Lens Guard Silicone Protective Cover Screen Protectors Camera C,1,1091.55,Shipment,MACHERLA,Shipment,1091.55,0.0,1,False,
2025-09-23,MAA4-611,GP28COMBO_X3N,B0BY8178B6,nan,1,0.0,Cancel,NANDIVARAM GUDUVANCHERI,Cancel,0.0,0.0,0,False,
2025-09-23,CJB1-430,GP10_RS4MINI_STARTRC,B0DZZFNDHP,yantralay Portable Carrying Storage Case for DJ I Ronin RS4Mini Gimbal EVA Handbag Travel Handheld Shoulder Bag  RS4MINI,1,2499.45,Shipment,KODAIKANAL,Shipment,2499.45,0.0,1,False,
2025-09-23,CJB1-434,PS5SLIM_CC1_GREY,B0DDQFP6NL,yantralay Carrying case for PS 5 Slim Console Gamepad Controller Headphone VR Travel Bag  Playstatio n 5 Slim Accessories   Grey,1,2184.05,Shipment,THANJAVUR,Shipment,2184.05,0.0,1,False,
2025-09-23,CJB1-433,GP47-LN,B0F91S2PFT,Yantralay Action Camera Handlebar Mount with 360  Dual Ball Head   Super Clamp for Go Pro  Insta 360  Mobile  Bike  Motorcycle   Universal Quick Rele,1,1804.05,Shipment,TIRUCHIRAPPALLI,Shipment,1804.05,0.0,1,False,
2025-09-23,CJB1-432,LGONEX5,B0FKYLQ2QZ,Yantralay Accessories for Insta 360 X5   Lens Guard Set of 2  Insta 360 X5 Accessories  X5 Lens Guard,1,699.0,Shipment,HYDERABAD,Shipment,699.0,0.0,1,False,
2025-09-23,CJB1-426,LGONEX4,B0F7RT4HGJ,yantralay 2Pcs Lens Guard for Insta 360 X4 Camera Lens Protector Scratch Resistant Protective Lens Cover High Transparency Optical Coated Cap Insta 36,1,759.05,Shipment,COIMBATORE,Shipment,759.05,0.0,1,False,
2025-09-23,CJB1-435,PS10_PS5PORTALCOMBO,B0DF2Z2X1Q,yantralay 6 in 1 Hard Carrying Case with Protective Cover for Play Station 5 Portal  Non Slip Soft Case Cover   Screen Protectors   Thumb Grips for PS,1,1966.0,Shipment,PUDUCHERRY,Shipment,1966.0,0.0,1,False,
2025-09-23,CJB1-436,DA10,B01MUFO4PA,Yantralay Universal Quick Release Camera Adapter Mount System   Compatible with Benro  Manfrotto Tripods   Includes Slide Plate with 1 4  and 3 8  Scr,1,960.55,Shipment,THRISSUR,Shipment,960.55,0.0,1,False,
2025-09-23,CJB1-438,PS1,B0BJBL1XBS,yantralay Polyester Dual Controller Hard Carry Case Compatible With Ps5 Ps4 Xbox Ipega Controllers   3 Layer Protection Travel Carry Case   Grey,1,805.6,Shipment,BENGALURU,Shipment,805.6,0.0,1,False,
2025-09-24,CJB1-442,GP47-L_TLSNK,B0BBVGXFZ2,Camera Bike Mount Motorcycle Handlebar Clamp Holder for GoPro Insta360 Accessories  TELESIN 360    Rotating Bicycle Cycling Attachment Accessory for,1,1849.0,Shipment,ERNAKULAM,Shipment,1849.0,0.0,1,False,
2025-09-23,CJB1-439,PS1,B0BJBL1XBS,yantralay Polyester Dual Controller Hard Carry Case Compatible With Ps5 Ps4 Xbox Ipega Controllers   3 Layer Protection Travel Carry Case   Grey,1,848.0,Shipment,VEERAKKALPUDUR,Shipment,848.0,0.0,1,False,
2025-09-24,CJB1-443,GP10_ONEX4_STARTRC,B0DDXP86FQ,yantralay x Startr c Carrying Case for Insta 360 X4 X5  Portable PU Storage Protective Bag Travel Case for Insta 360 X4 X5 Accessories with Large Capa,1,1595.0,Shipment,Bengaluru,Shipment,1595.0,0.0,1,False,
2025-09-23,CJB1-429,GP1620_TLS,B08S7D4LKH,yantralay Upgraded Helmet Chin Strap Mount for Hero 13 12 11 10 9 8 7 6 5  SJCAM  Insta 360   DJI Osmo Action 3   4   Adjustable   Secure Camera Moun,1,-1083.95,Refund,CHENNAI,Refund,-1083.95,0.0,0,False,
2025-09-23,CJB1-437,SGONEX4-2_LGONEX4,B0F8VRR8JY,yantralay Insta 360 X4 Lens Guard   Screen Protector Combo Kit   Lens Covers   Anti Scratch  Tempered Glass Screen   Insta 360 X4 Accessories,1,1234.05,Shipment,Bengaluru,Shipment,1234.05,0.0,1,False,
2025-09-23,CJB1-440,GP10_DJIFLIP_STARTRC,B0F83B4HX3,yantralay x Start rc Pu Material Carrying Case for DJ I Flip Fly More Combo   Waterproof Travel Bag for RC2 RC N3 Remote  Batteries  Charging Hub  65W,1,1804.05,Shipment,BENGALURU,Shipment,1804.05,0.0,1,False,
2025-09-24,CJB1-445,GP1620_TLS,B08S7D4LKH,yantralay Upgraded Helmet Chin Strap Mount for Hero 13 12 11 10 9 8 7 6 5  SJCAM  Insta 360   DJI Osmo Action 3   4   Adjustable   Secure Camera Moun,1,1083.95,Shipment,CHENNAI,Shipment,1083.95,0.0,1,False,
2025-09-24,CJB1-447,GP46-L_TUYU,B0FCYK5XW1,yantralay All Aluminium Dual Clamp Mount with 1 4  Ball Head   Heavy Duty Aluminium Bracket for Go Pro 13 12 11  Insta 360 X5 X4 X3  Bike Handlebar  M,1,2469.05,Shipment,BENGALURU,Shipment,2469.05,0.0,1,False,
2025-09-24,CJB1-446,ACFRAMEONEX5_AL,B0FJG46XCP,Yantralay Accessories for Insta 360 X5   Aluminum Frame Mount  Insta 360 X5 Accessories  X5 Aluminium Frame,1,3869.0,Shipment,Mangaluru,Shipment,3869.0,0.0,1,False,
2025-09-24,CJB1-444,PS1,B0BJBL1XBS,yantralay Polyester Dual Controller Hard Carry Case Compatible With Ps5 Ps4 Xbox Ipega Controllers   3 Layer Protection Travel Carry Case   Grey,2,1645.12,Shipment,THIRUVANANTHAPURAM,Shipment,1645.12,0.0,2,False,
2025-09-24,CJB1-441,GP28COMBO1_H13,B0DHYCQR66,Yantralay Silicone Lanyard Sleeve Protective Cover   6PCS Tempered Glass Screen Guard with Silicone Lens Cover Compatible with GoPro Hero 9 Black Acti,1,699.0,Shipment,BENGALURU,Shipment,699.0,0.0,1,False,
2025-09-24,CJB1-448,GP47-L_TLSNK,B0BBVGXFZ2,Camera Bike Mount Motorcycle Handlebar Clamp Holder for GoPro Insta360 Accessories  TELESIN 360    Rotating Bicycle Cycling Attachment Accessory for,1,1849.0,Shipment,HOSKOTE,Shipment,1849.0,0.0,1,False,
2025-09-24,CJB1-449,GP10_OM7_STARTRCN,B0DXPYBSMM,STARTRC PHOTO PU Osmo Mobile 7P Case Portable Shoulder Bag for Dji OM 7 Pro 7 Gimbal Stabilizer Travel Case for DJI Osmo Mobile 7 7P Accessories  Grey,1,1899.0,Shipment,BENGALURU,Shipment,1899.0,0.0,1,False,
2025-09-22,CJB1-418,GP10_DJIFLIP_STARTRC,B0F83B4HX3,yantralay x Start rc Pu Material Carrying Case for DJ I Flip Fly More Combo   Waterproof Travel Bag for RC2 RC N3 Remote  Batteries  Charging Hub  65W,1,-1804.05,Refund,BENGALURU,Refund,-1804.05,0.0,0,False,
2025-09-24,CJB1-450,GP10_RS4MINI_STARTRC,B0DZZFNDHP,yantralay Portable Carrying Storage Case for DJ I Ronin RS4Mini Gimbal EVA Handbag Travel Handheld Shoulder Bag  RS4MINI,1,2631.0,Shipment,KOCHI,Shipment,2631.0,0.0,1,False,
2025-09-24,MAA4-613,GP43_ONER,B0D459FFBH,yantralay Portable Case Pouch for Insta ONE R RS Lens Protection ONER RS Accessories,1,664.05,Shipment,SALEM,Shipment,664.05,0.0,1,False,
2025-09-24,NAN,ACFRAMEONEX5_AL,B0FJG46XCP,nan,1,0.0,Cancel,Ernakulam,Cancel,0.0,0.0,0,False,
2025-09-24,CJB1-451,ACCASEONEX5,B0FF2D12YN,Yantralay Invisible Magnetic Dive Case for Insta360 X5   60M Waterproof Underwater Housing for Deep Sea   Snorkeling Shots,1,5129.05,Shipment,Agra,Shipment,5129.05,0.0,1,False,
2025-09-24,MAA4-615,GP47-L_TLSNK,B0BBVGXFZ2,Camera Bike Mount Motorcycle Handlebar Clamp Holder for GoPro Insta360 Accessories  TELESIN 360    Rotating Bicycle Cycling Attachment Accessory for,1,1756.55,Shipment,KANJIKODE INDUSTRIAL AREA,Shipment,1756.55,0.0,1,False,
2025-09-23,CJB1-431,GP25_TRIPOD,B0FN8K885R,Yantralay 122cm Invisible Stick   Tripod Extension Monopod for Insta360 X5 X4 X3  ONE R RS  DJI Osmo Action Series   Lightweight Extendable Camera Acc,1,1538.05,Shipment,Chalakudy,Shipment,1538.05,0.0,1,False,
2025-09-24,MAA4-614,GP10_ONEX4_STARTRC,B0DDXP86FQ,yantralay x Startr c Carrying Case for Insta 360 X4 X5  Portable PU Storage Protective Bag Travel Case for Insta 360 X4 X5 Accessories with Large Capa,1,1547.15,Shipment,NEW DELHI,Shipment,1547.15,0.0,1,False,
2025-09-24,CJB1-454,LGONEX5,B0FKYLQ2QZ,Yantralay Accessories for Insta 360 X5   Lens Guard Set of 2  Insta 360 X5 Accessories  X5 Lens Guard,1,699.0,Shipment,MUMBAI,Shipment,699.0,0.0,1,False,
2025-09-24,CJB1-453,ACFRAMEONEX5_AL,B0FJG46XCP,Yantralay Accessories for Insta 360 X5   Aluminum Frame Mount  Insta 360 X5 Accessories  X5 Aluminium Frame,1,3675.55,Shipment,Ernakulam,Shipment,3675.55,0.0,1,False,
2025-09-24,CJB1-452,GP10_RS4_STARTRC,B0DB1TQPH3,yantralay Portable Carrying Storage Case for DJ I Ronin RS4   RS4 Pro Gimbal EVA Handbag Travel Handheld Shoulder Bag  Grey,1,2849.0,Shipment,Jalakandapuram,Shipment,2849.0,0.0,1,False,
2025-09-24,CJB1-443,GP10_ONEX4_STARTRC,B0DDXP86FQ,yantralay x Startr c Carrying Case for Insta 360 X4 X5  Portable PU Storage Protective Bag Travel Case for Insta 360 X4 X5 Accessories with Large Capa,1,-1595.0,Refund,Bengaluru,Refund,-1595.0,0.0,0,False,
2025-09-23,CJB1-427,LGONEX5,B0FKYLQ2QZ,Yantralay Accessories for Insta 360 X5   Lens Guard Set of 2  Insta 360 X5 Accessories  X5 Lens Guard,1,-664.05,Refund,Adipur,Refund,-664.05,0.0,0,False,
2025-09-24,MAA4-616,PS1,B0BJBL1XBS,yantralay Polyester Dual Controller Hard Carry Case Compatible With Ps5 Ps4 Xbox Ipega Controllers   3 Layer Protection Travel Carry Case   Grey,1,848.0,Shipment,BENGALURU,Shipment,848.0,0.0,1,False,
2025-09-24,MAA4-617,GP28COMBO_X3N,B0BY8178B6,nan,1,0.0,Cancel,Gurugram,Cancel,0.0,0.0,0,False,
2025-09-24,CJB1-458,LGONEX5,B0FKYLQ2QZ,Yantralay Accessories for Insta 360 X5   Lens Guard Set of 2  Insta 360 X5 Accessories  X5 Lens Guard,1,699.0,Shipment,BENGALURU,Shipment,699.0,0.0,1,False,
2025-09-25,CJB1-462,ND_OP3-6_STARTRCN,B0CLTTKV97,STARTRAC Magnetic ND   CPL Filters Set for DJI Osmo Pocket 3 Creator Combo   6 Pack CPL  ND 8  16  32  64  256  Ultra Slim Aluminum Frame,1,3799.05,Shipment,BENGALURU,Shipment,3799.05,0.0,1,False,
2025-09-24,CJB1-455,GP25_TRIPOD,B0FN8K885R,Yantralay 122cm Invisible Stick   Tripod Extension Monopod for Insta360 X5 X4 X3  ONE R RS  DJI Osmo Action Series   Lightweight Extendable Camera Acc,1,1698.0,Shipment,Bengaluru,Shipment,1698.0,0.0,1,False,
2025-09-25,CJB1-460,GP28_H13,B0DHYDQL5V,Yantralay Silicone Lanyard Sleeve Protective Cover   6PCS Tempered Glass Screen Guard with Silicone Lens Cover Compatible with Go Pro Hero 9 Black Act,1,399.0,Shipment,KANNUR,Shipment,399.0,0.0,1,False,
2025-09-24,MAA4-612,GP28COMBO_X3N,B0BY8178B6,PellKing Camera Protective Accessories Kit for Insta360 X3  Inst 360 X3 Bundle Include Lens Guard Silicone Protective Cover Screen Protectors Camera C,1,1091.55,Shipment,MADHURAWADA,Shipment,1091.55,0.0,1,False,
2025-09-24,CJB1-456,ACFRAMEONEX4_AL,B0DZPHHK7F,Yantralay Multifunction Utility Frame Compatible for Insta360 X4  Metal Protective Case for Insta360 X4 Accessories  Upgraded Quick Release Aluminium,1,3799.0,Shipment,BENGALURU,Shipment,3799.0,0.0,1,False,
2025-09-23,CJB1-428,LGONEX5,B0FKYLQ2QZ,Yantralay Accessories for Insta 360 X5   Lens Guard Set of 2  Insta 360 X5 Accessories  X5 Lens Guard,1,-699.0,Refund,BENGALURU,Refund,-699.0,0.0,0,False,
2025-09-25,CJB1-461,GP25_TRIPOD,B0FN8K885R,Yantralay 122cm Invisible Stick   Tripod Extension Monopod for Insta360 X5 X4 X3  ONE R RS  DJI Osmo Action Series   Lightweight Extendable Camera Acc,1,1538.05,Shipment,PATTIOM,Shipment,1538.05,0.0,1,False,
2025-09-25,CJB1-465,GP28_H13,B0DHYDQL5V,Yantralay Silicone Lanyard Sleeve Protective Cover   6PCS Tempered Glass Screen Guard with Silicone Lens Cover Compatible with Go Pro Hero 9 Black Act,1,399.0,Shipment,ATTUR,Shipment,399.0,0.0,1,False,
2025-09-25,CJB1-459,DA31,B0CGDMJ882,Yantralay DSLR Battery Pouch   Portable Waterproof Bag for lp e6 e8 e10 e12 en el14 el15 fw50 f550 Batteries   Convenient Access Design   Compact and,3,1392.21,Shipment,NEW DELHI,Shipment,1392.21,0.0,3,False,
2025-09-25,CJB1-464,GP49,B0D456N4QM,yantralay Motorcycle Bike Bicycle Handlebar Mount Clamps with 1 4  Screw Compatible 8 35mm for Gopro Hero 13 12 11 10 9 Max Insta360 ONE X5 X4 X3  ONE,1,949.0,Shipment,DINDIGUL,Shipment,949.0,0.0,1,False,
2025-09-25,CJB1-463,GP47-L_TLS,B0DJ9S3SY7,yantralay Camera Clamp Mount   360  Ball Joint Handlebar Holder for Go Pro Hero 13 12 11 10 9  Insta360 X4 X3 X2  ONE R RS  DJI Osmo Action 5 4 3   B,1,1614.05,Shipment,BENGALURU,Shipment,1614.05,0.0,1,False,
2025-09-25,MAA4-618,GP25_TRIPOD,B0FN8K885R,Yantralay 122cm Invisible Stick   Tripod Extension Monopod for Insta360 X5 X4 X3  ONE R RS  DJI Osmo Action Series   Lightweight Extendable Camera Acc,1,1619.0,Shipment,BENGALURU,Shipment,1619.0,0.0,1,False,
2025-09-25,CJB1-468,GP10_RS4_STARTRC,B0DB1TQPH3,yantralay Portable Carrying Storage Case for DJ I Ronin RS4   RS4 Pro Gimbal EVA Handbag Travel Handheld Shoulder Bag  Grey,1,2849.0,Shipment,Thiruvalla,Shipment,2849.0,0.0,1,False,
2025-09-25,MAA4-621,GP28COMBO_X3N,B0BY8178B6,PellKing Camera Protective Accessories Kit for Insta360 X3  Inst 360 X3 Bundle Include Lens Guard Silicone Protective Cover Screen Protectors Camera C,1,1149.0,Shipment,Gurugram,Shipment,1149.0,0.0,1,False,
2025-09-25,CJB1-467,ACCHARGERGP5_3,B08LYVPLR9,Yantralay 3 Channel AHDBT 501 Battery Charger for Hero 5 6 7   8 Black Action Camera   USB Cable Included   Fast Charging Dock,1,823.0,Shipment,KOTAGIRI,Shipment,823.0,0.0,1,False,
2025-09-25,CJB1-470,GP10_DJIFLIP_STARTRC,B0F83B4HX3,yantralay x Start rc Pu Material Carrying Case for DJ I Flip Fly More Combo   Waterproof Travel Bag for RC2 RC N3 Remote  Batteries  Charging Hub  65W,1,1899.0,Shipment,AHMEDABAD,Shipment,1899.0,0.0,1,False,
2025-09-24,CJB1-457,GP10_DJIFLIP_STARTRC,B0F83B4HX3,yantralay x Start rc Pu Material Carrying Case for DJ I Flip Fly More Combo   Waterproof Travel Bag for RC2 RC N3 Remote  Batteries  Charging Hub  65W,1,1804.05,Shipment,PUNE,Shipment,1804.05,0.0,1,False,
2025-09-25,MAA4-619,GP10_ONEX4_STARTRC,B0DDXP86FQ,yantralay x Startr c Carrying Case for Insta 360 X4 X5  Portable PU Storage Protective Bag Travel Case for Insta 360 X4 X5 Accessories with Large Capa,1,1595.0,Shipment,BENGALURU,Shipment,1595.0,0.0,1,False,
2025-09-25,CJB1-466,PS10_PS5PORTALCOMBO,B0DF2Z2X1Q,yantralay 6 in 1 Hard Carrying Case with Protective Cover for Play Station 5 Portal  Non Slip Soft Case Cover   Screen Protectors   Thumb Grips for PS,1,1867.7,Shipment,Thrippunithura,Shipment,1867.7,0.0,1,False,
2025-09-25,MAA4-622,PS1,B0BJBL1XBS,yantralay Polyester Dual Controller Hard Carry Case Compatible With Ps5 Ps4 Xbox Ipega Controllers   3 Layer Protection Travel Carry Case   Grey,1,848.0,Shipment,THOZHUR,Shipment,848.0,0.0,1,False,
2025-09-25,MAA4-624,GP28COMBO_X3N,B0BY8178B6,PellKing Camera Protective Accessories Kit for Insta360 X3  Inst 360 X3 Bundle Include Lens Guard Silicone Protective Cover Screen Protectors Camera C,1,1149.0,Shipment,JAISALMER,Shipment,1149.0,0.0,1,False,
2025-09-25,MAA4-625,LGONEX5,B0FKYLQ2QZ,Yantralay Accessories for Insta 360 X5   Lens Guard Set of 2  Insta 360 X5 Accessories  X5 Lens Guard,1,664.05,Shipment,NEW DELHI,Shipment,664.05,0.0,1,False,
2025-09-25,CJB1-472,GP12,B0D7BZ38X8,yantralay Aluminium Car Suction Mount 360  Rotatable for Insta 360 X5 X4 X3 X2  Ace Pro ONE R RS  Hero 13 12 11 10 9 8 7  DJI Osmo Action Series   Al,1,1262.0,Shipment,KARAIKKUDI,Shipment,1262.0,0.0,1,False,
2025-09-25,MAA4-620,LGONEX5,B0FKYLQ2QZ,Yantralay Accessories for Insta 360 X5   Lens Guard Set of 2  Insta 360 X5 Accessories  X5 Lens Guard,1,699.0,Shipment,MAVELIKKARA,Shipment,699.0,0.0,1,False,
2025-09-25,CJB1-469,GP10_DJIFLIP_STARTRC,B0F83B4HX3,yantralay x Start rc Pu Material Carrying Case for DJ I Flip Fly More Combo   Waterproof Travel Bag for RC2 RC N3 Remote  Batteries  Charging Hub  65W,1,1804.05,Shipment,HYDERABAD,Shipment,1804.05,0.0,1,False,
2025-09-26,NAN,ACFRAMEONEX5_AL,B0FJG46XCP,nan,1,0.0,Cancel,KRISHNAGIRI,Cancel,0.0,0.0,0,False,
2025-09-25,CJB1-475,GP46-M_GP46-S_GP25_150CMS,B0F99WWGGT,yantralay Motorcycle Handlebar Clamp Kit with Dual Clamp Mounts   Invisible Selfie Stick for Insta 360 X4 X3 X2 One RS GO 3   Bike Action Camera Mount,1,3873.0,Shipment,Mangaluru,Shipment,3873.0,0.0,1,False,
2025-09-25,CJB1-471,GP10_DJIFLIP_STARTRC,B0F83B4HX3,yantralay x Start rc Pu Material Carrying Case for DJ I Flip Fly More Combo   Waterproof Travel Bag for RC2 RC N3 Remote  Batteries  Charging Hub  65W,1,1899.0,Shipment,MUMBAI,Shipment,1899.0,0.0,1,False,
2025-09-25,CJB1-473,LGONEX5,B0FKYLQ2QZ,Yantralay Accessories for Insta 360 X5   Lens Guard Set of 2  Insta 360 X5 Accessories  X5 Lens Guard,1,664.05,Shipment,NAGPUR,Shipment,664.05,0.0,1,False,
2025-09-26,CJB1-476,PS1,B0BJBL1XBS,yantralay Polyester Dual Controller Hard Carry Case Compatible With Ps5 Ps4 Xbox Ipega Controllers   3 Layer Protection Travel Carry Case   Grey,1,805.6,Shipment,BENGALURU,Shipment,805.6,0.0,1,False,
2025-09-26,MAA4-627,PS1,B0BJBL1XBS,yantralay Polyester Dual Controller Hard Carry Case Compatible With Ps5 Ps4 Xbox Ipega Controllers   3 Layer Protection Travel Carry Case   Grey,1,0.0,FreeReplacement,BENGALURU,FreeReplacement,0.0,0.0,0,True,
2025-09-26,CJB1-478,ACFRAMEONEX5_AL,B0FJG46XCP,Yantralay Accessories for Insta 360 X5   Aluminum Frame Mount  Insta 360 X5 Accessories  X5 Aluminium Frame,1,3598.17,Shipment,KRISHNAGIRI,Shipment,3598.17,0.0,1,False,
2025-09-25,CJB1-474,GP10_RS4MINI_STARTRC,B0DZZFNDHP,yantralay Portable Carrying Storage Case for DJ I Ronin RS4Mini Gimbal EVA Handbag Travel Handheld Shoulder Bag  RS4MINI,1,2631.0,Shipment,CHENNAI,Shipment,2631.0,0.0,1,False,
2025-09-26,MAA4-626,ACCHARGERGP13_CD_AMG,B0DZVVQPKD,Yantralay 3 Channel Fast Charging Box Battery Charger for GoPro Hero 13 Black   Compatible with Original GoPro Hero 13 Batteries  Portable GoPro Hero,1,1908.55,Shipment,Bengaluru,Shipment,1908.55,0.0,1,False,
2025-09-26,CJB1-479,ND_OP3-6_STARTRCN,B0CLTTKV97,STARTRAC Magnetic ND   CPL Filters Set for DJI Osmo Pocket 3 Creator Combo   6 Pack CPL  ND 8  16  32  64  256  Ultra Slim Aluminum Frame,1,3958.0,Shipment,BENGALURU,Shipment,3958.0,0.0,1,False,
2025-09-26,CJB1-480,GP10_ONEX4_STARTRC,B0DDXP86FQ,yantralay x Startr c Carrying Case for Insta 360 X4 X5  Portable PU Storage Protective Bag Travel Case for Insta 360 X4 X5 Accessories with Large Capa,1,1595.0,Shipment,HYDERABAD,Shipment,1595.0,0.0,1,False,
2025-09-26,CJB1-477,GP46-M_GP46-S_GP25_150CMS,B0F99WWGGT,yantralay Motorcycle Handlebar Clamp Kit with Dual Clamp Mounts   Invisible Selfie Stick for Insta 360 X4 X3 X2 One RS GO 3   Bike Action Camera Mount,1,3873.0,Shipment,CHENNAI,Shipment,3873.0,0.0,1,False,
2025-09-26,CJB1-483,GP46-M_GP46-S_GP25_150CMS,B0F99WWGGT,yantralay Motorcycle Handlebar Clamp Kit with Dual Clamp Mounts   Invisible Selfie Stick for Insta 360 X4 X3 X2 One RS GO 3   Bike Action Camera Mount,1,3999.0,Shipment,YADGIR,Shipment,3999.0,0.0,1,False,
2025-09-26,CJB1-481,PS10_PS5PORTALCOMBO,B0DF2Z2X1Q,yantralay 6 in 1 Hard Carrying Case with Protective Cover for Play Station 5 Portal  Non Slip Soft Case Cover   Screen Protectors   Thumb Grips for PS,1,1966.0,Shipment,CHENNAI,Shipment,1966.0,0.0,1,False,
2025-09-26,CJB1-487,GP10_RS4_STARTRC,B0DB1TQPH3,yantralay Portable Carrying Storage Case for DJ I Ronin RS4   RS4 Pro Gimbal EVA Handbag Travel Handheld Shoulder Bag  Grey,1,2849.0,Shipment,KORATTY,Shipment,2849.0,0.0,1,False,
2025-09-26,CJB1-485,GP1620_TLS,B08S7D4LKH,yantralay Upgraded Helmet Chin Strap Mount for Hero 13 12 11 10 9 8 7 6 5  SJCAM  Insta 360   DJI Osmo Action 3   4   Adjustable   Secure Camera Moun,1,1141.0,Shipment,CHENNAI,Shipment,1141.0,0.0,1,False,
2025-09-18,MAA4-583,ACCHARGERGP13_CD_AMG,B0DZVVQPKD,Yantralay 3 Channel Fast Charging Box Battery Charger for GoPro Hero 13 Black   Compatible with Original GoPro Hero 13 Batteries  Portable GoPro Hero,1,-2029.2,Refund,Bengaluru,Refund,-2029.2,0.0,0,False,
2025-09-26,CJB1-484,PS10_PS5PORTALCOMBO,B0DF2Z2X1Q,yantralay 6 in 1 Hard Carrying Case with Protective Cover for Play Station 5 Portal  Non Slip Soft Case Cover   Screen Protectors   Thumb Grips for PS,1,1867.7,Shipment,Abhayapuri,Shipment,1867.7,0.0,1,False,
2025-09-26,CJB1-486,GP28COMBO1_H13,B0DHYCQR66,Yantralay Silicone Lanyard Sleeve Protective Cover   6PCS Tempered Glass Screen Guard with Silicone Lens Cover Compatible with GoPro Hero 9 Black Acti,1,613.7,Shipment,BENGALURU,Shipment,613.7,0.0,1,False,
2025-09-26,CJB1-482,PS10_OLEDCOMBO_YELLOW,B0DJFL8DBY,yantralay Carry Case Pouch Cover Compatible with Nintendo Switch OLED  OLED 2 with Game Card Slots for Switch Switch OLED OLED 2 Accessories  Video Ga,1,1199.0,Shipment,BENGALURU,Shipment,1199.0,0.0,1,False,
2025-09-26,MAA4-629,MS_ACFRAMEOP3_PL,B0FJFWVC4N,yantralay Magnetic Mount Stand for DJ I Osmo Pocket 3 180  Adjustable Portable Magnet Grip Frame Bracket for Pocket 3 Accessories,1,1449.0,Shipment,Hyderabad,Shipment,1449.0,0.0,1,False,
2025-09-26,CJB1-489,GP46-S,B0F91G6H93,yantralay Double Clamp Mount Bracket with 1 4  Ball Head for GoPro  Insta 360 X2 X3  Action Cameras   Handlebar  Motorcycle  Bicycle  Selfie Stick  St,1,1614.05,Shipment,BENGALURU,Shipment,1614.05,0.0,1,False,
2025-09-27,CJB1-490,GP28COMBO1_H13,B0DHYCQR66,Yantralay Silicone Lanyard Sleeve Protective Cover   6PCS Tempered Glass Screen Guard with Silicone Lens Cover Compatible with GoPro Hero 9 Black Acti,1,613.7,Shipment,THIRUVANANTHAPURAM,Shipment,613.7,0.0,1,False,
2025-09-27,CJB1-491,DA31,B0CGDMJ882,Yantralay DSLR Battery Pouch   Portable Waterproof Bag for lp e6 e8 e10 e12 en el14 el15 fw50 f550 Batteries   Convenient Access Design   Compact and,1,499.0,Shipment,BENGALURU,Shipment,499.0,0.0,1,False,
2025-09-27,CJB1-492,PS10_PS5PORTALCOMBO,B0DF2Z2X1Q,yantralay 6 in 1 Hard Carrying Case with Protective Cover for Play Station 5 Portal  Non Slip Soft Case Cover   Screen Protectors   Thumb Grips for PS,1,1867.7,Shipment,New Delhi,Shipment,1867.7,0.0,1,False,
2025-09-26,CJB1-488,ACCHARGERGP5_3,B08LYVPLR9,Yantralay 3 Channel AHDBT 501 Battery Charger for Hero 5 6 7   8 Black Action Camera   USB Cable Included   Fast Charging Dock,1,823.0,Shipment,BENGALURU,Shipment,823.0,0.0,1,False,
2025-09-26,MAA4-628,GP47-SN,B0F91PMBC5,yantralay Action Camera Handlebar Mount with 360  Dual Ball Head   Super Clamp for Go Pro  Insta 360  Mobile  Bike  Motorcycle   Universal Quick Rele,1,1699.0,Shipment,Thiruvananthapuram,Shipment,1699.0,0.0,1,False,
2025-09-27,CJB1-493,PS10_OLEDCOMBO_YELLOW,B0DJFL8DBY,yantralay Carry Case Pouch Cover Compatible with Nintendo Switch OLED  OLED 2 with Game Card Slots for Switch Switch OLED OLED 2 Accessories  Video Ga,1,1082.05,Shipment,CHENNAI,Shipment,1082.05,0.0,1,False,
2025-09-27,CJB1-495,GP10_RS4_STARTRC,B0DB1TQPH3,yantralay Portable Carrying Storage Case for DJ I Ronin RS4   RS4 Pro Gimbal EVA Handbag Travel Handheld Shoulder Bag  Grey,1,2706.55,Shipment,Bengaluru,Shipment,2706.55,0.0,1,False,
2025-09-27,MAA4-631,IN_MICMOUNT_X4,B0DZJQ8F1R,yantralay External Microphone Aluminium Auxiliary Mount Compatible With Insta 360 X4 X3 X2  Insta 360 Camera Accessories,1,1398.0,Shipment,TIRUPATI,Shipment,1398.0,0.0,1,False,
2025-09-27,CJB1-494,LM17,B0D455L1MN,yantralay Folding Fingers Replacement Magnet Adapter Mount with 1 4 Tripod Connector Port Compatible with Go Pro Hero 13 12 11 11 Mini 10 9 8   Hero M,1,960.0,Shipment,Bengaluru,Shipment,960.0,0.0,1,False,
2025-09-24,CJB1-456,ACFRAMEONEX4_AL,B0DZPHHK7F,Yantralay Multifunction Utility Frame Compatible for Insta360 X4  Metal Protective Case for Insta360 X4 Accessories  Upgraded Quick Release Aluminium,1,-3799.0,Refund,BENGALURU,Refund,-3799.0,0.0,0,False,
2025-09-27,NAN,PS1,B0BJBL1XBS,nan,1,0.0,Cancel,BENGALURU,Cancel,0.0,0.0,0,False,
2025-09-27,CJB1-501,SGOLED2,B0FDQL7DFH,yantralay Tempered Glass Screen Protector for Nintendo Switch 2  2025    Ultra Thin HD Clear Film Guard with Rounded Edges for 7 9 Inch Display  1 Pac,1,499.0,Shipment,MADURAI,Shipment,499.0,0.0,1,False,
2025-09-27,CJB1-497,GP10_ONEX4_STARTRC,B0DDXP86FQ,yantralay x Startr c Carrying Case for Insta 360 X4 X5  Portable PU Storage Protective Bag Travel Case for Insta 360 X4 X5 Accessories with Large Capa,1,1595.0,Shipment,KOZHIKODE,Shipment,1595.0,0.0,1,False,
2025-09-27,MAA4-630,PS1,B0BJBL1XBS,yantralay Polyester Dual Controller Hard Carry Case Compatible With Ps5 Ps4 Xbox Ipega Controllers   3 Layer Protection Travel Carry Case   Grey,1,805.6,Shipment,CHENNAI,Shipment,805.6,0.0,1,False,
2025-09-27,CJB1-496,ACFRAMEONEX5_AL,B0FJG46XCP,Yantralay Accessories for Insta 360 X5   Aluminum Frame Mount  Insta 360 X5 Accessories  X5 Aluminium Frame,1,3869.0,Shipment,KOZHIKODE,Shipment,3869.0,0.0,1,False,
2025-09-27,MAA4-633,GP49,B0D456N4QM,yantralay Motorcycle Bike Bicycle Handlebar Mount Clamps with 1 4  Screw Compatible 8 35mm for Gopro Hero 13 12 11 10 9 Max Insta360 ONE X5 X4 X3  ONE,1,901.55,Shipment,BENGALURU,Shipment,901.55,0.0,1,False,
2025-09-27,CJB1-498,GP10_OM6_SLF,B0BWWQDCY7,yantralay Polyester Carry Case For Dji Osmo Mobile 6  Om6 Gimbal Accessories   Premium Pu Shockproof Material  Dual Zipper  Portable   Lightweight Har,1,949.0,Shipment,MANGALURU,Shipment,949.0,0.0,1,False,
2025-09-27,CJB1-502,PS1,B0BJBL1XBS,yantralay Polyester Dual Controller Hard Carry Case Compatible With Ps5 Ps4 Xbox Ipega Controllers   3 Layer Protection Travel Carry Case   Grey,1,848.0,Shipment,BENGALURU,Shipment,848.0,0.0,1,False,
2025-09-27,CJB1-499,GP25_TRIPOD,B0FN8K885R,Yantralay 122cm Invisible Stick   Tripod Extension Monopod for Insta360 X5 X4 X3  ONE R RS  DJI Osmo Action Series   Lightweight Extendable Camera Acc,1,1619.0,Shipment,KUNNAMANGALAM,Shipment,1619.0,0.0,1,False,
2025-09-24,MAA4-613,GP43_ONER,B0D459FFBH,yantralay Portable Case Pouch for Insta ONE R RS Lens Protection ONER RS Accessories,1,-664.05,Refund,SALEM,Refund,-664.05,0.0,0,False,
2025-09-28,CJB1-507,SGOLED2,B0FDQL7DFH,yantralay Tempered Glass Screen Protector for Nintendo Switch 2  2025    Ultra Thin HD Clear Film Guard with Rounded Edges for 7 9 Inch Display  1 Pac,1,474.05,Shipment,BENGALURU,Shipment,474.05,0.0,1,False,
2025-09-28,CJB1-506,ACCASEONEX5,B0FF2D12YN,Yantralay Invisible Magnetic Dive Case for Insta360 X5   60M Waterproof Underwater Housing for Deep Sea   Snorkeling Shots,1,5129.05,Shipment,BENGALURU,Shipment,5129.05,0.0,1,False,
2025-09-27,MAA4-632,ULANZI_VL49RGB,B08QJSZWHR,Yantralay VL49 Professional Magnetic RGB LED Light with 2 Color Modes for LiveStreaming  Photo Shoot with 3 Hot Shoe Mounts Compatible with All Camera,1,1799.0,Shipment,Nanakmatta,Shipment,1799.0,0.0,1,False,
2025-09-28,CJB1-505,GP10_OM7_STARTRCN,B0DXPYBSMM,STARTRC PHOTO PU Osmo Mobile 7P Case Portable Shoulder Bag for Dji OM 7 Pro 7 Gimbal Stabilizer Travel Case for DJI Osmo Mobile 7 7P Accessories  Grey,1,1804.05,Shipment,FARIDABAD,Shipment,1804.05,0.0,1,False,
2025-09-27,CJB1-500,GP28COMBO1_H13,B0DHYCQR66,Yantralay Silicone Lanyard Sleeve Protective Cover   6PCS Tempered Glass Screen Guard with Silicone Lens Cover Compatible with GoPro Hero 9 Black Acti,1,646.0,Shipment,Theni Allinagaram,Shipment,646.0,0.0,1,False,
2025-09-27,CJB1-503,ND_DJIFLIP_STARTRCN,B0DT1CVV7L,ND CPL Filter Set for DJI Flip Accessories ND16 ND64 ND128 CPL Drone Lens Filters Set  Multi Coated HD Optical Glass 4 Pack,1,2849.05,Shipment,PUNE,Shipment,2849.05,0.0,1,False,
2025-09-28,MAA4-635,GP10_ONEX4_STARTRC,B0DDXP86FQ,yantralay x Startr c Carrying Case for Insta 360 X4 X5  Portable PU Storage Protective Bag Travel Case for Insta 360 X4 X5 Accessories with Large Capa,1,1595.0,Shipment,KOLKATA,Shipment,1595.0,0.0,1,False,
2025-09-28,CJB1-508,PS2_RED,B0BL1HF4NJ,yantralay Nylon Controller Gamepad Carry Case   Ultimate Protection Compatible For PS5 PS4 PS3 Switch Pro Xbox Joysticks Waterproof  Scratch Protectio,1,474.05,Shipment,KUMBAKONAM,Shipment,474.05,0.0,1,False,
2025-09-28,CJB1-509,ND_OP3-6_STARTRCN,B0CLTTKV97,STARTRAC Magnetic ND   CPL Filters Set for DJI Osmo Pocket 3 Creator Combo   6 Pack CPL  ND 8  16  32  64  256  Ultra Slim Aluminum Frame,1,0.0,FreeReplacement,BENGALURU,FreeReplacement,0.0,0.0,0,True,
2025-09-27,CJB1-504,GP46-M_GP46-S_GP25_150CMS,B0F99WWGGT,yantralay Motorcycle Handlebar Clamp Kit with Dual Clamp Mounts   Invisible Selfie Stick for Insta 360 X4 X3 X2 One RS GO 3   Bike Action Camera Mount,1,3873.0,Shipment,CHENNAI,Shipment,3873.0,0.0,1,False,
2025-09-28,CJB1-510,GP1620_TLS,B08S7D4LKH,yantralay Upgraded Helmet Chin Strap Mount for Hero 13 12 11 10 9 8 7 6 5  SJCAM  Insta 360   DJI Osmo Action 3   4   Adjustable   Secure Camera Moun,1,1141.0,Shipment,SIVAGANGA,Shipment,1141.0,0.0,1,False,
2025-09-27,MAA4-634,INONEX4_COMBO1,B0DX1SWJXZ,yantralay Lens Guard for Insta360 X4   Tempered Glass   Scratch Resistant Protective Lens Cover   Insta360 X4 Camera Accessories   ONEX4 Combo Kit,1,1851.55,Shipment,HYDERABAD,Shipment,1851.55,0.0,1,False,
2025-09-25,CJB1-465,GP28_H13,B0DHYDQL5V,Yantralay Silicone Lanyard Sleeve Protective Cover   6PCS Tempered Glass Screen Guard with Silicone Lens Cover Compatible with Go Pro Hero 9 Black Act,1,-399.0,Refund,ATTUR,Refund,-399.0,0.0,0,False,
2025-09-28,MAA4-637,ACCHARGERGP13_CD_AMG,B0DZVVQPKD,Yantralay 3 Channel Fast Charging Box Battery Charger for GoPro Hero 13 Black   Compatible with Original GoPro Hero 13 Batteries  Portable GoPro Hero,1,2009.0,Shipment,CHENNAI,Shipment,2009.0,0.0,1,False,
2025-09-28,MAA4-636,GP10_ONEX4_STARTRC,B0DDXP86FQ,yantralay x Startr c Carrying Case for Insta 360 X4 X5  Portable PU Storage Protective Bag Travel Case for Insta 360 X4 X5 Accessories with Large Capa,1,1515.25,Shipment,CHENNAI,Shipment,1515.25,0.0,1,False,
2025-09-28,CJB1-511,PS1,B0BJBL1XBS,nan,1,0.0,Cancel,COIMBATORE,Cancel,0.0,0.0,0,False,
2025-09-28,MAA4-639,PS2_BLUE,B0BL1H24P4,yantralay Controller Gamepad Carry Case   Ultimate Protection Compatible for PS5 PS4 PS3 Switch Pro Xbox Joysticks Waterproof  Scratch Protection  Dur,1,474.05,Shipment,GHAZIABAD,Shipment,474.05,0.0,1,False,
2025-09-28,CJB1-512,PS1,B0BJBL1XBS,yantralay Polyester Dual Controller Hard Carry Case Compatible With Ps5 Ps4 Xbox Ipega Controllers   3 Layer Protection Travel Carry Case   Grey,1,848.0,Shipment,COIMBATORE,Shipment,848.0,0.0,1,False,
2025-09-25,CJB1-461,GP25_TRIPOD,B0FN8K885R,Yantralay 122cm Invisible Stick   Tripod Extension Monopod for Insta360 X5 X4 X3  ONE R RS  DJI Osmo Action Series   Lightweight Extendable Camera Acc,1,-1538.05,Refund,PATTIOM,Refund,-1538.05,0.0,0,False,
2025-09-28,CJB1-514,SGOLED2,B0FDQL7DFH,yantralay Tempered Glass Screen Protector for Nintendo Switch 2  2025    Ultra Thin HD Clear Film Guard with Rounded Edges for 7 9 Inch Display  1 Pac,1,474.05,Shipment,BENGALURU,Shipment,474.05,0.0,1,False,
2025-09-28,MAA4-638,GP10_OM7P_STARTRC,B0F2J6Z8WT,yantralay Osmo Mobile 7P Case Portable PU Shoulder Bag for DJI OM 7 Pro 7 Gimbal Stabilizer Travel Case for DJI Osmo Mobile 7 7P,1,1299.0,Shipment,north oak sanjauli shimla,Shipment,1299.0,0.0,1,False,
2025-09-28,CJB1-516,GP46-S_TUYU,B0FD3KNNQ5,yantralay All Aluminium Dual Clamp Mount with 1 4  Ball Head   Heavy Duty Aluminium Bracket for Go Pro 13 12 11  Insta 360 X5 X4 X3  Bike Handlebar  M,1,2399.0,Shipment,N  Paravur  Ernakulam,Shipment,2399.0,0.0,1,False,
2025-09-28,CJB1-517,PS10_PS5PORTALCOMBO,B0DF2Z2X1Q,yantralay 6 in 1 Hard Carrying Case with Protective Cover for Play Station 5 Portal  Non Slip Soft Case Cover   Screen Protectors   Thumb Grips for PS,1,1966.0,Shipment,BENGALURU,Shipment,1966.0,0.0,1,False,
2025-09-28,MAA4-641,GP28_H13,B0DHYDQL5V,Yantralay Silicone Lanyard Sleeve Protective Cover   6PCS Tempered Glass Screen Guard with Silicone Lens Cover Compatible with Go Pro Hero 9 Black Act,1,399.0,Shipment,CHENGALPATTU,Shipment,399.0,0.0,1,False,
2025-09-28,MAA4-640,GP47-L_TLSNK,B0BBVGXFZ2,Camera Bike Mount Motorcycle Handlebar Clamp Holder for GoPro Insta360 Accessories  TELESIN 360    Rotating Bicycle Cycling Attachment Accessory for,1,1849.0,Shipment,Bhimavaram,Shipment,1849.0,0.0,1,False,
2025-09-27,MAA4-634,INONEX4_COMBO1,B0DX1SWJXZ,yantralay Lens Guard for Insta360 X4   Tempered Glass   Scratch Resistant Protective Lens Cover   Insta360 X4 Camera Accessories   ONEX4 Combo Kit,1,-1851.55,Refund,HYDERABAD,Refund,-1851.55,0.0,0,False,
2025-09-29,MAA4-642,ACCHARGERGP13_CD_AMG,B0DZVVQPKD,nan,1,0.0,Cancel,Chennai,Cancel,0.0,0.0,0,False,
2025-09-29,MAA4-642,ACCHARGERGP13_CD_AMG,B0DZVVQPKD,Yantralay 3 Channel Fast Charging Box Battery Charger for GoPro Hero 13 Black   Compatible with Original GoPro Hero 13 Batteries  Portable GoPro Hero,1,1908.55,Shipment,Chennai,Shipment,1908.55,0.0,1,False,
2025-09-29,CJB1-520,GP49,B0D456N4QM,yantralay Motorcycle Bike Bicycle Handlebar Mount Clamps with 1 4  Screw Compatible 8 35mm for Gopro Hero 13 12 11 10 9 Max Insta360 ONE X5 X4 X3  ONE,1,901.55,Shipment,THIRUVALLA,Shipment,901.55,0.0,1,False,
2025-09-28,CJB1-513,PS5SLIM_CC1_GREY,B0DDQFP6NL,yantralay Carrying case for PS 5 Slim Console Gamepad Controller Headphone VR Travel Bag  Playstatio n 5 Slim Accessories   Grey,1,2299.0,Shipment,CHENNAI,Shipment,2299.0,0.0,1,False,
2025-09-14,CJB1-374,GP46-M_GP46-S_GP25_150CMS,B0F99WWGGT,yantralay Motorcycle Handlebar Clamp Kit with Dual Clamp Mounts   Invisible Selfie Stick for Insta 360 X4 X3 X2 One RS GO 3   Bike Action Camera Mount,1,-4386.0,Refund,KANNANOOR,Refund,-4386.0,0.0,0,False,
2025-09-29,CJB1-521,GP10_OM7_STARTRCN,B0DXPYBSMM,STARTRC PHOTO PU Osmo Mobile 7P Case Portable Shoulder Bag for Dji OM 7 Pro 7 Gimbal Stabilizer Travel Case for DJI Osmo Mobile 7 7P Accessories  Grey,1,1899.0,Shipment,SECUNDERABAD,Shipment,1899.0,0.0,1,False,
2025-09-29,CJB1-519,GP10_OM7_STARTRCN,B0DXPYBSMM,STARTRC PHOTO PU Osmo Mobile 7P Case Portable Shoulder Bag for Dji OM 7 Pro 7 Gimbal Stabilizer Travel Case for DJI Osmo Mobile 7 7P Accessories  Grey,1,1804.05,Shipment,DEGLUR,Shipment,1804.05,0.0,1,False,
2025-09-29,MAA4-643,GP47-L_TLSNK,B0BBVGXFZ2,Camera Bike Mount Motorcycle Handlebar Clamp Holder for GoPro Insta360 Accessories  TELESIN 360    Rotating Bicycle Cycling Attachment Accessory for,1,1849.0,Shipment,KODAIKANAL,Shipment,1849.0,0.0,1,False,
2025-09-29,MAA4-644,GP47-L_TLSNK,B0BBVGXFZ2,Camera Bike Mount Motorcycle Handlebar Clamp Holder for GoPro Insta360 Accessories  TELESIN 360    Rotating Bicycle Cycling Attachment Accessory for,1,1756.55,Shipment,BENGALURU,Shipment,1756.55,0.0,1,False,
2025-09-29,MAA4-646,GP10_ONEX4_STARTRC,B0DDXP86FQ,nan,1,0.0,Cancel,PUDUPAKKAM,Cancel,0.0,0.0,0,False,
2025-09-29,MAA4-645,PS1,B0BJBL1XBS,yantralay Polyester Dual Controller Hard Carry Case Compatible With Ps5 Ps4 Xbox Ipega Controllers   3 Layer Protection Travel Carry Case   Grey,1,848.0,Shipment,CHENNAI,Shipment,848.0,0.0,1,False,
2025-09-29,CJB1-523,PS10_PS5PORTALCOMBO,B0DF2Z2X1Q,yantralay 6 in 1 Hard Carrying Case with Protective Cover for Play Station 5 Portal  Non Slip Soft Case Cover   Screen Protectors   Thumb Grips for PS,1,1966.0,Shipment,PUDUCHERRY,Shipment,1966.0,0.0,1,False,
2025-09-28,MAA4-639,PS2_BLUE,B0BL1H24P4,yantralay Controller Gamepad Carry Case   Ultimate Protection Compatible for PS5 PS4 PS3 Switch Pro Xbox Joysticks Waterproof  Scratch Protection  Dur,1,-474.05,Refund,GHAZIABAD,Refund,-474.05,0.0,0,False,
2025-09-29,MAA4-647,GP10_ONEX4_STARTRC,B0DDXP86FQ,yantralay x Startr c Carrying Case for Insta 360 X4 X5  Portable PU Storage Protective Bag Travel Case for Insta 360 X4 X5 Accessories with Large Capa,1,1515.25,Shipment,PUDUPAKKAM,Shipment,1515.25,0.0,1,False,
2025-09-29,CJB1-522,ACCASEONEX5,B0FF2D12YN,Yantralay Invisible Magnetic Dive Case for Insta360 X5   60M Waterproof Underwater Housing for Deep Sea   Snorkeling Shots,1,5129.05,Shipment,COIMBATORE,Shipment,5129.05,0.0,1,False,
2025-09-30,CJB1-527,SGOLED2,B0FDQL7DFH,yantralay Tempered Glass Screen Protector for Nintendo Switch 2  2025    Ultra Thin HD Clear Film Guard with Rounded Edges for 7 9 Inch Display  1 Pac,1,499.0,Shipment,BENGALURU,Shipment,499.0,0.0,1,False,
2025-09-29,CJB1-525,GP46-M_GP46-S_GP25_150CMS,B0F99WWGGT,yantralay Motorcycle Handlebar Clamp Kit with Dual Clamp Mounts   Invisible Selfie Stick for Insta 360 X4 X3 X2 One RS GO 3   Bike Action Camera Mount,1,3873.0,Shipment,KASHIPUR,Shipment,3873.0,0.0,1,False,
2025-09-29,CJB1-524,DA31,B0CGDMJ882,Yantralay DSLR Battery Pouch   Portable Waterproof Bag for lp e6 e8 e10 e12 en el14 el15 fw50 f550 Batteries   Convenient Access Design   Compact and,1,499.0,Shipment,Bengaluru,Shipment,499.0,0.0,1,False,
2025-09-29,CJB1-526,GP28COMBO1_H13,B0DHYCQR66,Yantralay Silicone Lanyard Sleeve Protective Cover   6PCS Tempered Glass Screen Guard with Silicone Lens Cover Compatible with GoPro Hero 9 Black Acti,1,613.7,Shipment,BENGALURU,Shipment,613.7,0.0,1,False,
2025-09-30,MAA4-648,PS1,B0BJBL1XBS,yantralay Polyester Dual Controller Hard Carry Case Compatible With Ps5 Ps4 Xbox Ipega Controllers   3 Layer Protection Travel Carry Case   Grey,1,848.0,Shipment,CHENNAI,Shipment,848.0,0.0,1,False,
2025-09-30,CJB1-530,ACCASEONEX4,B0DZZC8YJV,nan,1,0.0,Cancel,Karipol,Cancel,0.0,0.0,0,False,
2025-09-24,CJB1-445,GP1620_TLS,B08S7D4LKH,yantralay Upgraded Helmet Chin Strap Mount for Hero 13 12 11 10 9 8 7 6 5  SJCAM  Insta 360   DJI Osmo Action 3   4   Adjustable   Secure Camera Moun,1,-1083.95,Refund,CHENNAI,Refund,-1083.95,0.0,0,False,
2025-09-30,CJB1-528,ACFRAMEONEX5_AL,B0FJG46XCP,Yantralay Accessories for Insta 360 X5   Aluminum Frame Mount  Insta 360 X5 Accessories  X5 Aluminium Frame,1,3675.55,Shipment,Gummidipoondi,Shipment,3675.55,0.0,1,False,
2025-09-30,CJB1-534,PS10_PS5PORTALCOMBO,B0DF2Z2X1Q,yantralay 6 in 1 Hard Carrying Case with Protective Cover for Play Station 5 Portal  Non Slip Soft Case Cover   Screen Protectors   Thumb Grips for PS,1,1867.7,Shipment,CHENNAI,Shipment,1867.7,0.0,1,False,
2025-09-30,CJB1-531,ACCASEONEX4,B0DZZC8YJV,Yantralay Invisible Dive Case for Insta360 X4   Waterproof Diving Housing Cover  Protective PC Sealed Shell with Bracket for Underwater Photography,1,5509.05,Shipment,Karipol,Shipment,5509.05,0.0,1,False,
2025-09-30,CJB1-533,GP1620_TLS,B08S7D4LKH,yantralay Upgraded Helmet Chin Strap Mount for Hero 13 12 11 10 9 8 7 6 5  SJCAM  Insta 360   DJI Osmo Action 3   4   Adjustable   Secure Camera Moun,1,1141.0,Shipment,CUDDALORE,Shipment,1141.0,0.0,1,False,
2025-09-25,CJB1-462,ND_OP3-6_STARTRCN,B0CLTTKV97,STARTRAC Magnetic ND   CPL Filters Set for DJI Osmo Pocket 3 Creator Combo   6 Pack CPL  ND 8  16  32  64  256  Ultra Slim Aluminum Frame,1,-3799.05,Refund,BENGALURU,Refund,-3799.05,0.0,0,False,
2025-09-26,CJB1-479,ND_OP3-6_STARTRCN,B0CLTTKV97,STARTRAC Magnetic ND   CPL Filters Set for DJI Osmo Pocket 3 Creator Combo   6 Pack CPL  ND 8  16  32  64  256  Ultra Slim Aluminum Frame,1,-3958.0,Refund,BENGALURU,Refund,-3958.0,0.0,0,False,
2025-09-30,MAA4-649,GP47-L_TLSNK,B0BBVGXFZ2,Camera Bike Mount Motorcycle Handlebar Clamp Holder for GoPro Insta360 Accessories  TELESIN 360    Rotating Bicycle Cycling Attachment Accessory for,1,1928.0,Shipment,CHENNAI,Shipment,1928.0,0.0,1,False,
2025-09-30,CJB1-536,GP1620_TLS,B08S7D4LKH,nan,1,0.0,Cancel,Kollegal,Cancel,0.0,0.0,0,False,
2025-09-30,CJB1-529,GP28COMBO1_H13,B0DHYCQR66,Yantralay Silicone Lanyard Sleeve Protective Cover   6PCS Tempered Glass Screen Guard with Silicone Lens Cover Compatible with GoPro Hero 9 Black Acti,1,613.7,Shipment,UDUPI,Shipment,613.7,0.0,1,False,
2025-09-30,CJB1-535,ACCASEONEX5,B0FF2D12YN,Yantralay Invisible Magnetic Dive Case for Insta360 X5   60M Waterproof Underwater Housing for Deep Sea   Snorkeling Shots,1,5399.0,Shipment,KALAMASSERY,Shipment,5399.0,0.0,1,False,
2025-09-30,MAA4-650,GP45-M,B0F88CFJN2,yantralay Magnetic Camera Mount for Hero 13 12 11 10 9  Insta360 X5 X4 X3  Action 4 5  Osmo Pocket 3   360  Quick Release Car Holder  Heavy Duty Magn,1,1649.0,Shipment,KUNNAMANGALAM,Shipment,1649.0,0.0,1,False,
2025-09-30,MAA4-651,GP10_ONEX4_STARTRC,B0DDXP86FQ,yantralay x Startr c Carrying Case for Insta 360 X4 X5  Portable PU Storage Protective Bag Travel Case for Insta 360 X4 X5 Accessories with Large Capa,1,1595.0,Shipment,KOLKATA,Shipment,1595.0,0.0,1,False,
2025-09-28,CJB1-518,PS5SLIM_CC1_GREY,B0DDQFP6NL,yantralay Carrying case for PS 5 Slim Console Gamepad Controller Headphone VR Travel Bag  Playstatio n 5 Slim Accessories   Grey,1,2184.05,Shipment,KALYANI,Shipment,2184.05,0.0,1,False,
2025-09-30,CJB1-532,GP10_RS4MINI_STARTRC,B0DZZFNDHP,yantralay Portable Carrying Storage Case for DJ I Ronin RS4Mini Gimbal EVA Handbag Travel Handheld Shoulder Bag  RS4MINI,1,2631.0,Shipment,BENGALURU,Shipment,2631.0,0.0,1,False,
2025-04-05,HYD8-9,GP13OSMO,B094ZS9WSZ,yantralay Dual Handheld Dome Port for DJI OSMO Action Cameras   45m 147ft Waterproof Housing Case for Immersive Underwater Photography   Wide Angle Le,1,-2999.0,Refund,PRAYAGRAJ,Refund,-2999.0,0.0,0,False,
2025-08-25,HYD3-855,GP10_OM7P_STARTRC,B0F2J6Z8WT,yantralay Osmo Mobile 7P Case Portable PU Shoulder Bag for DJI OM 7 Pro 7 Gimbal Stabilizer Travel Case for DJI Osmo Mobile 7 7P,1,-1260.03,Refund,ANAND,Refund,-1260.03,0.0,0,False,
2025-08-26,HYD3-857,GP10_OM7P_STARTRC,B0F2J6Z8WT,yantralay Osmo Mobile 7P Case Portable PU Shoulder Bag for DJI OM 7 Pro 7 Gimbal Stabilizer Travel Case for DJI Osmo Mobile 7 7P,1,-1260.03,Refund,BASTAR,Refund,-1260.03,0.0,0,False,
2025-08-24,HYD3-843,GP10_OM7P_STARTRC,B0F2J6Z8WT,yantralay Osmo Mobile 7P Case Portable PU Shoulder Bag for DJI OM 7 Pro 7 Gimbal Stabilizer Travel Case for DJI Osmo Mobile 7 7P,1,-1260.03,Refund,MUMBAI,Refund,-1260.03,0.0,0,False,
2025-08-26,HYD3-860,GP10_OM7P_STARTRC,B0F2J6Z8WT,yantralay Osmo Mobile 7P Case Portable PU Shoulder Bag for DJI OM 7 Pro 7 Gimbal Stabilizer Travel Case for DJI Osmo Mobile 7 7P,1,-1260.03,Refund,PARDI,Refund,-1260.03,0.0,0,False,
2025-08-28,HYD8-340,GP10_OM7P_STARTRC,B0F2J6Z8WT,yantralay Osmo Mobile 7P Case Portable PU Shoulder Bag for DJI OM 7 Pro 7 Gimbal Stabilizer Travel Case for DJI Osmo Mobile 7 7P,1,-1260.03,Refund,THIRUVALLA,Refund,-1260.03,0.0,0,False,
2025-08-25,HYD3-849,TR-S-CAMOFLAGUE_TARIONN,B0BM9GT8NT,TARION Camera Sling Bag DSLR Sling Pack for Men Women Photographers with Waterproof Raincover Tripod Holder Sling Backpack Camera Bag Backpack Photogr,1,-4727.78,Refund,MUMBAI,Refund,-4727.78,0.0,0,False,
2025-08-18,HYD3-820,SGONEX4-2_LGONEX4,B0F8VRR8JY,yantralay Insta 360 X4 Lens Guard   Screen Protector Combo Kit   Lens Covers   Anti Scratch  Tempered Glass Screen   Insta 360 X4 Accessories,1,-1228.02,Refund,HYDERABAD,Refund,-1228.02,0.0,0,False,
2025-09-01,HYD3-869,ND_MINI4PRO-6_STARTRCN,B0CJJT6WXR,STARTRC Mini 4 Pro Filters  6 Pack UV CPL ND8 ND16 ND32 ND64 Filter Compatible with DJI Mini 4 Pro Drone  Polarizer and Neutral Density Camera Lens Mu,1,4949.0,Shipment,BENGALURU,Shipment,4949.0,0.0,1,False,
2025-09-01,NAN,SGONEX4-2_LGONEX4,B0F8VRR8JY,nan,1,0.0,Cancel,Hyderabad,Cancel,0.0,0.0,0,False,
2025-09-01,HYD3-868,GP28COMBO1_H13,B0DHYCQR66,nan,1,0.0,Cancel,GURUGRAM,Cancel,0.0,0.0,0,False,
2025-09-01,HYD3-870,PS10_PS5PORTALCOMBO,B0DF2Z2X1Q,yantralay 6 in 1 Hard Carrying Case with Protective Cover for Play Station 5 Portal  Non Slip Soft Case Cover   Screen Protectors   Thumb Grips for PS,1,2070.0,Shipment,KOLKATA,Shipment,2070.0,0.0,1,False,
2025-09-01,HYD3-872,GP28COMBO1_H13,B0DHYCQR66,Yantralay Silicone Lanyard Sleeve Protective Cover   6PCS Tempered Glass Screen Guard with Silicone Lens Cover Compatible with GoPro Hero 9 Black Acti,1,646.0,Shipment,NEW DELHI,Shipment,646.0,0.0,1,False,
2025-09-01,HYD3-871,SGONEX4-2_LGONEX4,B0F8VRR8JY,yantralay Insta 360 X4 Lens Guard   Screen Protector Combo Kit   Lens Covers   Anti Scratch  Tempered Glass Screen   Insta 360 X4 Accessories,1,1266.0,Shipment,Hyderabad,Shipment,1266.0,0.0,1,False,
2025-09-02,HYD3-873,GP28COMBO1_H13,B0DHYCQR66,Yantralay Silicone Lanyard Sleeve Protective Cover   6PCS Tempered Glass Screen Guard with Silicone Lens Cover Compatible with GoPro Hero 9 Black Acti,1,646.0,Shipment,GURUGRAM,Shipment,646.0,0.0,1,False,
2025-09-04,HYD3-874,ACFRAMEOP3_PL_VRIG,B0DDQ7BWNC,yantralay Phone Holder for DJI Osmo Pocket 3  Vlogging Camera Expansion Bracket  Adjustable Adapter Frame  Live Streaming Accessories,1,1228.02,Shipment,DHALBHUMGARH,Shipment,1228.02,0.0,1,False,
2025-09-04,HYD3-875,GP10_OM7P_STARTRC,B0F2J6Z8WT,yantralay Osmo Mobile 7P Case Portable PU Shoulder Bag for DJI OM 7 Pro 7 Gimbal Stabilizer Travel Case for DJI Osmo Mobile 7 7P,1,1260.03,Shipment,PATHANAMTHITTA,Shipment,1260.03,0.0,1,False,
2025-09-05,HYD8-345,GP47-SN,B0F91PMBC5,yantralay Action Camera Handlebar Mount with 360  Dual Ball Head   Super Clamp for Go Pro  Insta 360  Mobile  Bike  Motorcycle   Universal Quick Rele,1,1556.64,Shipment,SULLURU,Shipment,1556.64,0.0,1,False,
2025-09-05,HYD8-345,GP46-L,B0F91GCRP4,yantralay Double Clamp Mount Bracket with 1 4  Ball Head for Go Pro 13 12 11  Insta 360 X5 X4 X3 Handlebar  Motorcycle  Bicycle  Selfie Stick  Studio,1,1739.94,Shipment,SULLURU,Shipment,1739.94,0.0,1,False,
2025-09-05,HYD8-346,GP46-L,B0F91GCRP4,nan,1,0.0,Cancel,KOZHIKODE,Cancel,0.0,0.0,0,False,
2025-09-06,HYD8-348,MP_OA5,B0F9X1YNVL,yantralay Camera Lavalier Clip on Type C Microphone for DJ I Action 3 4 Collar Clip Microphone  Without Need of Mic Adapter  1 5M Cable Length   Black,1,1417.17,Shipment,KOLKATA,Shipment,1417.17,0.0,1,False,
2025-09-06,HYD8-349,MP_OA5,B0F9X1YNVL,yantralay Camera Lavalier Clip on Type C Microphone for DJ I Action 3 4 Collar Clip Microphone  Without Need of Mic Adapter  1 5M Cable Length   Black,1,1417.17,Shipment,HYDERABAD,Shipment,1417.17,0.0,1,False,
2025-09-07,HYD8-350,GP46-L,B0F91GCRP4,yantralay Double Clamp Mount Bracket with 1 4  Ball Head for Go Pro 13 12 11  Insta 360 X5 X4 X3 Handlebar  Motorcycle  Bicycle  Selfie Stick  Studio,1,1795.47,Shipment,NEW DELHI,Shipment,1795.47,0.0,1,False,
2025-09-05,HYD8-347,GP28_H13,B0DHYDQL5V,Yantralay Silicone Lanyard Sleeve Protective Cover   6PCS Tempered Glass Screen Guard with Silicone Lens Cover Compatible with Go Pro Hero 9 Black Act,1,427.03,Shipment,HYDERABAD,Shipment,427.03,0.0,1,False,
2025-09-07,HYD8-351,GP46-L,B0F91GCRP4,yantralay Double Clamp Mount Bracket with 1 4  Ball Head for Go Pro 13 12 11  Insta 360 X5 X4 X3 Handlebar  Motorcycle  Bicycle  Selfie Stick  Studio,1,1795.47,Shipment,Bengaluru,Shipment,1795.47,0.0,1,False,
2025-09-07,HYD8-352,ACCHARGERONEX5_3_AMG,B0FKYRJB8C,Yantralay Charging Case for Insta 360 X5   3 Battery Charger Hub with Intelligent Fast Charging  Automatic Pop Up Lid  Simultaneous Charging Station f,1,1454.03,Shipment,Morbi,Shipment,1454.03,0.0,1,False,
2025-09-07,HYD8-353,GP46-L,B0F91GCRP4,nan,1,0.0,Cancel,HYDERABAD,Cancel,0.0,0.0,0,False,
2025-09-07,HYD8-355,ACCHARGERONEX5_3_AMG,B0FKYRJB8C,Yantralay Charging Case for Insta 360 X5   3 Battery Charger Hub with Intelligent Fast Charging  Automatic Pop Up Lid  Simultaneous Charging Station f,1,1454.03,Shipment,Bengaluru,Shipment,1454.03,0.0,1,False,
2025-09-07,HYD8-354,MP_OA5,B0F9X1YNVL,yantralay Camera Lavalier Clip on Type C Microphone for DJ I Action 3 4 Collar Clip Microphone  Without Need of Mic Adapter  1 5M Cable Length   Black,1,1417.17,Shipment,HYDERABAD,Shipment,1417.17,0.0,1,False,
2025-09-07,HYD8-356,GP46-M,B0F91GXT2N,yantralay Double Clamp Mount Bracket with 1 4  Ball Head for GoPro  Insta 360 X2 X3  Action Cameras   Handlebar  Motorcycle  Bicycle  Selfie Stick  St,1,1701.38,Shipment,Secunderabad,Shipment,1701.38,0.0,1,False,
2025-09-07,HYD3-877,GP46-L,B0F91GCRP4,nan,1,0.0,Cancel,HYDERABAD,Cancel,0.0,0.0,0,False,
2025-09-07,HYD3-876,GP28COMBO_X3N,B0BY8178B6,PellKing Camera Protective Accessories Kit for Insta360 X3  Inst 360 X3 Bundle Include Lens Guard Silicone Protective Cover Screen Protectors Camera C,1,1086.4,Shipment,Hyderabad,Shipment,1086.4,0.0,1,False,
2025-09-07,HYD8-357,MP_OA5,B0F9X1YNVL,yantralay Camera Lavalier Clip on Type C Microphone for DJ I Action 3 4 Collar Clip Microphone  Without Need of Mic Adapter  1 5M Cable Length   Black,1,1417.17,Shipment,BENGALURU,Shipment,1417.17,0.0,1,False,
2025-09-02,HYD3-873,GP28COMBO1_H13,B0DHYCQR66,Yantralay Silicone Lanyard Sleeve Protective Cover   6PCS Tempered Glass Screen Guard with Silicone Lens Cover Compatible with GoPro Hero 9 Black Acti,1,-646.0,Refund,GURUGRAM,Refund,-646.0,0.0,0,False,
2025-09-08,HYD8-359,MP_OA5,B0F9X1YNVL,yantralay Camera Lavalier Clip on Type C Microphone for DJ I Action 3 4 Collar Clip Microphone  Without Need of Mic Adapter  1 5M Cable Length   Black,1,1417.17,Shipment,KOLKATA,Shipment,1417.17,0.0,1,False,
2025-09-08,HYD3-878,GP28COMBO_X3N,B0BY8178B6,PellKing Camera Protective Accessories Kit for Insta360 X3  Inst 360 X3 Bundle Include Lens Guard Silicone Protective Cover Screen Protectors Camera C,1,1086.4,Shipment,HYDERABAD,Shipment,1086.4,0.0,1,False,
2025-09-08,HYD3-879,LM17,B0D455L1MN,yantralay Folding Fingers Replacement Magnet Adapter Mount with 1 4 Tripod Connector Port Compatible with Go Pro Hero 13 12 11 11 Mini 10 9 8   Hero M,1,873.97,Shipment,BARDEZ,Shipment,873.97,0.0,1,False,
2025-09-06,HYD8-348,MP_OA5,B0F9X1YNVL,yantralay Camera Lavalier Clip on Type C Microphone for DJ I Action 3 4 Collar Clip Microphone  Without Need of Mic Adapter  1 5M Cable Length   Black,1,-1417.17,Refund,KOLKATA,Refund,-1417.17,0.0,0,False,
2025-09-08,HYD8-358,GP46-L,B0F91GCRP4,yantralay Double Clamp Mount Bracket with 1 4  Ball Head for Go Pro 13 12 11  Insta 360 X5 X4 X3 Handlebar  Motorcycle  Bicycle  Selfie Stick  Studio,1,1795.47,Shipment,HYDERABAD,Shipment,1795.47,0.0,1,False,
2025-09-08,HYD8-360,ACFRAMEONEX5_AL,B0FJG46XCP,Yantralay Accessories for Insta 360 X5   Aluminum Frame Mount   Insta 360 X5 Accessories  X5 Aluminium Frame,1,4065.27,Shipment,AHMEDABAD,Shipment,4065.27,0.0,1,False,
2025-09-09,HYD8-361,GP46-S,B0F91G6H93,yantralay Double Clamp Mount Bracket with 1 4  Ball Head for GoPro  Insta 360 X2 X3  Action Cameras   Handlebar  Motorcycle  Bicycle  Selfie Stick  St,1,1656.0,Shipment,HYDERABAD,Shipment,1656.0,0.0,1,False,
2025-09-09,HYD3-880,GP28COMBO_X3N,B0BY8178B6,PellKing Camera Protective Accessories Kit for Insta360 X3  Inst 360 X3 Bundle Include Lens Guard Silicone Protective Cover Screen Protectors Camera C,1,1120.0,Shipment,NARASARAOPET,Shipment,1120.0,0.0,1,False,
2025-09-09,HYD8-365,PS2_BLUE,B0BL1H24P4,yantralay Controller Gamepad Carry Case   Ultimate Protection Compatible for PS5 PS4 PS3 Switch Pro Xbox Joysticks Waterproof  Scratch Protection  Dur,1,499.0,Shipment,MUMBAI,Shipment,499.0,0.0,1,False,
2025-09-09,HYD3-883,GP46-L,B0F91GCRP4,yantralay Double Clamp Mount Bracket with 1 4  Ball Head for Go Pro 13 12 11  Insta 360 X5 X4 X3 Handlebar  Motorcycle  Bicycle  Selfie Stick  Studio,1,1721.43,Shipment,Secunderabad,Shipment,1721.43,0.0,1,False,
2025-09-09,HYD3-884,ACFRAMEOP3_PL,B0D813N881,yantralay Osm o Pocket 3 Expansion Frame Adapter Protective Bracket   Action Camera Adapter Compatible for DJI Osm o Pocket 3 Accessories with 1 4 Col,1,806.0,Shipment,NEW DELHI,Shipment,806.0,0.0,1,False,
2025-09-09,HYD3-882,GP12,B0D7BZ38X8,yantralay Aluminium Car Suction Mount 360  Rotatable for Insta 360 X5 X4 X3 X2  Ace Pro ONE R RS  Hero 13 12 11 10 9 8 7  DJI Osmo Action Series   Al,1,1291.0,Shipment,Hyderabad,Shipment,1291.0,0.0,1,False,
2025-09-09,HYD3-882,GP28COMBO_X3N,B0BY8178B6,PellKing Camera Protective Accessories Kit for Insta360 X3  Inst 360 X3 Bundle Include Lens Guard Silicone Protective Cover Screen Protectors Camera C,1,1120.0,Shipment,Hyderabad,Shipment,1120.0,0.0,1,False,
2025-09-09,HYD8-362,GP47-L_TLSNK,B0BBVGXFZ2,Camera Bike Mount Motorcycle Handlebar Clamp Holder for GoPro Insta360 Accessories  TELESIN 360    Rotating Bicycle Cycling Attachment Accessory for,1,1849.0,Shipment,HYDERABAD,Shipment,1849.0,0.0,1,False,
2025-09-09,HYD8-364,GP47-SN,B0F91PMBC5,yantralay Action Camera Handlebar Mount with 360  Dual Ball Head   Super Clamp for Go Pro  Insta 360  Mobile  Bike  Motorcycle   Universal Quick Rele,1,1540.08,Shipment,Secunderabad,Shipment,1540.08,0.0,1,False,
2025-09-09,HYD8-364,GP47-M,B0F91SSVW8,yantralay Action Camera Handlebar Mount with 360  Dual Ball Head   Super Clamp for Go Pro  Insta 360  Mobile  Bike  Motorcycle   Universal Quick Rele,1,1631.22,Shipment,Secunderabad,Shipment,1631.22,0.0,1,False,
2025-09-09,HYD8-367,PS1,B0BJBL1XBS,yantralay Polyester Dual Controller Hard Carry Case Compatible With Ps5 Ps4 Xbox Ipega Controllers   3 Layer Protection Travel Carry Case   Grey,1,905.0,Shipment,HYDERABAD,Shipment,905.0,0.0,1,False,
2025-09-09,HYD8-368,ACCASEYTG9,B08NF6HMG6,yantralay YT G9 Vlogging Case with Dual Cold Shoe Mount for Hero 12 11 10 9  Removable 52mm Filter Ring  All in One Kit with Case Door  Lens Protector,1,965.0,Shipment,GHAZIABAD,Shipment,965.0,0.0,1,False,
2025-09-09,HYD8-363,GP46-M,B0F91GXT2N,yantralay Double Clamp Mount Bracket with 1 4  Ball Head for GoPro  Insta 360 X2 X3  Action Cameras   Handlebar  Motorcycle  Bicycle  Selfie Stick  St,1,1754.0,Shipment,AHMEDABAD,Shipment,1754.0,0.0,1,False,
2025-09-09,HYD8-363,GP46-S,B0F91G6H93,yantralay Double Clamp Mount Bracket with 1 4  Ball Head for GoPro  Insta 360 X2 X3  Action Cameras   Handlebar  Motorcycle  Bicycle  Selfie Stick  St,1,1656.0,Shipment,AHMEDABAD,Shipment,1656.0,0.0,1,False,
2025-09-09,HYD3-881,GP28_H13,B0DHYDQL5V,Yantralay Silicone Lanyard Sleeve Protective Cover   6PCS Tempered Glass Screen Guard with Silicone Lens Cover Compatible with Go Pro Hero 9 Black Act,1,399.0,Shipment,KARIMNAGAR,Shipment,399.0,0.0,1,False,
2025-09-09,HYD8-366,ACCHARGERONEX5_3_AMG,B0FKYRJB8C,Yantralay Charging Case for Insta 360 X5   3 Battery Charger Hub with Intelligent Fast Charging  Automatic Pop Up Lid  Simultaneous Charging Station f,1,1499.0,Shipment,GUWAHATI,Shipment,1499.0,0.0,1,False,
2025-09-10,HYD8-369,GP46-S,B0F91G6H93,yantralay Double Clamp Mount Bracket with 1 4  Ball Head for GoPro  Insta 360 X2 X3  Action Cameras   Handlebar  Motorcycle  Bicycle  Selfie Stick  St,1,1656.0,Shipment,yelahanka,Shipment,1656.0,0.0,1,False,
2025-09-10,HYD8-370,GP47-M,B0F91SSVW8,yantralay Action Camera Handlebar Mount with 360  Dual Ball Head   Super Clamp for Go Pro  Insta 360  Mobile  Bike  Motorcycle   Universal Quick Rele,1,1754.0,Shipment,DHARAPURAM,Shipment,1754.0,0.0,1,False,
2025-09-10,HYD3-885,CADEN_D13-LN,B09LGYT7WV,CADeN Camera Bag Case Shoulder Messenger Bag with Tripod Holder Compatible for Nikon  Canon  Sony  DSLR SLR Mirrorless Cameras       Waterproof,1,2725.06,Shipment,NEW TOWN,Shipment,2725.06,0.0,1,False,
2025-09-10,HYD8-371,GP10_OM7P_STARTRC,B0F2J6Z8WT,nan,1,0.0,Cancel,NEW DELHI,Cancel,0.0,0.0,0,False,
2025-09-10,HYD3-886,SGONEX4-2_LGONEX4,B0F8VRR8JY,yantralay Insta 360 X4 Lens Guard   Screen Protector Combo Kit   Lens Covers   Anti Scratch  Tempered Glass Screen   Insta 360 X4 Accessories,1,1266.0,Shipment,HYDERABAD,Shipment,1266.0,0.0,1,False,
2025-09-11,HYD3-887,GP28COMBO_X3N,B0BY8178B6,PellKing Camera Protective Accessories Kit for Insta360 X3  Inst 360 X3 Bundle Include Lens Guard Silicone Protective Cover Screen Protectors Camera C,1,1120.0,Shipment,Mumbai,Shipment,1120.0,0.0,1,False,
2025-09-11,HYD8-372,ACCASEYTG9,B08NF6HMG6,yantralay YT G9 Vlogging Case with Dual Cold Shoe Mount for Hero 12 11 10 9  Removable 52mm Filter Ring  All in One Kit with Case Door  Lens Protector,1,936.05,Shipment,Navi Mumbai,Shipment,936.05,0.0,1,False,
2025-09-11,HYD8-374,ACCHARGERONEX5_3_AMG,B0FKYRJB8C,Yantralay Charging Case for Insta 360 X5   3 Battery Charger Hub with Intelligent Fast Charging  Automatic Pop Up Lid  Simultaneous Charging Station f,1,1499.0,Shipment,Bangalore,Shipment,1499.0,0.0,1,False,
2025-09-11,HYD8-373,GP47-L_TLSNK,B0BBVGXFZ2,Camera Bike Mount Motorcycle Handlebar Clamp Holder for GoPro Insta360 Accessories  TELESIN 360    Rotating Bicycle Cycling Attachment Accessory for,1,1849.0,Shipment,GUNTUR,Shipment,1849.0,0.0,1,False,
2025-09-07,HYD8-354,MP_OA5,B0F9X1YNVL,yantralay Camera Lavalier Clip on Type C Microphone for DJ I Action 3 4 Collar Clip Microphone  Without Need of Mic Adapter  1 5M Cable Length   Black,1,-1417.17,Refund,HYDERABAD,Refund,-1417.17,0.0,0,False,
2025-09-11,HYD8-375,ACCASEONEX5,B0FF2D12YN,Yantralay Invisible Magnetic Dive Case for Insta360 X5   60M Waterproof Underwater Housing for Deep Sea   Snorkeling Shots,1,5849.0,Shipment,BHUJ,Shipment,5849.0,0.0,1,False,
2025-09-12,HYD8-376,PS2_YELLOW,B0BL1HQ3C4,yantralay Controller Gamepad Carry Case   Ultimate Protection Compatible for PS5 PS4 PS3 Switch Pro Xbox Joysticks Waterproof  Scratch Protection  Dur,1,484.03,Shipment,NOIDA,Shipment,484.03,0.0,1,False,
2025-09-12,HYD8-376,PS2_BLUE,B0BL1H24P4,yantralay Controller Gamepad Carry Case   Ultimate Protection Compatible for PS5 PS4 PS3 Switch Pro Xbox Joysticks Waterproof  Scratch Protection  Dur,1,484.03,Shipment,NOIDA,Shipment,484.03,0.0,1,False,
2025-09-12,HYD8-377,GP10_OM7P_STARTRC,B0F2J6Z8WT,yantralay Osmo Mobile 7P Case Portable PU Shoulder Bag for DJI OM 7 Pro 7 Gimbal Stabilizer Travel Case for DJI Osmo Mobile 7 7P,1,1299.0,Shipment,NIZAMABAD,Shipment,1299.0,0.0,1,False,
2025-09-12,HYD3-889,MP_OA5,B0F9X1YNVL,yantralay Camera Lavalier Clip on Type C Microphone for DJ I Action 3 4 Collar Clip Microphone  Without Need of Mic Adapter  1 5M Cable Length   Black,1,1461.0,Shipment,Bangalore,Shipment,1461.0,0.0,1,False,
2025-09-12,HYD8-378,GP1620_TLS,B08S7D4LKH,yantralay Upgraded Helmet Chin Strap Mount for Hero 13 12 11 10 9 8 7 6 5  SJCAM  Insta 360   DJI Osmo Action 3   4   Adjustable   Secure Camera Moun,1,1201.0,Shipment,Motaganahalli,Shipment,1201.0,0.0,1,False,
2025-09-13,HYD3-891,MP_OA5,B0F9X1YNVL,yantralay Camera Lavalier Clip on Type C Microphone for DJ I Action 3 4 Collar Clip Microphone  Without Need of Mic Adapter  1 5M Cable Length   Black,1,1461.0,Shipment,KHUNTI,Shipment,1461.0,0.0,1,False,
2025-09-09,HYD3-880,GP28COMBO_X3N,B0BY8178B6,PellKing Camera Protective Accessories Kit for Insta360 X3  Inst 360 X3 Bundle Include Lens Guard Silicone Protective Cover Screen Protectors Camera C,1,-1120.0,Refund,NARASARAOPET,Refund,-1120.0,0.0,0,False,
2025-09-14,HYD8-380,ND_ACEPRO2,B0F83RJN9W,Yantralay ND Filter Set Pack of 4 CPL   ND8   ND16   ND32 Compatible for Insta 360 Ace Pro 2 Camera Lens Filter Kit   Includes ND  Polarizing Filters,1,2799.0,Shipment,Kharar  Mohali,Shipment,2799.0,0.0,1,False,
2025-09-13,HYD3-892,ND_DJIFLIP-6_STARTRCN,B0DT1GJ13Z,ND UV CPL Filter Set for DJI Flip Accessories ND16 ND32 ND64 ND128 CPL UV Drone Lens Filters Set  Multi Coated HD Optical Glass 6 Pack,1,3752.0,Shipment,Hyderabad,Shipment,3752.0,0.0,1,False,
2025-09-14,HYD8-379,LGONEX4,B0F7RT4HGJ,yantralay 2Pcs Lens Guard for Insta 360 X4   Scratch Resistant Protective Lens Cover   High Transparency Optical Coated Cap   Insta 360 X4 Camera Acce,1,779.0,Shipment,BARGARH,Shipment,779.0,0.0,1,False,
2025-09-12,HYD3-890,ND_DJIFLIP_STARTRCN,B0DT1CVV7L,ND CPL Filter Set for DJI Flip Accessories ND16 ND64 ND128 CPL Drone Lens Filters Set  Multi Coated HD Optical Glass 4 Pack,1,2924.0,Shipment,HYDERABAD,Shipment,2924.0,0.0,1,False,
2025-09-06,HYD8-349,MP_OA5,B0F9X1YNVL,yantralay Camera Lavalier Clip on Type C Microphone for DJ I Action 3 4 Collar Clip Microphone  Without Need of Mic Adapter  1 5M Cable Length   Black,1,-1417.17,Refund,HYDERABAD,Refund,-1417.17,0.0,0,False,
2025-09-09,HYD3-881,GP28_H13,B0DHYDQL5V,Yantralay Silicone Lanyard Sleeve Protective Cover   6PCS Tempered Glass Screen Guard with Silicone Lens Cover Compatible with Go Pro Hero 9 Black Act,1,-399.0,Refund,KARIMNAGAR,Refund,-399.0,0.0,0,False,
2025-09-14,HYD8-383,MS_ACFRAMEOP3_PL,B0FJFWVC4N,yantralay Magnetic Mount Stand for DJ I Osmo Pocket 3 180  Adjustable Portable Magnet Grip Frame Bracket for Pocket 3 Accessories,1,1449.0,Shipment,HYDERABAD,Shipment,1449.0,0.0,1,False,
2025-09-14,HYD8-381,GP12,B0D7BZ38X8,yantralay Aluminium Car Suction Mount 360  Rotatable for Insta 360 X5 X4 X3 X2  Ace Pro ONE R RS  Hero 13 12 11 10 9 8 7  DJI Osmo Action Series   Al,1,1291.0,Shipment,DELHI,Shipment,1291.0,0.0,1,False,
2025-09-14,HYD8-384,PS1,B0BJBL1XBS,yantralay Polyester Dual Controller Hard Carry Case Compatible With Ps5 Ps4 Xbox Ipega Controllers   3 Layer Protection Travel Carry Case   Grey,1,905.0,Shipment,BETUL,Shipment,905.0,0.0,1,False,
2025-09-14,HYD8-382,LGONEX4,B0F7RT4HGJ,yantralay 2Pcs Lens Guard for Insta 360 X4   Scratch Resistant Protective Lens Cover   High Transparency Optical Coated Cap   Insta 360 X4 Camera Acce,1,779.0,Shipment,BHUBANESWAR,Shipment,779.0,0.0,1,False,
2025-09-15,NAN,GP45-M,B0F88CFJN2,nan,1,0.0,Cancel,HYDERABAD,Cancel,0.0,0.0,0,False,
2025-09-15,HYD8-385,PS2_BLUE,B0BL1H24P4,yantralay Controller Gamepad Carry Case   Ultimate Protection Compatible for PS5 PS4 PS3 Switch Pro Xbox Joysticks Waterproof  Scratch Protection  Dur,2,968.06,Shipment,ZIRAKPUR,Shipment,968.06,0.0,2,False,
2025-09-15,HYD8-387,GP10_ONEX4_STARTRC,B0DDXP86FQ,yantralay x Startr c Carrying Case for Insta 360 X4 X5  Portable PU Storage Protective Bag Travel Case for Insta 360 X4 X5 Accessories with Large Capa,1,1637.0,Shipment,PUNE,Shipment,1637.0,0.0,1,False,
2025-09-14,HYD3-893,CWATCUN_D126N,B0DHK914DZ,Cwatcun Camera Backpack  DSLR SLR Backpacks Camera Bag with 13 laptop sleeve compartment and Tripod Holder for Photographers  Vintage Canvas  leather,1,5639.06,Shipment,Mumbai,Shipment,5639.06,0.0,1,False,
2025-09-15,HYD8-388,LGONEX4,B0F7RT4HGJ,yantralay 2Pcs Lens Guard for Insta 360 X4   Scratch Resistant Protective Lens Cover   High Transparency Optical Coated Cap   Insta 360 X4 Camera Acce,1,779.0,Shipment,NEW DELHI,Shipment,779.0,0.0,1,False,
2025-09-15,HYD8-386,GP45-M,B0F88CFJN2,yantralay Magnetic Camera Mount for Hero 13 12 11 10 9  Insta360 X5 X4 X3  Action 4 5  Osmo Pocket 3   360  Quick Release Car Holder  Heavy Duty Magn,1,1607.0,Shipment,HYDERABAD,Shipment,1607.0,0.0,1,False,
2025-09-15,HYD8-389,GP1620_TLS,B08S7D4LKH,yantralay Upgraded Helmet Chin Strap Mount for Hero 13 12 11 10 9 8 7 6 5  SJCAM  Insta 360   DJI Osmo Action 3   4   Adjustable   Secure Camera Moun,1,1201.0,Shipment,AGRA,Shipment,1201.0,0.0,1,False,
2025-09-15,HYD8-390,ACFRAMEONEX5_AL,B0FJG46XCP,Yantralay Accessories for Insta 360 X5   Aluminum Frame Mount   Insta 360 X5 Accessories  X5 Aluminium Frame,1,4191.0,Shipment,KAMPTEE,Shipment,4191.0,0.0,1,False,
2025-09-15,HYD8-392,GP49,B0D456N4QM,yantralay Motorcycle Bike Bicycle Handlebar Mount Clamps with 1 4  Screw Compatible 8 35mm for Gopro Hero 13 12 11 10 9 Max Insta360 ONE X5 X4 X3  ONE,1,901.0,Shipment,Ghaziabad Sahibabad,Shipment,901.0,0.0,1,False,
2025-09-15,HYD8-393,GP12,B0D7BZ38X8,nan,1,0.0,Cancel,BENGALURU,Cancel,0.0,0.0,0,False,
2025-09-15,HYD8-393,ACFRAMEONEX5_AL,B0FJG46XCP,nan,1,0.0,Cancel,BENGALURU,Cancel,0.0,0.0,0,False,
2025-09-15,HYD3-894,PS5_VERTICALSTAND,B0DGTZGCNQ,yantralay 2 in 1 Vertical Stand for PS 5   PS 5 Slim Consoles Non Slip Base Mount for PS 5 Accessories  for PS5   PS5 Slim Digital   Disc Version,1,899.0,Shipment,HYDERABAD,Shipment,899.0,0.0,1,False,
2025-09-15,HYD8-391,GP46-M_GP46-S_GP25_150CMS,B0F99WWGGT,yantralay Motorcycle Handlebar Clamp Kit with Dual Clamp Mounts   Invisible Selfie Stick for Insta 360 X4 X3 X2 One RS GO 3   Bike Action Camera Mount,1,4078.98,Shipment,Bengaluru,Shipment,4078.98,0.0,1,False,
2025-09-15,HYD8-396,LGONEX4,B0F7RT4HGJ,yantralay 2Pcs Lens Guard for Insta 360 X4   Scratch Resistant Protective Lens Cover   High Transparency Optical Coated Cap   Insta 360 X4 Camera Acce,1,779.0,Shipment,HYDERABAD,Shipment,779.0,0.0,1,False,
2025-09-15,HYD8-393,ACFRAMEONEX5_AL,B0FJG46XCP,Yantralay Accessories for Insta 360 X5   Aluminum Frame Mount   Insta 360 X5 Accessories  X5 Aluminium Frame,1,4065.27,Shipment,BENGALURU,Shipment,4065.27,0.0,1,False,
2025-09-15,HYD8-397,GP10_ONEX4_STARTRC,B0DDXP86FQ,yantralay x Startr c Carrying Case for Insta 360 X4 X5  Portable PU Storage Protective Bag Travel Case for Insta 360 X4 X5 Accessories with Large Capa,1,1637.0,Shipment,Ziro,Shipment,1637.0,0.0,1,False,
2025-09-15,HYD3-897,ACCHARGERGP13_CD_AMG,B0DZVVQPKD,Yantralay 3 Channel Fast Charging Box Battery Charger for GoPro Hero 13 Black   Compatible with Original GoPro Hero 13 Batteries  Portable GoPro Hero,1,2136.0,Shipment,HYDERABAD,Shipment,2136.0,0.0,1,False,
2025-09-15,HYD3-895,ND_MINI4PRO-6_STARTRCN,B0CJJT6WXR,STARTRC Mini 4 Pro Filters  6 Pack UV CPL ND8 ND16 ND32 ND64 Filter Compatible with DJI Mini 4 Pro Drone  Polarizer and Neutral Density Camera Lens Mu,1,4949.0,Shipment,HYDERABAD,Shipment,4949.0,0.0,1,False,
2025-09-15,HYD3-896,GP28COMBO_X3N,B0BY8178B6,PellKing Camera Protective Accessories Kit for Insta360 X3  Inst 360 X3 Bundle Include Lens Guard Silicone Protective Cover Screen Protectors Camera C,1,1120.0,Shipment,GREATER NOIDA,Shipment,1120.0,0.0,1,False,
2025-09-15,HYD8-395,ACCHARGERGP5_3,B08LYVPLR9,Yantralay 3 Channel AHDBT 501 Battery Charger for Hero 5 6 7   8 Black Action Camera   USB Cable Included   Fast Charging Dock,1,823.0,Shipment,VISAKHAPATNAM,Shipment,823.0,0.0,1,False,
2025-09-16,HYD8-398,ACCHARGERONEX5_3_AMG,B0FKYRJB8C,Yantralay Charging Case for Insta 360 X5   3 Battery Charger Hub with Intelligent Fast Charging  Automatic Pop Up Lid  Simultaneous Charging Station f,1,1499.0,Shipment,DIMAPUR,Shipment,1499.0,0.0,1,False,
2025-09-16,HYD3-898,LGONEX4,B0F7RT4HGJ,yantralay 2Pcs Lens Guard for Insta 360 X4   Scratch Resistant Protective Lens Cover   High Transparency Optical Coated Cap   Insta 360 X4 Camera Acce,1,779.0,Shipment,MADHURAWADA,Shipment,779.0,0.0,1,False,
2025-09-15,HYD8-394,GP1620_TLS,B08S7D4LKH,yantralay Upgraded Helmet Chin Strap Mount for Hero 13 12 11 10 9 8 7 6 5  SJCAM  Insta 360   DJI Osmo Action 3   4   Adjustable   Secure Camera Moun,1,1201.0,Shipment,HYDERABAD,Shipment,1201.0,0.0,1,False,
2025-09-16,HYD3-899,ACCASEONEX4,B0DZZC8YJV,Yantralay Invisible Dive Case for Insta360 X4   Waterproof Diving Housing Cover  Protective PC Sealed Shell with Bracket for Underwater Photography,1,5654.0,Shipment,AMRITSAR,Shipment,5654.0,0.0,1,False,
2025-09-16,HYD8-401,GP47-L_TLSNK,B0BBVGXFZ2,Camera Bike Mount Motorcycle Handlebar Clamp Holder for GoPro Insta360 Accessories  TELESIN 360    Rotating Bicycle Cycling Attachment Accessory for,1,1849.0,Shipment,PATNA,Shipment,1849.0,0.0,1,False,
2025-09-07,HYD8-350,GP46-L,B0F91GCRP4,yantralay Double Clamp Mount Bracket with 1 4  Ball Head for Go Pro 13 12 11  Insta 360 X5 X4 X3 Handlebar  Motorcycle  Bicycle  Selfie Stick  Studio,1,-1795.47,Refund,NEW DELHI,Refund,-1795.47,0.0,0,False,
2025-09-16,HYD8-400,ACCASEONEX5,B0FF2D12YN,Yantralay Invisible Magnetic Dive Case for Insta360 X5   60M Waterproof Underwater Housing for Deep Sea   Snorkeling Shots,1,5849.0,Shipment,GURUGRAM,Shipment,5849.0,0.0,1,False,
2025-09-16,HYD8-399,DA31,B0CGDMJ882,Yantralay DSLR Battery Pouch   Portable Waterproof Bag for lp e6 e8 e10 e12 en el14 el15 fw50 f550 Batteries   Convenient Access Design   Compact and,1,499.0,Shipment,HYDERABAD,Shipment,499.0,0.0,1,False,
2025-09-17,HYD8-403,GP45-M,B0F88CFJN2,yantralay Magnetic Camera Mount for Hero 13 12 11 10 9  Insta360 X5 X4 X3  Action 4 5  Osmo Pocket 3   360  Quick Release Car Holder  Heavy Duty Magn,1,1558.79,Shipment,Secunderabad,Shipment,1558.79,0.0,1,False,
2025-09-17,HYD8-402,GP45-M,B0F88CFJN2,yantralay Magnetic Camera Mount for Hero 13 12 11 10 9  Insta360 X5 X4 X3  Action 4 5  Osmo Pocket 3   360  Quick Release Car Holder  Heavy Duty Magn,1,1607.0,Shipment,ETAWAH,Shipment,1607.0,0.0,1,False,
2025-09-17,HYD3-901,LCONEX3,B0CQ6C5255,yantralay Silicone Protective Lens Cap for Insta 360 ONE X3 Camera   Dust Proof  Scratch Proof  Lightweight Design   Easy to Carry   Reliable Accessor,1,499.0,Shipment,HYDERABAD,Shipment,499.0,0.0,1,False,
2025-09-17,HYD3-902,GP100,B0723FF53T,yantralay 40 in 1 Action Camera Mount Kit for Hero 13 12 11 10 9 8 7 6 5 SJCAM  Osmo Action 3   4  Insta 360   More   with Selfie Monopod  Straps  Mou,1,1139.0,Shipment,HYDERABAD,Shipment,1139.0,0.0,1,False,
2025-09-12,HYD3-889,MP_OA5,B0F9X1YNVL,yantralay Camera Lavalier Clip on Type C Microphone for DJ I Action 3 4 Collar Clip Microphone  Without Need of Mic Adapter  1 5M Cable Length   Black,1,-1461.0,Refund,Bangalore,Refund,-1461.0,0.0,0,False,
2025-09-15,HYD8-387,GP10_ONEX4_STARTRC,B0DDXP86FQ,yantralay x Startr c Carrying Case for Insta 360 X4 X5  Portable PU Storage Protective Bag Travel Case for Insta 360 X4 X5 Accessories with Large Capa,1,-1637.0,Refund,PUNE,Refund,-1637.0,0.0,0,False,
2025-09-18,HYD3-903,GP10_ACEPRO_STARTRC,B0CVQHCGFS,yantralay Polyurethane Portable Protective Carrying Case For Insta360 Ace Ace Pro Action Camera   Accessories   Double Protection  Lightweight With Sh,1,1623.55,Shipment,VISAKHAPATNAM,Shipment,1623.55,0.0,1,False,
2025-09-18,HYD8-404,ACCHARGERONEX5_3_AMG,B0FKYRJB8C,Yantralay Charging Case for Insta 360 X5   3 Battery Charger Hub with Intelligent Fast Charging  Automatic Pop Up Lid  Simultaneous Charging Station f,1,1499.0,Shipment,YAVATMAL,Shipment,1499.0,0.0,1,False,
2025-09-18,HYD8-406,LGONEX4,B0F7RT4HGJ,yantralay 2Pcs Lens Guard for Insta 360 X4   Scratch Resistant Protective Lens Cover   High Transparency Optical Coated Cap   Insta 360 X4 Camera Acce,1,779.0,Shipment,NEW DELHI,Shipment,779.0,0.0,1,False,
2025-09-14,HYD8-380,ND_ACEPRO2,B0F83RJN9W,Yantralay ND Filter Set Pack of 4 CPL   ND8   ND16   ND32 Compatible for Insta 360 Ace Pro 2 Camera Lens Filter Kit   Includes ND  Polarizing Filters,1,-2799.0,Refund,Kharar  Mohali,Refund,-2799.0,0.0,0,False,
2025-09-10,HYD3-886,SGONEX4-2_LGONEX4,B0F8VRR8JY,yantralay Insta 360 X4 Lens Guard   Screen Protector Combo Kit   Lens Covers   Anti Scratch  Tempered Glass Screen   Insta 360 X4 Accessories,1,-1266.0,Refund,HYDERABAD,Refund,-1266.0,0.0,0,False,
2025-09-19,HYD8-407,ND_AVATA2_STARTRC,B0DX7CQYH1,Yantralay x Start rc 4 Pack ND8 ND16 ND32 ND64 Filter Compatible with DJI Avata 2  Neutral Density Camera Lens ND Filter,1,3148.3,Shipment,ERNAKULAM,Shipment,3148.3,0.0,1,False,
2025-09-18,HYD3-904,ACCASEONEX4,B0DZZC8YJV,Yantralay Invisible Dive Case for Insta360 X4   Waterproof Diving Housing Cover  Protective PC Sealed Shell with Bracket for Underwater Photography,1,5654.0,Shipment,KOLKATA,Shipment,5654.0,0.0,1,False,
2025-09-19,HYD8-408,GP1620_TLS,B08S7D4LKH,yantralay Upgraded Helmet Chin Strap Mount for Hero 13 12 11 10 9 8 7 6 5  SJCAM  Insta 360   DJI Osmo Action 3   4   Adjustable   Secure Camera Moun,1,1201.0,Shipment,HAZARIBAGH,Shipment,1201.0,0.0,1,False,
2025-09-19,HYD8-410,LGONEX4,B0F7RT4HGJ,yantralay 2Pcs Lens Guard for Insta 360 X4 Camera Lens Protector Scratch Resistant Protective Lens Cover High Transparency Optical Coated Cap Insta 36,1,779.0,Shipment,NAGPUR,Shipment,779.0,0.0,1,False,
2025-09-12,HYD8-377,GP10_OM7P_STARTRC,B0F2J6Z8WT,yantralay Osmo Mobile 7P Case Portable PU Shoulder Bag for DJI OM 7 Pro 7 Gimbal Stabilizer Travel Case for DJI Osmo Mobile 7 7P,1,-1299.0,Refund,NIZAMABAD,Refund,-1299.0,0.0,0,False,
2025-09-19,HYD8-411,DA31,B0CGDMJ882,Yantralay DSLR Battery Pouch   Portable Waterproof Bag for lp e6 e8 e10 e12 en el14 el15 fw50 f550 Batteries   Convenient Access Design   Compact and,1,499.0,Shipment,HYDERABAD,Shipment,499.0,0.0,1,False,
2025-09-19,HYD3-905,SGONEX4-2_LGONEX4,B0F8VRR8JY,yantralay Insta 360 X4 Lens Guard   Screen Protector Combo Kit   Lens Covers   Anti Scratch  Tempered Glass Screen   Insta 360 X4 Accessories,1,1266.0,Shipment,HYDERABAD,Shipment,1266.0,0.0,1,False,
2025-09-19,HYD8-413,IN_MICMOUNT_X4,B0DZJQ8F1R,yantralay External Microphone Aluminium Auxiliary Mount Compatible With Insta 360 X4 X3 X2  Insta 360 Camera Accessories,1,1471.0,Shipment,HYDERABAD,Shipment,1471.0,0.0,1,False,
2025-09-18,HYD8-405,GP49,B0D456N4QM,yantralay Motorcycle Bike Bicycle Handlebar Mount Clamps with 1 4  Screw Compatible 8 35mm for Gopro Hero 13 12 11 10 9 Max Insta360 ONE X5 X4 X3  ONE,1,901.0,Shipment,KOLKATA,Shipment,901.0,0.0,1,False,
2025-09-19,HYD8-409,ACFRAMEONEX5_AL,B0FJG46XCP,Yantralay Accessories for Insta 360 X5   Aluminum Frame Mount   Insta 360 X5 Accessories  X5 Aluminium Frame,1,3981.45,Shipment,SECUNDERABAD,Shipment,3981.45,0.0,1,False,
2025-09-19,HYD8-409,GP10_ONEX4_STARTRC,B0DDXP86FQ,yantralay x Startr c Carrying Case for Insta 360 X4 X5  Portable PU Storage Protective Bag Travel Case for Insta 360 X4 X5 Accessories with Large Capa,1,1555.15,Shipment,SECUNDERABAD,Shipment,1555.15,0.0,1,False,
2025-09-19,HYD8-412,PS1,B0BJBL1XBS,yantralay Polyester Dual Controller Hard Carry Case Compatible With Ps5 Ps4 Xbox Ipega Controllers   3 Layer Protection Travel Carry Case   Grey,1,859.75,Shipment,BURDWAN,Shipment,859.75,0.0,1,False,
2025-09-20,HYD3-906,ACCHARGERONEX5_3_AMG,B0FKYRJB8C,Yantralay Charging Case for Insta 360 X5   3 Battery Charger Hub with Intelligent Fast Charging  Automatic Pop Up Lid  Simultaneous Charging Station f,1,1499.0,Shipment,HYDERABAD,Shipment,1499.0,0.0,1,False,
2025-09-20,HYD8-416,LGONEX4,B0F7RT4HGJ,yantralay 2Pcs Lens Guard for Insta 360 X4 Camera Lens Protector Scratch Resistant Protective Lens Cover High Transparency Optical Coated Cap Insta 36,1,740.05,Shipment,BENGALURU,Shipment,740.05,0.0,1,False,
2025-09-19,HYD8-414,GP12,B0D7BZ38X8,yantralay Aluminium Car Suction Mount 360  Rotatable for Insta 360 X5 X4 X3 X2  Ace Pro ONE R RS  Hero 13 12 11 10 9 8 7  DJI Osmo Action Series   Al,1,1291.0,Shipment,DHAMTARI,Shipment,1291.0,0.0,1,False,
2025-09-20,HYD8-417,GP45-M,B0F88CFJN2,yantralay Magnetic Camera Mount for Hero 13 12 11 10 9  Insta360 X5 X4 X3  Action 4 5  Osmo Pocket 3   360  Quick Release Car Holder  Heavy Duty Magn,1,1607.0,Shipment,BENGALURU,Shipment,1607.0,0.0,1,False,
2025-09-20,NAN,GP47-L_TLSNK,B0BBVGXFZ2,nan,1,0.0,Cancel,Bangalore,Cancel,0.0,0.0,0,False,
2025-09-04,HYD3-875,GP10_OM7P_STARTRC,B0F2J6Z8WT,yantralay Osmo Mobile 7P Case Portable PU Shoulder Bag for DJI OM 7 Pro 7 Gimbal Stabilizer Travel Case for DJI Osmo Mobile 7 7P,1,-1260.03,Refund,PATHANAMTHITTA,Refund,-1260.03,0.0,0,False,
2025-09-20,HYD8-415,ACCHARGERONEX5_3_AMG,B0FKYRJB8C,Yantralay Charging Case for Insta 360 X5   3 Battery Charger Hub with Intelligent Fast Charging  Automatic Pop Up Lid  Simultaneous Charging Station f,1,1499.0,Shipment,Thrissur,Shipment,1499.0,0.0,1,False,
2025-09-20,HYD8-419,GP47-L_TLSNK,B0BBVGXFZ2,Camera Bike Mount Motorcycle Handlebar Clamp Holder for GoPro Insta360 Accessories  TELESIN 360    Rotating Bicycle Cycling Attachment Accessory for,1,1756.55,Shipment,Bangalore,Shipment,1756.55,0.0,1,False,
2025-09-20,HYD8-418,GP47-L_TLSNK,B0BBVGXFZ2,Camera Bike Mount Motorcycle Handlebar Clamp Holder for GoPro Insta360 Accessories  TELESIN 360    Rotating Bicycle Cycling Attachment Accessory for,1,1756.55,Shipment,GURUGRAM,Shipment,1756.55,0.0,1,False,
2025-09-20,HYD8-420,ACCASEONEX5,B0FF2D12YN,Yantralay Invisible Magnetic Dive Case for Insta360 X5   60M Waterproof Underwater Housing for Deep Sea   Snorkeling Shots,1,5556.55,Shipment,BENGALURU,Shipment,5556.55,0.0,1,False,
2025-09-20,HYD3-907,ACFRAMEOP3_STARTRCN,B0CR1C9243,STARTRC OSMO Pocket 3 360  Rotation Backpack Clip Mount Shoulder Strap Accessories for DJI Pocket 3 OSMO Pocket 3 Action Cameras,1,1763.0,Shipment,HYDERABAD,Shipment,1763.0,0.0,1,False,
2025-09-21,HYD3-908,GP46-L,B0F91GCRP4,yantralay Double Clamp Mount Bracket with 1 4  Ball Head for Go Pro 13 12 11  Insta 360 X5 X4 X3 Handlebar  Motorcycle  Bicycle  Selfie Stick  Studio,1,1851.0,Shipment,VISAKHAPATNAM,Shipment,1851.0,0.0,1,False,
2025-09-21,HYD8-421,GP47-L_TLSNK,B0BBVGXFZ2,Camera Bike Mount Motorcycle Handlebar Clamp Holder for GoPro Insta360 Accessories  TELESIN 360    Rotating Bicycle Cycling Attachment Accessory for,1,1756.55,Shipment,KOLKATA,Shipment,1756.55,0.0,1,False,
2025-09-21,HYD3-909,ACCHARGERONEX5_3_AMG,B0FKYRJB8C,Yantralay Charging Case for Insta 360 X5   3 Battery Charger Hub with Intelligent Fast Charging  Automatic Pop Up Lid  Simultaneous Charging Station f,1,1424.05,Shipment,PAZHUGAL,Shipment,1424.05,0.0,1,False,
2025-09-21,HYD3-910,ACFRAMEOP3_PL,B0D813N881,yantralay Osm o Pocket 3 Expansion Frame Adapter Protective Bracket   Action Camera Adapter Compatible for DJI Osm o Pocket 3 Accessories with 1 4 Col,1,806.0,Shipment,NEW DELHI,Shipment,806.0,0.0,1,False,
2025-09-21,NAN,GP12,B0D7BZ38X8,nan,1,0.0,Cancel,Hyderabad,Cancel,0.0,0.0,0,False,
2025-09-21,HYD8-422,GP10_ONEX4_STARTRC,B0DDXP86FQ,nan,1,0.0,Cancel,CHENNAI,Cancel,0.0,0.0,0,False,
2025-09-21,HYD3-911,LGONEX5,B0FKYLQ2QZ,Yantralay Accessories for Insta 360 X5   Lens Guard Set of 2  Insta 360 X5 Accessories  X5 Lens Guard,1,699.0,Shipment,BENGALURU,Shipment,699.0,0.0,1,False,
2025-09-21,HYD8-423,GP45-S,B0F88FL4CN,yantralay Magnetic Camera Mount for Hero 13 12 11 10 9  Insta360 X5 X4 X3  Action 4 5  Osmo Pocket 3   360  Quick Release Car Holder  Heavy Duty Magn,1,1550.55,Shipment,BENGALURU,Shipment,1550.55,0.0,1,False,
2025-09-21,HYD8-424,GP12,B0D7BZ38X8,yantralay Aluminium Car Suction Mount 360  Rotatable for Insta 360 X5 X4 X3 X2  Ace Pro ONE R RS  Hero 13 12 11 10 9 8 7  DJI Osmo Action Series   Al,1,1291.0,Shipment,Hyderabad,Shipment,1291.0,0.0,1,False,
2025-09-22,HYD3-915,LGONEX5,B0FKYLQ2QZ,Yantralay Accessories for Insta 360 X5   Lens Guard Set of 2  Insta 360 X5 Accessories  X5 Lens Guard,2,1356.06,Shipment,BENGALURU,Shipment,1356.06,0.0,2,False,
2025-09-22,HYD3-912,LGONEX5,B0FKYLQ2QZ,Yantralay Accessories for Insta 360 X5   Lens Guard Set of 2  Insta 360 X5 Accessories  X5 Lens Guard,1,664.05,Shipment,HYDERABAD,Shipment,664.05,0.0,1,False,
2025-09-22,HYD8-425,DA31,B0CGDMJ882,Yantralay DSLR Battery Pouch   Portable Waterproof Bag for lp e6 e8 e10 e12 en el14 el15 fw50 f550 Batteries   Convenient Access Design   Compact and,1,474.05,Shipment,BENGALURU,Shipment,474.05,0.0,1,False,
2025-09-08,HYD8-360,ACFRAMEONEX5_AL,B0FJG46XCP,Yantralay Accessories for Insta 360 X5   Aluminum Frame Mount   Insta 360 X5 Accessories  X5 Aluminium Frame,1,-4065.27,Refund,AHMEDABAD,Refund,-4065.27,0.0,0,False,
2025-09-22,HYD3-916,GP25_TRIPOD,B0FN8K885R,Yantralay 122cm Invisible Stick   Tripod Extension Monopod for Insta360 X5 X4 X3  ONE R RS  DJI Osmo Action Series   Lightweight Extendable Camera Acc,1,1538.05,Shipment,DEHRADUN,Shipment,1538.05,0.0,1,False,
2025-09-22,HYD3-913,LGOA360,B0FP9LYYWR,yantralay Lens Guard for DJI Osmo 360 Camera   Waterproof Dustproof Snap On Lens Protective Cover  Easy Installation  Osm o Action 360 Accessories,1,1110.55,Shipment,BENGALURU,Shipment,1110.55,0.0,1,False,
2025-09-22,HYD3-914,GP28COMBO_X3N,B0BY8178B6,PellKing Camera Protective Accessories Kit for Insta360 X3  Inst 360 X3 Bundle Include Lens Guard Silicone Protective Cover Screen Protectors Camera C,1,1149.0,Shipment,KARIMNAGAR,Shipment,1149.0,0.0,1,False,
2025-09-22,HYD3-912,LGONEX5,B0FKYLQ2QZ,Yantralay Accessories for Insta 360 X5   Lens Guard Set of 2  Insta 360 X5 Accessories  X5 Lens Guard,1,-664.05,Refund,HYDERABAD,Refund,-664.05,0.0,0,False,
2025-09-22,HYD8-427,LGONEX4,B0F7RT4HGJ,yantralay 2Pcs Lens Guard for Insta 360 X4 Camera Lens Protector Scratch Resistant Protective Lens Cover High Transparency Optical Coated Cap Insta 36,1,759.05,Shipment,GURUGRAM,Shipment,759.05,0.0,1,False,
2025-09-22,HYD8-428,LGONEX4,B0F7RT4HGJ,yantralay 2Pcs Lens Guard for Insta 360 X4 Camera Lens Protector Scratch Resistant Protective Lens Cover High Transparency Optical Coated Cap Insta 36,1,799.0,Shipment,Bangalore,Shipment,799.0,0.0,1,False,
2025-09-23,HYD8-429,LGONEX4,B0F7RT4HGJ,yantralay 2Pcs Lens Guard for Insta 360 X4 Camera Lens Protector Scratch Resistant Protective Lens Cover High Transparency Optical Coated Cap Insta 36,1,799.0,Shipment,BENGALURU,Shipment,799.0,0.0,1,False,
2025-09-23,HYD8-432,LGONEX4,B0F7RT4HGJ,yantralay 2Pcs Lens Guard for Insta 360 X4 Camera Lens Protector Scratch Resistant Protective Lens Cover High Transparency Optical Coated Cap Insta 36,1,759.05,Shipment,PUNE,Shipment,759.05,0.0,1,False,
2025-09-22,HYD8-426,DA31,B0CGDMJ882,Yantralay DSLR Battery Pouch   Portable Waterproof Bag for lp e6 e8 e10 e12 en el14 el15 fw50 f550 Batteries   Convenient Access Design   Compact and,2,968.06,Shipment,SAHARANPUR,Shipment,968.06,0.0,2,False,
2025-09-23,HYD8-430,GP45-M,B0F88CFJN2,yantralay Magnetic Camera Mount for Hero 13 12 11 10 9  Insta360 X5 X4 X3  Action 4 5  Osmo Pocket 3   360  Quick Release Car Holder  Heavy Duty Magn,1,1649.0,Shipment,PUNE,Shipment,1649.0,0.0,1,False,
2025-09-23,HYD3-918,GP28COMBO_X3N,B0BY8178B6,PellKing Camera Protective Accessories Kit for Insta360 X3  Inst 360 X3 Bundle Include Lens Guard Silicone Protective Cover Screen Protectors Camera C,1,1149.0,Shipment,PATNA,Shipment,1149.0,0.0,1,False,
2025-09-23,HYD8-437,GP47-L_TLSNK,B0BBVGXFZ2,nan,1,0.0,Cancel,BENGALURU,Cancel,0.0,0.0,0,False,
2025-09-23,HYD3-919,GP43_OA360,B0FP9QB6HY,Yantralay Protective Hard Shell Storage Pouch for D J I Osm o Action 360 Camera  Osm o Action 360 Accessories,1,426.55,Shipment,GURUGRAM,Shipment,426.55,0.0,1,False,
2025-09-23,HYD3-919,LGOA360,B0FP9LYYWR,yantralay Lens Guard for DJI Osmo 360 Camera   Waterproof Dustproof Snap On Lens Protective Cover  Easy Installation  Osm o Action 360 Accessories,1,1110.55,Shipment,GURUGRAM,Shipment,1110.55,0.0,1,False,
2025-09-23,HYD3-917,LGOA360,B0FP9LYYWR,yantralay Lens Guard for DJI Osmo 360 Camera   Waterproof Dustproof Snap On Lens Protective Cover  Easy Installation  Osm o Action 360 Accessories,1,1110.55,Shipment,PUNE,Shipment,1110.55,0.0,1,False,
2025-09-23,HYD8-436,LGONEX4,B0F7RT4HGJ,yantralay 2Pcs Lens Guard for Insta 360 X4 Camera Lens Protector Scratch Resistant Protective Lens Cover High Transparency Optical Coated Cap Insta 36,1,775.03,Shipment,BENGALURU,Shipment,775.03,0.0,1,False,
2025-09-23,NAN,ACCHARGERONEX5_3_AMG,B0FKYRJB8C,nan,1,0.0,Cancel,BENGALURU,Cancel,0.0,0.0,0,False,
2025-09-23,HYD8-431,MS_ACFRAMEOP3_PL,B0FJFWVC4N,yantralay Magnetic Mount Stand for DJ I Osmo Pocket 3 180  Adjustable Portable Magnet Grip Frame Bracket for Pocket 3 Accessories,1,1376.55,Shipment,GURUGRAM,Shipment,1376.55,0.0,1,False,
2025-09-23,HYD8-434,GP10_ONEX4_STARTRC,B0DDXP86FQ,yantralay x Startr c Carrying Case for Insta 360 X4 X5  Portable PU Storage Protective Bag Travel Case for Insta 360 X4 X5 Accessories with Large Capa,1,1595.0,Shipment,MANESAR,Shipment,1595.0,0.0,1,False,
2025-09-23,HYD8-435,GP10_ONEX4_STARTRC,B0DDXP86FQ,yantralay x Startr c Carrying Case for Insta 360 X4 X5  Portable PU Storage Protective Bag Travel Case for Insta 360 X4 X5 Accessories with Large Capa,1,1515.25,Shipment,NEW DELHI,Shipment,1515.25,0.0,1,False,
2025-09-20,HYD3-907,ACFRAMEOP3_STARTRCN,B0CR1C9243,STARTRC OSMO Pocket 3 360  Rotation Backpack Clip Mount Shoulder Strap Accessories for DJI Pocket 3 OSMO Pocket 3 Action Cameras,1,-1763.0,Refund,HYDERABAD,Refund,-1763.0,0.0,0,False,
2025-09-23,HYD8-433,GP47-L_TLSNK,B0BBVGXFZ2,Camera Bike Mount Motorcycle Handlebar Clamp Holder for GoPro Insta360 Accessories  TELESIN 360    Rotating Bicycle Cycling Attachment Accessory for,1,1756.55,Shipment,HYDERABAD,Shipment,1756.55,0.0,1,False,
2025-09-23,HYD8-437,GP47-L_TLSNK,B0BBVGXFZ2,Camera Bike Mount Motorcycle Handlebar Clamp Holder for GoPro Insta360 Accessories  TELESIN 360    Rotating Bicycle Cycling Attachment Accessory for,1,1756.55,Shipment,BENGALURU,Shipment,1756.55,0.0,1,False,
2025-09-23,HYD3-920,GP47-L_TLSNK,B0BBVGXFZ2,Camera Bike Mount Motorcycle Handlebar Clamp Holder for GoPro Insta360 Accessories  TELESIN 360    Rotating Bicycle Cycling Attachment Accessory for,1,1756.55,Shipment,HUBBALLI,Shipment,1756.55,0.0,1,False,
2025-09-23,HYD8-438,ACCHARGERONEX5_3_AMG,B0FKYRJB8C,Yantralay Charging Case for Insta 360 X5   3 Battery Charger Hub with Intelligent Fast Charging  Automatic Pop Up Lid  Simultaneous Charging Station f,1,1454.03,Shipment,BENGALURU,Shipment,1454.03,0.0,1,False,
2025-09-23,HYD8-439,GP49,B0D456N4QM,yantralay Motorcycle Bike Bicycle Handlebar Mount Clamps with 1 4  Screw Compatible 8 35mm for Gopro Hero 13 12 11 10 9 Max Insta360 ONE X5 X4 X3  ONE,1,949.0,Shipment,HYDERABAD,Shipment,949.0,0.0,1,False,
2025-09-23,HYD8-440,LGONEX5,B0FKYLQ2QZ,Yantralay Accessories for Insta 360 X5   Lens Guard Set of 2  Insta 360 X5 Accessories  X5 Lens Guard,1,699.0,Shipment,HYDERABAD,Shipment,699.0,0.0,1,False,
2025-09-23,HYD8-443,LGONEX4,B0F7RT4HGJ,yantralay 2Pcs Lens Guard for Insta 360 X4 Camera Lens Protector Scratch Resistant Protective Lens Cover High Transparency Optical Coated Cap Insta 36,1,799.0,Shipment,BENGALURU,Shipment,799.0,0.0,1,False,
2025-09-23,HYD8-441,LGONEX4,B0F7RT4HGJ,yantralay 2Pcs Lens Guard for Insta 360 X4 Camera Lens Protector Scratch Resistant Protective Lens Cover High Transparency Optical Coated Cap Insta 36,1,759.05,Shipment,SRIKAKULAM,Shipment,759.05,0.0,1,False,
2025-09-24,HYD8-445,PS10_OLED_YELLOW,B0BRY5GJ5Y,yantralay Carry Case Pouch Cover Compatible with Nintendo Switch OLED  OLED 2 with Game Card Slots for Switch Switch OLED OLED 2 Accessories  Video Ga,1,649.0,Shipment,BASAVAKALYAN,Shipment,649.0,0.0,1,False,
2025-09-24,HYD8-444,LGONEX4,B0F7RT4HGJ,yantralay 2Pcs Lens Guard for Insta 360 X4 Camera Lens Protector Scratch Resistant Protective Lens Cover High Transparency Optical Coated Cap Insta 36,1,759.05,Shipment,BENGALURU,Shipment,759.05,0.0,1,False,
2025-09-24,HYD3-922,GP25_TRIPOD,B0FN8K885R,Yantralay 122cm Invisible Stick   Tripod Extension Monopod for Insta360 X5 X4 X3  ONE R RS  DJI Osmo Action Series   Lightweight Extendable Camera Acc,1,1538.05,Shipment,PUNE,Shipment,1538.05,0.0,1,False,
2025-09-24,HYD8-447,ACCASEONEX5,B0FF2D12YN,Yantralay Invisible Magnetic Dive Case for Insta360 X5   60M Waterproof Underwater Housing for Deep Sea   Snorkeling Shots,1,5399.0,Shipment,RAIPUR,Shipment,5399.0,0.0,1,False,
2025-09-23,HYD3-921,LGOA360,B0FP9LYYWR,yantralay Lens Guard for DJI Osmo 360 Camera   Waterproof Dustproof Snap On Lens Protective Cover  Easy Installation  Osm o Action 360 Accessories,1,1110.55,Shipment,DIPHU,Shipment,1110.55,0.0,1,False,
2025-09-24,HYD3-922,GP25_TRIPOD,B0FN8K885R,Yantralay 122cm Invisible Stick   Tripod Extension Monopod for Insta360 X5 X4 X3  ONE R RS  DJI Osmo Action Series   Lightweight Extendable Camera Acc,1,-1538.05,Refund,PUNE,Refund,-1538.05,0.0,0,False,
2025-09-24,HYD8-448,GP47-L_TLSNK,B0BBVGXFZ2,Camera Bike Mount Motorcycle Handlebar Clamp Holder for GoPro Insta360 Accessories  TELESIN 360    Rotating Bicycle Cycling Attachment Accessory for,1,1756.55,Shipment,Hyderabad,Shipment,1756.55,0.0,1,False,
2025-09-24,HYD3-925,GP1620_TLSNK,B08MSR2SNJ,TELESIN Upgraded Motorcycle Helmet Chin Mount for GoPro Max Hero 10 9 8 7 One R One X DJI Osmo Action Pocket Cellphone   More Action Camera with Go Pr,1,1166.0,Shipment,HYDERABAD,Shipment,1166.0,0.0,1,False,
2025-09-23,HYD8-442,GP10_ONEX4_STARTRC,B0DDXP86FQ,yantralay x Startr c Carrying Case for Insta 360 X4 X5  Portable PU Storage Protective Bag Travel Case for Insta 360 X4 X5 Accessories with Large Capa,1,1515.25,Shipment,HYDERABAD,Shipment,1515.25,0.0,1,False,
2025-09-24,HYD8-449,LGONEX4,B0F7RT4HGJ,yantralay 2Pcs Lens Guard for Insta 360 X4 Camera Lens Protector Scratch Resistant Protective Lens Cover High Transparency Optical Coated Cap Insta 36,1,799.0,Shipment,HYDERABAD,Shipment,799.0,0.0,1,False,
2025-09-24,HYD8-450,GP47-L_TLSNK,B0BBVGXFZ2,Camera Bike Mount Motorcycle Handlebar Clamp Holder for GoPro Insta360 Accessories  TELESIN 360    Rotating Bicycle Cycling Attachment Accessory for,1,1849.0,Shipment,BENGALURU,Shipment,1849.0,0.0,1,False,
2025-09-24,HYD3-927,GP10_OM7P_STARTRC,B0F2J6Z8WT,yantralay Osmo Mobile 7P Case Portable PU Shoulder Bag for DJI OM 7 Pro 7 Gimbal Stabilizer Travel Case for DJI Osmo Mobile 7 7P,1,1234.05,Shipment,Hyderabad,Shipment,1234.05,0.0,1,False,
2025-09-25,HYD8-451,GP1620_TLS,B08S7D4LKH,yantralay Upgraded Helmet Chin Strap Mount for Hero 13 12 11 10 9 8 7 6 5  SJCAM  Insta 360   DJI Osmo Action 3   4   Adjustable   Secure Camera Moun,1,0.0,FreeReplacement,HAZARIBAGH,FreeReplacement,0.0,0.0,0,True,
2025-09-24,HYD3-926,LGOA360,B0FP9LYYWR,yantralay Lens Guard for DJI Osmo 360 Camera   Waterproof Dustproof Snap On Lens Protective Cover  Easy Installation  Osm o Action 360 Accessories,1,1169.0,Shipment,PUNE,Shipment,1169.0,0.0,1,False,
2025-09-24,HYD3-924,LGOA360,B0FP9LYYWR,yantralay Lens Guard for DJI Osmo 360 Camera   Waterproof Dustproof Snap On Lens Protective Cover  Easy Installation  Osm o Action 360 Accessories,1,1110.55,Shipment,Sambalpur,Shipment,1110.55,0.0,1,False,
2025-09-13,HYD3-891,MP_OA5,B0F9X1YNVL,yantralay Camera Lavalier Clip on Type C Microphone for DJ I Action 3 4 Collar Clip Microphone  Without Need of Mic Adapter  1 5M Cable Length   Black,1,-1461.0,Refund,KHUNTI,Refund,-1461.0,0.0,0,False,
2025-09-25,HYD8-452,GP45-M,B0F88CFJN2,yantralay Magnetic Camera Mount for Hero 13 12 11 10 9  Insta360 X5 X4 X3  Action 4 5  Osmo Pocket 3   360  Quick Release Car Holder  Heavy Duty Magn,1,1566.55,Shipment,HYDERABAD,Shipment,1566.55,0.0,1,False,
2025-09-22,HYD8-426,DA31,B0CGDMJ882,Yantralay DSLR Battery Pouch   Portable Waterproof Bag for lp e6 e8 e10 e12 en el14 el15 fw50 f550 Batteries   Convenient Access Design   Compact and,2,-968.06,Refund,SAHARANPUR,Refund,-968.06,0.0,0,False,
2025-09-24,HYD3-923,MP_OA5,B0F9X1YNVL,yantralay Camera Lavalier Clip on Type C Microphone for DJ I Action 3 4 Collar Clip Microphone  Without Need of Mic Adapter  1 5M Cable Length   Black,1,1424.05,Shipment,BENGALURU,Shipment,1424.05,0.0,1,False,
2025-09-25,HYD3-930,TY98_TUYU,B0F7RP62NV,yantralay Motorcycle Windshield Mounting Clamp Aluminum Mount for Insta 360 X5 X4 X3  Go Pro Hero 13 12 11 10 9  D J I Action 5 Pro  4 3 Action Camera,1,1804.05,Shipment,HAORA,Shipment,1804.05,0.0,1,False,
2025-09-25,HYD8-453,CG5,B0DW9FS3FL,yantralay 40 Cms 16 inch Monitor Light  Touch Control USB Powered LED Lamp for Computer  10 Level Dimmable with 3 Color Modes  IP44 Waterproof e Readi,1,2374.05,Shipment,Kakinada,Shipment,2374.05,0.0,1,False,
2025-09-25,HYD3-928,GP10_OM7P_STARTRC,B0F2J6Z8WT,yantralay Osmo Mobile 7P Case Portable PU Shoulder Bag for DJI OM 7 Pro 7 Gimbal Stabilizer Travel Case for DJI Osmo Mobile 7 7P,1,1299.0,Shipment,NARASARAOPET,Shipment,1299.0,0.0,1,False,
2025-09-25,HYD3-929,GP10_OM7P_STARTRC,B0F2J6Z8WT,yantralay Osmo Mobile 7P Case Portable PU Shoulder Bag for DJI OM 7 Pro 7 Gimbal Stabilizer Travel Case for DJI Osmo Mobile 7 7P,1,1299.0,Shipment,AIZAWL,Shipment,1299.0,0.0,1,False,
2025-09-25,HYD8-455,GP45-S,B0F88FL4CN,yantralay Magnetic Camera Mount for Hero 13 12 11 10 9  Insta360 X5 X4 X3  Action 4 5  Osmo Pocket 3   360  Quick Release Car Holder  Heavy Duty Magn,1,1471.55,Shipment,Bengaluru,Shipment,1471.55,0.0,1,False,
2025-09-24,HYD8-447,ACCASEONEX5,B0FF2D12YN,Yantralay Invisible Magnetic Dive Case for Insta360 X5   60M Waterproof Underwater Housing for Deep Sea   Snorkeling Shots,1,-5399.0,Refund,RAIPUR,Refund,-5399.0,0.0,0,False,
2025-09-25,HYD3-936,GP25_TRIPOD,B0FN8K885R,Yantralay 122cm Invisible Stick   Tripod Extension Monopod for Insta360 X5 X4 X3  ONE R RS  DJI Osmo Action Series   Lightweight Extendable Camera Acc,1,1538.05,Shipment,VIZIANAGARAM,Shipment,1538.05,0.0,1,False,
2025-09-25,HYD3-935,ND_H13_TLS,B0DWT75YDS,Yantralay ND Filter Set Compatible with GoPro Hero13 Circular Polarizing Filters with 3PCS Neutral Density for GoPro Hero 13 Accessories  CPL ND8 ND16,1,2754.05,Shipment,HYDERABAD,Shipment,2754.05,0.0,1,False,
2025-09-25,HYD8-454,GP1620_TLS,B08S7D4LKH,yantralay Upgraded Helmet Chin Strap Mount for Hero 13 12 11 10 9 8 7 6 5  SJCAM  Insta 360   DJI Osmo Action 3   4   Adjustable   Secure Camera Moun,1,1141.0,Shipment,BANGALORE,Shipment,1141.0,0.0,1,False,
2025-09-25,HYD3-934,LGOA360,B0FP9LYYWR,yantralay Lens Guard for DJI Osmo 360 Camera   Waterproof Dustproof Snap On Lens Protective Cover  Easy Installation  Osm o Action 360 Accessories,1,1169.0,Shipment,BENGALURU,Shipment,1169.0,0.0,1,False,
2025-09-25,HYD3-931,LGOA360,B0FP9LYYWR,yantralay Lens Guard for DJI Osmo 360 Camera   Waterproof Dustproof Snap On Lens Protective Cover  Easy Installation  Osm o Action 360 Accessories,1,1110.55,Shipment,MUMBAI,Shipment,1110.55,0.0,1,False,
2025-09-26,HYD8-459,GP47-L_TLSNK,B0BBVGXFZ2,Camera Bike Mount Motorcycle Handlebar Clamp Holder for GoPro Insta360 Accessories  TELESIN 360    Rotating Bicycle Cycling Attachment Accessory for,1,1756.55,Shipment,BENGALURU,Shipment,1756.55,0.0,1,False,
2025-09-25,HYD3-932,GP10_OM7P_STARTRC,B0F2J6Z8WT,yantralay Osmo Mobile 7P Case Portable PU Shoulder Bag for DJI OM 7 Pro 7 Gimbal Stabilizer Travel Case for DJI Osmo Mobile 7 7P,1,1299.0,Shipment,KALWAKURTHY,Shipment,1299.0,0.0,1,False,
2025-09-26,HYD3-941,GP10_OA3,B0DMSYR199,yantralay Carrying Case for DJ I Os mo Action 5 Pro Action 4  Action 3 Cameras  Storage Bag Case with Shoulder Strap  DJ I Osm o Action Camera Accesso,1,1329.05,Shipment,ANANTAPUR,Shipment,1329.05,0.0,1,False,
2025-09-26,HYD8-460,ACCHARGERONEX5_3_AMG,B0FKYRJB8C,Yantralay Charging Case for Insta 360 X5   3 Battery Charger Hub with Intelligent Fast Charging  Automatic Pop Up Lid  Simultaneous Charging Station f,1,1394.07,Shipment,KRISHNAGIRI,Shipment,1394.07,0.0,1,False,
2025-09-25,HYD3-933,GP25_TRIPOD,B0FN8K885R,Yantralay 122cm Invisible Stick   Tripod Extension Monopod for Insta360 X5 X4 X3  ONE R RS  DJI Osmo Action Series   Lightweight Extendable Camera Acc,1,1619.0,Shipment,MUMBAI,Shipment,1619.0,0.0,1,False,
2025-09-25,HYD8-456,ACCASEONEX5,B0FF2D12YN,Yantralay Invisible Magnetic Dive Case for Insta360 X5   60M Waterproof Underwater Housing for Deep Sea   Snorkeling Shots,1,5129.05,Shipment,KOLKATA,Shipment,5129.05,0.0,1,False,
2025-09-25,HYD8-456,ACFRAMEONEX5_AL,B0FJG46XCP,Yantralay Accessories for Insta 360 X5   Aluminum Frame Mount  Insta 360 X5 Accessories  X5 Aluminium Frame,1,3675.55,Shipment,KOLKATA,Shipment,3675.55,0.0,1,False,
2025-09-26,HYD8-461,PS1,B0BJBL1XBS,yantralay Polyester Dual Controller Hard Carry Case Compatible With Ps5 Ps4 Xbox Ipega Controllers   3 Layer Protection Travel Carry Case   Grey,1,848.0,Shipment,BHUBANESWAR,Shipment,848.0,0.0,1,False,
2025-09-26,HYD8-462,GP47-L_TLSNK,B0BBVGXFZ2,Camera Bike Mount Motorcycle Handlebar Clamp Holder for GoPro Insta360 Accessories  TELESIN 360    Rotating Bicycle Cycling Attachment Accessory for,1,1849.0,Shipment,PANDUA,Shipment,1849.0,0.0,1,False,
2025-09-23,HYD8-430,GP45-M,B0F88CFJN2,yantralay Magnetic Camera Mount for Hero 13 12 11 10 9  Insta360 X5 X4 X3  Action 4 5  Osmo Pocket 3   360  Quick Release Car Holder  Heavy Duty Magn,1,-1649.0,Refund,PUNE,Refund,-1649.0,0.0,0,False,
2025-09-26,HYD3-951,GP10_OM7P_STARTRC,B0F2J6Z8WT,yantralay Osmo Mobile 7P Case Portable PU Shoulder Bag for DJI OM 7 Pro 7 Gimbal Stabilizer Travel Case for DJI Osmo Mobile 7 7P,1,1234.05,Shipment,RANCHI,Shipment,1234.05,0.0,1,False,
2025-09-25,HYD8-457,ACCASEONEX5,B0FF2D12YN,Yantralay Invisible Magnetic Dive Case for Insta360 X5   60M Waterproof Underwater Housing for Deep Sea   Snorkeling Shots,1,5399.0,Shipment,RAIPUR,Shipment,5399.0,0.0,1,False,
2025-09-26,HYD3-946,GP46-M,B0F91GXT2N,yantralay Double Clamp Mount Bracket with 1 4  Ball Head for GoPro  Insta 360 X2 X3  Action Cameras   Handlebar  Motorcycle  Bicycle  Selfie Stick  St,1,1799.0,Shipment,HYDERABAD,Shipment,1799.0,0.0,1,False,
2025-09-25,HYD8-458,GP45-L,B0F88JWL9W,yantralay Magnetic Camera Mount for Hero 13 12 11 10 9  Insta360 X5 X4 X3  Action 4 5  Osmo Pocket 3   360  Quick Release Car Holder  Heavy Duty Magn,1,1799.0,Shipment,CHERANALLUR,Shipment,1799.0,0.0,1,False,
2025-09-26,HYD3-944,GP10_OM7P_STARTRC,B0F2J6Z8WT,yantralay Osmo Mobile 7P Case Portable PU Shoulder Bag for DJI OM 7 Pro 7 Gimbal Stabilizer Travel Case for DJI Osmo Mobile 7 7P,1,1299.0,Shipment,NEW DELHI,Shipment,1299.0,0.0,1,False,
2025-09-26,HYD3-942,GP10_OM7P_STARTRC,B0F2J6Z8WT,yantralay Osmo Mobile 7P Case Portable PU Shoulder Bag for DJI OM 7 Pro 7 Gimbal Stabilizer Travel Case for DJI Osmo Mobile 7 7P,1,1234.05,Shipment,FINGESHWAR,Shipment,1234.05,0.0,1,False,
2025-09-26,HYD3-943,GP10_OM7P_STARTRC,B0F2J6Z8WT,yantralay Osmo Mobile 7P Case Portable PU Shoulder Bag for DJI OM 7 Pro 7 Gimbal Stabilizer Travel Case for DJI Osmo Mobile 7 7P,1,1299.0,Shipment,THANE,Shipment,1299.0,0.0,1,False,
2025-09-26,HYD3-947,GP10_OM7P_STARTRC,B0F2J6Z8WT,yantralay Osmo Mobile 7P Case Portable PU Shoulder Bag for DJI OM 7 Pro 7 Gimbal Stabilizer Travel Case for DJI Osmo Mobile 7 7P,1,1299.0,Shipment,MAHALINGPUR,Shipment,1299.0,0.0,1,False,
2025-09-26,HYD3-948,GP10_OM7P_STARTRC,B0F2J6Z8WT,yantralay Osmo Mobile 7P Case Portable PU Shoulder Bag for DJI OM 7 Pro 7 Gimbal Stabilizer Travel Case for DJI Osmo Mobile 7 7P,1,1299.0,Shipment,Hinganghat,Shipment,1299.0,0.0,1,False,
2025-09-26,HYD3-950,GP10_OM7P_STARTRC,B0F2J6Z8WT,yantralay Osmo Mobile 7P Case Portable PU Shoulder Bag for DJI OM 7 Pro 7 Gimbal Stabilizer Travel Case for DJI Osmo Mobile 7 7P,1,1299.0,Shipment,RAIPUR,Shipment,1299.0,0.0,1,False,
2025-09-26,HYD3-945,GP10_OM7P_STARTRC,B0F2J6Z8WT,yantralay Osmo Mobile 7P Case Portable PU Shoulder Bag for DJI OM 7 Pro 7 Gimbal Stabilizer Travel Case for DJI Osmo Mobile 7 7P,1,1234.05,Shipment,BENGALURU,Shipment,1234.05,0.0,1,False,
2025-09-26,HYD3-949,GP10_OM7P_STARTRC,B0F2J6Z8WT,yantralay Osmo Mobile 7P Case Portable PU Shoulder Bag for DJI OM 7 Pro 7 Gimbal Stabilizer Travel Case for DJI Osmo Mobile 7 7P,1,1234.05,Shipment,Jammu,Shipment,1234.05,0.0,1,False,
2025-09-26,HYD3-939,GP10_OM7P_STARTRC,B0F2J6Z8WT,yantralay Osmo Mobile 7P Case Portable PU Shoulder Bag for DJI OM 7 Pro 7 Gimbal Stabilizer Travel Case for DJI Osmo Mobile 7 7P,1,1299.0,Shipment,BENGALURU,Shipment,1299.0,0.0,1,False,
2025-09-26,HYD3-940,GP10_OM7P_STARTRC,B0F2J6Z8WT,yantralay Osmo Mobile 7P Case Portable PU Shoulder Bag for DJI OM 7 Pro 7 Gimbal Stabilizer Travel Case for DJI Osmo Mobile 7 7P,1,1234.05,Shipment,NANDED WAGHALANanded,Shipment,1234.05,0.0,1,False,
2025-09-26,HYD3-955,GP10_OM7P_STARTRC,B0F2J6Z8WT,yantralay Osmo Mobile 7P Case Portable PU Shoulder Bag for DJI OM 7 Pro 7 Gimbal Stabilizer Travel Case for DJI Osmo Mobile 7 7P,1,1299.0,Shipment,NETRANG,Shipment,1299.0,0.0,1,False,
2025-09-26,HYD8-463,GP46-L_TUYU,B0FCYK5XW1,yantralay All Aluminium Dual Clamp Mount with 1 4  Ball Head   Heavy Duty Aluminium Bracket for Go Pro 13 12 11  Insta 360 X5 X4 X3  Bike Handlebar  M,1,2599.0,Shipment,Bhubaneswar,Shipment,2599.0,0.0,1,False,
2025-09-26,HYD3-956,GP10_OM7P_STARTRC,B0F2J6Z8WT,yantralay Osmo Mobile 7P Case Portable PU Shoulder Bag for DJI OM 7 Pro 7 Gimbal Stabilizer Travel Case for DJI Osmo Mobile 7 7P,1,1299.0,Shipment,SUPAUL,Shipment,1299.0,0.0,1,False,
2025-09-26,HYD3-952,GP10_OM7P_STARTRC,B0F2J6Z8WT,yantralay Osmo Mobile 7P Case Portable PU Shoulder Bag for DJI OM 7 Pro 7 Gimbal Stabilizer Travel Case for DJI Osmo Mobile 7 7P,1,1234.05,Shipment,ROURKELA,Shipment,1234.05,0.0,1,False,
2025-09-27,HYD8-465,GP47-L_TLSNK,B0BBVGXFZ2,Camera Bike Mount Motorcycle Handlebar Clamp Holder for GoPro Insta360 Accessories  TELESIN 360    Rotating Bicycle Cycling Attachment Accessory for,1,1849.0,Shipment,BENGALURU,Shipment,1849.0,0.0,1,False,
2025-09-27,HYD8-464,GP45-S,B0F88FL4CN,yantralay Magnetic Camera Mount for Hero 13 12 11 10 9  Insta360 X5 X4 X3  Action 4 5  Osmo Pocket 3   360  Quick Release Car Holder  Heavy Duty Magn,1,0.0,FreeReplacement,Bengaluru,FreeReplacement,0.0,0.0,0,True,
2025-09-27,HYD8-468,GP47-L_TLSNK,B0BBVGXFZ2,Camera Bike Mount Motorcycle Handlebar Clamp Holder for GoPro Insta360 Accessories  TELESIN 360    Rotating Bicycle Cycling Attachment Accessory for,1,1756.55,Shipment,BENGALURU,Shipment,1756.55,0.0,1,False,
2025-09-27,HYD8-467,GP47-L_TLSNK,B0BBVGXFZ2,Camera Bike Mount Motorcycle Handlebar Clamp Holder for GoPro Insta360 Accessories  TELESIN 360    Rotating Bicycle Cycling Attachment Accessory for,1,1849.0,Shipment,BANGALORE,Shipment,1849.0,0.0,1,False,
2025-09-27,HYD3-962,GP10_OM7P_STARTRC,B0F2J6Z8WT,yantralay Osmo Mobile 7P Case Portable PU Shoulder Bag for DJI OM 7 Pro 7 Gimbal Stabilizer Travel Case for DJI Osmo Mobile 7 7P,1,1234.05,Shipment,NEW DELHI,Shipment,1234.05,0.0,1,False,
2025-09-27,HYD8-471,CG5,B0DW9FS3FL,nan,1,0.0,Cancel,BENGALURU,Cancel,0.0,0.0,0,False,
2025-09-27,HYD3-971,GP25_TRIPOD,B0FN8K885R,nan,1,0.0,Cancel,BENGALURU,Cancel,0.0,0.0,0,False,
2025-09-27,HYD3-972,GP25_TRIPOD,B0FN8K885R,nan,1,0.0,Cancel,BENGALURU,Cancel,0.0,0.0,0,False,
2025-09-26,HYD3-953,GP10_OM7P_STARTRC,B0F2J6Z8WT,yantralay Osmo Mobile 7P Case Portable PU Shoulder Bag for DJI OM 7 Pro 7 Gimbal Stabilizer Travel Case for DJI Osmo Mobile 7 7P,1,1234.05,Shipment,New Town,Shipment,1234.05,0.0,1,False,
2025-09-27,HYD3-957,GP28_H13,B0DHYDQL5V,Yantralay Silicone Lanyard Sleeve Protective Cover   6PCS Tempered Glass Screen Guard with Silicone Lens Cover Compatible with Go Pro Hero 9 Black Act,1,399.0,Shipment,VISAKHAPATNAM,Shipment,399.0,0.0,1,False,
2025-09-27,HYD3-961,ACFRAMEOP3_PL,B0D813N881,yantralay Osm o Pocket 3 Expansion Frame Adapter Protective Bracket   Action Camera Adapter Compatible for DJI Osm o Pocket 3 Accessories with 1 4 Col,1,806.0,Shipment,NAVI MUMBAI,Shipment,806.0,0.0,1,False,
2025-09-27,HYD3-970,GP10_OM7P_STARTRC,B0F2J6Z8WT,yantralay Osmo Mobile 7P Case Portable PU Shoulder Bag for DJI OM 7 Pro 7 Gimbal Stabilizer Travel Case for DJI Osmo Mobile 7 7P,1,1299.0,Shipment,JHUMRI TILAIYA,Shipment,1299.0,0.0,1,False,
2025-09-27,HYD3-973,GP25_TRIPOD,B0FN8K885R,Yantralay 122cm Invisible Stick   Tripod Extension Monopod for Insta360 X5 X4 X3  ONE R RS  DJI Osmo Action Series   Lightweight Extendable Camera Acc,1,1538.05,Shipment,BENGALURU,Shipment,1538.05,0.0,1,False,
2025-09-27,HYD3-963,GP10_OM7P_STARTRC,B0F2J6Z8WT,yantralay Osmo Mobile 7P Case Portable PU Shoulder Bag for DJI OM 7 Pro 7 Gimbal Stabilizer Travel Case for DJI Osmo Mobile 7 7P,1,1299.0,Shipment,Bengaluru,Shipment,1299.0,0.0,1,False,
2025-09-27,HYD8-473,GP46-S_TUYU,B0FD3KNNQ5,yantralay All Aluminium Dual Clamp Mount with 1 4  Ball Head   Heavy Duty Aluminium Bracket for Go Pro 13 12 11  Insta 360 X5 X4 X3  Bike Handlebar  M,1,2279.05,Shipment,FARIDABAD,Shipment,2279.05,0.0,1,False,
2025-09-27,HYD3-968,SGONEX4-2_LGONEX4,B0F8VRR8JY,yantralay Insta 360 X4 Lens Guard   Screen Protector Combo Kit   Lens Covers   Anti Scratch  Tempered Glass Screen   Insta 360 X4 Accessories,1,1293.05,Shipment,KOLKATA,Shipment,1293.05,0.0,1,False,
2025-09-27,HYD8-474,GP47-L_TLSNK,B0BBVGXFZ2,Camera Bike Mount Motorcycle Handlebar Clamp Holder for GoPro Insta360 Accessories  TELESIN 360    Rotating Bicycle Cycling Attachment Accessory for,1,1756.55,Shipment,NEW DELHI,Shipment,1756.55,0.0,1,False,
2025-09-26,HYD3-954,GP10_OM7P_STARTRC,B0F2J6Z8WT,yantralay Osmo Mobile 7P Case Portable PU Shoulder Bag for DJI OM 7 Pro 7 Gimbal Stabilizer Travel Case for DJI Osmo Mobile 7 7P,1,1234.05,Shipment,Hyderabad,Shipment,1234.05,0.0,1,False,
2025-09-27,HYD8-469,PS1,B0BJBL1XBS,yantralay Polyester Dual Controller Hard Carry Case Compatible With Ps5 Ps4 Xbox Ipega Controllers   3 Layer Protection Travel Carry Case   Grey,1,805.6,Shipment,MUMBAI,Shipment,805.6,0.0,1,False,
2025-09-27,HYD3-976,GP10_OM7P_STARTRC,B0F2J6Z8WT,yantralay Osmo Mobile 7P Case Portable PU Shoulder Bag for DJI OM 7 Pro 7 Gimbal Stabilizer Travel Case for DJI Osmo Mobile 7 7P,1,1234.05,Shipment,FARIDABAD,Shipment,1234.05,0.0,1,False,
2025-09-25,HYD3-935,ND_H13_TLS,B0DWT75YDS,Yantralay ND Filter Set Compatible with GoPro Hero13 Circular Polarizing Filters with 3PCS Neutral Density for GoPro Hero 13 Accessories  CPL ND8 ND16,1,-2754.05,Refund,HYDERABAD,Refund,-2754.05,0.0,0,False,
2025-09-27,HYD8-466,GP46-M,B0F91GXT2N,yantralay Double Clamp Mount Bracket with 1 4  Ball Head for GoPro  Insta 360 X2 X3  Action Cameras   Handlebar  Motorcycle  Bicycle  Selfie Stick  St,1,1709.05,Shipment,ANANTAPUR,Shipment,1709.05,0.0,1,False,
2025-09-27,HYD3-975,GP28_H13,B0DHYDQL5V,Yantralay Silicone Lanyard Sleeve Protective Cover   6PCS Tempered Glass Screen Guard with Silicone Lens Cover Compatible with Go Pro Hero 9 Black Act,1,399.0,Shipment,ARAMBAGH  HOOGHLY,Shipment,399.0,0.0,1,False,
2025-09-27,HYD3-977,GP10_OM7P_STARTRC,B0F2J6Z8WT,yantralay Osmo Mobile 7P Case Portable PU Shoulder Bag for DJI OM 7 Pro 7 Gimbal Stabilizer Travel Case for DJI Osmo Mobile 7 7P,1,1234.05,Shipment,NEW DELHI,Shipment,1234.05,0.0,1,False,
2025-09-27,HYD3-980,SGONEX4-2_LGONEX4,B0F8VRR8JY,yantralay Insta 360 X4 Lens Guard   Screen Protector Combo Kit   Lens Covers   Anti Scratch  Tempered Glass Screen   Insta 360 X4 Accessories,1,1299.0,Shipment,BANGALORE,Shipment,1299.0,0.0,1,False,
2025-09-27,HYD8-472,GP47-L_TLSNK,B0BBVGXFZ2,Camera Bike Mount Motorcycle Handlebar Clamp Holder for GoPro Insta360 Accessories  TELESIN 360    Rotating Bicycle Cycling Attachment Accessory for,1,1756.55,Shipment,HYDERABAD,Shipment,1756.55,0.0,1,False,
2025-09-27,HYD8-472,GP25_TRIPOD,B0FN8K885R,Yantralay 122cm Invisible Stick   Tripod Extension Monopod for Insta360 X5 X4 X3  ONE R RS  DJI Osmo Action Series   Lightweight Extendable Camera Acc,1,1538.05,Shipment,HYDERABAD,Shipment,1538.05,0.0,1,False,
2025-09-27,HYD3-978,GP10_OM7P_STARTRC,B0F2J6Z8WT,yantralay Osmo Mobile 7P Case Portable PU Shoulder Bag for DJI OM 7 Pro 7 Gimbal Stabilizer Travel Case for DJI Osmo Mobile 7 7P,1,1234.05,Shipment,SOLAPUR,Shipment,1234.05,0.0,1,False,
2025-09-27,HYD3-979,GP10_OM7P_STARTRC,B0F2J6Z8WT,yantralay Osmo Mobile 7P Case Portable PU Shoulder Bag for DJI OM 7 Pro 7 Gimbal Stabilizer Travel Case for DJI Osmo Mobile 7 7P,1,1299.0,Shipment,GUWAHATI,Shipment,1299.0,0.0,1,False,
2025-09-27,HYD3-965,GP10_OM7P_STARTRC,B0F2J6Z8WT,yantralay Osmo Mobile 7P Case Portable PU Shoulder Bag for DJI OM 7 Pro 7 Gimbal Stabilizer Travel Case for DJI Osmo Mobile 7 7P,1,1234.05,Shipment,BHILWARA,Shipment,1234.05,0.0,1,False,
2025-09-27,HYD8-470,GP47-L_TLSNK,B0BBVGXFZ2,Camera Bike Mount Motorcycle Handlebar Clamp Holder for GoPro Insta360 Accessories  TELESIN 360    Rotating Bicycle Cycling Attachment Accessory for,1,1756.55,Shipment,HYDERABAD,Shipment,1756.55,0.0,1,False,
2025-09-27,HYD3-964,GP10_OM7P_STARTRC,B0F2J6Z8WT,yantralay Osmo Mobile 7P Case Portable PU Shoulder Bag for DJI OM 7 Pro 7 Gimbal Stabilizer Travel Case for DJI Osmo Mobile 7 7P,1,1234.05,Shipment,New dudhai,Shipment,1234.05,0.0,1,False,
2025-09-27,HYD3-966,GP10_OM7P_STARTRC,B0F2J6Z8WT,yantralay Osmo Mobile 7P Case Portable PU Shoulder Bag for DJI OM 7 Pro 7 Gimbal Stabilizer Travel Case for DJI Osmo Mobile 7 7P,1,1299.0,Shipment,PUNE,Shipment,1299.0,0.0,1,False,
2025-09-27,HYD3-960,GP10_OM7P_STARTRC,B0F2J6Z8WT,yantralay Osmo Mobile 7P Case Portable PU Shoulder Bag for DJI OM 7 Pro 7 Gimbal Stabilizer Travel Case for DJI Osmo Mobile 7 7P,1,1299.0,Shipment,SRINAGAR,Shipment,1299.0,0.0,1,False,
2025-09-27,HYD3-967,GP10_OM7P_STARTRC,B0F2J6Z8WT,yantralay Osmo Mobile 7P Case Portable PU Shoulder Bag for DJI OM 7 Pro 7 Gimbal Stabilizer Travel Case for DJI Osmo Mobile 7 7P,1,1234.05,Shipment,NASHIK,Shipment,1234.05,0.0,1,False,
2025-09-27,HYD3-969,GP10_OM7P_STARTRC,B0F2J6Z8WT,yantralay Osmo Mobile 7P Case Portable PU Shoulder Bag for DJI OM 7 Pro 7 Gimbal Stabilizer Travel Case for DJI Osmo Mobile 7 7P,1,1299.0,Shipment,NEW DELHI,Shipment,1299.0,0.0,1,False,
2025-09-27,HYD3-985,GP10_OM7P_STARTRC,B0F2J6Z8WT,nan,1,0.0,Cancel,MANASA,Cancel,0.0,0.0,0,False,
2025-09-27,HYD3-973,GP25_TRIPOD,B0FN8K885R,Yantralay 122cm Invisible Stick   Tripod Extension Monopod for Insta360 X5 X4 X3  ONE R RS  DJI Osmo Action Series   Lightweight Extendable Camera Acc,1,-1538.05,Refund,BENGALURU,Refund,-1538.05,0.0,0,False,
2025-09-28,HYD8-476,GP1620_TLSNK,B08MSR2SNJ,TELESIN Upgraded Motorcycle Helmet Chin Mount for GoPro Max Hero 10 9 8 7 One R One X DJI Osmo Action Pocket Cellphone   More Action Camera with Go Pr,1,1107.7,Shipment,BENGALURU,Shipment,1107.7,0.0,1,False,
2025-09-27,HYD3-974,GP10_OM7P_STARTRC,B0F2J6Z8WT,yantralay Osmo Mobile 7P Case Portable PU Shoulder Bag for DJI OM 7 Pro 7 Gimbal Stabilizer Travel Case for DJI Osmo Mobile 7 7P,1,1234.05,Shipment,CHENNAI,Shipment,1234.05,0.0,1,False,
2025-09-27,HYD3-983,GP10_OM7P_STARTRC,B0F2J6Z8WT,yantralay Osmo Mobile 7P Case Portable PU Shoulder Bag for DJI OM 7 Pro 7 Gimbal Stabilizer Travel Case for DJI Osmo Mobile 7 7P,1,1299.0,Shipment,QADIAN,Shipment,1299.0,0.0,1,False,
2025-09-27,HYD3-958,GP10_OM7P_STARTRC,B0F2J6Z8WT,yantralay Osmo Mobile 7P Case Portable PU Shoulder Bag for DJI OM 7 Pro 7 Gimbal Stabilizer Travel Case for DJI Osmo Mobile 7 7P,1,1234.05,Shipment,FATEHPUR,Shipment,1234.05,0.0,1,False,
2025-09-27,HYD3-959,GP10_OM7P_STARTRC,B0F2J6Z8WT,yantralay Osmo Mobile 7P Case Portable PU Shoulder Bag for DJI OM 7 Pro 7 Gimbal Stabilizer Travel Case for DJI Osmo Mobile 7 7P,1,1299.0,Shipment,Erode,Shipment,1299.0,0.0,1,False,
2025-09-28,HYD8-478,GP47-L_TLSNK,B0BBVGXFZ2,Camera Bike Mount Motorcycle Handlebar Clamp Holder for GoPro Insta360 Accessories  TELESIN 360    Rotating Bicycle Cycling Attachment Accessory for,1,1756.55,Shipment,BENGALURU,Shipment,1756.55,0.0,1,False,
2025-09-27,HYD8-475,ACFRAMEONEX5_AL,B0FJG46XCP,Yantralay Accessories for Insta 360 X5   Aluminum Frame Mount  Insta 360 X5 Accessories  X5 Aluminium Frame,1,3675.55,Shipment,Bengaluru,Shipment,3675.55,0.0,1,False,
2025-09-28,HYD3-986,GP28COMBO1_H13,B0DHYCQR66,Yantralay Silicone Lanyard Sleeve Protective Cover   6PCS Tempered Glass Screen Guard with Silicone Lens Cover Compatible with GoPro Hero 9 Black Acti,1,646.0,Shipment,NEW DELHI,Shipment,646.0,0.0,1,False,
2025-09-28,HYD8-477,GP47-L_TLSNK,B0BBVGXFZ2,Camera Bike Mount Motorcycle Handlebar Clamp Holder for GoPro Insta360 Accessories  TELESIN 360    Rotating Bicycle Cycling Attachment Accessory for,1,1849.0,Shipment,BENGALURU,Shipment,1849.0,0.0,1,False,
2025-09-28,HYD3-991,PS1,B0BJBL1XBS,yantralay Polyester Dual Controller Hard Carry Case Compatible With Ps5 Ps4 Xbox Ipega Controllers   3 Layer Protection Travel Carry Case   Grey,1,805.6,Shipment,Pune,Shipment,805.6,0.0,1,False,
2025-09-27,HYD3-982,GP28_H13,B0DHYDQL5V,Yantralay Silicone Lanyard Sleeve Protective Cover   6PCS Tempered Glass Screen Guard with Silicone Lens Cover Compatible with Go Pro Hero 9 Black Act,1,379.05,Shipment,HYDERABAD,Shipment,379.05,0.0,1,False,
2025-09-28,HYD3-992,GP10_OM7P_STARTRC,B0F2J6Z8WT,yantralay Osmo Mobile 7P Case Portable PU Shoulder Bag for DJI OM 7 Pro 7 Gimbal Stabilizer Travel Case for DJI Osmo Mobile 7 7P,1,1299.0,Shipment,KALYAN,Shipment,1299.0,0.0,1,False,
2025-09-28,HYD8-480,PS2_BLUE,B0BL1H24P4,yantralay Controller Gamepad Carry Case   Ultimate Protection Compatible for PS5 PS4 PS3 Switch Pro Xbox Joysticks Waterproof  Scratch Protection  Dur,1,474.05,Shipment,NEW DELHI,Shipment,474.05,0.0,1,False,
2025-09-28,HYD3-989,GP10_OM7P_STARTRC,B0F2J6Z8WT,yantralay Osmo Mobile 7P Case Portable PU Shoulder Bag for DJI OM 7 Pro 7 Gimbal Stabilizer Travel Case for DJI Osmo Mobile 7 7P,1,1299.0,Shipment,DAHIVADI,Shipment,1299.0,0.0,1,False,
2025-09-28,HYD3-988,GP10_OM7P_STARTRC,B0F2J6Z8WT,yantralay Osmo Mobile 7P Case Portable PU Shoulder Bag for DJI OM 7 Pro 7 Gimbal Stabilizer Travel Case for DJI Osmo Mobile 7 7P,1,1234.05,Shipment,SONIPAT,Shipment,1234.05,0.0,1,False,
2025-09-28,HYD3-990,GP10_OM7P_STARTRC,B0F2J6Z8WT,yantralay Osmo Mobile 7P Case Portable PU Shoulder Bag for DJI OM 7 Pro 7 Gimbal Stabilizer Travel Case for DJI Osmo Mobile 7 7P,1,1299.0,Shipment,Thane,Shipment,1299.0,0.0,1,False,
2025-09-28,HYD8-481,GP47-L_TLSNK,B0BBVGXFZ2,Camera Bike Mount Motorcycle Handlebar Clamp Holder for GoPro Insta360 Accessories  TELESIN 360    Rotating Bicycle Cycling Attachment Accessory for,1,1849.0,Shipment,HYDERABAD,Shipment,1849.0,0.0,1,False,
2025-09-27,HYD3-981,ACCHARGERONEX5_3_AMG,B0FKYRJB8C,Yantralay Charging Case for Insta 360 X5   3 Battery Charger Hub with Intelligent Fast Charging  Automatic Pop Up Lid  Simultaneous Charging Station f,1,1499.0,Shipment,HYDERABAD,Shipment,1499.0,0.0,1,False,
2025-09-28,HYD3-993,GP10_OM7P_STARTRC,B0F2J6Z8WT,yantralay Osmo Mobile 7P Case Portable PU Shoulder Bag for DJI OM 7 Pro 7 Gimbal Stabilizer Travel Case for DJI Osmo Mobile 7 7P,1,1299.0,Shipment,JAIPUR,Shipment,1299.0,0.0,1,False,
2025-09-28,HYD3-1001,GP10_OM7P_STARTRC,B0F2J6Z8WT,yantralay Osmo Mobile 7P Case Portable PU Shoulder Bag for DJI OM 7 Pro 7 Gimbal Stabilizer Travel Case for DJI Osmo Mobile 7 7P,1,1299.0,Shipment,BENGALURU,Shipment,1299.0,0.0,1,False,
2025-09-28,HYD8-479,GP10_ONEX4_STARTRC,B0DDXP86FQ,yantralay x Startr c Carrying Case for Insta 360 X4 X5  Portable PU Storage Protective Bag Travel Case for Insta 360 X4 X5 Accessories with Large Capa,1,1515.25,Shipment,Hyderabad,Shipment,1515.25,0.0,1,False,
2025-09-28,HYD3-999,GP10_OM7P_STARTRC,B0F2J6Z8WT,yantralay Osmo Mobile 7P Case Portable PU Shoulder Bag for DJI OM 7 Pro 7 Gimbal Stabilizer Travel Case for DJI Osmo Mobile 7 7P,1,1299.0,Shipment,RAMNAGAR,Shipment,1299.0,0.0,1,False,
2025-09-28,HYD3-997,GP10_OM7P_STARTRC,B0F2J6Z8WT,yantralay Osmo Mobile 7P Case Portable PU Shoulder Bag for DJI OM 7 Pro 7 Gimbal Stabilizer Travel Case for DJI Osmo Mobile 7 7P,1,1234.05,Shipment,JAORA,Shipment,1234.05,0.0,1,False,
2025-09-28,HYD3-995,GP10_OM7P_STARTRC,B0F2J6Z8WT,yantralay Osmo Mobile 7P Case Portable PU Shoulder Bag for DJI OM 7 Pro 7 Gimbal Stabilizer Travel Case for DJI Osmo Mobile 7 7P,1,1234.05,Shipment,TITAGARH,Shipment,1234.05,0.0,1,False,
2025-09-28,HYD3-996,GP10_OM7P_STARTRC,B0F2J6Z8WT,yantralay Osmo Mobile 7P Case Portable PU Shoulder Bag for DJI OM 7 Pro 7 Gimbal Stabilizer Travel Case for DJI Osmo Mobile 7 7P,1,1234.05,Shipment,saharsa,Shipment,1234.05,0.0,1,False,
2025-09-28,HYD3-998,GP10_OM7P_STARTRC,B0F2J6Z8WT,yantralay Osmo Mobile 7P Case Portable PU Shoulder Bag for DJI OM 7 Pro 7 Gimbal Stabilizer Travel Case for DJI Osmo Mobile 7 7P,1,1299.0,Shipment,MEHNA,Shipment,1299.0,0.0,1,False,
2025-09-28,HYD3-994,GP10_OM7P_STARTRC,B0F2J6Z8WT,yantralay Osmo Mobile 7P Case Portable PU Shoulder Bag for DJI OM 7 Pro 7 Gimbal Stabilizer Travel Case for DJI Osmo Mobile 7 7P,1,1299.0,Shipment,Bansur,Shipment,1299.0,0.0,1,False,
2025-09-28,HYD8-483,GP47-L_TLSNK,B0BBVGXFZ2,Camera Bike Mount Motorcycle Handlebar Clamp Holder for GoPro Insta360 Accessories  TELESIN 360    Rotating Bicycle Cycling Attachment Accessory for,1,1849.0,Shipment,NARAYANKHED,Shipment,1849.0,0.0,1,False,
2025-09-28,HYD3-1000,ND_OP3-6_STARTRCN,B0CLTTKV97,STARTRAC Magnetic ND   CPL Filters Set for DJI Osmo Pocket 3 Creator Combo   6 Pack CPL  ND 8  16  32  64  256  Ultra Slim Aluminum Frame,1,3704.05,Shipment,BENGALURU,Shipment,3704.05,0.0,1,False,
2025-09-28,HYD3-987,GP10_OM6_STARTRC,B0C55JFPKR,yantralay Waterproof Storage Case for DJI Osmo Mobile 6 with Ultimate Protection for Gimbal  Tripod  Phone Clamp  and Accessories   Includes Shoulder,1,901.55,Shipment,ADALAJ,Shipment,901.55,0.0,1,False,
2025-09-29,HYD8-487,GP45-L,B0F88JWL9W,nan,1,0.0,Cancel,BENGALURU,Cancel,0.0,0.0,0,False,
2025-09-29,HYD8-486,ACFRAMEONEX5_AL,B0FJG46XCP,Yantralay Accessories for Insta 360 X5   Aluminum Frame Mount  Insta 360 X5 Accessories  X5 Aluminium Frame,1,3675.55,Shipment,Chengam TIRUVANNAMALAI,Shipment,3675.55,0.0,1,False,
2025-09-29,NAN,GP28COMBO1_H13,B0DHYCQR66,nan,1,0.0,Cancel,HYDERABAD,Cancel,0.0,0.0,0,False,
2025-09-28,HYD8-484,GP10_ONEX4_STARTRC,B0DDXP86FQ,yantralay x Startr c Carrying Case for Insta 360 X4 X5  Portable PU Storage Protective Bag Travel Case for Insta 360 X4 X5 Accessories with Large Capa,1,1515.25,Shipment,MOTIHARI,Shipment,1515.25,0.0,1,False,
2025-09-29,HYD3-1005,GP10_OM7P_STARTRC,B0F2J6Z8WT,yantralay Osmo Mobile 7P Case Portable PU Shoulder Bag for DJI OM 7 Pro 7 Gimbal Stabilizer Travel Case for DJI Osmo Mobile 7 7P,1,1299.0,Shipment,NAVI MUMBAI,Shipment,1299.0,0.0,1,False,
2025-09-29,HYD3-1008,GP28COMBO1_H13,B0DHYCQR66,Yantralay Silicone Lanyard Sleeve Protective Cover   6PCS Tempered Glass Screen Guard with Silicone Lens Cover Compatible with GoPro Hero 9 Black Acti,1,613.7,Shipment,HYDERABAD,Shipment,613.7,0.0,1,False,
2025-09-29,HYD8-488,GP47-L_TLSNK,B0BBVGXFZ2,Camera Bike Mount Motorcycle Handlebar Clamp Holder for GoPro Insta360 Accessories  TELESIN 360    Rotating Bicycle Cycling Attachment Accessory for,1,1756.55,Shipment,WARANGAL,Shipment,1756.55,0.0,1,False,
2025-09-29,HYD3-1006,GP10_OM7P_STARTRC,B0F2J6Z8WT,yantralay Osmo Mobile 7P Case Portable PU Shoulder Bag for DJI OM 7 Pro 7 Gimbal Stabilizer Travel Case for DJI Osmo Mobile 7 7P,1,1234.05,Shipment,NANDYALNandyala,Shipment,1234.05,0.0,1,False,
2025-09-29,HYD8-485,ACCASEYTG9,B08NF6HMG6,yantralay YT G9 Vlogging Case with Dual Cold Shoe Mount for Hero 12 11 10 9  Removable 52mm Filter Ring  All in One Kit with Case Door  Lens Protector,1,991.8,Shipment,Wanaparthy,Shipment,991.8,0.0,1,False,
2025-09-29,HYD3-1009,TY98_TUYU,B0F7RP62NV,yantralay Motorcycle Windshield Mounting Clamp Aluminum Mount for Insta 360 X5 X4 X3  Go Pro Hero 13 12 11 10 9  D J I Action 5 Pro  4 3 Action Camera,1,1804.05,Shipment,CHINSURAH,Shipment,1804.05,0.0,1,False,
2025-09-29,HYD3-1003,GP10_OM7P_STARTRC,B0F2J6Z8WT,yantralay Osmo Mobile 7P Case Portable PU Shoulder Bag for DJI OM 7 Pro 7 Gimbal Stabilizer Travel Case for DJI Osmo Mobile 7 7P,1,1234.05,Shipment,Badlapur,Shipment,1234.05,0.0,1,False,
2025-09-30,HYD3-1013,GP10_OM7P_STARTRC,B0F2J6Z8WT,yantralay Osmo Mobile 7P Case Portable PU Shoulder Bag for DJI OM 7 Pro 7 Gimbal Stabilizer Travel Case for DJI Osmo Mobile 7 7P,1,1234.05,Shipment,NEW DELHI,Shipment,1234.05,0.0,1,False,
2025-09-29,HYD3-1004,SGONEX4-2_LGONEX4,B0F8VRR8JY,yantralay Insta 360 X4 Lens Guard   Screen Protector Combo Kit   Lens Covers   Anti Scratch  Tempered Glass Screen   Insta 360 X4 Accessories,1,1299.0,Shipment,UMARKOTE,Shipment,1299.0,0.0,1,False,
2025-09-29,HYD3-1011,GP28COMBO1_H13,B0DHYCQR66,Yantralay Silicone Lanyard Sleeve Protective Cover   6PCS Tempered Glass Screen Guard with Silicone Lens Cover Compatible with GoPro Hero 9 Black Acti,1,646.0,Shipment,NEW DELHI,Shipment,646.0,0.0,1,False,
2025-09-29,HYD3-1012,GP10_OM7P_STARTRC,B0F2J6Z8WT,yantralay Osmo Mobile 7P Case Portable PU Shoulder Bag for DJI OM 7 Pro 7 Gimbal Stabilizer Travel Case for DJI Osmo Mobile 7 7P,1,1234.05,Shipment,DEHRADUN,Shipment,1234.05,0.0,1,False,
2025-09-29,HYD3-1010,GP10_OM7P_STARTRC,B0F2J6Z8WT,yantralay Osmo Mobile 7P Case Portable PU Shoulder Bag for DJI OM 7 Pro 7 Gimbal Stabilizer Travel Case for DJI Osmo Mobile 7 7P,1,1299.0,Shipment,PIDUGURALLA,Shipment,1299.0,0.0,1,False,
2025-09-30,HYD8-489,PS1,B0BJBL1XBS,yantralay Polyester Dual Controller Hard Carry Case Compatible With Ps5 Ps4 Xbox Ipega Controllers   3 Layer Protection Travel Carry Case   Grey,1,848.0,Shipment,HYDERABAD,Shipment,848.0,0.0,1,False,
2025-09-30,HYD3-1018,GP10_OM7P_STARTRC,B0F2J6Z8WT,yantralay Osmo Mobile 7P Case Portable PU Shoulder Bag for DJI OM 7 Pro 7 Gimbal Stabilizer Travel Case for DJI Osmo Mobile 7 7P,1,1299.0,Shipment,KHETIA,Shipment,1299.0,0.0,1,False,
2025-09-29,HYD3-1002,GP25_TRIPOD,B0FN8K885R,Yantralay 122cm Invisible Stick   Tripod Extension Monopod for Insta360 X5 X4 X3  ONE R RS  DJI Osmo Action Series   Lightweight Extendable Camera Acc,1,1619.0,Shipment,MADURAI,Shipment,1619.0,0.0,1,False,
2025-09-30,HYD3-1017,GP10_OM7P_STARTRC,B0F2J6Z8WT,yantralay Osmo Mobile 7P Case Portable PU Shoulder Bag for DJI OM 7 Pro 7 Gimbal Stabilizer Travel Case for DJI Osmo Mobile 7 7P,1,1299.0,Shipment,ZAMANIA,Shipment,1299.0,0.0,1,False,
2025-09-30,HYD3-1020,GP10_OM7P_STARTRC,B0F2J6Z8WT,yantralay Osmo Mobile 7P Case Portable PU Shoulder Bag for DJI OM 7 Pro 7 Gimbal Stabilizer Travel Case for DJI Osmo Mobile 7 7P,1,1299.0,Shipment,New Delhi,Shipment,1299.0,0.0,1,False,
2025-09-30,HYD3-1019,GP10_OM7P_STARTRC,B0F2J6Z8WT,yantralay Osmo Mobile 7P Case Portable PU Shoulder Bag for DJI OM 7 Pro 7 Gimbal Stabilizer Travel Case for DJI Osmo Mobile 7 7P,1,1234.05,Shipment,BUDAUN,Shipment,1234.05,0.0,1,False,
2025-09-30,HYD3-1016,GP10_OM7P_STARTRC,B0F2J6Z8WT,yantralay Osmo Mobile 7P Case Portable PU Shoulder Bag for DJI OM 7 Pro 7 Gimbal Stabilizer Travel Case for DJI Osmo Mobile 7 7P,1,1299.0,Shipment,JABALPUR,Shipment,1299.0,0.0,1,False,
2025-09-26,HYD3-945,GP10_OM7P_STARTRC,B0F2J6Z8WT,yantralay Osmo Mobile 7P Case Portable PU Shoulder Bag for DJI OM 7 Pro 7 Gimbal Stabilizer Travel Case for DJI Osmo Mobile 7 7P,1,-1234.05,Refund,BENGALURU,Refund,-1234.05,0.0,0,False,
2025-09-30,HYD8-490,ACCASEYTG9,B08NF6HMG6,yantralay YT G9 Vlogging Case with Dual Cold Shoe Mount for Hero 12 11 10 9  Removable 52mm Filter Ring  All in One Kit with Case Door  Lens Protector,1,1044.0,Shipment,BENGALURU,Shipment,1044.0,0.0,1,False,
2025-09-30,HYD8-491,GP10_ONEX4_STARTRC,B0DDXP86FQ,yantralay x Startr c Carrying Case for Insta 360 X4 X5  Portable PU Storage Protective Bag Travel Case for Insta 360 X4 X5 Accessories with Large Capa,1,1547.15,Shipment,Bengaluru,Shipment,1547.15,0.0,1,False,
2025-09-30,HYD8-491,ACCHARGERONEX5_3_AMG,B0FKYRJB8C,Yantralay Charging Case for Insta 360 X5   3 Battery Charger Hub with Intelligent Fast Charging  Automatic Pop Up Lid  Simultaneous Charging Station f,1,1454.03,Shipment,Bengaluru,Shipment,1454.03,0.0,1,False,
2025-09-29,HYD3-1009,TY98_TUYU,B0F7RP62NV,yantralay Motorcycle Windshield Mounting Clamp Aluminum Mount for Insta 360 X5 X4 X3  Go Pro Hero 13 12 11 10 9  D J I Action 5 Pro  4 3 Action Camera,1,-1804.05,Refund,CHINSURAH,Refund,-1804.05,0.0,0,False,
2025-09-30,HYD3-1015,GP10_OM7P_STARTRC,B0F2J6Z8WT,yantralay Osmo Mobile 7P Case Portable PU Shoulder Bag for DJI OM 7 Pro 7 Gimbal Stabilizer Travel Case for DJI Osmo Mobile 7 7P,1,1299.0,Shipment,Patti  Pratapgarh,Shipment,1299.0,0.0,1,False,
2025-09-30,HYD3-1021,GP10_OM7P_STARTRC,B0F2J6Z8WT,yantralay Osmo Mobile 7P Case Portable PU Shoulder Bag for DJI OM 7 Pro 7 Gimbal Stabilizer Travel Case for DJI Osmo Mobile 7 7P,1,1234.05,Shipment,SULTANPUR,Shipment,1234.05,0.0,1,False,
2025-09-30,HYD8-493,CG5,B0DW9FS3FL,yantralay 40 Cms 16 inch Monitor Light  Touch Control USB Powered LED Lamp for Computer  10 Level Dimmable with 3 Color Modes  IP44 Waterproof e Readi,1,2374.05,Shipment,Gurgaon,Shipment,2374.05,0.0,1,False,
2025-09-30,HYD8-496,GP1620_TLSNK,B08MSR2SNJ,TELESIN Upgraded Motorcycle Helmet Chin Mount for GoPro Max Hero 10 9 8 7 One R One X DJI Osmo Action Pocket Cellphone   More Action Camera with Go Pr,1,1107.7,Shipment,Hyderabad,Shipment,1107.7,0.0,1,False,
2025-09-30,HYD3-1014,GP10_OM6_STARTRC,B0C55JFPKR,yantralay Waterproof Storage Case for DJI Osmo Mobile 6 with Ultimate Protection for Gimbal  Tripod  Phone Clamp  and Accessories   Includes Shoulder,1,901.55,Shipment,Mumbai,Shipment,901.55,0.0,1,False,
2025-09-30,HYD3-1023,ACFRAMEOP3_PL,B0D813N881,yantralay Osm o Pocket 3 Expansion Frame Adapter Protective Bracket   Action Camera Adapter Compatible for DJI Osm o Pocket 3 Accessories with 1 4 Col,1,806.0,Shipment,SILIGURI,Shipment,806.0,0.0,1,False,
2025-09-30,HYD8-495,GP45-L,B0F88JWL9W,yantralay Magnetic Camera Mount for Hero 13 12 11 10 9  Insta360 X5 X4 X3  Action 4 5  Osmo Pocket 3   360  Quick Release Car Holder  Heavy Duty Magn,1,1709.05,Shipment,HYDERABAD,Shipment,1709.05,0.0,1,False,
2025-09-30,HYD3-1026,GP10_OM7P_STARTRC,B0F2J6Z8WT,yantralay Osmo Mobile 7P Case Portable PU Shoulder Bag for DJI OM 7 Pro 7 Gimbal Stabilizer Travel Case for DJI Osmo Mobile 7 7P,1,1234.05,Shipment,Narayangaon,Shipment,1234.05,0.0,1,False,
2025-09-30,HYD8-497,PS1,B0BJBL1XBS,yantralay Polyester Dual Controller Hard Carry Case Compatible With Ps5 Ps4 Xbox Ipega Controllers   3 Layer Protection Travel Carry Case   Grey,1,848.0,Shipment,SAMBALPUR,Shipment,848.0,0.0,1,False,
2025-09-30,HYD8-499,ACCASEONEX5,B0FF2D12YN,Yantralay Invisible Magnetic Dive Case for Insta360 X5   60M Waterproof Underwater Housing for Deep Sea   Snorkeling Shots,1,5129.05,Shipment,UDAIPUR,Shipment,5129.05,0.0,1,False,
2025-09-30,HYD3-1022,GP10_OM7P_STARTRC,B0F2J6Z8WT,yantralay Osmo Mobile 7P Case Portable PU Shoulder Bag for DJI OM 7 Pro 7 Gimbal Stabilizer Travel Case for DJI Osmo Mobile 7 7P,1,1299.0,Shipment,G UDAYAGIRI,Shipment,1299.0,0.0,1,False,
2025-09-30,HYD3-1025,GP10_OM7P_STARTRC,B0F2J6Z8WT,yantralay Osmo Mobile 7P Case Portable PU Shoulder Bag for DJI OM 7 Pro 7 Gimbal Stabilizer Travel Case for DJI Osmo Mobile 7 7P,1,1234.05,Shipment,AHMEDABAD,Shipment,1234.05,0.0,1,False,
2025-09-30,HYD8-492,GP47-L_TLSNK,B0BBVGXFZ2,Camera Bike Mount Motorcycle Handlebar Clamp Holder for GoPro Insta360 Accessories  TELESIN 360    Rotating Bicycle Cycling Attachment Accessory for,1,1849.0,Shipment,SHEIKHPURA,Shipment,1849.0,0.0,1,False,
2025-09-30,HYD8-498,GP47-L_TLSNK,B0BBVGXFZ2,Camera Bike Mount Motorcycle Handlebar Clamp Holder for GoPro Insta360 Accessories  TELESIN 360    Rotating Bicycle Cycling Attachment Accessory for,1,1756.55,Shipment,Daringbadi,Shipment,1756.55,0.0,1,False,
